axis,stencil_width_k,stencil_row,left_entry,center_entry,right_entry,context_1,context_2,delta_ms,Delta_ms,b_s_mm2,derivative,variance_derivative,covariance_of_entry_means,beta
rho,1,0,15,18,21,19.0,6.2962652107424715,5.0,15.0,0.0,0.0,0.0,0.0,
rho,1,0,15,18,21,19.0,6.2962652107424715,5.0,15.0,500.0,0.13030723421800852,1.308260448390431e-06,4.085045444477067e-08,7.704725278344848e-05
rho,1,0,15,18,21,19.0,6.2962652107424715,5.0,15.0,1000.0,0.09792034585850277,1.5135780474567804e-06,4.0354683798514524e-08,0.00015785521813708667
rho,1,0,15,18,21,19.0,6.2962652107424715,5.0,15.0,1500.0,0.05802924252604522,1.2467548936841418e-06,3.7970009859088325e-08,0.00037024335979578076
rho,1,0,15,18,21,19.0,6.2962652107424715,5.0,15.0,2000.0,0.03220516249959251,1.053133802541151e-06,3.9809715348676966e-08,0.001015389254000539
rho,1,0,15,18,21,19.0,6.2962652107424715,5.0,15.0,2500.0,0.01757589441632058,9.822588063523453e-07,3.793698344925311e-08,0.0031797359803192493
rho,1,0,15,18,21,19.0,6.2962652107424715,5.0,15.0,3000.0,0.009535050730253451,9.58028525360637e-07,3.267855573673114e-08,0.010537374722762
rho,1,0,15,18,21,19.0,6.2962652107424715,5.0,15.0,3500.0,0.005071791027383209,9.558447406294362e-07,2.6681894545287442e-08,0.037159054312197
rho,1,0,15,18,21,19.0,6.2962652107424715,5.0,15.0,4000.0,0.002525830590654415,1.0041956027058383e-06,2.130594131109733e-08,0.15740186643585521
rho,1,0,15,18,21,19.0,6.2962652107424715,5.0,15.0,4500.0,0.0010261994535295936,1.1208553829672353e-06,1.6713275015150118e-08,1.0643538214398356
rho,1,0,15,18,21,19.0,6.2962652107424715,5.0,15.0,5000.0,0.0001131539363393025,1.2874410646876227e-06,1.2587789741758156e-08,100.55137743805781
rho,1,0,15,18,21,19.0,6.2962652107424715,5.0,15.0,5500.0,-0.0004649857163849204,1.4630916704985817e-06,8.67132581748065e-09,6.7669398059243475
rho,1,0,15,18,21,19.0,6.2962652107424715,5.0,15.0,6000.0,-0.0008488127193307139,1.6068126206691252e-06,5.079587798845316e-09,2.230188010256126
rho,1,0,15,18,21,19.0,6.2962652107424715,5.0,15.0,6500.0,-0.0011129658457622556,1.6945720144457415e-06,2.309270416534282e-09,1.3680323132871843
rho,1,0,15,18,21,19.0,6.2962652107424715,5.0,15.0,7000.0,-0.0012911642670416328,1.7247609137071452e-06,9.43512359899804e-10,1.0345843504358612
rho,1,0,15,18,21,19.0,6.2962652107424715,5.0,15.0,7500.0,-0.0013949871957898662,1.7103162074903965e-06,1.3078526427584004e-09,0.8788929251649715
rho,1,0,15,18,21,19.0,6.2962652107424715,5.0,15.0,8000.0,-0.0014295339018426246,1.66552044923594e-06,3.3208246378215877e-09,0.8150064594765524
rho,1,0,15,18,21,19.0,6.2962652107424715,5.0,15.0,8500.0,-0.0014046069038972542,1.598760513166985e-06,6.553560894707498e-09,0.8103522007208988
rho,1,0,15,18,21,19.0,6.2962652107424715,5.0,15.0,9000.0,-0.0013396800910980059,1.514794969494322e-06,1.0380297197082775e-08,0.8440178808141634
rho,1,0,15,18,21,19.0,6.2962652107424715,5.0,15.0,9500.0,-0.0012625543318039855,1.4206617662386035e-06,1.4141313528421712e-08,0.8912315247594091
rho,1,0,15,18,21,19.0,6.2962652107424715,5.0,15.0,10000.0,-0.0012035641696375454,1.3276975672844086e-06,1.7295191478750438e-08,0.916559491337073
rho,1,0,15,18,21,19.0,6.2962652107424715,5.0,15.0,10500.0,-0.0011883507543793657,1.2480104473336982e-06,1.9527165343000377e-08,0.8837489860119635
rho,1,0,15,18,21,19.0,6.2962652107424715,5.0,15.0,11000.0,-0.0012321309682791293,1.1896431828262745e-06,2.0767666628422175e-08,0.7836154205710322
rho,1,0,15,18,21,19.0,6.2962652107424715,5.0,15.0,11500.0,-0.0013372955752244248,1.15502080581673e-06,2.111579508191999e-08,0.6458549494929293
rho,1,0,15,18,21,19.0,6.2962652107424715,5.0,15.0,12000.0,-0.001494666227146176,1.1433436050943658e-06,2.0721871963675764e-08,0.5117859087064621
rho,1,0,15,18,21,19.0,6.2962652107424715,7.0,25.0,0.0,0.0,0.0,0.0,
rho,1,0,15,18,21,19.0,6.2962652107424715,7.0,25.0,500.0,0.17383869088003695,1.4146608798269736e-06,5.806862938378812e-08,4.6812243820453416e-05
rho,1,0,15,18,21,19.0,6.2962652107424715,7.0,25.0,1000.0,0.14491483905618593,1.6670111500578344e-06,8.580580414278447e-08,7.93803093441009e-05
rho,1,0,15,18,21,19.0,6.2962652107424715,7.0,25.0,1500.0,0.09583265141267805,1.6180907216507118e-06,7.538266785474006e-08,0.0001761878109175583
rho,1,0,15,18,21,19.0,6.2962652107424715,7.0,25.0,2000.0,0.05958985593456874,1.5781259669326207e-06,5.389822748025831e-08,0.0004444234792053611
rho,1,0,15,18,21,19.0,6.2962652107424715,7.0,25.0,2500.0,0.03678004759730459,1.497925778256771e-06,3.5405224647659103e-08,0.0011073010733454632
rho,1,0,15,18,21,19.0,6.2962652107424715,7.0,25.0,3000.0,0.023180202430747705,1.403275471618326e-06,2.277906979854333e-08,0.002611610977809707
rho,1,0,15,18,21,19.0,6.2962652107424715,7.0,25.0,3500.0,0.015195241750893932,1.3454459717705212e-06,1.4486628435834673e-08,0.005827080728751264
rho,1,0,15,18,21,19.0,6.2962652107424715,7.0,25.0,4000.0,0.010447406178938223,1.3179665833712742e-06,9.010580211893936e-09,0.012075008344322643
rho,1,0,15,18,21,19.0,6.2962652107424715,7.0,25.0,4500.0,0.007511693734493816,1.2905215998029627e-06,5.684447955556602e-09,0.02287123059272981
rho,1,0,15,18,21,19.0,6.2962652107424715,7.0,25.0,5000.0,0.005591841828969708,1.2506404946100531e-06,4.104334148873857e-09,0.03999656822907319
rho,1,0,15,18,21,19.0,6.2962652107424715,7.0,25.0,5500.0,0.004264956113845479,1.2020205166181947e-06,3.772893308732546e-09,0.06608193434606913
rho,1,0,15,18,21,19.0,6.2962652107424715,7.0,25.0,6000.0,0.003307006518102672,1.1471278619836612e-06,4.211018898943025e-09,0.10489184545954136
rho,1,0,15,18,21,19.0,6.2962652107424715,7.0,25.0,6500.0,0.0025890747608031117,1.0826568123474886e-06,5.145490243196849e-09,0.16151082323029914
rho,1,0,15,18,21,19.0,6.2962652107424715,7.0,25.0,7000.0,0.0020258869905028496,1.0097128910334717e-06,6.47126418440184e-09,0.24601833207998486
rho,1,0,15,18,21,19.0,6.2962652107424715,7.0,25.0,7500.0,0.001556239774346076,9.420959760381895e-07,8.051052309475771e-09,0.3889933054231784
rho,1,0,15,18,21,19.0,6.2962652107424715,7.0,25.0,8000.0,0.0011382869664079813,9.00980478005412e-07,9.605482197798688e-09,0.6953634426024695
rho,1,0,15,18,21,19.0,6.2962652107424715,7.0,25.0,8500.0,0.0007486611240734792,9.014414596070393e-07,1.0809472920147095e-08,1.6082996392741136
rho,1,0,15,18,21,19.0,6.2962652107424715,7.0,25.0,9000.0,0.00038033565957938014,9.43548791214049e-07,1.1478618439080208e-08,6.522743048552021
rho,1,0,15,18,21,19.0,6.2962652107424715,7.0,25.0,9500.0,3.8329174064791516e-05,1.013617122283234e-06,1.1665517842700334e-08,689.945865067578
rho,1,0,15,18,21,19.0,6.2962652107424715,7.0,25.0,10000.0,-0.00026562340666172924,1.0917183287658076e-06,1.1599407262205657e-08,15.47312083523939
rho,1,0,15,18,21,19.0,6.2962652107424715,7.0,25.0,10500.0,-0.0005180025770330045,1.1591122772581956e-06,1.1536699802754283e-08,4.319780356036589
rho,1,0,15,18,21,19.0,6.2962652107424715,7.0,25.0,11000.0,-0.0007071886854385299,1.2025387629904555e-06,1.1630869589348339e-08,2.4045204620101672
rho,1,0,15,18,21,19.0,6.2962652107424715,7.0,25.0,11500.0,-0.0008257607150464764,1.2157173715046928e-06,1.188445064071538e-08,1.7828885128742216
rho,1,0,15,18,21,19.0,6.2962652107424715,7.0,25.0,12000.0,-0.00087169081824512,1.1992493867391435e-06,1.218026767210164e-08,1.5782818495997954
rho,1,0,15,18,21,19.0,6.2962652107424715,10.0,30.0,0.0,0.0,0.0,0.0,
rho,1,0,15,18,21,19.0,6.2962652107424715,10.0,30.0,500.0,0.1931838942518432,1.5678181659221942e-06,5.092794410002158e-08,4.201011392876116e-05
rho,1,0,15,18,21,19.0,6.2962652107424715,10.0,30.0,1000.0,0.16826906537043249,1.890070417955805e-06,8.550779946030456e-08,6.675278964641882e-05
rho,1,0,15,18,21,19.0,6.2962652107424715,10.0,30.0,1500.0,0.1167920791472242,1.859674742294365e-06,8.524416745352042e-08,0.00013633589480722638
rho,1,0,15,18,21,19.0,6.2962652107424715,10.0,30.0,2000.0,0.0765159731172021,1.7593024380616343e-06,6.789329377725248e-08,0.0003004943375981195
rho,1,0,15,18,21,19.0,6.2962652107424715,10.0,30.0,2500.0,0.04996900950798904,1.5962897524078669e-06,4.879508279996941e-08,0.0006393081543337937
rho,1,0,15,18,21,19.0,6.2962652107424715,10.0,30.0,3000.0,0.03344222008466447,1.415329557463285e-06,3.402776822976421e-08,0.0012655152272820205
rho,1,0,15,18,21,19.0,6.2962652107424715,10.0,30.0,3500.0,0.02332418564543781,1.2597907593769068e-06,2.4273608011371057e-08,0.002315716763498452
rho,1,0,15,18,21,19.0,6.2962652107424715,10.0,30.0,4000.0,0.017088420869346522,1.1673118279190897e-06,1.8401372390486242e-08,0.00399744983806718
rho,1,0,15,18,21,19.0,6.2962652107424715,10.0,30.0,4500.0,0.013143273343033926,1.1622097594390754e-06,1.5056088079298024e-08,0.006727867624702542
rho,1,0,15,18,21,19.0,6.2962652107424715,10.0,30.0,5000.0,0.010526615142896866,1.234361699365847e-06,1.3321879101174771e-08,0.011139480745845877
rho,1,0,15,18,21,19.0,6.2962652107424715,10.0,30.0,5500.0,0.008663311683235251,1.3395136618606102e-06,1.274135243818877e-08,0.01784757717091342
rho,1,0,15,18,21,19.0,6.2962652107424715,10.0,30.0,6000.0,0.007212718856977115,1.4252875353941133e-06,1.3003529382159283e-08,0.02739709266318119
rho,1,0,15,18,21,19.0,6.2962652107424715,10.0,30.0,6500.0,0.005982911933489253,1.459606946811813e-06,1.372892897425887e-08,0.040776570917831795
rho,1,0,15,18,21,19.0,6.2962652107424715,10.0,30.0,7000.0,0.004881689068313857,1.4428249784155003e-06,1.4477815950236965e-08,0.060544322508958706
rho,1,0,15,18,21,19.0,6.2962652107424715,10.0,30.0,7500.0,0.0038831524182534245,1.4004096038654457e-06,1.4853779480639265e-08,0.09287230096125478
rho,1,0,15,18,21,19.0,6.2962652107424715,10.0,30.0,8000.0,0.0029999059667779834,1.3640775416791457e-06,1.4598361596145233e-08,0.15157367312267042
rho,1,0,15,18,21,19.0,6.2962652107424715,10.0,30.0,8500.0,0.002258928770658934,1.3533929863230952e-06,1.3660112086775009e-08,0.2652276808856341
rho,1,0,15,18,21,19.0,6.2962652107424715,10.0,30.0,9000.0,0.00168282266319037,1.3675823303254456e-06,1.2223106293095191e-08,0.48292176199821096
rho,1,0,15,18,21,19.0,6.2962652107424715,10.0,30.0,9500.0,0.00127842717748308,1.39038717444433e-06,1.06551673556813e-08,0.8507143604052546
rho,1,0,15,18,21,19.0,6.2962652107424715,10.0,30.0,10000.0,0.0010333444051416258,1.4032871568150108e-06,9.36569170739778e-09,1.314184575697305
rho,1,0,15,18,21,19.0,6.2962652107424715,10.0,30.0,10500.0,0.0009190989176321292,1.3986323425802746e-06,8.629709922279951e-09,1.655690121083635
rho,1,0,15,18,21,19.0,6.2962652107424715,10.0,30.0,11000.0,0.0008983588736563082,1.3855533069876929e-06,8.470739366396903e-09,1.716815064035814
rho,1,0,15,18,21,19.0,6.2962652107424715,10.0,30.0,11500.0,0.0009332433508989826,1.3863700154589076e-06,8.663899303304572e-09,1.5918031071027077
rho,1,0,15,18,21,19.0,6.2962652107424715,10.0,30.0,12000.0,0.0009922005750366881,1.4263822855674784e-06,8.849150471445471e-09,1.448895247299598
rho,1,0,15,18,21,19.0,6.2962652107424715,12.0,36.0,0.0,0.0,0.0,0.0,
rho,1,0,15,18,21,19.0,6.2962652107424715,12.0,36.0,500.0,0.20815650370474115,1.508729723953724e-06,3.519659551886302e-08,3.4820217316839134e-05
rho,1,0,15,18,21,19.0,6.2962652107424715,12.0,36.0,1000.0,0.18728091062354713,1.8859751600719365e-06,5.9439370790864e-08,5.377110280732841e-05
rho,1,0,15,18,21,19.0,6.2962652107424715,12.0,36.0,1500.0,0.1351282591813258,2.119835537981391e-06,5.492590404132026e-08,0.00011609400796343268
rho,1,0,15,18,21,19.0,6.2962652107424715,12.0,36.0,2000.0,0.09268027175866635,2.1299571808587466e-06,4.122200014513776e-08,0.00024796836338444633
rho,1,0,15,18,21,19.0,6.2962652107424715,12.0,36.0,2500.0,0.06368942481772272,1.9593199599691354e-06,2.8462137037182196e-08,0.0004830262234576148
rho,1,0,15,18,21,19.0,6.2962652107424715,12.0,36.0,3000.0,0.04482215345432509,1.8078161052071565e-06,1.8265252432373476e-08,0.0008998472935974568
rho,1,0,15,18,21,19.0,6.2962652107424715,12.0,36.0,3500.0,0.03258448392397257,1.7345998802218725e-06,1.0605830357703472e-08,0.0016337199713049584
rho,1,0,15,18,21,19.0,6.2962652107424715,12.0,36.0,4000.0,0.02449661221106825,1.69283288787932e-06,5.793735289319279e-09,0.0028209931612552504
rho,1,0,15,18,21,19.0,6.2962652107424715,12.0,36.0,4500.0,0.01898572023035564,1.6278187115351403e-06,4.030059507035816e-09,0.004515978675377916
rho,1,0,15,18,21,19.0,6.2962652107424715,12.0,36.0,5000.0,0.015096329428275268,1.5261890335942226e-06,4.734249937188112e-09,0.006696773339640119
rho,1,0,15,18,21,19.0,6.2962652107424715,12.0,36.0,5500.0,0.012254570261396206,1.4188667473825595e-06,6.664391513103186e-09,0.00944812082086795
rho,1,0,15,18,21,19.0,6.2962652107424715,12.0,36.0,6000.0,0.010112025005623913,1.3480787675285767e-06,8.667034551713037e-09,0.013183751206387878
rho,1,0,15,18,21,19.0,6.2962652107424715,12.0,36.0,6500.0,0.008451714106205203,1.3292679949824247e-06,1.025494395024174e-08,0.01860899642939045
rho,1,0,15,18,21,19.0,6.2962652107424715,12.0,36.0,7000.0,0.007134928710530093,1.3396981164611832e-06,1.1593372610959157e-08,0.026316472202556018
rho,1,0,15,18,21,19.0,6.2962652107424715,12.0,36.0,7500.0,0.006071621095072339,1.3379401674784117e-06,1.3083867661658321e-08,0.03629337615356575
rho,1,0,15,18,21,19.0,6.2962652107424715,12.0,36.0,8000.0,0.005202731370018584,1.293838933596413e-06,1.4945058615511805e-08,0.04779884582547651
rho,1,0,15,18,21,19.0,6.2962652107424715,12.0,36.0,8500.0,0.004488359279768494,1.2059643113624289e-06,1.7042741676943533e-08,0.05986310352065113
rho,1,0,15,18,21,19.0,6.2962652107424715,12.0,36.0,9000.0,0.003899640555799298,1.0981599438364234e-06,1.8979600521571585e-08,0.07221317528215736
rho,1,0,15,18,21,19.0,6.2962652107424715,12.0,36.0,9500.0,0.0034139075614087796,1.0028265312186954e-06,2.0302386110577434e-08,0.08604433853203369
rho,1,0,15,18,21,19.0,6.2962652107424715,12.0,36.0,10000.0,0.003012703380036157,9.443023229620116e-07,2.0677417214213035e-08,0.10403951252196603
rho,1,0,15,18,21,19.0,6.2962652107424715,12.0,36.0,10500.0,0.002681588494016284,9.309309858785637e-07,1.996976948930671e-08,0.1294592894253765
rho,1,0,15,18,21,19.0,6.2962652107424715,12.0,36.0,11000.0,0.002410360661920789,9.564050922194886e-07,1.8242756875735865e-08,0.16461818841246917
rho,1,0,15,18,21,19.0,6.2962652107424715,12.0,36.0,11500.0,0.0021926244576930213,1.0061047138998756e-06,1.5719253111855807e-08,0.20927371094559735
rho,1,0,15,18,21,19.0,6.2962652107424715,12.0,36.0,12000.0,0.0020243760070233234,1.0638407461522939e-06,1.2729232903078552e-08,0.259593765109994
rho,1,0,15,18,21,19.0,6.2962652107424715,15.0,40.0,0.0,0.0,0.0,0.0,
rho,1,0,15,18,21,19.0,6.2962652107424715,15.0,40.0,500.0,0.21876333371422485,1.4423088617460094e-06,2.4892868576858594e-08,3.013763758455858e-05
rho,1,0,15,18,21,19.0,6.2962652107424715,15.0,40.0,1000.0,0.20164909221427307,1.7279662080413617e-06,4.8700294912550026e-08,4.24954764409719e-05
rho,1,0,15,18,21,19.0,6.2962652107424715,15.0,40.0,1500.0,0.14998005658220193,1.8534566486783419e-06,5.080040467199649e-08,8.239776016855396e-05
rho,1,0,15,18,21,19.0,6.2962652107424715,15.0,40.0,2000.0,0.1065413901990324,1.8337054844846508e-06,4.4061349364440315e-08,0.00016154475619979976
rho,1,0,15,18,21,19.0,6.2962652107424715,15.0,40.0,2500.0,0.07596470651347437,1.6446830837967737e-06,3.792096894111116e-08,0.0002850089492081585
rho,1,0,15,18,21,19.0,6.2962652107424715,15.0,40.0,3000.0,0.055371296748316125,1.4385808728833547e-06,3.38467499746488e-08,0.00046920744316503665
rho,1,0,15,18,21,19.0,6.2962652107424715,15.0,40.0,3500.0,0.041504472379328014,1.3200888726960637e-06,3.109720384322745e-08,0.0007663256737073294
rho,1,0,15,18,21,19.0,6.2962652107424715,15.0,40.0,4000.0,0.03198740652122854,1.3016987561067555e-06,2.907840181764159e-08,0.0012721913266293366
rho,1,0,15,18,21,19.0,6.2962652107424715,15.0,40.0,4500.0,0.025267240657188262,1.3314714806021201e-06,2.7444555579130666e-08,0.002085529008088401
rho,1,0,15,18,21,19.0,6.2962652107424715,15.0,40.0,5000.0,0.020369041046785948,1.3381081208165958e-06,2.595603600970603e-08,0.0032251509018663567
rho,1,0,15,18,21,19.0,6.2962652107424715,15.0,40.0,5500.0,0.016691471891323778,1.2831404589353078e-06,2.444736279472137e-08,0.00460558633798371
rho,1,0,15,18,21,19.0,6.2962652107424715,15.0,40.0,6000.0,0.013864864105689755,1.1848961959431516e-06,2.2766200844249383e-08,0.0061638075528877056
rho,1,0,15,18,21,19.0,6.2962652107424715,15.0,40.0,6500.0,0.01165748776156126,1.0979005836083052e-06,2.070603235113461e-08,0.008078915757305145
rho,1,0,15,18,21,19.0,6.2962652107424715,15.0,40.0,7000.0,0.009916643280296157,1.0714147200569141e-06,1.8046694154629942e-08,0.010895024883984942
rho,1,0,15,18,21,19.0,6.2962652107424715,15.0,40.0,7500.0,0.00853413921784461,1.1209976049471107e-06,1.4680688779676967e-08,0.015391652094172214
rho,1,0,15,18,21,19.0,6.2962652107424715,15.0,40.0,8000.0,0.007427522363905181,1.2270979964174661e-06,1.0707241682484722e-08,0.02224289495125055
rho,1,0,15,18,21,19.0,6.2962652107424715,15.0,40.0,8500.0,0.006530503178979508,1.3523121556624417e-06,6.432725395504163e-09,0.03170908144179228
rho,1,0,15,18,21,19.0,6.2962652107424715,15.0,40.0,9000.0,0.005788422174231976,1.461305987454465e-06,2.298804692549799e-09,0.043613482554828754
rho,1,0,15,18,21,19.0,6.2962652107424715,15.0,40.0,9500.0,0.005156514392605741,1.5326074336996546e-06,-1.2202287667331973e-09,0.05763926831798618
rho,1,0,15,18,21,19.0,6.2962652107424715,15.0,40.0,10000.0,0.004599720995907668,1.5602358696669509e-06,-3.7217804891562727e-09,0.07374409986098376
rho,1,0,15,18,21,19.0,6.2962652107424715,15.0,40.0,10500.0,0.00409309776642527,1.5490288711496035e-06,-4.958327515224682e-09,0.09246029525337388
rho,1,0,15,18,21,19.0,6.2962652107424715,15.0,40.0,11000.0,0.0036219679423987266,1.5087827115178843e-06,-4.879823186263199e-09,0.1150105008736699
rho,1,0,15,18,21,19.0,6.2962652107424715,15.0,40.0,11500.0,0.0031811932683193304,1.450286297760449e-06,-3.6258980198013757e-09,0.14330905566947888
rho,1,0,15,18,21,19.0,6.2962652107424715,15.0,40.0,12000.0,0.0027733364786472173,1.3836041287733772e-06,-1.4760243813589818e-09,0.17988987544065282
rho,1,0,15,18,21,19.0,6.2962652107424715,20.0,50.0,0.0,0.0,0.0,0.0,
rho,1,0,15,18,21,19.0,6.2962652107424715,20.0,50.0,500.0,0.23612289306159898,1.5521676253801064e-06,1.1306694889302896e-08,2.783956399741228e-05
rho,1,0,15,18,21,19.0,6.2962652107424715,20.0,50.0,1000.0,0.22548497280571492,2.211163789989284e-06,2.772242589761557e-08,4.348962927211803e-05
rho,1,0,15,18,21,19.0,6.2962652107424715,20.0,50.0,1500.0,0.17462697912133446,2.433954020810105e-06,3.4543343386069703e-08,7.981595005357588e-05
rho,1,0,15,18,21,19.0,6.2962652107424715,20.0,50.0,2000.0,0.12947292859194182,2.3304985959465094e-06,3.523184332195454e-08,0.00013902435936363568
rho,1,0,15,18,21,19.0,6.2962652107424715,20.0,50.0,2500.0,0.09623892527461352,1.981003102774759e-06,3.523647328469073e-08,0.00021388662459376453
rho,1,0,15,18,21,19.0,6.2962652107424715,20.0,50.0,3000.0,0.07280972603204147,1.5913687764158542e-06,3.520643521033558e-08,0.000300187109416946
rho,1,0,15,18,21,19.0,6.2962652107424715,20.0,50.0,3500.0,0.05627190553642047,1.2923995848048478e-06,3.4018287878296857e-08,0.00040814414052129646
rho,1,0,15,18,21,19.0,6.2962652107424715,20.0,50.0,4000.0,0.044386305541639776,1.1083903808729916e-06,3.130178875963891e-08,0.0005625935533477049
rho,1,0,15,18,21,19.0,6.2962652107424715,20.0,50.0,4500.0,0.03564180987049296,1.0279975235452685e-06,2.737315692735049e-08,0.0008092311095401394
rho,1,0,15,18,21,19.0,6.2962652107424715,20.0,50.0,5000.0,0.029056525158861736,1.0302765878476684e-06,2.2879643503813972e-08,0.001220299627015639
rho,1,0,15,18,21,19.0,6.2962652107424715,20.0,50.0,5500.0,0.023992603262686707,1.0745114802679254e-06,1.8660747387755113e-08,0.0018666217184835955
rho,1,0,15,18,21,19.0,6.2962652107424715,20.0,50.0,6000.0,0.020026827332291556,1.1109159252389644e-06,1.5384522421384715e-08,0.002769854049898068
rho,1,0,15,18,21,19.0,6.2962652107424715,20.0,50.0,6500.0,0.016869287832505298,1.110074157884981e-06,1.3195133877662192e-08,0.0039008432187413403
rho,1,0,15,18,21,19.0,6.2962652107424715,20.0,50.0,7000.0,0.014315009786452617,1.0764514897935598e-06,1.1757348462356158e-08,0.005253045525438211
rho,1,0,15,18,21,19.0,6.2962652107424715,20.0,50.0,7500.0,0.012215415734629313,1.0351670876699512e-06,1.0601428534966294e-08,0.006937355515389708
rho,1,0,15,18,21,19.0,6.2962652107424715,20.0,50.0,8000.0,0.010460667504530202,1.009787332211674e-06,9.418753830620252e-09,0.009228075135190736
rho,1,0,15,18,21,19.0,6.2962652107424715,20.0,50.0,8500.0,0.008968049800596482,1.010129120864502e-06,8.123835036362382e-09,0.012559746356715685
rho,1,0,15,18,21,19.0,6.2962652107424715,20.0,50.0,9000.0,0.007674391511933652,1.0338469479117381e-06,6.751169229512492e-09,0.017553686901216937
rho,1,0,15,18,21,19.0,6.2962652107424715,20.0,50.0,9500.0,0.0065316679979416795,1.074336739156632e-06,5.347138519600646e-09,0.02518211624371511
rho,1,0,15,18,21,19.0,6.2962652107424715,20.0,50.0,10000.0,0.005504891165379846,1.1267665340709967e-06,3.948222442222422e-09,0.03718231837974984
rho,1,0,15,18,21,19.0,6.2962652107424715,20.0,50.0,10500.0,0.004571057550646143,1.1890908407386009e-06,2.6253799169316955e-09,0.056909091883327816
rho,1,0,15,18,21,19.0,6.2962652107424715,20.0,50.0,11000.0,0.0037179370620653153,1.259635471630814e-06,1.520599264407552e-09,0.09112568681343358
rho,1,0,15,18,21,19.0,6.2962652107424715,20.0,50.0,11500.0,0.002941983470861814,1.3345101768300965e-06,8.261226050408505e-10,0.15418475437935023
rho,1,0,15,18,21,19.0,6.2962652107424715,20.0,50.0,12000.0,0.0022453677036192513,1.4070713707401337e-06,7.147909433529825e-10,0.2790880127969047
rho,1,0,15,18,21,19.0,6.2962652107424715,25.0,60.0,0.0,0.0,0.0,0.0,
rho,1,0,15,18,21,19.0,6.2962652107424715,25.0,60.0,500.0,0.24649735441520504,1.413139761107586e-06,8.490031744899328e-09,2.32573694178681e-05
rho,1,0,15,18,21,19.0,6.2962652107424715,25.0,60.0,1000.0,0.23946035799870993,1.7887711924517e-06,2.5804570686613e-08,3.119518296627684e-05
rho,1,0,15,18,21,19.0,6.2962652107424715,25.0,60.0,1500.0,0.18927089009651338,1.8098777618490298e-06,3.7565253803123187e-08,5.0522123346435444e-05
rho,1,0,15,18,21,19.0,6.2962652107424715,25.0,60.0,2000.0,0.1436764532374956,1.6905404213687418e-06,4.2200482392038786e-08,8.189442957129261e-05
rho,1,0,15,18,21,19.0,6.2962652107424715,25.0,60.0,2500.0,0.1095418676407341,1.4197530498183992e-06,4.2873241029602687e-08,0.0001183184653225249
rho,1,0,15,18,21,19.0,6.2962652107424715,25.0,60.0,3000.0,0.08510642233468507,1.1151697088330604e-06,4.190897277344642e-08,0.00015396297553074885
rho,1,0,15,18,21,19.0,6.2962652107424715,25.0,60.0,3500.0,0.06767583603298578,9.222735576363156e-07,3.9627746334190014e-08,0.0002013689465875546
rho,1,0,15,18,21,19.0,6.2962652107424715,25.0,60.0,4000.0,0.05508803843895875,9.139762263462769e-07,3.54607223671727e-08,0.00030117594558368735
rho,1,0,15,18,21,19.0,6.2962652107424715,25.0,60.0,4500.0,0.04580301450993305,1.06058817185977e-06,2.956289815810823e-08,0.0005055436452151017
rho,1,0,15,18,21,19.0,6.2962652107424715,25.0,60.0,5000.0,0.03876616702325432,1.2737261293692867e-06,2.3114494433268066e-08,0.0008475597670156837
rho,1,0,15,18,21,19.0,6.2962652107424715,25.0,60.0,5500.0,0.03327318475120347,1.4713465113075577e-06,1.755457995373983e-08,0.0013290037944847586
rho,1,0,15,18,21,19.0,6.2962652107424715,25.0,60.0,6000.0,0.028865557277630717,1.6085505672312615e-06,1.380673628678646e-08,0.0019305223121311825
rho,1,0,15,18,21,19.0,6.2962652107424715,25.0,60.0,6500.0,0.02525175866037601,1.672275017040503e-06,1.2062843838245003e-08,0.002622554014307431
rho,1,0,15,18,21,19.0,6.2962652107424715,25.0,60.0,7000.0,0.02224748024663729,1.667394396906787e-06,1.2002547914719697e-08,0.003368811245119129
rho,1,0,15,18,21,19.0,6.2962652107424715,25.0,60.0,7500.0,0.019731565443830167,1.6088735981462255e-06,1.3092061445042662e-08,0.004132366578208315
rho,1,0,15,18,21,19.0,6.2962652107424715,25.0,60.0,8000.0,0.017616371714633722,1.517718148415839e-06,1.4764423410010078e-08,0.004890555549246368
rho,1,0,15,18,21,19.0,6.2962652107424715,25.0,60.0,8500.0,0.01583104309497104,1.4166604298615613e-06,1.6488349812394578e-08,0.005652579785976607
rho,1,0,15,18,21,19.0,6.2962652107424715,25.0,60.0,9000.0,0.014314683937724434,1.3257100575272683e-06,1.7801161624407923e-08,0.0064697131292996216
rho,1,0,15,18,21,19.0,6.2962652107424715,25.0,60.0,9500.0,0.013015310419949817,1.2591231092807605e-06,1.83466565626481e-08,0.007432914437044305
rho,1,0,15,18,21,19.0,6.2962652107424715,25.0,60.0,10000.0,0.011890640344288935,1.224355416431226e-06,1.7913527300362193e-08,0.008659583822017735
rho,1,0,15,18,21,19.0,6.2962652107424715,25.0,60.0,10500.0,0.010908126179345912,1.2226650018504115e-06,1.645606198573346e-08,0.010275599642569185
rho,1,0,15,18,21,19.0,6.2962652107424715,25.0,60.0,11000.0,0.010043371388648883,1.2507309076327755e-06,1.408721971249923e-08,0.012399518960604749
rho,1,0,15,18,21,19.0,6.2962652107424715,25.0,60.0,11500.0,0.009277421101000535,1.3025535967378388e-06,1.1045607391813765e-08,0.015133558615448081
rho,1,0,15,18,21,19.0,6.2962652107424715,25.0,60.0,12000.0,0.008593999181648361,1.3709575551509118e-06,7.643962336010837e-09,0.018562368637697713
rho,1,0,15,18,21,19.0,6.2962652107424715,30.0,80.0,0.0,0.0,0.0,0.0,
rho,1,0,15,18,21,19.0,6.2962652107424715,30.0,80.0,500.0,0.2585604505263681,1.0861446247692202e-06,4.792603330860957e-09,1.6246636569885864e-05
rho,1,0,15,18,21,19.0,6.2962652107424715,30.0,80.0,1000.0,0.2543209093356922,1.576399691484839e-06,6.465142436876764e-09,2.4372619346731432e-05
rho,1,0,15,18,21,19.0,6.2962652107424715,30.0,80.0,1500.0,0.20284731558952415,1.904342474024506e-06,6.389453557268474e-09,4.628140390034596e-05
rho,1,0,15,18,21,19.0,6.2962652107424715,30.0,80.0,2000.0,0.1553648037920259,1.9480684429135726e-06,8.820048042404652e-09,8.070471893685655e-05
rho,1,0,15,18,21,19.0,6.2962652107424715,30.0,80.0,2500.0,0.11983743632624735,1.7714268218842305e-06,1.3004359667563053e-08,0.00012334972823069382
rho,1,0,15,18,21,19.0,6.2962652107424715,30.0,80.0,3000.0,0.09458597912521377,1.5660723966691856e-06,1.713972788168625e-08,0.00017504846510591537
rho,1,0,15,18,21,19.0,6.2962652107424715,30.0,80.0,3500.0,0.07677150333781219,1.4292527353830353e-06,2.019273324179001e-08,0.00024249843602283422
rho,1,0,15,18,21,19.0,6.2962652107424715,30.0,80.0,4000.0,0.06408770136304358,1.3614221463317403e-06,2.2154567951175688e-08,0.0003314693838570766
rho,1,0,15,18,21,19.0,6.2962652107424715,30.0,80.0,4500.0,0.05487000216592362,1.337676314459167e-06,2.3427801607082902e-08,0.0004443048792973604
rho,1,0,15,18,21,19.0,6.2962652107424715,30.0,80.0,5000.0,0.04795606321591348,1.3475681471211998e-06,2.4155082361758143e-08,0.0005859542233567627
rho,1,0,15,18,21,19.0,6.2962652107424715,30.0,80.0,5500.0,0.04255919660172965,1.3943772565981592e-06,2.4183080316544284e-08,0.0007698275482815247
rho,1,0,15,18,21,19.0,6.2962652107424715,30.0,80.0,6000.0,0.038171245727876064,1.4826369467830563e-06,2.3360616285053685e-08,0.0010175649783793895
rho,1,0,15,18,21,19.0,6.2962652107424715,30.0,80.0,6500.0,0.03448248504789404,1.6102884395487246e-06,2.1712008882906194e-08,0.0013542740661426898
rho,1,0,15,18,21,19.0,6.2962652107424715,30.0,80.0,7000.0,0.03131439476713817,1.7640810231628578e-06,1.946049243553634e-08,0.0017989971844994332
rho,1,0,15,18,21,19.0,6.2962652107424715,30.0,80.0,7500.0,0.028566299774254164,1.9184952175162524e-06,1.7008671564305083e-08,0.002351000612071649
rho,1,0,15,18,21,19.0,6.2962652107424715,30.0,80.0,8000.0,0.026176759273616075,2.0432894571024382e-06,1.4851618214097815e-08,0.002981934748172883
rho,1,0,15,18,21,19.0,6.2962652107424715,30.0,80.0,8500.0,0.024098928419228716,2.1175480012999805e-06,1.339908553332337e-08,0.0036461774468115383
rho,1,0,15,18,21,19.0,6.2962652107424715,30.0,80.0,9000.0,0.022287768276744842,2.1392687189502674e-06,1.2808513070020226e-08,0.004306576569517523
rho,1,0,15,18,21,19.0,6.2962652107424715,30.0,80.0,9500.0,0.020696208854041633,2.12262359030115e-06,1.2953806298020475e-08,0.004955544607488252
rho,1,0,15,18,21,19.0,6.2962652107424715,30.0,80.0,10000.0,0.019277026731429878,2.08620278231695e-06,1.3539141781387086e-08,0.00561405187218408
rho,1,0,15,18,21,19.0,6.2962652107424715,30.0,80.0,10500.0,0.017987265249769423,2.042055270166887e-06,1.4258881403291323e-08,0.006311567256074527
rho,1,0,15,18,21,19.0,6.2962652107424715,30.0,80.0,11000.0,0.01679254884629698,1.992242464457367e-06,1.490312338430519e-08,0.007064947717527322
rho,1,0,15,18,21,19.0,6.2962652107424715,30.0,80.0,11500.0,0.015669559086216277,1.932487367661837e-06,1.537828522300211e-08,0.007870514275450095
rho,1,0,15,18,21,19.0,6.2962652107424715,30.0,80.0,12000.0,0.014606024131327933,1.8582829460151806e-06,1.5672517059021304e-08,0.008710594839099573
rho,1,1,16,19,22,20.0,6.2962652107424715,5.0,15.0,0.0,0.0,0.0,0.0,
rho,1,1,16,19,22,20.0,6.2962652107424715,5.0,15.0,500.0,0.13005212140294334,1.2356218840104452e-06,4.279641045587179e-08,7.305512865316775e-05
rho,1,1,16,19,22,20.0,6.2962652107424715,5.0,15.0,1000.0,0.09749072002081793,1.4883715926923e-06,4.358753018033503e-08,0.00015659749716256073
rho,1,1,16,19,22,20.0,6.2962652107424715,5.0,15.0,1500.0,0.05759777288450741,1.2743903684986987e-06,4.1430772728355534e-08,0.0003841413855524102
rho,1,1,16,19,22,20.0,6.2962652107424715,5.0,15.0,2000.0,0.03182670363631851,1.0811768570224063e-06,4.218735489066918e-08,0.0010673661378751067
rho,1,1,16,19,22,20.0,6.2962652107424715,5.0,15.0,2500.0,0.017223465852712613,9.820787529432484e-07,3.924040236060573e-08,0.0033105886255183838
rho,1,1,16,19,22,20.0,6.2962652107424715,5.0,15.0,3000.0,0.009189754438911797,9.255036737203076e-07,3.362289163118134e-08,0.010958985028704788
rho,1,1,16,19,22,20.0,6.2962652107424715,5.0,15.0,3500.0,0.0047528353129958805,9.027449737466923e-07,2.7803313818525317e-08,0.03996313469381066
rho,1,1,16,19,22,20.0,6.2962652107424715,5.0,15.0,4000.0,0.0022707680216678874,9.508097369312096e-07,2.2719556815004158e-08,0.18439455022594622
rho,1,1,16,19,22,20.0,6.2962652107424715,5.0,15.0,4500.0,0.0008662538434363084,1.0849714042484869e-06,1.8244174910756546e-08,1.4458656592749146
rho,1,1,16,19,22,20.0,6.2962652107424715,5.0,15.0,5000.0,6.488609308552547e-05,1.2782865271125783e-06,1.3953212104655631e-08,303.61621442828846
rho,1,1,16,19,22,20.0,6.2962652107424715,5.0,15.0,5500.0,-0.0003956624464074839,1.4820389474513253e-06,9.598475276811957e-09,9.466947158242363
rho,1,1,16,19,22,20.0,6.2962652107424715,5.0,15.0,6000.0,-0.0006612736754345693,1.6506126433535657e-06,5.3504336421678925e-09,3.7747022400485184
rho,1,1,16,19,22,20.0,6.2962652107424715,5.0,15.0,6500.0,-0.0008110436824169204,1.7580250510980405e-06,1.7738780543388687e-09,2.6726160232913956
rho,1,1,16,19,22,20.0,6.2962652107424715,5.0,15.0,7000.0,-0.0008859944517082363,1.8021751608606774e-06,-4.6312745642979675e-10,2.295804987750698
rho,1,1,16,19,22,20.0,6.2962652107424715,5.0,15.0,7500.0,-0.0009077191193243379,1.7967143733337217e-06,-9.465167872392704e-10,2.1806003420511524
rho,1,1,16,19,22,20.0,6.2962652107424715,5.0,15.0,8000.0,-0.000890931764064023,1.7581841835285054e-06,2.97699181659225e-10,2.2150089376265005
rho,1,1,16,19,22,20.0,6.2962652107424715,5.0,15.0,8500.0,-0.0008509969052976237,1.69811140202646e-06,2.8480099658759476e-09,2.3448238163454467
rho,1,1,16,19,22,20.0,6.2962652107424715,5.0,15.0,9000.0,-0.0008067382737452343,1.6233213152165543e-06,6.064777267568055e-09,2.494245333006552
rho,1,1,16,19,22,20.0,6.2962652107424715,5.0,15.0,9500.0,-0.0007791997900409627,1.540164945666531e-06,9.29227693265457e-09,2.536702756782835
rho,1,1,16,19,22,20.0,6.2962652107424715,5.0,15.0,10000.0,-0.0007878252079579055,1.4565838681251513e-06,1.2028051318277039e-08,2.3467982205011055
rho,1,1,16,19,22,20.0,6.2962652107424715,5.0,15.0,10500.0,-0.0008460668531576736,1.3802174189867445e-06,1.4021773043719907e-08,1.928138127383473
rho,1,1,16,19,22,20.0,6.2962652107424715,5.0,15.0,11000.0,-0.0009583176156787274,1.3155587735979297e-06,1.527226841113704e-08,1.4324890554916097
rho,1,1,16,19,22,20.0,6.2962652107424715,5.0,15.0,11500.0,-0.0011192973643784213,1.2637105513948039e-06,1.5928705328479514e-08,1.0086875243373892
rho,1,1,16,19,22,20.0,6.2962652107424715,5.0,15.0,12000.0,-0.0013159713663535987,1.225113579985205e-06,1.6153342139261616e-08,0.7074300022566599
rho,1,1,16,19,22,20.0,6.2962652107424715,7.0,25.0,0.0,0.0,0.0,0.0,
rho,1,1,16,19,22,20.0,6.2962652107424715,7.0,25.0,500.0,0.17261013748395396,1.385365901492064e-06,5.976917639135748e-08,4.649774560091125e-05
rho,1,1,16,19,22,20.0,6.2962652107424715,7.0,25.0,1000.0,0.14317336394272312,1.6319623523300051e-06,8.522114214770243e-08,7.961330947535085e-05
rho,1,1,16,19,22,20.0,6.2962652107424715,7.0,25.0,1500.0,0.0941643590094994,1.5978720017305373e-06,7.267328099809602e-08,0.0001802058470145634
rho,1,1,16,19,22,20.0,6.2962652107424715,7.0,25.0,2000.0,0.058299193485128756,1.5299683528606964e-06,5.090383697473384e-08,0.0004501501032745514
rho,1,1,16,19,22,20.0,6.2962652107424715,7.0,25.0,2500.0,0.03589159649029058,1.374079074133649e-06,3.408135132962219e-08,0.001066660401318887
rho,1,1,16,19,22,20.0,6.2962652107424715,7.0,25.0,3000.0,0.022590043563381276,1.2258242048501228e-06,2.3388600100975575e-08,0.002402116441058725
rho,1,1,16,19,22,20.0,6.2962652107424715,7.0,25.0,3500.0,0.014786394721334278,1.1718627259595034e-06,1.5926163247886044e-08,0.005359844001561018
rho,1,1,16,19,22,20.0,6.2962652107424715,7.0,25.0,4000.0,0.010136589662857293,1.1873924273638178e-06,1.015768046243524e-08,0.011556080070141113
rho,1,1,16,19,22,20.0,6.2962652107424715,7.0,25.0,4500.0,0.007255811982262714,1.2025182178595742e-06,6.15707661546889e-09,0.0228412371891358
rho,1,1,16,19,22,20.0,6.2962652107424715,7.0,25.0,5000.0,0.005379686237060868,1.1781792507894977e-06,4.193245111763781e-09,0.040709660114793045
rho,1,1,16,19,22,20.0,6.2962652107424715,7.0,25.0,5500.0,0.004105762200501936,1.1187613962528903e-06,3.974891421707445e-09,0.06636664875683995
rho,1,1,16,19,22,20.0,6.2962652107424715,7.0,25.0,6000.0,0.0032194779595557804,1.0455948194915332e-06,4.814792473575398e-09,0.1008770817814406
rho,1,1,16,19,22,20.0,6.2962652107424715,7.0,25.0,6500.0,0.0025918395100688963,9.745117414430966e-07,6.08655574592774e-09,0.14506774630950725
rho,1,1,16,19,22,20.0,6.2962652107424715,7.0,25.0,7000.0,0.0021300312292553782,9.140214862259221e-07,7.437008811478576e-09,0.20145797455087106
rho,1,1,16,19,22,20.0,6.2962652107424715,7.0,25.0,7500.0,0.0017606851398396454,8.718792929249722e-07,8.699170123107671e-09,0.2812502814377038
rho,1,1,16,19,22,20.0,6.2962652107424715,7.0,25.0,8000.0,0.0014285592568508423,8.556948716135431e-07,9.75042493867331e-09,0.4192976320632656
rho,1,1,16,19,22,20.0,6.2962652107424715,7.0,25.0,8500.0,0.0010989515074417216,8.680072788293048e-07,1.0490037402237524e-08,0.7187308871674566
rho,1,1,16,19,22,20.0,6.2962652107424715,7.0,25.0,9000.0,0.000757973826721295,9.037214833229475e-07,1.0903422019019662e-08,1.5729908181877834
rho,1,1,16,19,22,20.0,6.2962652107424715,7.0,25.0,9500.0,0.0004092638918558099,9.528313641987594e-07,1.1095186927153154e-08,5.688649613614555
rho,1,1,16,19,22,20.0,6.2962652107424715,7.0,25.0,10000.0,6.822376350176733e-05,1.0049435850601761e-06,1.1236240609323862e-08,215.9087961412456
rho,1,1,16,19,22,20.0,6.2962652107424715,7.0,25.0,10500.0,-0.00024436748940809223,1.0517876480671821e-06,1.1464748868634988e-08,17.613319466255195
rho,1,1,16,19,22,20.0,6.2962652107424715,7.0,25.0,11000.0,-0.0005078841015128644,1.0873723474782896e-06,1.1813910706819615e-08,4.215499558231384
rho,1,1,16,19,22,20.0,6.2962652107424715,7.0,25.0,11500.0,-0.0007058167238785742,1.1076441461695017e-06,1.2206378146383124e-08,2.2233936842126916
rho,1,1,16,19,22,20.0,6.2962652107424715,7.0,25.0,12000.0,-0.0008281200859280403,1.1108659207260301e-06,1.2503555959645408e-08,1.6198507697410691
rho,1,1,16,19,22,20.0,6.2962652107424715,10.0,30.0,0.0,0.0,0.0,0.0,
rho,1,1,16,19,22,20.0,6.2962652107424715,10.0,30.0,500.0,0.19162377275492895,1.6444066346941827e-06,4.914872301732008e-08,4.478271787133714e-05
rho,1,1,16,19,22,20.0,6.2962652107424715,10.0,30.0,1000.0,0.1662770674938291,2.025615411463458e-06,8.055085858688793e-08,7.326427890047929e-05
rho,1,1,16,19,22,20.0,6.2962652107424715,10.0,30.0,1500.0,0.11503823712046744,2.0648606947898572e-06,7.795149772301833e-08,0.00015602935807862084
rho,1,1,16,19,22,20.0,6.2962652107424715,10.0,30.0,2000.0,0.07521267354281963,1.95359340747094e-06,6.046453530070629e-08,0.0003453441693057847
rho,1,1,16,19,22,20.0,6.2962652107424715,10.0,30.0,2500.0,0.04908325304090004,1.7505614666289893e-06,4.317011275590225e-08,0.0007266255888919887
rho,1,1,16,19,22,20.0,6.2962652107424715,10.0,30.0,3000.0,0.032882517628156915,1.552070642912513e-06,3.0974533378529936e-08,0.001435427827109079
rho,1,1,16,19,22,20.0,6.2962652107424715,10.0,30.0,3500.0,0.023022206125824726,1.3864177811347354e-06,2.3783856217358445e-08,0.0026157741504895405
rho,1,1,16,19,22,20.0,6.2962652107424715,10.0,30.0,4000.0,0.017003760881031962,1.2700752195529729e-06,1.9889997085928998e-08,0.004392780113580167
rho,1,1,16,19,22,20.0,6.2962652107424715,10.0,30.0,4500.0,0.013242635104631884,1.2294402198127388e-06,1.753776911798896e-08,0.0070106549357334125
rho,1,1,16,19,22,20.0,6.2962652107424715,10.0,30.0,5000.0,0.01077005271296036,1.2672704546002818e-06,1.589175728969698e-08,0.010925307062503255
rho,1,1,16,19,22,20.0,6.2962652107424715,10.0,30.0,5500.0,0.009005508265202666,1.3479785329693086e-06,1.497671511986895e-08,0.01662135853513318
rho,1,1,16,19,22,20.0,6.2962652107424715,10.0,30.0,6000.0,0.00761266043746588,1.4192146357794274e-06,1.4967114215402968e-08,0.0244892319211234
rho,1,1,16,19,22,20.0,6.2962652107424715,10.0,30.0,6500.0,0.006412597170481633,1.4440940392922676e-06,1.567643103110969e-08,0.03511782070942943
rho,1,1,16,19,22,20.0,6.2962652107424715,10.0,30.0,7000.0,0.005328654749269945,1.4202349510571944e-06,1.6546285749615056e-08,0.050017851278050675
rho,1,1,16,19,22,20.0,6.2962652107424715,10.0,30.0,7500.0,0.004346895116354459,1.3758314626264095e-06,1.69340457946967e-08,0.07281266280088843
rho,1,1,16,19,22,20.0,6.2962652107424715,10.0,30.0,8000.0,0.0034853954548026258,1.347454279861345e-06,1.6430842829548403e-08,0.11092001436482488
rho,1,1,16,19,22,20.0,6.2962652107424715,10.0,30.0,8500.0,0.0027707118187543134,1.3556152346407262e-06,1.5041591004938723e-08,0.17658496612878707
rho,1,1,16,19,22,20.0,6.2962652107424715,10.0,30.0,9000.0,0.0022217444275569845,1.3943418620193532e-06,1.3157982154965371e-08,0.28247568283744473
rho,1,1,16,19,22,20.0,6.2962652107424715,10.0,30.0,9500.0,0.0018411694930704887,1.439481047243639e-06,1.1355842664628854e-08,0.4246375647223072
rho,1,1,16,19,22,20.0,6.2962652107424715,10.0,30.0,10000.0,0.0016137672358800027,1.4673809592844781e-06,1.0129735902587589e-08,0.5634574062942863
rho,1,1,16,19,22,20.0,6.2962652107424715,10.0,30.0,10500.0,0.0015100609663188235,1.4708407822430056e-06,9.693581317166772e-09,0.6450252264849888
rho,1,1,16,19,22,20.0,6.2962652107424715,10.0,30.0,11000.0,0.0014930610058633694,1.4636969190337606e-06,9.925155415576853e-09,0.6565927035968618
rho,1,1,16,19,22,20.0,6.2962652107424715,10.0,30.0,11500.0,0.0015257598478758906,1.4735644813952958e-06,1.0454941748495189e-08,0.6329899012219826
rho,1,1,16,19,22,20.0,6.2962652107424715,10.0,30.0,12000.0,0.001577375525454727,1.5283378317010495e-06,1.083841763255185e-08,0.6142556607768513
rho,1,1,16,19,22,20.0,6.2962652107424715,12.0,36.0,0.0,0.0,0.0,0.0,
rho,1,1,16,19,22,20.0,6.2962652107424715,12.0,36.0,500.0,0.20629269832286445,1.6130362348797356e-06,3.404615263690721e-08,3.790324654404179e-05
rho,1,1,16,19,22,20.0,6.2962652107424715,12.0,36.0,1000.0,0.1849898111125755,2.030609330883288e-06,5.6275223503163486e-08,5.933770697599145e-05
rho,1,1,16,19,22,20.0,6.2962652107424715,12.0,36.0,1500.0,0.13315750159693526,2.2369344072526455e-06,5.1423407230203144e-08,0.00012616008520944285
rho,1,1,16,19,22,20.0,6.2962652107424715,12.0,36.0,2000.0,0.09116399315799532,2.1723806296541187e-06,3.92344807596705e-08,0.00026139016444358095
rho,1,1,16,19,22,20.0,6.2962652107424715,12.0,36.0,2500.0,0.06251210865348425,1.9378998525586364e-06,2.8822407889713742e-08,0.0004959101898924668
rho,1,1,16,19,22,20.0,6.2962652107424715,12.0,36.0,3000.0,0.043839518325600284,1.7537886088615062e-06,2.0640266996045614e-08,0.0009125269454000956
rho,1,1,16,19,22,20.0,6.2962652107424715,12.0,36.0,3500.0,0.031709689851821175,1.6732016720914794e-06,1.417404382277682e-08,0.0016640420681802832
rho,1,1,16,19,22,20.0,6.2962652107424715,12.0,36.0,4000.0,0.023711875390067902,1.6353496024895168e-06,9.775499075911106e-09,0.002908565187029655
rho,1,1,16,19,22,20.0,6.2962652107424715,12.0,36.0,4500.0,0.018323408007331583,1.5788006142624984e-06,7.859082587292439e-09,0.004702348175524668
rho,1,1,16,19,22,20.0,6.2962652107424715,12.0,36.0,5000.0,0.014613028408521928,1.489463254311916e-06,8.172701763993813e-09,0.00697508230011436
rho,1,1,16,19,22,20.0,6.2962652107424715,12.0,36.0,5500.0,0.012007845953024416,1.395258104689395e-06,9.863917535074807e-09,0.009676634520336883
rho,1,1,16,19,22,20.0,6.2962652107424715,12.0,36.0,6000.0,0.010143246720386443,1.3336286067334128e-06,1.2048859822762885e-08,0.012962265845047196
rho,1,1,16,19,22,20.0,6.2962652107424715,12.0,36.0,6500.0,0.008776322765407381,1.3191258284520516e-06,1.4260522520650256e-08,0.01712620153040735
rho,1,1,16,19,22,20.0,6.2962652107424715,12.0,36.0,7000.0,0.007740560744554321,1.3338340295816202e-06,1.645924864505303e-08,0.02226162931562448
rho,1,1,16,19,22,20.0,6.2962652107424715,12.0,36.0,7500.0,0.006923073733647834,1.3441013573178e-06,1.873568535458906e-08,0.02804362205970578
rho,1,1,16,19,22,20.0,6.2962652107424715,12.0,36.0,8000.0,0.006251167707813024,1.3265602931601631e-06,2.1016765321499366e-08,0.033947257367064054
rho,1,1,16,19,22,20.0,6.2962652107424715,12.0,36.0,8500.0,0.005681327718433666,1.2821534825313654e-06,2.2987009500540993e-08,0.039722843854254994
rho,1,1,16,19,22,20.0,6.2962652107424715,12.0,36.0,9000.0,0.005188911296468892,1.2304951004332924e-06,2.4225366549823027e-08,0.04570117810364139
rho,1,1,16,19,22,20.0,6.2962652107424715,12.0,36.0,9500.0,0.0047595442051504375,1.1933735628675658e-06,2.440810056852485e-08,0.052679989901640085
rho,1,1,16,19,22,20.0,6.2962652107424715,12.0,36.0,10000.0,0.004383461820258302,1.181345045747109e-06,2.3429071518810963e-08,0.06148119608313357
rho,1,1,16,19,22,20.0,6.2962652107424715,12.0,36.0,10500.0,0.004052956967235548,1.1908083476280633e-06,2.1394219390849996e-08,0.07249330255606974
rho,1,1,16,19,22,20.0,6.2962652107424715,12.0,36.0,11000.0,0.0037619644981315504,1.2097545272730067e-06,1.8542723281711873e-08,0.08548066074596523
rho,1,1,16,19,22,20.0,6.2962652107424715,12.0,36.0,11500.0,0.0035063757602084218,1.225955312990275e-06,1.5167004805069804e-08,0.09971436533799846
rho,1,1,16,19,22,20.0,6.2962652107424715,12.0,36.0,12000.0,0.003283989462186498,1.232473338438187e-06,1.1566323017554461e-08,0.11428099775115211
rho,1,1,16,19,22,20.0,6.2962652107424715,15.0,40.0,0.0,0.0,0.0,0.0,
rho,1,1,16,19,22,20.0,6.2962652107424715,15.0,40.0,500.0,0.21659554647833792,1.5938245582809335e-06,2.2884146183566044e-08,3.3973592166207496e-05
rho,1,1,16,19,22,20.0,6.2962652107424715,15.0,40.0,1000.0,0.1989461449108672,1.8942753505823305e-06,4.408733620600783e-08,4.7859929220749944e-05
rho,1,1,16,19,22,20.0,6.2962652107424715,15.0,40.0,1500.0,0.1475321273551902,1.8408149087982268e-06,4.66429698629135e-08,8.457400817877844e-05
rho,1,1,16,19,22,20.0,6.2962652107424715,15.0,40.0,2000.0,0.10456213930377438,1.6495267408277234e-06,4.13413666350104e-08,0.00015087262271832924
rho,1,1,16,19,22,20.0,6.2962652107424715,15.0,40.0,2500.0,0.07444072459525564,1.371866248119351e-06,3.697182384236786e-08,0.00024756576511997377
rho,1,1,16,19,22,20.0,6.2962652107424715,15.0,40.0,3000.0,0.0542227524732678,1.133253410180957e-06,3.4997515347929326e-08,0.0003854463304252836
rho,1,1,16,19,22,20.0,6.2962652107424715,15.0,40.0,3500.0,0.04064831212723431,9.99078131100989e-07,3.4311141517806405e-08,0.0006046644268541691
rho,1,1,16,19,22,20.0,6.2962652107424715,15.0,40.0,4000.0,0.031357484259685965,9.59045422644666e-07,3.387892248997882e-08,0.000975341606651353
rho,1,1,16,19,22,20.0,6.2962652107424715,15.0,40.0,4500.0,0.02481742008649216,9.71871158100496e-07,3.305339041217087e-08,0.0015779579642122565
rho,1,1,16,19,22,20.0,6.2962652107424715,15.0,40.0,5000.0,0.02007120995893441,9.91184318062075e-07,3.153285405252002e-08,0.0024604090415106796
rho,1,1,16,19,22,20.0,6.2962652107424715,15.0,40.0,5500.0,0.016531567790412115,9.865929609225342e-07,2.9338235039258505e-08,0.0036100226591976813
rho,1,1,16,19,22,20.0,6.2962652107424715,15.0,40.0,6000.0,0.013837000968036193,9.62450996772061e-07,2.6638985684165022e-08,0.0050268356218806255
rho,1,1,16,19,22,20.0,6.2962652107424715,15.0,40.0,6500.0,0.011757150429634013,9.531750506207261e-07,2.3542335015838263e-08,0.006895543719021277
rho,1,1,16,19,22,20.0,6.2962652107424715,15.0,40.0,7000.0,0.010135031049607182,9.954403342842846e-07,2.0044908292002395e-08,0.009690921304823324
rho,1,1,16,19,22,20.0,6.2962652107424715,15.0,40.0,7500.0,0.008855341577094326,1.1020589021488366e-06,1.6131721486475852e-08,0.014053813023762723
rho,1,1,16,19,22,20.0,6.2962652107424715,15.0,40.0,8000.0,0.00782881006309761,1.2563559417150929e-06,1.1882907155120626e-08,0.02049845763654287
rho,1,1,16,19,22,20.0,6.2962652107424715,15.0,40.0,8500.0,0.0069848064085278995,1.4245259481177788e-06,7.515176673317408e-09,0.02919857233226658
rho,1,1,16,19,22,20.0,6.2962652107424715,15.0,40.0,9000.0,0.006267665643526357,1.5723474350939023e-06,3.3652555538355995e-09,0.04002551012382165
rho,1,1,16,19,22,20.0,6.2962652107424715,15.0,40.0,9500.0,0.0056347553061629075,1.6760879085784114e-06,-1.668393200635649e-10,0.05278939328850672
rho,1,1,16,19,22,20.0,6.2962652107424715,15.0,40.0,10000.0,0.005055537011076332,1.725451325274573e-06,-2.7022892720066624e-09,0.06751000250329661
rho,1,1,16,19,22,20.0,6.2962652107424715,15.0,40.0,10500.0,0.004511052371602892,1.7213656315071998e-06,-3.972520420311707e-09,0.08458968143824022
rho,1,1,16,19,22,20.0,6.2962652107424715,15.0,40.0,11000.0,0.0039931535580807675,1.6721836155040206e-06,-3.882297160362555e-09,0.10487016247851381
rho,1,1,16,19,22,20.0,6.2962652107424715,15.0,40.0,11500.0,0.0035029074054325404,1.59043596924181e-06,-2.5274111614270155e-09,0.12961607740270925
rho,1,1,16,19,22,20.0,6.2962652107424715,15.0,40.0,12000.0,0.0030479987274099323,1.4905884052039822e-06,-1.671424654702839e-10,0.16044573459545028
rho,1,1,16,19,22,20.0,6.2962652107424715,20.0,50.0,0.0,0.0,0.0,0.0,
rho,1,1,16,19,22,20.0,6.2962652107424715,20.0,50.0,500.0,0.23334572387898897,1.6990247449060285e-06,8.24931022170024e-09,3.1203262926802806e-05
rho,1,1,16,19,22,20.0,6.2962652107424715,20.0,50.0,1000.0,0.22189382537376057,2.2963984459268445e-06,2.2114075464977995e-08,4.663981398695311e-05
rho,1,1,16,19,22,20.0,6.2962652107424715,20.0,50.0,1500.0,0.17106862306880133,2.3146925952458703e-06,2.968833228831289e-08,7.909565062305013e-05
rho,1,1,16,19,22,20.0,6.2962652107424715,20.0,50.0,2000.0,0.1262677957518985,2.0933881549939912e-06,3.117955446229742e-08,0.0001312999510868928
rho,1,1,16,19,22,20.0,6.2962652107424715,20.0,50.0,2500.0,0.09346740176520146,1.7558379894885663e-06,3.068046507641167e-08,0.00020098521039875806
rho,1,1,16,19,22,20.0,6.2962652107424715,20.0,50.0,3000.0,0.07041973793548845,1.4505269359343865e-06,2.9673041239470882e-08,0.0002925074884650972
rho,1,1,16,19,22,20.0,6.2962652107424715,20.0,50.0,3500.0,0.05416047552631937,1.2387753176306696e-06,2.8289747747081696e-08,0.0004223063444030764
rho,1,1,16,19,22,20.0,6.2962652107424715,20.0,50.0,4000.0,0.0424623550406319,1.1010926715977663e-06,2.6603707011887327e-08,0.0006106828414044279
rho,1,1,16,19,22,20.0,6.2962652107424715,20.0,50.0,4500.0,0.03385736191998067,1.0229201434012e-06,2.4554196164412853e-08,0.0008923505566970371
rho,1,1,16,19,22,20.0,6.2962652107424715,20.0,50.0,5000.0,0.02740901492244465,1.0029933969149452e-06,2.219768015559338e-08,0.0013350920789982328
rho,1,1,16,19,22,20.0,6.2962652107424715,20.0,50.0,5500.0,0.022510036694543812,1.0178867879303247e-06,1.997339651153094e-08,0.002008847974046472
rho,1,1,16,19,22,20.0,6.2962652107424715,20.0,50.0,6000.0,0.01874755820178277,1.0244952181277966e-06,1.8395133001377504e-08,0.0029148788870422865
rho,1,1,16,19,22,20.0,6.2962652107424715,20.0,50.0,6500.0,0.015824619610790666,9.953478874512936e-07,1.7588830935830106e-08,0.0039747364763972485
rho,1,1,16,19,22,20.0,6.2962652107424715,20.0,50.0,7000.0,0.013518863875388306,9.382830887523561e-07,1.7220521594266032e-08,0.005133972035196622
rho,1,1,16,19,22,20.0,6.2962652107424715,20.0,50.0,7500.0,0.011661937725701744,8.832528582933689e-07,1.6800002892635003e-08,0.006494468513262462
rho,1,1,16,19,22,20.0,6.2962652107424715,20.0,50.0,8000.0,0.010128162768139062,8.566592586669633e-07,1.6009812595671406e-08,0.008351159311786885
rho,1,1,16,19,22,20.0,6.2962652107424715,20.0,50.0,8500.0,0.008826259589502984,8.672052740794605e-07,1.4806769248743092e-08,0.01113188004322285
rho,1,1,16,19,22,20.0,6.2962652107424715,20.0,50.0,9000.0,0.007691924412905283,9.089456963417273e-07,1.330609224218113e-08,0.015362713165030293
rho,1,1,16,19,22,20.0,6.2962652107424715,20.0,50.0,9500.0,0.006681197686381366,9.720994306362344e-07,1.1621715643298849e-08,0.02177720025044635
rho,1,1,16,19,22,20.0,6.2962652107424715,20.0,50.0,10000.0,0.005765069697634249,1.0503931831034203e-06,9.812326979488224e-09,0.031604052191608605
rho,1,1,16,19,22,20.0,6.2962652107424715,20.0,50.0,10500.0,0.004925433721034179,1.140839522390014e-06,7.944651326014012e-09,0.04702573578062297
rho,1,1,16,19,22,20.0,6.2962652107424715,20.0,50.0,11000.0,0.004152082838118898,1.2392470229237585e-06,6.17588814036658e-09,0.07188294560051041
rho,1,1,16,19,22,20.0,6.2962652107424715,20.0,50.0,11500.0,0.0034403271307202553,1.3370631669158437e-06,4.759431659711785e-09,0.11296722080299851
rho,1,1,16,19,22,20.0,6.2962652107424715,20.0,50.0,12000.0,0.002788968373664224,1.4224891610848821e-06,3.960158865279412e-09,0.1828781361836055
rho,1,1,16,19,22,20.0,6.2962652107424715,25.0,60.0,0.0,0.0,0.0,0.0,
rho,1,1,16,19,22,20.0,6.2962652107424715,25.0,60.0,500.0,0.2436570753925881,1.5256243509263627e-06,5.8732833092716e-09,2.5697422077860508e-05
rho,1,1,16,19,22,20.0,6.2962652107424715,25.0,60.0,1000.0,0.23549827282344832,1.8449991256094256e-06,2.1576378839640936e-08,3.326754186395977e-05
rho,1,1,16,19,22,20.0,6.2962652107424715,25.0,60.0,1500.0,0.18497114260023437,1.693680449729099e-06,3.4533687119289946e-08,4.950208777427698e-05
rho,1,1,16,19,22,20.0,6.2962652107424715,25.0,60.0,2000.0,0.1395370372906097,1.4928198024681663e-06,3.931108595748332e-08,7.667051707252516e-05
rho,1,1,16,19,22,20.0,6.2962652107424715,25.0,60.0,2500.0,0.10587456655321531,1.2800718353892123e-06,3.7750444277634834e-08,0.00011419604194981519
rho,1,1,16,19,22,20.0,6.2962652107424715,25.0,60.0,3000.0,0.0820193060270667,1.0921513443146395e-06,3.341209344659584e-08,0.00016234938356068462
rho,1,1,16,19,22,20.0,6.2962652107424715,25.0,60.0,3500.0,0.06513074537519868,9.96082697426143e-07,2.8421782469353795e-08,0.00023481362839433245
rho,1,1,16,19,22,20.0,6.2962652107424715,25.0,60.0,4000.0,0.05299496038001969,1.0166694706159223e-06,2.3539838038706665e-08,0.00036200172397319913
rho,1,1,16,19,22,20.0,6.2962652107424715,25.0,60.0,4500.0,0.04408554557622871,1.1148829001803743e-06,1.9132368813791173e-08,0.000573636549686635
rho,1,1,16,19,22,20.0,6.2962652107424715,25.0,60.0,5000.0,0.03738030556038102,1.2329743106499827e-06,1.5507626133236822e-08,0.000882405758824444
rho,1,1,16,19,22,20.0,6.2962652107424715,25.0,60.0,5500.0,0.032197551212679004,1.333842471131644e-06,1.286215754823372e-08,0.0012866453549610062
rho,1,1,16,19,22,20.0,6.2962652107424715,25.0,60.0,6000.0,0.028085690675728057,1.4037811366844877e-06,1.122114448410592e-08,0.0017796278169639143
rho,1,1,16,19,22,20.0,6.2962652107424715,25.0,60.0,6500.0,0.024749826184018213,1.4397496682178617e-06,1.0475164605902477e-08,0.002350404882398934
rho,1,1,16,19,22,20.0,6.2962652107424715,25.0,60.0,7000.0,0.021998219028090214,1.4427149198958015e-06,1.0457750176202232e-08,0.0029812986223966705
rho,1,1,16,19,22,20.0,6.2962652107424715,25.0,60.0,7500.0,0.01970140636006084,1.417876019872742e-06,1.0982273309733565e-08,0.003652950605562176
rho,1,1,16,19,22,20.0,6.2962652107424715,25.0,60.0,8000.0,0.01776351563873452,1.374755001894523e-06,1.1834829895624999e-08,0.004356798386398753
rho,1,1,16,19,22,20.0,6.2962652107424715,25.0,60.0,8500.0,0.01610613904987757,1.3246070775835302e-06,1.277645708400341e-08,0.005106274796428416
rho,1,1,16,19,22,20.0,6.2962652107424715,25.0,60.0,9000.0,0.014662690133979151,1.2769552133568485e-06,1.3578480312996928e-08,0.005939479012136686
rho,1,1,16,19,22,20.0,6.2962652107424715,25.0,60.0,9500.0,0.013378933756667863,1.2373102952028703e-06,1.4063235947716639e-08,0.006912507566858656
rho,1,1,16,19,22,20.0,6.2962652107424715,25.0,60.0,10000.0,0.012215084197998554,1.2069225408821072e-06,1.4116901020535362e-08,0.008088844164640516
rho,1,1,16,19,22,20.0,6.2962652107424715,25.0,60.0,10500.0,0.0111463126453323,1.1845221020684335e-06,1.3674399684558373e-08,0.009534122498730478
rho,1,1,16,19,22,20.0,6.2962652107424715,25.0,60.0,11000.0,0.010160582812684085,1.1692424951287395e-06,1.2701357272333406e-08,0.011325759919012973
rho,1,1,16,19,22,20.0,6.2962652107424715,25.0,60.0,11500.0,0.00925441065038082,1.1631126329030144e-06,1.1193269822333704e-08,0.0135807651550092
rho,1,1,16,19,22,20.0,6.2962652107424715,25.0,60.0,12000.0,0.008427944211418775,1.1714442321778437e-06,9.190345941039273e-09,0.016492189415356233
rho,1,1,16,19,22,20.0,6.2962652107424715,30.0,80.0,0.0,0.0,0.0,0.0,
rho,1,1,16,19,22,20.0,6.2962652107424715,30.0,80.0,500.0,0.25527237351440346,9.403253670076214e-07,1.1184602416248202e-08,1.4430139157848086e-05
rho,1,1,16,19,22,20.0,6.2962652107424715,30.0,80.0,1000.0,0.24943108732508515,1.2977971647099684e-06,1.7668690263009743e-08,2.0859584870011185e-05
rho,1,1,16,19,22,20.0,6.2962652107424715,30.0,80.0,1500.0,0.19733477534142235,1.5435563773997671e-06,1.919005152337757e-08,3.963832053470152e-05
rho,1,1,16,19,22,20.0,6.2962652107424715,30.0,80.0,2000.0,0.14993894871391292,1.5683680956271547e-06,2.0525712102993967e-08,6.976202462235349e-05
rho,1,1,16,19,22,20.0,6.2962652107424715,30.0,80.0,2500.0,0.11492731662109947,1.440170460182879e-06,2.2104252575424072e-08,0.0001090353608775761
rho,1,1,16,19,22,20.0,6.2962652107424715,30.0,80.0,3000.0,0.09033216656342384,1.2851597307099017e-06,2.341171229105136e-08,0.00015749698904817645
rho,1,1,16,19,22,20.0,6.2962652107424715,30.0,80.0,3500.0,0.0731087800639246,1.1570944992871308e-06,2.3871065123106293e-08,0.00021648596948339746
rho,1,1,16,19,22,20.0,6.2962652107424715,30.0,80.0,4000.0,0.060864754991281945,1.0708613104339033e-06,2.3397640491396576e-08,0.00028906896788281455
rho,1,1,16,19,22,20.0,6.2962652107424715,30.0,80.0,4500.0,0.05194450270295353,1.022873799644625e-06,2.247484420677898e-08,0.0003790904717836615
rho,1,1,16,19,22,20.0,6.2962652107424715,30.0,80.0,5000.0,0.045239705106140164,1.0004731810336495e-06,2.157658803026604e-08,0.000488839082899752
rho,1,1,16,19,22,20.0,6.2962652107424715,30.0,80.0,5500.0,0.04002086423239553,9.969347779443733e-07,2.0770079516332877e-08,0.000622434735718929
rho,1,1,16,19,22,20.0,6.2962652107424715,30.0,80.0,6000.0,0.03581937233423224,1.0175603894256042e-06,1.9819388776609713e-08,0.000793093243471366
rho,1,1,16,19,22,20.0,6.2962652107424715,30.0,80.0,6500.0,0.03234375667770914,1.0711992429825798e-06,1.8507270642909844e-08,0.0010239749556608412
rho,1,1,16,19,22,20.0,6.2962652107424715,30.0,80.0,7000.0,0.02941677774447344,1.1571370078986702e-06,1.6868772689192312e-08,0.0013371945105615326
rho,1,1,16,19,22,20.0,6.2962652107424715,30.0,80.0,7500.0,0.026927868411304123,1.2599055183944843e-06,1.5215815653396212e-08,0.0017375368558518237
rho,1,1,16,19,22,20.0,6.2962652107424715,30.0,80.0,8000.0,0.024799542802736392,1.3564531780039527e-06,1.3980865702703494e-08,0.0022055527979140273
rho,1,1,16,19,22,20.0,6.2962652107424715,30.0,80.0,8500.0,0.02296703533797479,1.4291901717422474e-06,1.3497447610603634e-08,0.002709443778453234
rho,1,1,16,19,22,20.0,6.2962652107424715,30.0,80.0,9000.0,0.021369284664944366,1.4742958361089066e-06,1.3848609551925122e-08,0.003228528838717088
rho,1,1,16,19,22,20.0,6.2962652107424715,30.0,80.0,9500.0,0.01994803672480477,1.5001850371283707e-06,1.4849850205461335e-08,0.0037700274407604113
rho,1,1,16,19,22,20.0,6.2962652107424715,30.0,80.0,10000.0,0.018651251710011682,1.519455926736785e-06,1.6144325313173376e-08,0.00436789451002283
rho,1,1,16,19,22,20.0,6.2962652107424715,30.0,80.0,10500.0,0.017437396125098207,1.5411130622671e-06,1.7339738701500065e-08,0.005068404110168571
rho,1,1,16,19,22,20.0,6.2962652107424715,30.0,80.0,11000.0,0.01627830135828557,1.5672867203802302e-06,1.8123321585982875e-08,0.005914666819491806
rho,1,1,16,19,22,20.0,6.2962652107424715,30.0,80.0,11500.0,0.015159586300338592,1.594374837884232e-06,1.8324666238183008e-08,0.006937703453854307
rho,1,1,16,19,22,20.0,6.2962652107424715,30.0,80.0,12000.0,0.014078748741878958,1.6162682901601166e-06,1.7925650859965862e-08,0.008154274664038456
rho,1,2,17,20,23,21.0,6.2962652107424715,5.0,15.0,0.0,0.0,0.0,0.0,
rho,1,2,17,20,23,21.0,6.2962652107424715,5.0,15.0,500.0,0.1295558863416372,1.325990552980557e-06,4.2799065449717634e-08,7.899982518661559e-05
rho,1,2,17,20,23,21.0,6.2962652107424715,5.0,15.0,1000.0,0.09706839446833448,1.5710173849923415e-06,4.462791257913127e-08,0.00016673443349268707
rho,1,2,17,20,23,21.0,6.2962652107424715,5.0,15.0,1500.0,0.05739226912391247,1.301830998926204e-06,4.3821311558699765e-08,0.00039522810221492605
rho,1,2,17,20,23,21.0,6.2962652107424715,5.0,15.0,2000.0,0.03180714977061862,1.0858999787008338e-06,4.459867314215032e-08,0.0010733474204786785
rho,1,2,17,20,23,21.0,6.2962652107424715,5.0,15.0,2500.0,0.017320132579039166,9.923660747914563e-07,4.095258386458264e-08,0.003308030346042023
rho,1,2,17,20,23,21.0,6.2962652107424715,5.0,15.0,3000.0,0.00933668463599547,9.495682686112239e-07,3.424519770343009e-08,0.010892832202311499
rho,1,2,17,20,23,21.0,6.2962652107424715,5.0,15.0,3500.0,0.004896132686453067,9.485739662660742e-07,2.7043970258873906e-08,0.039569890059920974
rho,1,2,17,20,23,21.0,6.2962652107424715,5.0,15.0,4000.0,0.0023654540721081193,1.0224841875022641e-06,2.0873574009422618e-08,0.1827374499405828
rho,1,2,17,20,23,21.0,6.2962652107424715,5.0,15.0,4500.0,0.0008739017098984539,1.1655562327238955e-06,1.6258601200374172e-08,1.5261880645888213
rho,1,2,17,20,23,21.0,6.2962652107424715,5.0,15.0,5000.0,-4.358592787582065e-05,1.3350006004582651e-06,1.2792983870078605e-08,702.7306068820291
rho,1,2,17,20,23,21.0,6.2962652107424715,5.0,15.0,5500.0,-0.0006346254409228428,1.4876757017017605e-06,9.685696713088314e-09,3.6937994594835972
rho,1,2,17,20,23,21.0,6.2962652107424715,5.0,15.0,6000.0,-0.001027152224430375,1.5966714292266477e-06,6.575243079856333e-09,1.5133728279206335
rho,1,2,17,20,23,21.0,6.2962652107424715,5.0,15.0,6500.0,-0.0012837046509386796,1.6519458470626815e-06,3.8508659936586625e-09,1.0024565944785155
rho,1,2,17,20,23,21.0,6.2962652107424715,5.0,15.0,7000.0,-0.0014340589237625144,1.6574934790008722e-06,2.2706524679194284e-09,0.80596806825179
rho,1,2,17,20,23,21.0,6.2962652107424715,5.0,15.0,7500.0,-0.0014953536135638356,1.6261615654249694e-06,2.346822214713914e-09,0.7272368602784525
rho,1,2,17,20,23,21.0,6.2962652107424715,5.0,15.0,8000.0,-0.0014837855739506217,1.5728193031538845e-06,4.017967147427892e-09,0.7143919331500582
rho,1,2,17,20,23,21.0,6.2962652107424715,5.0,15.0,8500.0,-0.0014200616448784215,1.5096192014130984e-06,6.727092091101734e-09,0.7486055044205818
rho,1,2,17,20,23,21.0,6.2962652107424715,5.0,15.0,9000.0,-0.0013300339032562398,1.4453057498884907e-06,9.712650808243887e-09,0.817023046885875
rho,1,2,17,20,23,21.0,6.2962652107424715,5.0,15.0,9500.0,-0.0012418302169256341,1.3864744900046864e-06,1.2300984647851039e-08,0.8990574352901503
rho,1,2,17,20,23,21.0,6.2962652107424715,5.0,15.0,10000.0,-0.001181079651638151,1.3376354095276652e-06,1.4099137351772687e-08,0.9589133881672095
rho,1,2,17,20,23,21.0,6.2962652107424715,5.0,15.0,10500.0,-0.0011660965892127883,1.2997590221970966e-06,1.5057754370589014e-08,0.9558589052912732
rho,1,2,17,20,23,21.0,6.2962652107424715,5.0,15.0,11000.0,-0.001204718842612963,1.2698208866529106e-06,1.5401084142841013e-08,0.874925471414509
rho,1,2,17,20,23,21.0,6.2962652107424715,5.0,15.0,11500.0,-0.0012937953214926224,1.243298559504779e-06,1.545893521774194e-08,0.7427527659782565
rho,1,2,17,20,23,21.0,6.2962652107424715,5.0,15.0,12000.0,-0.001421336245034843,1.2185741675145624e-06,1.548010208140784e-08,0.603195795031328
rho,1,2,17,20,23,21.0,6.2962652107424715,7.0,25.0,0.0,0.0,0.0,0.0,
rho,1,2,17,20,23,21.0,6.2962652107424715,7.0,25.0,500.0,0.17110310240116947,1.3576837517542644e-06,5.688528575207239e-08,4.63748857069285e-05
rho,1,2,17,20,23,21.0,6.2962652107424715,7.0,25.0,1000.0,0.1414505898271963,1.5925326039268137e-06,7.970849404848047e-08,7.959372073002097e-05
rho,1,2,17,20,23,21.0,6.2962652107424715,7.0,25.0,1500.0,0.0927103457347012,1.5535674436339008e-06,6.77630739508295e-08,0.0001807480873476244
rho,1,2,17,20,23,21.0,6.2962652107424715,7.0,25.0,2000.0,0.05716531422912838,1.474615385540627e-06,4.735470586136222e-08,0.000451246213497529
rho,1,2,17,20,23,21.0,6.2962652107424715,7.0,25.0,2500.0,0.03500111207665201,1.3247981316567338e-06,3.151604168597245e-08,0.0010813991415573661
rho,1,2,17,20,23,21.0,6.2962652107424715,7.0,25.0,3000.0,0.021864752835386504,1.1998570259800974e-06,2.1499345009623135e-08,0.0025098071619951675
rho,1,2,17,20,23,21.0,6.2962652107424715,7.0,25.0,3500.0,0.014187134883769647,1.163557827029992e-06,1.4687526122494494e-08,0.00578094152342061
rho,1,2,17,20,23,21.0,6.2962652107424715,7.0,25.0,4000.0,0.009662699714159156,1.1762287687872286e-06,9.72620348709044e-09,0.012597803526058132
rho,1,2,17,20,23,21.0,6.2962652107424715,7.0,25.0,4500.0,0.006926519694040765,1.1757824941109404e-06,6.641605319040418e-09,0.024507377644407677
rho,1,2,17,20,23,21.0,6.2962652107424715,7.0,25.0,5000.0,0.005213569480225284,1.1446245309711572e-06,5.449895744003429e-09,0.042110724938497504
rho,1,2,17,20,23,21.0,6.2962652107424715,7.0,25.0,5500.0,0.004107396317269401,1.0997456762744905e-06,5.621650425706661e-09,0.0651867072777237
rho,1,2,17,20,23,21.0,6.2962652107424715,7.0,25.0,6000.0,0.003375330255102523,1.0569162409281787e-06,6.4058192579508905e-09,0.09277010047002313
rho,1,2,17,20,23,21.0,6.2962652107424715,7.0,25.0,6500.0,0.0028731837350976625,1.0181196954944335e-06,7.277559147114599e-09,0.1233309396659465
rho,1,2,17,20,23,21.0,6.2962652107424715,7.0,25.0,7000.0,0.002499404295909088,9.821353417422572e-07,8.082197473463355e-09,0.1572165693951353
rho,1,2,17,20,23,21.0,6.2962652107424715,7.0,25.0,7500.0,0.002178936830481516,9.543654106287121e-07,8.890560119143365e-09,0.20101358590032442
rho,1,2,17,20,23,21.0,6.2962652107424715,7.0,25.0,8000.0,0.0018606412740238233,9.440217549487692e-07,9.789185721058219e-09,0.2726821449939415
rho,1,2,17,20,23,21.0,6.2962652107424715,7.0,25.0,8500.0,0.0015176220305289528,9.55864410854571e-07,1.0774137553557728e-08,0.4150200203588767
rho,1,2,17,20,23,21.0,6.2962652107424715,7.0,25.0,9000.0,0.0011453535196986274,9.870245643338288e-07,1.1762687952735516e-08,0.752400112266506
rho,1,2,17,20,23,21.0,6.2962652107424715,7.0,25.0,9500.0,0.0007566414398806761,1.0303816145176387e-06,1.264833392951685e-08,1.799773506649707
rho,1,2,17,20,23,21.0,6.2962652107424715,7.0,25.0,10000.0,0.0003746997090728106,1.0791006363617118e-06,1.3335995663412195e-08,7.685908976620739
rho,1,2,17,20,23,21.0,6.2962652107424715,7.0,25.0,10500.0,2.6168319988147227e-05,1.1281780616358202e-06,1.3747541602743766e-08,1647.5020618416352
rho,1,2,17,20,23,21.0,6.2962652107424715,7.0,25.0,11000.0,-0.0002645899374165326,1.1734365385153108e-06,1.382121585652978e-08,16.761503034847443
rho,1,2,17,20,23,21.0,6.2962652107424715,7.0,25.0,11500.0,-0.000479374703560368,1.210563757898001e-06,1.3523751728915082e-08,5.267899030991949
rho,1,2,17,20,23,21.0,6.2962652107424715,7.0,25.0,12000.0,-0.0006082912975637748,1.2355843778104782e-06,1.2871079774002397e-08,3.3392520554302587
rho,1,2,17,20,23,21.0,6.2962652107424715,10.0,30.0,0.0,0.0,0.0,0.0,
rho,1,2,17,20,23,21.0,6.2962652107424715,10.0,30.0,500.0,0.18964213811581127,1.6463792990030893e-06,4.6915845808122194e-08,4.577835793833872e-05
rho,1,2,17,20,23,21.0,6.2962652107424715,10.0,30.0,1000.0,0.16397065586552234,1.931803087661342e-06,7.61021628142417e-08,7.185063129152433e-05
rho,1,2,17,20,23,21.0,6.2962652107424715,10.0,30.0,1500.0,0.11312304764367735,1.8861814141890943e-06,7.419308038704904e-08,0.00014739449630008495
rho,1,2,17,20,23,21.0,6.2962652107424715,10.0,30.0,2000.0,0.0738546142748488,1.8252913752085176e-06,5.964832847946454e-08,0.0003346392923318776
rho,1,2,17,20,23,21.0,6.2962652107424715,10.0,30.0,2500.0,0.048190764881923975,1.7321833034408019e-06,4.5165993357427095e-08,0.0007458752719311476
rho,1,2,17,20,23,21.0,6.2962652107424715,10.0,30.0,3000.0,0.03226416073498359,1.5981043377507045e-06,3.445647968968007e-08,0.0015351979617784861
rho,1,2,17,20,23,21.0,6.2962652107424715,10.0,30.0,3500.0,0.0224930715608232,1.4247242159630074e-06,2.78554221304924e-08,0.002816004057013303
rho,1,2,17,20,23,21.0,6.2962652107424715,10.0,30.0,4000.0,0.016447408096885427,1.2595280122701895e-06,2.4268828480042488e-08,0.00465599916800501
rho,1,2,17,20,23,21.0,6.2962652107424715,10.0,30.0,4500.0,0.012624335178661484,1.1661794367760451e-06,2.2110876072591344e-08,0.007317257626879912
rho,1,2,17,20,23,21.0,6.2962652107424715,10.0,30.0,5000.0,0.010115324368688108,1.1705264871591915e-06,2.0423568045059032e-08,0.011439883921971122
rho,1,2,17,20,23,21.0,6.2962652107424715,10.0,30.0,5500.0,0.008366470585549918,1.2450047390612414e-06,1.910804438400943e-08,0.017786333347964138
rho,1,2,17,20,23,21.0,6.2962652107424715,10.0,30.0,6000.0,0.007039299599193311,1.3320659352880138e-06,1.8389262210901596e-08,0.026882324743346533
rho,1,2,17,20,23,21.0,6.2962652107424715,10.0,30.0,6500.0,0.0059359231721384355,1.3812395721900553e-06,1.8284404293189807e-08,0.03920057791931306
rho,1,2,17,20,23,21.0,6.2962652107424715,10.0,30.0,7000.0,0.004955188002147986,1.376752706131738e-06,1.843649761811751e-08,0.05607065970451312
rho,1,2,17,20,23,21.0,6.2962652107424715,10.0,30.0,7500.0,0.004060822248702939,1.3401514124976901e-06,1.8280778002022058e-08,0.08126918578911305
rho,1,2,17,20,23,21.0,6.2962652107424715,10.0,30.0,8000.0,0.0032546979099672343,1.3084813505397632e-06,1.7368141556253183e-08,0.12352252679192512
rho,1,2,17,20,23,21.0,6.2962652107424715,10.0,30.0,8500.0,0.0025546678427465093,1.3062356204184628e-06,1.562721230427741e-08,0.20014863842233138
rho,1,2,17,20,23,21.0,6.2962652107424715,10.0,30.0,9000.0,0.0019782422566038183,1.3316276970059649e-06,1.3404230843260973e-08,0.34027016424787093
rho,1,2,17,20,23,21.0,6.2962652107424715,10.0,30.0,9500.0,0.0015329038827469014,1.36362449763702e-06,1.1274898199352834e-08,0.5803165364998825
rho,1,2,17,20,23,21.0,6.2962652107424715,10.0,30.0,10000.0,0.0012127416980511785,1.3804368736909862e-06,9.760933621812525e-09,0.9385986622179094
rho,1,2,17,20,23,21.0,6.2962652107424715,10.0,30.0,10500.0,0.0010000861040536716,1.375168406018429e-06,9.110684600691386e-09,1.3749316214525558
rho,1,2,17,20,23,21.0,6.2962652107424715,10.0,30.0,11000.0,0.0008702259891021672,1.3600647210384508e-06,9.232302032393577e-09,1.7959551089778722
rho,1,2,17,20,23,21.0,6.2962652107424715,10.0,30.0,11500.0,0.0007971452224774162,1.3596902130209224e-06,9.774526726874499e-09,2.139760057447638
rho,1,2,17,20,23,21.0,6.2962652107424715,10.0,30.0,12000.0,0.0007585052285748817,1.3989480963471442e-06,1.0289818302128924e-08,2.43155694010364
rho,1,2,17,20,23,21.0,6.2962652107424715,12.0,36.0,0.0,0.0,0.0,0.0,
rho,1,2,17,20,23,21.0,6.2962652107424715,12.0,36.0,500.0,0.20390730658909995,1.5211048735499992e-06,3.3198616699492714e-08,3.6584201602848375e-05
rho,1,2,17,20,23,21.0,6.2962652107424715,12.0,36.0,1000.0,0.18220913709202327,1.8687113781730757e-06,5.37184767199217e-08,5.628619969253935e-05
rho,1,2,17,20,23,21.0,6.2962652107424715,12.0,36.0,1500.0,0.13071461417346833,2.0596211185957114e-06,4.804801974793545e-08,0.00012054218116018536
rho,1,2,17,20,23,21.0,6.2962652107424715,12.0,36.0,2000.0,0.08919268099969886,2.0715189192402496e-06,3.5939868724287815e-08,0.00026039369681866287
rho,1,2,17,20,23,21.0,6.2962652107424715,12.0,36.0,2500.0,0.06097990129395484,1.921074271163488e-06,2.6135033365595543e-08,0.0005166194128030636
rho,1,2,17,20,23,21.0,6.2962652107424715,12.0,36.0,3000.0,0.042678902619773425,1.7534497051999563e-06,1.9297674156421466e-08,0.000962646475626604
rho,1,2,17,20,23,21.0,6.2962652107424715,12.0,36.0,3500.0,0.030845890989882767,1.6216525549234685e-06,1.4692541823826768e-08,0.0017043672156753472
rho,1,2,17,20,23,21.0,6.2962652107424715,12.0,36.0,4000.0,0.023076370662129555,1.504750609202993e-06,1.2224154810521988e-08,0.0028257225375871928
rho,1,2,17,20,23,21.0,6.2962652107424715,12.0,36.0,4500.0,0.01786398583072319,1.37123427980877e-06,1.2045950507031121e-08,0.0042968968726938145
rho,1,2,17,20,23,21.0,6.2962652107424715,12.0,36.0,5000.0,0.01429610379894184,1.220026767962402e-06,1.3763173436964053e-08,0.005969445257417457
rho,1,2,17,20,23,21.0,6.2962652107424715,12.0,36.0,5500.0,0.01181420525908017,1.0894287709912046e-06,1.637033440505855e-08,0.007805303890936738
rho,1,2,17,20,23,21.0,6.2962652107424715,12.0,36.0,6000.0,0.010061377903032276,1.0262166614809879e-06,1.8885998702118584e-08,0.010137342945599852
rho,1,2,17,20,23,21.0,6.2962652107424715,12.0,36.0,6500.0,0.00879624911362811,1.0441829367796466e-06,2.090365452476521e-08,0.013495269178805015
rho,1,2,17,20,23,21.0,6.2962652107424715,12.0,36.0,7000.0,0.007849328523225181,1.1124592201455347e-06,2.256070749529147e-08,0.018055897774769594
rho,1,2,17,20,23,21.0,6.2962652107424715,12.0,36.0,7500.0,0.00710229144600807,1.1804696169161674e-06,2.410306440764815e-08,0.023402261828232414
rho,1,2,17,20,23,21.0,6.2962652107424715,12.0,36.0,8000.0,0.0064767443519711514,1.2129227970826108e-06,2.5513721069791372e-08,0.028914763778728817
rho,1,2,17,20,23,21.0,6.2962652107424715,12.0,36.0,8500.0,0.005925161440410011,1.2066013688655115e-06,2.6474851073490153e-08,0.03436872632889198
rho,1,2,17,20,23,21.0,6.2962652107424715,12.0,36.0,9000.0,0.005421758625467137,1.18242492066503e-06,2.6590580863277803e-08,0.0402247372713434
rho,1,2,17,20,23,21.0,6.2962652107424715,12.0,36.0,9500.0,0.004954030317838594,1.165809407344745e-06,2.5628628107230948e-08,0.04750181843613105
rho,1,2,17,20,23,21.0,6.2962652107424715,12.0,36.0,10000.0,0.004516384006569306,1.1715206287434338e-06,2.3607107931097015e-08,0.057433888228188214
rho,1,2,17,20,23,21.0,6.2962652107424715,12.0,36.0,10500.0,0.004106547806940472,1.2000987037014934e-06,2.072350167977528e-08,0.07116446691558258
rho,1,2,17,20,23,21.0,6.2962652107424715,12.0,36.0,11000.0,0.003724291113230346,1.2429753198807492e-06,1.7234120006190685e-08,0.08961387643646673
rho,1,2,17,20,23,21.0,6.2962652107424715,12.0,36.0,11500.0,0.0033712955366708374,1.2895940554132543e-06,1.3384079652570974e-08,0.11346433479213514
rho,1,2,17,20,23,21.0,6.2962652107424715,12.0,36.0,12000.0,0.0030510070620408665,1.3318389738155821e-06,9.409630890134047e-09,0.14307550708389588
rho,1,2,17,20,23,21.0,6.2962652107424715,15.0,40.0,0.0,0.0,0.0,0.0,
rho,1,2,17,20,23,21.0,6.2962652107424715,15.0,40.0,500.0,0.2137498755811078,1.3743157821273895e-06,2.5088193651833203e-08,3.0079789491043847e-05
rho,1,2,17,20,23,21.0,6.2962652107424715,15.0,40.0,1000.0,0.19558597198246508,1.6444415995790915e-06,4.439334241761006e-08,4.298758517366574e-05
rho,1,2,17,20,23,21.0,6.2962652107424715,15.0,40.0,1500.0,0.14459843213757528,1.6878242823648655e-06,4.373793388429563e-08,8.07235146840774e-05
rho,1,2,17,20,23,21.0,6.2962652107424715,15.0,40.0,2000.0,0.10229542831527734,1.5925259012811987e-06,3.782921236590468e-08,0.00015218577293164452
rho,1,2,17,20,23,21.0,6.2962652107424715,15.0,40.0,2500.0,0.07283719591840475,1.3682720463116792e-06,3.4337640419813726e-08,0.00025790871547477995
rho,1,2,17,20,23,21.0,6.2962652107424715,15.0,40.0,3000.0,0.05317912903555505,1.1335353281908455e-06,3.3346864777503146e-08,0.0004008229865390548
rho,1,2,17,20,23,21.0,6.2962652107424715,15.0,40.0,3500.0,0.0400098949330415,9.659468740309467e-07,3.344495545049516e-08,0.0006034182201997862
rho,1,2,17,20,23,21.0,6.2962652107424715,15.0,40.0,4000.0,0.0309637902166693,8.846180773440688e-07,3.371822491637402e-08,0.00092267250094364
rho,1,2,17,20,23,21.0,6.2962652107424715,15.0,40.0,4500.0,0.024543470827095442,8.697392938990937e-07,3.3717349962459416e-08,0.0014438335662506781
rho,1,2,17,20,23,21.0,6.2962652107424715,15.0,40.0,5000.0,0.019846294233422695,8.74924175628659e-07,3.3254478765576033e-08,0.0022213222434822083
rho,1,2,17,20,23,21.0,6.2962652107424715,15.0,40.0,5500.0,0.016333914162486588,8.610687286093919e-07,3.219870799147352e-08,0.003227433327363339
rho,1,2,17,20,23,21.0,6.2962652107424715,15.0,40.0,6000.0,0.01367566758066007,8.312227763304016e-07,3.0340005075850024e-08,0.004444473933194425
rho,1,2,17,20,23,21.0,6.2962652107424715,15.0,40.0,6500.0,0.01165324280706927,8.271889941151559e-07,2.7459243057331447e-08,0.006091316369827474
rho,1,2,17,20,23,21.0,6.2962652107424715,15.0,40.0,7000.0,0.010108746571512147,8.918802178488594e-07,2.3517613649438952e-08,0.008727943247015325
rho,1,2,17,20,23,21.0,6.2962652107424715,15.0,40.0,7500.0,0.008919770868096316,1.0355322170295362e-06,1.874799281797332e-08,0.013015360999224198
rho,1,2,17,20,23,21.0,6.2962652107424715,15.0,40.0,8000.0,0.00798858492410611,1.2314753899190807e-06,1.3573503040409447e-08,0.019296832380681965
rho,1,2,17,20,23,21.0,6.2962652107424715,15.0,40.0,8500.0,0.007237256931292411,1.435460847119576e-06,8.462809842841987e-09,0.02740585588611029
rho,1,2,17,20,23,21.0,6.2962652107424715,15.0,40.0,9000.0,0.006604842495440455,1.6078119744980453e-06,3.839733139468241e-09,0.03685618063648162
rho,1,2,17,20,23,21.0,6.2962652107424715,15.0,40.0,9500.0,0.006045483694236436,1.7248505005094234e-06,5.814084482917342e-11,0.04719427847192172
rho,1,2,17,20,23,21.0,6.2962652107424715,15.0,40.0,10000.0,0.0055271894445295166,1.7791372049860659e-06,-2.6105478869205664e-09,0.05823723417047133
rho,1,2,17,20,23,21.0,6.2962652107424715,15.0,40.0,10500.0,0.005030952710046144,1.7746062249098775e-06,-4.007553668040056e-09,0.0701134811498104
rho,1,2,17,20,23,21.0,6.2962652107424715,15.0,40.0,11000.0,0.004549585282281473,1.7218050680006953e-06,-4.119421299072933e-09,0.08318410746506522
rho,1,2,17,20,23,21.0,6.2962652107424715,15.0,40.0,11500.0,0.004085707059271178,1.6348975892189216e-06,-3.0835067256205745e-09,0.097939098800806
rho,1,2,17,20,23,21.0,6.2962652107424715,15.0,40.0,12000.0,0.0036487273018747306,1.5297297204626657e-06,-1.15530198992486e-09,0.11490313863867663
rho,1,2,17,20,23,21.0,6.2962652107424715,20.0,50.0,0.0,0.0,0.0,0.0,
rho,1,2,17,20,23,21.0,6.2962652107424715,20.0,50.0,500.0,0.22969961104295625,1.4719027233075277e-06,1.1074162818894925e-08,2.7897069811739445e-05
rho,1,2,17,20,23,21.0,6.2962652107424715,20.0,50.0,1000.0,0.21767374139143567,1.7973691987107858e-06,2.53814353658782e-08,3.793370049817778e-05
rho,1,2,17,20,23,21.0,6.2962652107424715,20.0,50.0,1500.0,0.16742596100710488,1.780541625409102e-06,2.8846078692613425e-08,6.351942092706332e-05
rho,1,2,17,20,23,21.0,6.2962652107424715,20.0,50.0,2000.0,0.1234086692564507,1.6838953725454221e-06,2.587820560283303e-08,0.00011056655163947833
rho,1,2,17,20,23,21.0,6.2962652107424715,20.0,50.0,2500.0,0.09131194474787192,1.4897214694834787e-06,2.330408161358473e-08,0.00017866928190254867
rho,1,2,17,20,23,21.0,6.2962652107424715,20.0,50.0,3000.0,0.06885725357454563,1.3187236850832763e-06,2.205846941424894e-08,0.0002781342124317467
rho,1,2,17,20,23,21.0,6.2962652107424715,20.0,50.0,3500.0,0.053089269357412566,1.2335063055949824e-06,2.0933457791914018e-08,0.00043765095162300564
rho,1,2,17,20,23,21.0,6.2962652107424715,20.0,50.0,4000.0,0.0417762260310093,1.2028625764114547e-06,1.959493959561695e-08,0.0006892195768163828
rho,1,2,17,20,23,21.0,6.2962652107424715,20.0,50.0,4500.0,0.03344294825822197,1.199315277454046e-06,1.8208145777587776e-08,0.0010723196196896158
rho,1,2,17,20,23,21.0,6.2962652107424715,20.0,50.0,5000.0,0.02715809980277907,1.218234585785678e-06,1.6910718421176037e-08,0.0016517037890355986
rho,1,2,17,20,23,21.0,6.2962652107424715,20.0,50.0,5500.0,0.022333921218874928,1.244148738989756e-06,1.5844988560850558e-08,0.0024942635718133515
rho,1,2,17,20,23,21.0,6.2962652107424715,20.0,50.0,6000.0,0.018584579326623354,1.2499315895106736e-06,1.5099581863130085e-08,0.003618934927505977
rho,1,2,17,20,23,21.0,6.2962652107424715,20.0,50.0,6500.0,0.015639609367087578,1.224462896095811e-06,1.4539923588961771e-08,0.005006034366816902
rho,1,2,17,20,23,21.0,6.2962652107424715,20.0,50.0,7000.0,0.0132977131136951,1.1843722059211849e-06,1.3829338154872076e-08,0.006697832596099631
rho,1,2,17,20,23,21.0,6.2962652107424715,20.0,50.0,7500.0,0.011404906347225685,1.1579093785665737e-06,1.2668873126958035e-08,0.008902072456601375
rho,1,2,17,20,23,21.0,6.2962652107424715,20.0,50.0,8000.0,0.009844065707001836,1.1621958035655552e-06,1.103127578726765e-08,0.011993067975904508
rho,1,2,17,20,23,21.0,6.2962652107424715,20.0,50.0,8500.0,0.008528006369406801,1.194577108043331e-06,9.189544071784562e-09,0.016425521079412253
rho,1,2,17,20,23,21.0,6.2962652107424715,20.0,50.0,9000.0,0.007393018022730383,1.2402736156307623e-06,7.534207055332576e-09,0.022692062716143078
rho,1,2,17,20,23,21.0,6.2962652107424715,20.0,50.0,9500.0,0.00639275305285619,1.2854387980081346e-06,6.341100923377048e-09,0.03145397573084163
rho,1,2,17,20,23,21.0,6.2962652107424715,20.0,50.0,10000.0,0.005493294059896662,1.3247169674231292e-06,5.663325530914618e-09,0.04389928061815073
rho,1,2,17,20,23,21.0,6.2962652107424715,20.0,50.0,10500.0,0.004669881429566932,1.3601394731206442e-06,5.392793677817167e-09,0.06236942455275605
rho,1,2,17,20,23,21.0,6.2962652107424715,20.0,50.0,11000.0,0.0039051026870013565,1.3953669967226743e-06,5.400349939333501e-09,0.09150051322460045
rho,1,2,17,20,23,21.0,6.2962652107424715,20.0,50.0,11500.0,0.0031879358592674543,1.431099769540665e-06,5.631612252874987e-09,0.1408155974148501
rho,1,2,17,20,23,21.0,6.2962652107424715,20.0,50.0,12000.0,0.002513036575996337,1.4645430816570458e-06,6.105045825211674e-09,0.23190202044890962
rho,1,2,17,20,23,21.0,6.2962652107424715,25.0,60.0,0.0,0.0,0.0,0.0,
rho,1,2,17,20,23,21.0,6.2962652107424715,25.0,60.0,500.0,0.23986489911315798,1.366046201737709e-06,6.076070955661732e-09,2.37428029821678e-05
rho,1,2,17,20,23,21.0,6.2962652107424715,25.0,60.0,1000.0,0.23094145198460939,1.5693367110704274e-06,1.9557459698827975e-08,2.942472076734538e-05
rho,1,2,17,20,23,21.0,6.2962652107424715,25.0,60.0,1500.0,0.18075328883975517,1.4171450088361174e-06,3.0384179553292565e-08,4.3375238454205834e-05
rho,1,2,17,20,23,21.0,6.2962652107424715,25.0,60.0,2000.0,0.13582401346591794,1.201278999552412e-06,3.530812360503817e-08,6.511645757822586e-05
rho,1,2,17,20,23,21.0,6.2962652107424715,25.0,60.0,2500.0,0.10254116277605872,9.58355761534318e-07,3.4894717405940085e-08,9.114446129650309e-05
rho,1,2,17,20,23,21.0,6.2962652107424715,25.0,60.0,3000.0,0.07895541898038261,7.596759841736366e-07,3.162636159274316e-08,0.00012186093673757291
rho,1,2,17,20,23,21.0,6.2962652107424715,25.0,60.0,3500.0,0.06230706989588461,6.984030836721089e-07,2.709163634180234e-08,0.00017990013604400696
rho,1,2,17,20,23,21.0,6.2962652107424715,25.0,60.0,4000.0,0.050430684317182305,8.133217183712036e-07,2.1650450332875038e-08,0.0003197957198656638
rho,1,2,17,20,23,21.0,6.2962652107424715,25.0,60.0,4500.0,0.04180737985053808,1.0485412715192633e-06,1.5652507236497766e-08,0.0005999010591483988
rho,1,2,17,20,23,21.0,6.2962652107424715,25.0,60.0,5000.0,0.0354016583424324,1.3028063533308361e-06,9.898054351177743e-09,0.0010395195344679365
rho,1,2,17,20,23,21.0,6.2962652107424715,25.0,60.0,5500.0,0.030514719042080966,1.4990880427541115e-06,5.250436660407057e-09,0.001609935173387677
rho,1,2,17,20,23,21.0,6.2962652107424715,25.0,60.0,6000.0,0.02668081175530455,1.6095051980541474e-06,2.2181900769755606e-09,0.002260967429748378
rho,1,2,17,20,23,21.0,6.2962652107424715,25.0,60.0,6500.0,0.023594208792987327,1.6421536165488437e-06,8.783152750997497e-10,0.0029498704572508646
rho,1,2,17,20,23,21.0,6.2962652107424715,25.0,60.0,7000.0,0.02105468127983412,1.6214655760337328e-06,9.980309815643257e-10,0.0036577194343311707
rho,1,2,17,20,23,21.0,6.2962652107424715,25.0,60.0,7500.0,0.018926706841084752,1.574840778813918e-06,2.1664042715218007e-09,0.004396292109711304
rho,1,2,17,20,23,21.0,6.2962652107424715,25.0,60.0,8000.0,0.017111912978391375,1.5239786098439588e-06,3.907038303246778e-09,0.005204532746470382
rho,1,2,17,20,23,21.0,6.2962652107424715,25.0,60.0,8500.0,0.015533995090540969,1.4802471176814187e-06,5.790800269607026e-09,0.006134340757038413
rho,1,2,17,20,23,21.0,6.2962652107424715,25.0,60.0,9000.0,0.014133056696758605,1.4453064649455108e-06,7.517576678560806e-09,0.007235819803574428
rho,1,2,17,20,23,21.0,6.2962652107424715,25.0,60.0,9500.0,0.012864801812289882,1.415584986665618e-06,8.924489649645807e-09,0.008553222067192152
rho,1,2,17,20,23,21.0,6.2962652107424715,25.0,60.0,10000.0,0.011700400315089076,1.3870685800890685e-06,9.928651483112278e-09,0.010132030593576712
rho,1,2,17,20,23,21.0,6.2962652107424715,25.0,60.0,10500.0,0.010624641599371135,1.3581669011762742e-06,1.0458700608493032e-08,0.012031632677257762
rho,1,2,17,20,23,21.0,6.2962652107424715,25.0,60.0,11000.0,0.009632031261614478,1.3307601453016132e-06,1.042645004806454e-08,0.014343793320898399
rho,1,2,17,20,23,21.0,6.2962652107424715,25.0,60.0,11500.0,0.008721859045722343,1.3101854273591845e-06,9.750866031199988e-09,0.01722323142522654
rho,1,2,17,20,23,21.0,6.2962652107424715,25.0,60.0,12000.0,0.007893674357298375,1.304272370760447e-06,8.407666602650275e-09,0.020931959319118194
rho,1,2,17,20,23,21.0,6.2962652107424715,30.0,80.0,0.0,0.0,0.0,0.0,
rho,1,2,17,20,23,21.0,6.2962652107424715,30.0,80.0,500.0,0.25117064849796233,9.159348767370969e-07,8.405502387169404e-09,1.4518669611293718e-05
rho,1,2,17,20,23,21.0,6.2962652107424715,30.0,80.0,1000.0,0.24393520509530375,1.420904432251628e-06,1.1258242423929675e-08,2.387898722636627e-05
rho,1,2,17,20,23,21.0,6.2962652107424715,30.0,80.0,1500.0,0.19156957853687992,1.782938618192829e-06,1.1082062193802676e-08,4.8582885372602486e-05
rho,1,2,17,20,23,21.0,6.2962652107424715,30.0,80.0,2000.0,0.14436303499807723,1.79415591211688e-06,1.3095502153253099e-08,8.608910104861699e-05
rho,1,2,17,20,23,21.0,6.2962652107424715,30.0,80.0,2500.0,0.10971221478298596,1.5742996430033576e-06,1.6531964127627993e-08,0.00013079087109826843
rho,1,2,17,20,23,21.0,6.2962652107424715,30.0,80.0,3000.0,0.08552439323503665,1.352899822803148e-06,1.951939580385575e-08,0.00018496333035286956
rho,1,2,17,20,23,21.0,6.2962652107424715,30.0,80.0,3500.0,0.06872180177621985,1.2414232836214767e-06,2.069840747722708e-08,0.00026286381802061664
rho,1,2,17,20,23,21.0,6.2962652107424715,30.0,80.0,4000.0,0.056919165856952086,1.2439497608271386e-06,1.984786193976399e-08,0.00038395982678327727
rho,1,2,17,20,23,21.0,6.2962652107424715,30.0,80.0,4500.0,0.04846475351686055,1.3190184428943012e-06,1.7764369294898026e-08,0.0005615634730968136
rho,1,2,17,20,23,21.0,6.2962652107424715,30.0,80.0,5000.0,0.04223243242517988,1.4197112518643113e-06,1.542901561293996e-08,0.0007959904049186172
rho,1,2,17,20,23,21.0,6.2962652107424715,30.0,80.0,5500.0,0.037458976314267034,1.5102513893519423e-06,1.343320199885863e-08,0.0010763101466126066
rho,1,2,17,20,23,21.0,6.2962652107424715,30.0,80.0,6000.0,0.03364195213878801,1.5707602076885417e-06,1.1977066232189265e-08,0.0013878659261938413
rho,1,2,17,20,23,21.0,6.2962652107424715,30.0,80.0,6500.0,0.030469001710769356,1.5965778840634467e-06,1.1078969598366407e-08,0.001719783027969877
rho,1,2,17,20,23,21.0,6.2962652107424715,30.0,80.0,7000.0,0.027759978870326277,1.5934191194444446e-06,1.0711098277372237e-08,0.0020677201573469483
rho,1,2,17,20,23,21.0,6.2962652107424715,30.0,80.0,7500.0,0.025417374324807004,1.5707600734484546e-06,1.0843213783960773e-08,0.0024313556123532346
rho,1,2,17,20,23,21.0,6.2962652107424715,30.0,80.0,8000.0,0.0233869298233633,1.5376885065014375e-06,1.1448537617876108e-08,0.002811395486555653
rho,1,2,17,20,23,21.0,6.2962652107424715,30.0,80.0,8500.0,0.02163063070060507,1.5025625864183187e-06,1.2489679707132633e-08,0.0032113985387321495
rho,1,2,17,20,23,21.0,6.2962652107424715,30.0,80.0,9000.0,0.020111931122194296,1.4737505660207045e-06,1.3889039457988073e-08,0.00364348041088925
rho,1,2,17,20,23,21.0,6.2962652107424715,30.0,80.0,9500.0,0.01879075933966883,1.4585343500385065e-06,1.5504470722235466e-08,0.004130741338144785
rho,1,2,17,20,23,21.0,6.2962652107424715,30.0,80.0,10000.0,0.017624732397843585,1.4605007810140762e-06,1.713167301322382e-08,0.004701719653976683
rho,1,2,17,20,23,21.0,6.2962652107424715,30.0,80.0,10500.0,0.01657312830827264,1.4779178334396993e-06,1.8537231652095633e-08,0.005380731291126986
rho,1,2,17,20,23,21.0,6.2962652107424715,30.0,80.0,11000.0,0.015601040854515481,1.5046796110256221e-06,1.9508473090204847e-08,0.006182112271238115
rho,1,2,17,20,23,21.0,6.2962652107424715,30.0,80.0,11500.0,0.014682238442488588,1.5330933509691075e-06,1.9901413251127766e-08,0.007111874012533956
rho,1,2,17,20,23,21.0,6.2962652107424715,30.0,80.0,12000.0,0.013800197162103543,1.55660562011192e-06,1.967248685155397e-08,0.008173498961756622
rho,2,0,9,18,27,19.0,6.2962652107424715,5.0,15.0,0.0,0.0,0.0,0.0,
rho,2,0,9,18,27,19.0,6.2962652107424715,5.0,15.0,500.0,0.12987162668460528,3.274515011698673e-07,2.828609927581678e-08,1.94141519872732e-05
rho,2,0,9,18,27,19.0,6.2962652107424715,5.0,15.0,1000.0,0.09721025001960537,3.695450006565229e-07,2.9608492288729783e-08,3.91059833587836e-05
rho,2,0,9,18,27,19.0,6.2962652107424715,5.0,15.0,1500.0,0.05710434062580302,3.3543824525004474e-07,2.3332332301616978e-08,0.00010286658806686446
rho,2,0,9,18,27,19.0,6.2962652107424715,5.0,15.0,2000.0,0.03153494740928942,2.8679648883043827e-07,2.0517994658963708e-08,0.0002883962493271536
rho,2,0,9,18,27,19.0,6.2962652107424715,5.0,15.0,2500.0,0.017526434525264974,2.7053995792940535e-07,1.723743966588915e-08,0.0008807329989623496
rho,2,0,9,18,27,19.0,6.2962652107424715,5.0,15.0,3000.0,0.01022621465218044,2.8193678468107005e-07,1.3135638190218065e-08,0.0026960126993634407
rho,2,0,9,18,27,19.0,6.2962652107424715,5.0,15.0,3500.0,0.006438852475494793,2.963445196510941e-07,9.651648916040238e-09,0.00714792439980471
rho,2,0,9,18,27,19.0,6.2962652107424715,5.0,15.0,4000.0,0.004406810227512311,3.0330918791482877e-07,7.763165358405969e-09,0.015618411781735331
rho,2,0,9,18,27,19.0,6.2962652107424715,5.0,15.0,4500.0,0.0032297846191152186,3.0393934717137136e-07,7.762010872791545e-09,0.029136662425731197
rho,2,0,9,18,27,19.0,6.2962652107424715,5.0,15.0,5000.0,0.0024673676632274645,3.0530568197959035e-07,8.97977594211991e-09,0.050149562612087036
rho,2,0,9,18,27,19.0,6.2962652107424715,5.0,15.0,5500.0,0.0019143340449284808,3.1630824335801175e-07,1.0115276993678296e-08,0.08631277195119011
rho,2,0,9,18,27,19.0,6.2962652107424715,5.0,15.0,6000.0,0.0014791599026427779,3.3973545941741756e-07,1.02402712554422e-08,0.1552782498245655
rho,2,0,9,18,27,19.0,6.2962652107424715,5.0,15.0,6500.0,0.0011206044656601488,3.6923792743287665e-07,9.34544319732167e-09,0.294036745328179
rho,2,0,9,18,27,19.0,6.2962652107424715,5.0,15.0,7000.0,0.0008179392234068855,3.956720345990292e-07,7.97934443875745e-09,0.5914162953894414
rho,2,0,9,18,27,19.0,6.2962652107424715,5.0,15.0,7500.0,0.0005594447071041996,4.1462329356196647e-07,6.6310685952810276e-09,1.32476656424444
rho,2,0,9,18,27,19.0,6.2962652107424715,5.0,15.0,8000.0,0.0003383957929135405,4.2730178877040256e-07,5.494896617105189e-09,3.731511640500973
rho,2,0,9,18,27,19.0,6.2962652107424715,5.0,15.0,8500.0,0.00015047043489648185,4.363068103781349e-07,4.602075531851511e-09,19.270351640545975
rho,2,0,9,18,27,19.0,6.2962652107424715,5.0,15.0,9000.0,-8.990309054938603e-06,4.422478287511536e-07,3.987595070467817e-09,5471.626779108019
rho,2,0,9,18,27,19.0,6.2962652107424715,5.0,15.0,9500.0,-0.00014691490714526643,4.4395586383508167e-07,3.7169544485977703e-09,20.568757909835373
rho,2,0,9,18,27,19.0,6.2962652107424715,5.0,15.0,10000.0,-0.00027253003654865255,4.405226153152711e-07,3.820874806082644e-09,5.931157544254475
rho,2,0,9,18,27,19.0,6.2962652107424715,5.0,15.0,10500.0,-0.00039554997727180285,4.3257657194011247e-07,4.235912724997033e-09,2.764778011601957
rho,2,0,9,18,27,19.0,6.2962652107424715,5.0,15.0,11000.0,-0.0005236433586212245,4.2207948741465145e-07,4.792842262053638e-09,1.5392992117072863
rho,2,0,9,18,27,19.0,6.2962652107424715,5.0,15.0,11500.0,-0.0006604922323373351,4.1142586176915387e-07,5.251141017053645e-09,0.9430965551037374
rho,2,0,9,18,27,19.0,6.2962652107424715,5.0,15.0,12000.0,-0.0008051995692558237,4.0265181998398325e-07,5.366630062508315e-09,0.6210443264828474
rho,2,0,9,18,27,19.0,6.2962652107424715,7.0,25.0,0.0,0.0,0.0,0.0,
rho,2,0,9,18,27,19.0,6.2962652107424715,7.0,25.0,500.0,0.17368799170221674,5.749397934580441e-07,3.584475704153627e-08,1.9058239549628404e-05
rho,2,0,9,18,27,19.0,6.2962652107424715,7.0,25.0,1000.0,0.14484563779400048,6.396690201198531e-07,5.624391245991104e-08,3.0489091034817114e-05
rho,2,0,9,18,27,19.0,6.2962652107424715,7.0,25.0,1500.0,0.09565877450827356,5.295816666213396e-07,5.1970930511859323e-08,5.7873975544819656e-05
rho,2,0,9,18,27,19.0,6.2962652107424715,7.0,25.0,2000.0,0.05949103711758239,4.4238963689999536e-07,4.3021708434714136e-08,0.0001249976547512423
rho,2,0,9,18,27,19.0,6.2962652107424715,7.0,25.0,2500.0,0.03685918699388343,4.0446288935831686e-07,3.393523879864163e-08,0.00029770571826635004
rho,2,0,9,18,27,19.0,6.2962652107424715,7.0,25.0,3000.0,0.023349195246998456,3.9591459571002685e-07,2.5071206060614564e-08,0.0007262023987509247
rho,2,0,9,18,27,19.0,6.2962652107424715,7.0,25.0,3500.0,0.01532513048613599,3.867585912381085e-07,1.7790903560105836e-08,0.0016467649226554646
rho,2,0,9,18,27,19.0,6.2962652107424715,7.0,25.0,4000.0,0.0104994495635904,3.686830115986853e-07,1.255187656838194e-08,0.003344414233288094
rho,2,0,9,18,27,19.0,6.2962652107424715,7.0,25.0,4500.0,0.007550830039052394,3.511918980409546e-07,8.735946072971528e-09,0.0061596367078292896
rho,2,0,9,18,27,19.0,6.2962652107424715,7.0,25.0,5000.0,0.005726140715398046,3.4233608651907505e-07,6.101156115329761e-09,0.01044067673025858
rho,2,0,9,18,27,19.0,6.2962652107424715,7.0,25.0,5500.0,0.004581995567002588,3.43058701011641e-07,4.8272413823855545e-09,0.01634026552661874
rho,2,0,9,18,27,19.0,6.2962652107424715,7.0,25.0,6000.0,0.0038448274440591582,3.5188156100540475e-07,4.6917064579641634e-09,0.023803608734338087
rho,2,0,9,18,27,19.0,6.2962652107424715,7.0,25.0,6500.0,0.003341447815887965,3.68281597687217e-07,4.91787623196207e-09,0.03298455675799911
rho,2,0,9,18,27,19.0,6.2962652107424715,7.0,25.0,7000.0,0.0029634411902360385,3.9207392665319675e-07,4.727797415851945e-09,0.0446452579033475
rho,2,0,9,18,27,19.0,6.2962652107424715,7.0,25.0,7500.0,0.0026458222586526426,4.21580459627213e-07,3.840303412439062e-09,0.06022255008765395
rho,2,0,9,18,27,19.0,6.2962652107424715,7.0,25.0,8000.0,0.00235232097101524,4.529104466757642e-07,2.52377233058252e-09,0.08185009303709567
rho,2,0,9,18,27,19.0,6.2962652107424715,7.0,25.0,8500.0,0.002065059996807804,4.808110714273023e-07,1.3213280219638691e-09,0.11274806876664731
rho,2,0,9,18,27,19.0,6.2962652107424715,7.0,25.0,9000.0,0.0017777073978648597,5.003946617608158e-07,7.146777391521451e-10,0.1583405351918095
rho,2,0,9,18,27,19.0,6.2962652107424715,7.0,25.0,9500.0,0.001491112365187906,5.086896972122889e-07,9.067532485552292e-10,0.2287874503126543
rho,2,0,9,18,27,19.0,6.2962652107424715,7.0,25.0,10000.0,0.0012104007756867808,5.052452919168155e-07,1.7815515018805961e-09,0.3448608454796581
rho,2,0,9,18,27,19.0,6.2962652107424715,7.0,25.0,10500.0,0.0009428044500628058,4.916862084548662e-07,3.0090175896013393e-09,0.553152372248738
rho,2,0,9,18,27,19.0,6.2962652107424715,7.0,25.0,11000.0,0.0006959013832161778,4.706700089054309e-07,4.212196194017793e-09,0.9718989803419699
rho,2,0,9,18,27,19.0,6.2962652107424715,7.0,25.0,11500.0,0.00047622615226509653,4.448432053273662e-07,5.109780811376647e-09,1.9614646195798833
rho,2,0,9,18,27,19.0,6.2962652107424715,7.0,25.0,12000.0,0.0002883081854080411,4.1621810242485203e-07,5.583036225860869e-09,5.007339289507613
rho,2,0,9,18,27,19.0,6.2962652107424715,10.0,30.0,0.0,0.0,0.0,0.0,
rho,2,0,9,18,27,19.0,6.2962652107424715,10.0,30.0,500.0,0.19390564058777,5.799342981208133e-07,3.261169123325872e-08,1.542403169798053e-05
rho,2,0,9,18,27,19.0,6.2962652107424715,10.0,30.0,1000.0,0.169396858507105,7.264434039051523e-07,5.70435567021504e-08,2.531576646593211e-05
rho,2,0,9,18,27,19.0,6.2962652107424715,10.0,30.0,1500.0,0.11798822488477184,7.723998506489679e-07,4.902602801135758e-08,5.548362739995495e-05
rho,2,0,9,18,27,19.0,6.2962652107424715,10.0,30.0,2000.0,0.07774543366343128,8.137337467446039e-07,2.7837625977162924e-08,0.00013462711725259106
rho,2,0,9,18,27,19.0,6.2962652107424715,10.0,30.0,2500.0,0.05109517555157914,7.884540526572257e-07,8.733829690895487e-09,0.00030200671437546173
rho,2,0,9,18,27,19.0,6.2962652107424715,10.0,30.0,3000.0,0.034258674265811376,6.939491214022651e-07,-2.201453533633656e-09,0.0005912709265638105
rho,2,0,9,18,27,19.0,6.2962652107424715,10.0,30.0,3500.0,0.02372094320855069,5.788095444684633e-07,-5.665485086284403e-09,0.001028659820113077
rho,2,0,9,18,27,19.0,6.2962652107424715,10.0,30.0,4000.0,0.01710554885376672,4.784401919479511e-07,-4.542801149040547e-09,0.0016351350525542934
rho,2,0,9,18,27,19.0,6.2962652107424715,10.0,30.0,4500.0,0.012918313567538855,4.0116596694604307e-07,-1.461097229245699e-09,0.002403878085801568
rho,2,0,9,18,27,19.0,6.2962652107424715,10.0,30.0,5000.0,0.01022161919515836,3.4430240660041345e-07,1.669996711415078e-09,0.0032953432903612837
rho,2,0,9,18,27,19.0,6.2962652107424715,10.0,30.0,5500.0,0.00842232104397351,3.058929715771363e-07,3.7214343205927922e-09,0.004312269696791868
rho,2,0,9,18,27,19.0,6.2962652107424715,10.0,30.0,6000.0,0.007151422305248748,2.863273699496978e-07,4.360943677989949e-09,0.005598581627814314
rho,2,0,9,18,27,19.0,6.2962652107424715,10.0,30.0,6500.0,0.006190755535622773,2.861035184944329e-07,3.783551455602346e-09,0.007465104463841622
rho,2,0,9,18,27,19.0,6.2962652107424715,10.0,30.0,7000.0,0.005420446343355228,3.048719532063234e-07,2.274534657309073e-09,0.010376415976180131
rho,2,0,9,18,27,19.0,6.2962652107424715,10.0,30.0,7500.0,0.004778592745297301,3.4176509118690015e-07,-2.6017089588470305e-11,0.014966755423597707
rho,2,0,9,18,27,19.0,6.2962652107424715,10.0,30.0,8000.0,0.004232391927140119,3.9461547215763983e-07,-3.019074785550002e-09,0.022029384059272194
rho,2,0,9,18,27,19.0,6.2962652107424715,10.0,30.0,8500.0,0.0037605865541604105,4.581422103690067e-07,-6.4178915497654944e-09,0.032395831319521104
rho,2,0,9,18,27,19.0,6.2962652107424715,10.0,30.0,9000.0,0.003345304637969483,5.237373242164213e-07,-9.689842870151653e-09,0.04679960416290095
rho,2,0,9,18,27,19.0,6.2962652107424715,10.0,30.0,9500.0,0.0029700739691759064,5.822110866261244e-07,-1.225169549416002e-08,0.06600030464640012
rho,2,0,9,18,27,19.0,6.2962652107424715,10.0,30.0,10000.0,0.002620790160503384,6.277005966111455e-07,-1.3754450480594354e-08,0.09138776206405058
rho,2,0,9,18,27,19.0,6.2962652107424715,10.0,30.0,10500.0,0.0022872911517360884,6.597526139164415e-07,-1.423586115681711e-08,0.126106717016575
rho,2,0,9,18,27,19.0,6.2962652107424715,10.0,30.0,11000.0,0.00196427973989969,6.822512641979504e-07,-1.4049644182629112e-08,0.17682256028345206
rho,2,0,9,18,27,19.0,6.2962652107424715,10.0,30.0,11500.0,0.0016512101245071183,7.003088266680777e-07,-1.3647293802811882e-08,0.25685316081787646
rho,2,0,9,18,27,19.0,6.2962652107424715,10.0,30.0,12000.0,0.0013512825206594059,7.173240491215586e-07,-1.3360088388456109e-08,0.3928466673435395
rho,2,0,9,18,27,19.0,6.2962652107424715,12.0,36.0,0.0,0.0,0.0,0.0,
rho,2,0,9,18,27,19.0,6.2962652107424715,12.0,36.0,500.0,0.2099692105710614,5.174919803949538e-07,2.8234152147309196e-08,1.173795372612699e-05
rho,2,0,9,18,27,19.0,6.2962652107424715,12.0,36.0,1000.0,0.19012156163973806,6.767972147361676e-07,5.4152928593038265e-08,1.8723878615017157e-05
rho,2,0,9,18,27,19.0,6.2962652107424715,12.0,36.0,1500.0,0.13814435742481979,7.245480838604449e-07,5.264622075674109e-08,3.796653043048815e-05
rho,2,0,9,18,27,19.0,6.2962652107424715,12.0,36.0,2000.0,0.0954563126146339,7.21908926841697e-07,4.0655893181217576e-08,7.922698046422033e-05
rho,2,0,9,18,27,19.0,6.2962652107424715,12.0,36.0,2500.0,0.06599191394908016,6.745518297543994e-07,2.8017479139403292e-08,0.00015489374352957815
rho,2,0,9,18,27,19.0,6.2962652107424715,12.0,36.0,3000.0,0.04654977815780754,6.059047549167777e-07,1.7594146659641746e-08,0.0002796205782442446
rho,2,0,9,18,27,19.0,6.2962652107424715,12.0,36.0,3500.0,0.03378206659463701,5.497513022710685e-07,9.090321672756688e-09,0.0004817190701566027
rho,2,0,9,18,27,19.0,6.2962652107424715,12.0,36.0,4000.0,0.02532390440336068,5.229614305412644e-07,2.060971855411228e-09,0.0008154706394514137
rho,2,0,9,18,27,19.0,6.2962652107424715,12.0,36.0,4500.0,0.01964828149068084,5.166147098070759e-07,-3.1048084666358417e-09,0.0013381895220242182
rho,2,0,9,18,27,19.0,6.2962652107424715,12.0,36.0,5000.0,0.015777936915831098,5.12492463353663e-07,-5.98230181124184e-09,0.002058671501123751
rho,2,0,9,18,27,19.0,6.2962652107424715,12.0,36.0,5500.0,0.01307733182392738,4.998604493468247e-07,-6.817386930310894e-09,0.002922876650782461
rho,2,0,9,18,27,19.0,6.2962652107424715,12.0,36.0,6000.0,0.011128230733678827,4.780384781955259e-07,-6.342702353358721e-09,0.0038602071572846567
rho,2,0,9,18,27,19.0,6.2962652107424715,12.0,36.0,6500.0,0.009657057357223369,4.5098804669897254e-07,-5.2680241082159795e-09,0.0048358788190019895
rho,2,0,9,18,27,19.0,6.2962652107424715,12.0,36.0,7000.0,0.008489593478684932,4.231107418372189e-07,-4.003764426479434e-09,0.005870569877638791
rho,2,0,9,18,27,19.0,6.2962652107424715,12.0,36.0,7500.0,0.007519956909798346,3.979672293568826e-07,-2.655558407191483e-09,0.007037470825391369
rho,2,0,9,18,27,19.0,6.2962652107424715,12.0,36.0,8000.0,0.006687954905404683,3.7778841102235887e-07,-1.1445872572445256e-09,0.008446211633149368
rho,2,0,9,18,27,19.0,6.2962652107424715,12.0,36.0,8500.0,0.005962230478062373,3.6302028652858817e-07,6.346640312485275e-10,0.01021206039776153
rho,2,0,9,18,27,19.0,6.2962652107424715,12.0,36.0,9000.0,0.005327890676684186,3.5259246153999927e-07,2.682732145221251e-09,0.012421167346300832
rho,2,0,9,18,27,19.0,6.2962652107424715,12.0,36.0,9500.0,0.004777779053996148,3.4496580912855016e-07,4.856788962757573e-09,0.015112069016665385
rho,2,0,9,18,27,19.0,6.2962652107424715,12.0,36.0,10000.0,0.004306774280726537,3.390305337366091e-07,6.9401208653994975e-09,0.018278249097497624
rho,2,0,9,18,27,19.0,6.2962652107424715,12.0,36.0,10500.0,0.003908604332707111,3.341611214250624e-07,8.755748711169443e-09,0.0218732089407432
rho,2,0,9,18,27,19.0,6.2962652107424715,12.0,36.0,11000.0,0.0035746779491481486,3.297122757921076e-07,1.0236300094485128e-08,0.025802469560226263
rho,2,0,9,18,27,19.0,6.2962652107424715,12.0,36.0,11500.0,0.0032943821035334555,3.2471835489505593e-07,1.140962684332059e-08,0.029919814598682898
rho,2,0,9,18,27,19.0,6.2962652107424715,12.0,36.0,12000.0,0.0030562396683205297,3.1819363862555435e-07,1.2326548222974933e-08,0.034065649703279834
rho,2,0,9,18,27,19.0,6.2962652107424715,15.0,40.0,0.0,0.0,0.0,0.0,
rho,2,0,9,18,27,19.0,6.2962652107424715,15.0,40.0,500.0,0.22066011572447022,4.440510932315628e-07,2.7669517533800108e-08,9.11979886969574e-06
rho,2,0,9,18,27,19.0,6.2962652107424715,15.0,40.0,1000.0,0.20435018128133114,6.305865954343497e-07,5.2633215158008164e-08,1.5100616560065796e-05
rho,2,0,9,18,27,19.0,6.2962652107424715,15.0,40.0,1500.0,0.15255716238754843,6.822223164245965e-07,5.260630618777447e-08,2.9313030337609234e-05
rho,2,0,9,18,27,19.0,6.2962652107424715,15.0,40.0,2000.0,0.10864320229244719,6.410049703192582e-07,4.307971906542738e-08,5.430705858040973e-05
rho,2,0,9,18,27,19.0,6.2962652107424715,15.0,40.0,2500.0,0.07750204123940688,5.630294375924941e-07,3.2702792508529615e-08,9.373565535572624e-05
rho,2,0,9,18,27,19.0,6.2962652107424715,15.0,40.0,3000.0,0.05637712494985648,5.065096454747594e-07,2.3648784308902407e-08,0.00015936093569552743
rho,2,0,9,18,27,19.0,6.2962652107424715,15.0,40.0,3500.0,0.04208240112282226,4.841527909604203e-07,1.6473619550906527e-08,0.0002733892391832813
rho,2,0,9,18,27,19.0,6.2962652107424715,15.0,40.0,4000.0,0.03227946160727796,4.774254713864285e-07,1.1521814997836312e-08,0.00045819782216947213
rho,2,0,9,18,27,19.0,6.2962652107424715,15.0,40.0,4500.0,0.02542444785623274,4.663816274738381e-07,8.9275569430571e-09,0.0007215033856901655
rho,2,0,9,18,27,19.0,6.2962652107424715,15.0,40.0,5000.0,0.02052361868587402,4.4307492728975884e-07,8.423102227140284e-09,0.0010518875152164655
rho,2,0,9,18,27,19.0,6.2962652107424715,15.0,40.0,5500.0,0.016936179361238517,4.103226635611614e-07,9.314417789619819e-09,0.0014305222478246363
rho,2,0,9,18,27,19.0,6.2962652107424715,15.0,40.0,6000.0,0.014245515164085282,3.7452757081700376e-07,1.077176835487303e-08,0.001845557051555693
rho,2,0,9,18,27,19.0,6.2962652107424715,15.0,40.0,6500.0,0.012179276784015591,3.3970174628889577e-07,1.2183247120946428e-08,0.002290101751326212
rho,2,0,9,18,27,19.0,6.2962652107424715,15.0,40.0,7000.0,0.01055923601919786,3.070586570663885e-07,1.3228115276736644e-08,0.0027539519056785
rho,2,0,9,18,27,19.0,6.2962652107424715,15.0,40.0,7500.0,0.009268509905626233,2.785091101332891e-07,1.3709866431561662e-08,0.003242048958116533
rho,2,0,9,18,27,19.0,6.2962652107424715,15.0,40.0,8000.0,0.008229155981115193,2.5873772896670405e-07,1.3446917209023468e-08,0.0038207548514231134
rho,2,0,9,18,27,19.0,6.2962652107424715,15.0,40.0,8500.0,0.0073865680492287665,2.532333847713994e-07,1.2351511734752306e-08,0.00464125631992817
rho,2,0,9,18,27,19.0,6.2962652107424715,15.0,40.0,9000.0,0.006698991789607053,2.6445797290693695e-07,1.0556754655347323e-08,0.005893018082080072
rho,2,0,9,18,27,19.0,6.2962652107424715,15.0,40.0,9500.0,0.006131274287256553,2.898508373850697e-07,8.414080529200391e-09,0.007710331831195245
rho,2,0,9,18,27,19.0,6.2962652107424715,15.0,40.0,10000.0,0.005652063395510421,3.2316483288006797e-07,6.342477879789934e-09,0.010116028530137757
rho,2,0,9,18,27,19.0,6.2962652107424715,15.0,40.0,10500.0,0.005233477860970116,3.5777642617197746e-07,4.645864345459366e-09,0.013062639424493639
rho,2,0,9,18,27,19.0,6.2962652107424715,15.0,40.0,11000.0,0.004852105685584577,3.8953981921454435e-07,3.4167910301645283e-09,0.01654593655489331
rho,2,0,9,18,27,19.0,6.2962652107424715,15.0,40.0,11500.0,0.004490240477544339,4.17613102933333e-07,2.561995928698015e-09,0.020712614177834283
rho,2,0,9,18,27,19.0,6.2962652107424715,15.0,40.0,12000.0,0.004136553870257428,4.4326962207594204e-07,1.9075603282039005e-09,0.02590541777136642
rho,2,0,9,18,27,19.0,6.2962652107424715,20.0,50.0,0.0,0.0,0.0,0.0,
rho,2,0,9,18,27,19.0,6.2962652107424715,20.0,50.0,500.0,0.23851514335629442,4.188833828707248e-07,2.3119976865187252e-08,7.363108784242268e-06
rho,2,0,9,18,27,19.0,6.2962652107424715,20.0,50.0,1000.0,0.22835415567231113,6.553948066976739e-07,4.1112855605221845e-08,1.256854941046246e-05
rho,2,0,9,18,27,19.0,6.2962652107424715,20.0,50.0,1500.0,0.177039637166461,7.226418140333634e-07,4.2657634092123614e-08,2.3055899251405147e-05
rho,2,0,9,18,27,19.0,6.2962652107424715,20.0,50.0,2000.0,0.1313865336981012,6.826859400736134e-07,3.752947579476808e-08,3.9547519475562067e-05
rho,2,0,9,18,27,19.0,6.2962652107424715,20.0,50.0,2500.0,0.09783692830112292,5.973059474463571e-07,3.166757426942039e-08,6.240095279213985e-05
rho,2,0,9,18,27,19.0,6.2962652107424715,20.0,50.0,3000.0,0.07426781651496818,5.208776431840015e-07,2.660068284900297e-08,9.443530900570268e-05
rho,2,0,9,18,27,19.0,6.2962652107424715,20.0,50.0,3500.0,0.05772297603073247,4.732729997234951e-07,2.1900457970103305e-08,0.0001420411895354558
rho,2,0,9,18,27,19.0,6.2962652107424715,20.0,50.0,4000.0,0.045915054681085685,4.4829762553745805e-07,1.7271712564122972e-08,0.00021264551480538858
rho,2,0,9,18,27,19.0,6.2962652107424715,20.0,50.0,4500.0,0.03728138584682627,4.3252957031232016e-07,1.3141365223407197e-08,0.0003111943533640693
rho,2,0,9,18,27,19.0,6.2962652107424715,20.0,50.0,5000.0,0.030796422224920714,4.144300531498714e-07,1.0226691350350031e-08,0.00043696908372586776
rho,2,0,9,18,27,19.0,6.2962652107424715,20.0,50.0,5500.0,0.02579861614571834,3.861051566785144e-07,8.963751114829709e-09,0.0005801132438628981
rho,2,0,9,18,27,19.0,6.2962652107424715,20.0,50.0,6000.0,0.02186393370890988,3.460743431872753e-07,9.224985477240814e-09,0.0007239570463424796
rho,2,0,9,18,27,19.0,6.2962652107424715,20.0,50.0,6500.0,0.018717710606384906,3.019122290814219e-07,1.0343459606290468e-08,0.0008617380068771892
rho,2,0,9,18,27,19.0,6.2962652107424715,20.0,50.0,7000.0,0.016175355922491804,2.6749105198446597e-07,1.1365254455618137e-08,0.0010223546282820792
rho,2,0,9,18,27,19.0,6.2962652107424715,20.0,50.0,7500.0,0.01410502335368786,2.556392685739915e-07,1.1410329597875175e-08,0.0012849314149087354
rho,2,0,9,18,27,19.0,6.2962652107424715,20.0,50.0,8000.0,0.012406398747439788,2.7193914800481657e-07,9.974943042879013e-09,0.0017667709980194672
rho,2,0,9,18,27,19.0,6.2962652107424715,20.0,50.0,8500.0,0.01100014640904133,3.134160061075635e-07,7.056551980201467e-09,0.0025901459768155046
rho,2,0,9,18,27,19.0,6.2962652107424715,20.0,50.0,9000.0,0.00982330804059683,3.7132311204335483e-07,3.0935609603820536e-09,0.0038480123370428906
rho,2,0,9,18,27,19.0,6.2962652107424715,20.0,50.0,9500.0,0.008827186258845517,4.3503901960926577e-07,-1.2127056311448753e-09,0.005583205722186228
rho,2,0,9,18,27,19.0,6.2962652107424715,20.0,50.0,10000.0,0.007975643443597831,4.948872865496338e-07,-5.11577011612523e-09,0.007779914720088349
rho,2,0,9,18,27,19.0,6.2962652107424715,20.0,50.0,10500.0,0.007242954350174431,5.434657966684272e-07,-8.020355719090838e-09,0.01035954594126251
rho,2,0,9,18,27,19.0,6.2962652107424715,20.0,50.0,11000.0,0.00661117435396054,5.761107538362005e-07,-9.612522860651023e-09,0.013181012150485633
rho,2,0,9,18,27,19.0,6.2962652107424715,20.0,50.0,11500.0,0.0060673977395682985,5.910796833100573e-07,-9.896321215310774e-09,0.016056138329558992
rho,2,0,9,18,27,19.0,6.2962652107424715,20.0,50.0,12000.0,0.005601361643138598,5.895293991601938e-07,-9.136539617436089e-09,0.01878963057657811
rho,2,0,9,18,27,19.0,6.2962652107424715,25.0,60.0,0.0,0.0,0.0,0.0,
rho,2,0,9,18,27,19.0,6.2962652107424715,25.0,60.0,500.0,0.25021796673618435,3.7756638255435645e-07,2.5696079269402567e-08,6.030541876499471e-06
rho,2,0,9,18,27,19.0,6.2962652107424715,25.0,60.0,1000.0,0.2445138810973763,5.595149326678192e-07,4.044957124655229e-08,9.358465495588347e-06
rho,2,0,9,18,27,19.0,6.2962652107424715,25.0,60.0,1500.0,0.19402772619071768,5.404983694056592e-07,4.525283104068916e-08,1.4357102457156313e-05
rho,2,0,9,18,27,19.0,6.2962652107424715,25.0,60.0,2000.0,0.14778678463669728,4.888384054243407e-07,4.539214612953106e-08,2.2381753996519993e-05
rho,2,0,9,18,27,19.0,6.2962652107424715,25.0,60.0,2500.0,0.1131756554432968,4.5492739675337894e-07,4.203557468568713e-08,3.551698199606137e-05
rho,2,0,9,18,27,19.0,6.2962652107424715,25.0,60.0,3000.0,0.08839459195256492,4.3250168310218765e-07,3.646958659198455e-08,5.535239428397872e-05
rho,2,0,9,18,27,19.0,6.2962652107424715,25.0,60.0,3500.0,0.07057579392015265,4.1502819663890234e-07,3.053909511462949e-08,8.332322266702398e-05
rho,2,0,9,18,27,19.0,6.2962652107424715,25.0,60.0,4000.0,0.05747413168714482,4.037141984238237e-07,2.5752918074880147e-08,0.00012221631533510947
rho,2,0,9,18,27,19.0,6.2962652107424715,25.0,60.0,4500.0,0.04758506545753777,3.9936290964587545e-07,2.2488844950827783e-08,0.00017637067852418258
rho,2,0,9,18,27,19.0,6.2962652107424715,25.0,60.0,5000.0,0.0399506954937717,3.9897702925559676e-07,2.008324641252685e-08,0.00024997651191136763
rho,2,0,9,18,27,19.0,6.2962652107424715,25.0,60.0,5500.0,0.03396089682636758,3.9773139445883074e-07,1.7720923446013783e-08,0.00034485106539397086
rho,2,0,9,18,27,19.0,6.2962652107424715,25.0,60.0,6000.0,0.02921016572266045,3.9177220613615994e-07,1.519604668662839e-08,0.0004591616208943618
rho,2,0,9,18,27,19.0,6.2962652107424715,25.0,60.0,6500.0,0.0254094828280793,3.805217526589496e-07,1.2868406160952915e-08,0.0005893697438605533
rho,2,0,9,18,27,19.0,6.2962652107424715,25.0,60.0,7000.0,0.022338695467034386,3.677692008316392e-07,1.1100146851864553e-08,0.000736986853266124
rho,2,0,9,18,27,19.0,6.2962652107424715,25.0,60.0,7500.0,0.019823927415831024,3.6031772396804027e-07,9.85905256799183e-09,0.0009168667591443031
rho,2,0,9,18,27,19.0,6.2962652107424715,25.0,60.0,8000.0,0.01772776869232624,3.64490846666012e-07,8.782849773226832e-09,0.0011597876329632287
rho,2,0,9,18,27,19.0,6.2962652107424715,25.0,60.0,8500.0,0.015944474933436183,3.827643599253284e-07,7.49520747489738e-09,0.0015056050010479054
rho,2,0,9,18,27,19.0,6.2962652107424715,25.0,60.0,9000.0,0.014396293822844197,4.127021677174023e-07,5.841966071053042e-09,0.0019912938218097464
rho,2,0,9,18,27,19.0,6.2962652107424715,25.0,60.0,9500.0,0.01302949342390573,4.4844339380584394e-07,3.911507324106139e-09,0.0026415118821473153
rho,2,0,9,18,27,19.0,6.2962652107424715,25.0,60.0,10000.0,0.011809819520165563,4.832878923526718e-07,1.915398451483404e-09,0.0034651288920072624
rho,2,0,9,18,27,19.0,6.2962652107424715,25.0,60.0,10500.0,0.010717536640589085,5.117575330236877e-07,6.46091992360778e-11,0.004455272686158522
rho,2,0,9,18,27,19.0,6.2962652107424715,25.0,60.0,11000.0,0.009742394153038325,5.304838522159106e-07,-1.4892266552892716e-09,0.005589085797790475
rho,2,0,9,18,27,19.0,6.2962652107424715,25.0,60.0,11500.0,0.008878978366112504,5.38209802542743e-07,-2.6573589094112702e-09,0.006826932482745265
rho,2,0,9,18,27,19.0,6.2962652107424715,25.0,60.0,12000.0,0.008122929889367242,5.354475916373481e-07,-3.4005135785341194e-09,0.008115056725906143
rho,2,0,9,18,27,19.0,6.2962652107424715,30.0,80.0,0.0,0.0,0.0,0.0,
rho,2,0,9,18,27,19.0,6.2962652107424715,30.0,80.0,500.0,0.263441893093431,3.2059265403681717e-07,1.9927367119868048e-08,4.619382127597453e-06
rho,2,0,9,18,27,19.0,6.2962652107424715,30.0,80.0,1000.0,0.2618865720972186,4.6724633970183743e-07,3.4580613832834143e-08,6.812702834363091e-06
rho,2,0,9,18,27,19.0,6.2962652107424715,30.0,80.0,1500.0,0.21093582764200347,5.338918081594478e-07,3.419796039529042e-08,1.1999207252719601e-05
rho,2,0,9,18,27,19.0,6.2962652107424715,30.0,80.0,2000.0,0.16313675865803692,5.876859865256489e-07,2.7485706676111675e-08,2.2082166328467858e-05
rho,2,0,9,18,27,19.0,6.2962652107424715,30.0,80.0,2500.0,0.12714540633257415,6.087713301642173e-07,2.1413986312185098e-08,3.765761778911975e-05
rho,2,0,9,18,27,19.0,6.2962652107424715,30.0,80.0,3000.0,0.10138382035937386,6.075531981528686e-07,1.730209482282483e-08,5.910810098656728e-05
rho,2,0,9,18,27,19.0,6.2962652107424715,30.0,80.0,3500.0,0.0829285859435659,6.074670648244685e-07,1.4568988684670346e-08,8.833121750176998e-05
rho,2,0,9,18,27,19.0,6.2962652107424715,30.0,80.0,4000.0,0.0694494105192535,6.173736838155169e-07,1.2963427263565436e-08,0.000128000299440403
rho,2,0,9,18,27,19.0,6.2962652107424715,30.0,80.0,4500.0,0.05935307631930894,6.316267307143472e-07,1.25142915557863e-08,0.0001792974173125545
rho,2,0,9,18,27,19.0,6.2962652107424715,30.0,80.0,5000.0,0.05158196870575882,6.398622334442397e-07,1.3073582933914765e-08,0.00024048647151305398
rho,2,0,9,18,27,19.0,6.2962652107424715,30.0,80.0,5500.0,0.045428271017355894,6.34637909986012e-07,1.4187563341925718e-08,0.00030752016212640034
rho,2,0,9,18,27,19.0,6.2962652107424715,30.0,80.0,6000.0,0.04041502007628469,6.153063696713586e-07,1.5214177304299286e-08,0.0003767088413425621
rho,2,0,9,18,27,19.0,6.2962652107424715,30.0,80.0,6500.0,0.036224025943055,5.877268871054654e-07,1.5533883087797196e-08,0.00044790109759072544
rho,2,0,9,18,27,19.0,6.2962652107424715,30.0,80.0,7000.0,0.03264814884569124,5.6050407604049e-07,1.4759313763961404e-08,0.0005258497256401887
rho,2,0,9,18,27,19.0,6.2962652107424715,30.0,80.0,7500.0,0.029555791651251936,5.405091755694624e-07,1.2870739202610358e-08,0.0006187537984458023
rho,2,0,9,18,27,19.0,6.2962652107424715,30.0,80.0,8000.0,0.02686321132357712,5.303007889553614e-07,1.0226339511626916e-08,0.0007348630588028363
rho,2,0,9,18,27,19.0,6.2962652107424715,30.0,80.0,8500.0,0.024513694092040992,5.279571571551357e-07,7.441571629430062e-09,0.0008785796854542054
rho,2,0,9,18,27,19.0,6.2962652107424715,30.0,80.0,9000.0,0.02246338017489436,5.284042720076071e-07,5.186827841089209e-09,0.0010471673809969212
rho,2,0,9,18,27,19.0,6.2962652107424715,30.0,80.0,9500.0,0.020673094973062703,5.254099734829844e-07,3.987089452596474e-09,0.0012293833098242387
rho,2,0,9,18,27,19.0,6.2962652107424715,30.0,80.0,10000.0,0.01910489467080109,5.138433724033697e-07,4.0920559023306e-09,0.0014078016308764756
rho,2,0,9,18,27,19.0,6.2962652107424715,30.0,80.0,10500.0,0.017721672122302426,4.916469123729261e-07,5.441331243135713e-09,0.0015654670163859456
rho,2,0,9,18,27,19.0,6.2962652107424715,30.0,80.0,11000.0,0.016488257306050996,4.607203552792427e-07,7.711703023138319e-09,0.0016946807179418085
rho,2,0,9,18,27,19.0,6.2962652107424715,30.0,80.0,11500.0,0.015372879863496856,4.2625196263329553e-07,1.0418476876406952e-08,0.0018036651962438672
rho,2,0,9,18,27,19.0,6.2962652107424715,30.0,80.0,12000.0,0.014348396814615472,3.948274738153207e-07,1.3040235049157522e-08,0.0019177880466608999
rho,2,1,10,19,28,20.0,6.2962652107424715,5.0,15.0,0.0,0.0,0.0,0.0,
rho,2,1,10,19,28,20.0,6.2962652107424715,5.0,15.0,500.0,0.1291517442149588,3.317089357341992e-07,2.97271671306064e-08,1.9886420546280392e-05
rho,2,1,10,19,28,20.0,6.2962652107424715,5.0,15.0,1000.0,0.09649435908784211,3.651794251685807e-07,3.200317714880968e-08,3.921953578073702e-05
rho,2,1,10,19,28,20.0,6.2962652107424715,5.0,15.0,1500.0,0.05653793432541453,3.4098467457122265e-07,2.3803717351698107e-08,0.00010667311718930087
rho,2,1,10,19,28,20.0,6.2962652107424715,5.0,15.0,2000.0,0.031107572938182223,3.057070641005074e-07,1.8237427751857096e-08,0.0003159171611009574
rho,2,1,10,19,28,20.0,6.2962652107424715,5.0,15.0,2500.0,0.017218181042735016,2.9719560053231596e-07,1.3666473372282218e-08,0.0010024618091337264
rho,2,1,10,19,28,20.0,6.2962652107424715,5.0,15.0,3000.0,0.010022194223902627,3.089905750235214e-07,9.856260478024572e-09,0.0030762356645802247
rho,2,1,10,19,28,20.0,6.2962652107424715,5.0,15.0,3500.0,0.006317102583109059,3.158376132557654e-07,7.411842942535465e-09,0.007914582131274167
rho,2,1,10,19,28,20.0,6.2962652107424715,5.0,15.0,4000.0,0.004337723012213555,3.110611917532229e-07,6.53308612596635e-09,0.01653187826678044
rho,2,1,10,19,28,20.0,6.2962652107424715,5.0,15.0,4500.0,0.0031859630724791217,3.003846340429777e-07,7.157519791374919e-09,0.0295934935658626
rho,2,1,10,19,28,20.0,6.2962652107424715,5.0,15.0,5000.0,0.0024329354732312786,2.9329467818592027e-07,8.55502898777774e-09,0.04954992500613252
rho,2,1,10,19,28,20.0,6.2962652107424715,5.0,15.0,5500.0,0.0018876494330819667,2.9931963820585745e-07,9.46251372946877e-09,0.08400256119432598
rho,2,1,10,19,28,20.0,6.2962652107424715,5.0,15.0,6000.0,0.0014691333276443356,3.2085660111641317e-07,9.070407657016559e-09,0.14865809281461306
rho,2,1,10,19,28,20.0,6.2962652107424715,5.0,15.0,6500.0,0.0011398738567689453,3.504760922547863e-07,7.580197131239817e-09,0.26973966363592433
rho,2,1,10,19,28,20.0,6.2962652107424715,5.0,15.0,7000.0,0.0008764207839271381,3.777878508883744e-07,5.77324958487934e-09,0.49183864721160636
rho,2,1,10,19,28,20.0,6.2962652107424715,5.0,15.0,7500.0,0.000660536745363602,3.976483969936583e-07,4.296526274845824e-09,0.9113921248140949
rho,2,1,10,19,28,20.0,6.2962652107424715,5.0,15.0,8000.0,0.0004784076225599284,4.1141637026686845e-07,3.3788103008664733e-09,1.7975682424739787
rho,2,1,10,19,28,20.0,6.2962652107424715,5.0,15.0,8500.0,0.0003204636545269208,4.224711879068381e-07,2.974923752768877e-09,4.113765520546172
rho,2,1,10,19,28,20.0,6.2962652107424715,5.0,15.0,9000.0,0.0001796266946070377,4.3218449300848964e-07,2.979424532315358e-09,13.394528279623483
rho,2,1,10,19,28,20.0,6.2962652107424715,5.0,15.0,9500.0,4.9105636899101856e-05,4.396015024161954e-07,3.3056535046712373e-09,182.30411495189955
rho,2,1,10,19,28,20.0,6.2962652107424715,5.0,15.0,10000.0,-7.856079463297145e-05,4.434168287870955e-07,3.860431613311351e-09,71.84564307109102
rho,2,1,10,19,28,20.0,6.2962652107424715,5.0,15.0,10500.0,-0.00021066311666646955,4.435411294741701e-07,4.507048647205274e-09,9.994403703348583
rho,2,1,10,19,28,20.0,6.2962652107424715,5.0,15.0,11000.0,-0.00035244117084196747,4.4117593845020285e-07,5.061155379294293e-09,3.5517185824526165
rho,2,1,10,19,28,20.0,6.2962652107424715,5.0,15.0,11500.0,-0.0005054235938400439,4.37961602387351e-07,5.3224253247046915e-09,1.7144507467007286
rho,2,1,10,19,28,20.0,6.2962652107424715,5.0,15.0,12000.0,-0.0006668727009947033,4.350836595552455e-07,5.1310693006684475e-09,0.9783334297435341
rho,2,1,10,19,28,20.0,6.2962652107424715,7.0,25.0,0.0,0.0,0.0,0.0,
rho,2,1,10,19,28,20.0,6.2962652107424715,7.0,25.0,500.0,0.1721486051696175,5.933074547812663e-07,3.619361975667679e-08,2.002040177634469e-05
rho,2,1,10,19,28,20.0,6.2962652107424715,7.0,25.0,1000.0,0.1430527200650231,6.589889582596508e-07,5.4112411988807076e-08,3.220222629790307e-05
rho,2,1,10,19,28,20.0,6.2962652107424715,7.0,25.0,1500.0,0.09411458146733871,5.504135712724825e-07,4.625425249163786e-08,6.214058007821026e-05
rho,2,1,10,19,28,20.0,6.2962652107424715,7.0,25.0,2000.0,0.05831548219451893,4.7444826338715045e-07,3.435146281613154e-08,0.00013951506933460915
rho,2,1,10,19,28,20.0,6.2962652107424715,7.0,25.0,2500.0,0.03601191953780201,4.462811456134908e-07,2.4730305327039224e-08,0.00034412481982124693
rho,2,1,10,19,28,20.0,6.2962652107424715,7.0,25.0,3000.0,0.022736395247163727,4.3894142028036537e-07,1.768678209540782e-08,0.0008491088038071256
rho,2,1,10,19,28,20.0,6.2962652107424715,7.0,25.0,3500.0,0.014858456794244052,4.266750534408599e-07,1.3080083374148384e-08,0.0019326349986820773
rho,2,1,10,19,28,20.0,6.2962652107424715,7.0,25.0,4000.0,0.0101206452140975,4.071803192819707e-07,1.005253377660108e-08,0.003975304289223907
rho,2,1,10,19,28,20.0,6.2962652107424715,7.0,25.0,4500.0,0.007232401847615262,3.8873571553558104e-07,7.635259116462977e-09,0.0074317201398340456
rho,2,1,10,19,28,20.0,6.2962652107424715,7.0,25.0,5000.0,0.005461604264406684,3.742421947613956e-07,5.816739399429748e-09,0.01254620251775323
rho,2,1,10,19,28,20.0,6.2962652107424715,7.0,25.0,5500.0,0.004374822348808145,3.6298399570415323e-07,5.038139198803591e-09,0.018965602019075947
rho,2,1,10,19,28,20.0,6.2962652107424715,7.0,25.0,6000.0,0.0036997689510309666,3.5705543586110365e-07,5.194863590509829e-09,0.026084735804845764
rho,2,1,10,19,28,20.0,6.2962652107424715,7.0,25.0,6500.0,0.003259057237733875,3.6136418972287216e-07,5.54014479050034e-09,0.03402210159184055
rho,2,1,10,19,28,20.0,6.2962652107424715,7.0,25.0,7000.0,0.0029376439564058475,3.792576544154411e-07,5.301422474228124e-09,0.043947688621117045
rho,2,1,10,19,28,20.0,6.2962652107424715,7.0,25.0,7500.0,0.002663981768723043,4.092218159213399e-07,4.203349954060687e-09,0.057662873607998905
rho,2,1,10,19,28,20.0,6.2962652107424715,7.0,25.0,8000.0,0.0023969895032521153,4.450453256270519e-07,2.5358886762445127e-09,0.07745901669699506
rho,2,1,10,19,28,20.0,6.2962652107424715,7.0,25.0,8500.0,0.0021165589165480308,4.785576432221721e-07,8.934190105365463e-10,0.10682515530930917
rho,2,1,10,19,28,20.0,6.2962652107424715,7.0,25.0,9000.0,0.0018168437605625253,5.027542273134543e-07,-1.6242362472345425e-10,0.15230724673256804
rho,2,1,10,19,28,20.0,6.2962652107424715,7.0,25.0,9500.0,0.0015015730762020115,5.136739682524064e-07,-3.4350523320889306e-10,0.22782145021672753
rho,2,1,10,19,28,20.0,6.2962652107424715,7.0,25.0,10000.0,0.0011805482889877263,5.106542960447791e-07,2.904430736411135e-10,0.36640338540280776
rho,2,1,10,19,28,20.0,6.2962652107424715,7.0,25.0,10500.0,0.0008667102428535746,4.954679371947751e-07,1.4144648861639687e-09,0.6595803325954814
rho,2,1,10,19,28,20.0,6.2962652107424715,7.0,25.0,11000.0,0.0005735442953053368,4.710421491456261e-07,2.6104458804513346e-09,1.4319433631037335
rho,2,1,10,19,28,20.0,6.2962652107424715,7.0,25.0,11500.0,0.00031289406733546487,4.4030829954186897e-07,3.5373099415095184e-09,4.497407235482502
rho,2,1,10,19,28,20.0,6.2962652107424715,7.0,25.0,12000.0,9.336841289570369e-05,4.055371813391369e-07,4.02968953843865e-09,46.519038003237
rho,2,1,10,19,28,20.0,6.2962652107424715,10.0,30.0,0.0,0.0,0.0,0.0,
rho,2,1,10,19,28,20.0,6.2962652107424715,10.0,30.0,500.0,0.1918641858440565,5.867414151932402e-07,3.243999278154877e-08,1.593892084220801e-05
rho,2,1,10,19,28,20.0,6.2962652107424715,10.0,30.0,1000.0,0.16694359749637883,7.541559522303718e-07,5.2418459409759465e-08,2.7059615869862357e-05
rho,2,1,10,19,28,20.0,6.2962652107424715,10.0,30.0,1500.0,0.1158194313787848,8.182765300341981e-07,4.014044728319351e-08,6.1001039817258385e-05
rho,2,1,10,19,28,20.0,6.2962652107424715,10.0,30.0,2000.0,0.07604716340196507,8.517294516761735e-07,1.8527926672974663e-08,0.00014727723641939805
rho,2,1,10,19,28,20.0,6.2962652107424715,10.0,30.0,2500.0,0.04985628559306255,7.983218528739596e-07,1.7197523493093748e-09,0.00032117237165031685
rho,2,1,10,19,28,20.0,6.2962652107424715,10.0,30.0,3000.0,0.0334019409537529,6.776655776142476e-07,-6.18001410316192e-09,0.0006073961265638253
rho,2,1,10,19,28,20.0,6.2962652107424715,10.0,30.0,3500.0,0.02315643449770356,5.517952853720494e-07,-7.004149839417652e-09,0.0010290455660064313
rho,2,1,10,19,28,20.0,6.2962652107424715,10.0,30.0,4000.0,0.016754560913125032,4.5754052119023904e-07,-4.379173864724825e-09,0.0016299093872793374
rho,2,1,10,19,28,20.0,6.2962652107424715,10.0,30.0,4500.0,0.012721970150142991,3.967981133833091e-07,-1.0919356831948268e-09,0.002451663458819734
rho,2,1,10,19,28,20.0,6.2962652107424715,10.0,30.0,5000.0,0.01014084873704435,3.5770923769975576e-07,1.4107445667821532e-09,0.003478416210014497
rho,2,1,10,19,28,20.0,6.2962652107424715,10.0,30.0,5500.0,0.008433754903590043,3.315465040968473e-07,2.6425363144994566e-09,0.004661251129700482
rho,2,1,10,19,28,20.0,6.2962652107424715,10.0,30.0,6000.0,0.0072418405449434725,3.1674455845864894e-07,2.7000885910607707e-09,0.00603964269506744
rho,2,1,10,19,28,20.0,6.2962652107424715,10.0,30.0,6500.0,0.006351637303481679,3.157363450458598e-07,1.9147928279754487e-09,0.007826240613597895
rho,2,1,10,19,28,20.0,6.2962652107424715,10.0,30.0,7000.0,0.005643725208340595,3.3155632735892455e-07,5.367166653056089e-10,0.010409397677786146
rho,2,1,10,19,28,20.0,6.2962652107424715,10.0,30.0,7500.0,0.005054211781358832,3.66178900595469e-07,-1.376048412211272e-09,0.014334628591902232
rho,2,1,10,19,28,20.0,6.2962652107424715,10.0,30.0,8000.0,0.004547596789885741,4.1897392010120993e-07,-3.810146462455706e-09,0.020259237128276868
rho,2,1,10,19,28,20.0,6.2962652107424715,10.0,30.0,8500.0,0.0041003995457829685,4.8493740378205e-07,-6.5689443847826466e-09,0.028842528442041937
rho,2,1,10,19,28,20.0,6.2962652107424715,10.0,30.0,9000.0,0.003693509489542889,5.546738213247957e-07,-9.200012973889396e-09,0.04065923759052261
rho,2,1,10,19,28,20.0,6.2962652107424715,10.0,30.0,9500.0,0.0033102429468245265,6.173625841429927e-07,-1.1158576004615628e-08,0.05634048319830657
rho,2,1,10,19,28,20.0,6.2962652107424715,10.0,30.0,10000.0,0.002937177220046705,6.651383397291778e-07,-1.2081488179319053e-08,0.07709952092740972
rho,2,1,10,19,28,20.0,6.2962652107424715,10.0,30.0,10500.0,0.002565612138619473,6.959140710443588e-07,-1.1970953548988453e-08,0.10572400691308605
rho,2,1,10,19,28,20.0,6.2962652107424715,10.0,30.0,11000.0,0.0021924494373062706,7.129910126694976e-07,-1.1176489082011038e-08,0.1483285949321848
rho,2,1,10,19,28,20.0,6.2962652107424715,10.0,30.0,11500.0,0.0018200567515054367,7.222063482930303e-07,-1.0210703921330484e-08,0.21801754332575743
rho,2,1,10,19,28,20.0,6.2962652107424715,10.0,30.0,12000.0,0.001455192360645744,7.287118743536006e-07,-9.521438046680277e-09,0.34412405686094844
rho,2,1,10,19,28,20.0,6.2962652107424715,12.0,36.0,0.0,0.0,0.0,0.0,
rho,2,1,10,19,28,20.0,6.2962652107424715,12.0,36.0,500.0,0.20755409019339513,5.326876338311353e-07,2.715623026105778e-08,1.236545275110287e-05
rho,2,1,10,19,28,20.0,6.2962652107424715,12.0,36.0,1000.0,0.18720501926660446,7.147927426514531e-07,4.786906981706476e-08,2.0396007220875308e-05
rho,2,1,10,19,28,20.0,6.2962652107424715,12.0,36.0,1500.0,0.13556479652204842,7.869670529998182e-07,4.1713589275530266e-08,4.282158098885168e-05
rho,2,1,10,19,28,20.0,6.2962652107424715,12.0,36.0,2000.0,0.09339850452217148,7.902627512708469e-07,2.976874913351501e-08,9.059237954755121e-05
rho,2,1,10,19,28,20.0,6.2962652107424715,12.0,36.0,2500.0,0.06441492827674213,7.183997454039118e-07,2.124545529023468e-08,0.00017313828630601365
rho,2,1,10,19,28,20.0,6.2962652107424715,12.0,36.0,3000.0,0.04536905655956066,6.115432304758793e-07,1.5801248411896158e-08,0.0002971034305584873
rho,2,1,10,19,28,20.0,6.2962652107424715,12.0,36.0,3500.0,0.032914276754583055,5.2305200138218e-07,1.075793697194727e-08,0.0004828099761046329
rho,2,1,10,19,28,20.0,6.2962652107424715,12.0,36.0,4000.0,0.0246927778272318,4.782390988261637e-07,4.979678085924535e-09,0.0007843414768444723
rho,2,1,10,19,28,20.0,6.2962652107424715,12.0,36.0,4500.0,0.019186275707970747,4.690733119584662e-07,-6.883914705449741e-10,0.0012742638490661825
rho,2,1,10,19,28,20.0,6.2962652107424715,12.0,36.0,5000.0,0.015428262082914033,4.741949407857037e-07,-4.894600704276107e-09,0.0019921539678152043
rho,2,1,10,19,28,20.0,6.2962652107424715,12.0,36.0,5500.0,0.012794870329508127,4.7677002546773465e-07,-6.9778674180386465e-09,0.0029123070784435132
rho,2,1,10,19,28,20.0,6.2962652107424715,12.0,36.0,6000.0,0.010878990216684143,4.695197546080862e-07,-7.126955134432777e-09,0.00396713241973943
rho,2,1,10,19,28,20.0,6.2962652107424715,12.0,36.0,6500.0,0.009416822901031895,4.5233964276372007e-07,-5.994173901538385e-09,0.005101006124597938
rho,2,1,10,19,28,20.0,6.2962652107424715,12.0,36.0,7000.0,0.008242431049486125,4.290303040609716e-07,-4.287980134186728e-09,0.006315057707337533
rho,2,1,10,19,28,20.0,6.2962652107424715,12.0,36.0,7500.0,0.007256831065396775,4.0461431573484e-07,-2.5113681280456302e-09,0.007683289872059091
rho,2,1,10,19,28,20.0,6.2962652107424715,12.0,36.0,8000.0,0.006405437220928773,3.8283080492842657e-07,-8.721537586464713e-10,0.009330594556479227
rho,2,1,10,19,28,20.0,6.2962652107424715,12.0,36.0,8500.0,0.005661196594797916,3.6457150672942433e-07,6.414978590854604e-10,0.011375388806389934
rho,2,1,10,19,28,20.0,6.2962652107424715,12.0,36.0,9000.0,0.0050121671406132915,3.482920852751231e-07,2.102799892987689e-09,0.013864126602434176
rho,2,1,10,19,28,20.0,6.2962652107424715,12.0,36.0,9500.0,0.004452809474839091,3.318868452584518e-07,3.5326894634135202e-09,0.016738703352646926
rho,2,1,10,19,28,20.0,6.2962652107424715,12.0,36.0,10000.0,0.003978452168656488,3.143229139952951e-07,4.8956709553424095e-09,0.019858560296895936
rho,2,1,10,19,28,20.0,6.2962652107424715,12.0,36.0,10500.0,0.0035824273311898212,2.9591830011950824e-07,6.16302716646505e-09,0.023057756279300113
rho,2,1,10,19,28,20.0,6.2962652107424715,12.0,36.0,11000.0,0.0032553139987480653,2.775923474782798e-07,7.356163181894583e-09,0.02619519995969865
rho,2,1,10,19,28,20.0,6.2962652107424715,12.0,36.0,11500.0,0.00298563296053742,2.601317429936637e-07,8.523878730382005e-09,0.0291823671927189
rho,2,1,10,19,28,20.0,6.2962652107424715,12.0,36.0,12000.0,0.0027612860725639387,2.4410107885395703e-07,9.676454235393951e-09,0.0320145125785379
rho,2,1,10,19,28,20.0,6.2962652107424715,15.0,40.0,0.0,0.0,0.0,0.0,
rho,2,1,10,19,28,20.0,6.2962652107424715,15.0,40.0,500.0,0.2179597843243417,4.6049893399375517e-07,2.6365467592606787e-08,9.693394550794165e-06
rho,2,1,10,19,28,20.0,6.2962652107424715,15.0,40.0,1000.0,0.2009521838478756,6.68427011847106e-07,4.767160251724534e-08,1.6552688084790307e-05
rho,2,1,10,19,28,20.0,6.2962652107424715,15.0,40.0,1500.0,0.14942428532606855,7.537536531907713e-07,4.4073006708981554e-08,3.375880424967246e-05
rho,2,1,10,19,28,20.0,6.2962652107424715,15.0,40.0,2000.0,0.10606985453619942,7.291501984409244e-07,3.347479334458309e-08,6.480866146772577e-05
rho,2,1,10,19,28,20.0,6.2962652107424715,15.0,40.0,2500.0,0.07550760432702305,6.244131750292361e-07,2.5856467915790906e-08,0.00010951930402791419
rho,2,1,10,19,28,20.0,6.2962652107424715,15.0,40.0,3000.0,0.054890725572347365,5.136218952244226e-07,2.1551508669119462e-08,0.00017046906768550737
rho,2,1,10,19,28,20.0,6.2962652107424715,15.0,40.0,3500.0,0.04100665774318188,4.399852489210836e-07,1.859359849954099e-08,0.0002616551996473023
rho,2,1,10,19,28,20.0,6.2962652107424715,15.0,40.0,4000.0,0.031514929576780405,4.0324623826869164e-07,1.5961456858787792e-08,0.00040601085295966617
rho,2,1,10,19,28,20.0,6.2962652107424715,15.0,40.0,4500.0,0.0248835508196328,3.885096817393673e-07,1.3576067204730032e-08,0.0006274471336315682
rho,2,1,10,19,28,20.0,6.2962652107424715,15.0,40.0,5000.0,0.02013794629051026,3.8435369098701283e-07,1.1622642967018292e-08,0.000947765071895058
rho,2,1,10,19,28,20.0,6.2962652107424715,15.0,40.0,5500.0,0.016657391327571984,3.843765255666807e-07,1.0184465457816096e-08,0.0013852969548733432
rho,2,1,10,19,28,20.0,6.2962652107424715,15.0,40.0,6000.0,0.014041969701239816,3.8375433341637554e-07,9.264562982577499e-09,0.0019462437432528849
rho,2,1,10,19,28,20.0,6.2962652107424715,15.0,40.0,6500.0,0.01203119074797468,3.7759114664454327e-07,8.895743864291255e-09,0.0026085825104172128
rho,2,1,10,19,28,20.0,6.2962652107424715,15.0,40.0,7000.0,0.01045432768864268,3.625168062334991e-07,9.083555354323991e-09,0.0033169271068955847
rho,2,1,10,19,28,20.0,6.2962652107424715,15.0,40.0,7500.0,0.009198903341153497,3.3935643688717927e-07,9.660140647066084e-09,0.0040103657292093085
rho,2,1,10,19,28,20.0,6.2962652107424715,15.0,40.0,8000.0,0.008189552144984966,3.1357601424023043e-07,1.0273796540332789e-08,0.004675440457974706
rho,2,1,10,19,28,20.0,6.2962652107424715,15.0,40.0,8500.0,0.007373360563522789,2.9254847736021494e-07,1.0557968143712421e-08,0.005381048401835183
rho,2,1,10,19,28,20.0,6.2962652107424715,15.0,40.0,9000.0,0.006709930042432637,2.817578495125946e-07,1.0317623418298291e-08,0.006258064564182052
rho,2,1,10,19,28,20.0,6.2962652107424715,15.0,40.0,9500.0,0.006165306310818203,2.8270961420362095e-07,9.57917658306901e-09,0.00743757333471913
rho,2,1,10,19,28,20.0,6.2962652107424715,15.0,40.0,10000.0,0.005709078007216973,2.9351954996320537e-07,8.499303394927134e-09,0.009005442936186388
rho,2,1,10,19,28,20.0,6.2962652107424715,15.0,40.0,10500.0,0.005313802115168637,3.110644933755561e-07,7.234990857715455e-09,0.011016399744331004
rho,2,1,10,19,28,20.0,6.2962652107424715,15.0,40.0,11000.0,0.004955776293379701,3.328782282078245e-07,5.869819218084588e-09,0.013553829043412891
rho,2,1,10,19,28,20.0,6.2962652107424715,15.0,40.0,11500.0,0.004616208669677284,3.5770233948630533e-07,4.42195842066145e-09,0.016786142901531444
rho,2,1,10,19,28,20.0,6.2962652107424715,15.0,40.0,12000.0,0.004282053689749144,3.8479308631665074e-07,2.9008013311903316e-09,0.020985679878103864
rho,2,1,10,19,28,20.0,6.2962652107424715,20.0,50.0,0.0,0.0,0.0,0.0,
rho,2,1,10,19,28,20.0,6.2962652107424715,20.0,50.0,500.0,0.2352389273003017,4.522481169688845e-07,1.5749675127379304e-08,8.172565060059269e-06
rho,2,1,10,19,28,20.0,6.2962652107424715,20.0,50.0,1000.0,0.22406463752028796,6.750679473807442e-07,2.7088664752300115e-08,1.3446239641481553e-05
rho,2,1,10,19,28,20.0,6.2962652107424715,20.0,50.0,1500.0,0.172916787634444,7.173883289439495e-07,2.877382755080078e-08,2.3992747819626475e-05
rho,2,1,10,19,28,20.0,6.2962652107424715,20.0,50.0,2000.0,0.12784570090025044,6.758047743277899e-07,2.5368914432101238e-08,4.1347475509632655e-05
rho,2,1,10,19,28,20.0,6.2962652107424715,20.0,50.0,2500.0,0.09492386501737433,6.015366587895355e-07,2.1140735830668984e-08,6.675922295295883e-05
rho,2,1,10,19,28,20.0,6.2962652107424715,20.0,50.0,3000.0,0.07189528257547506,5.299796662392973e-07,1.833449855790268e-08,0.00010253176119321062
rho,2,1,10,19,28,20.0,6.2962652107424715,20.0,50.0,3500.0,0.055788017494460704,4.7391263561727263e-07,1.6757589752949658e-08,0.00015227073053593313
rho,2,1,10,19,28,20.0,6.2962652107424715,20.0,50.0,4000.0,0.04433915274551666,4.3165356202576026e-07,1.5506835240096083e-08,0.00021956370407704145
rho,2,1,10,19,28,20.0,6.2962652107424715,20.0,50.0,4500.0,0.03600877652620247,3.986913249800893e-07,1.4161311206425549e-08,0.00030748225325597786
rho,2,1,10,19,28,20.0,6.2962652107424715,20.0,50.0,5000.0,0.029780321021184043,3.709407617892547e-07,1.283250070968033e-08,0.000418259495777978
rho,2,1,10,19,28,20.0,6.2962652107424715,20.0,50.0,5500.0,0.02499257692584901,3.437562944683078e-07,1.182075063202511e-08,0.0005503368379222829
rho,2,1,10,19,28,20.0,6.2962652107424715,20.0,50.0,6000.0,0.02122226148378642,3.1444029501585583e-07,1.1287582114739206e-08,0.0006981598546558999
rho,2,1,10,19,28,20.0,6.2962652107424715,20.0,50.0,6500.0,0.01820110692216278,2.860543706672339e-07,1.1060073726714704e-08,0.0008634813979153416
rho,2,1,10,19,28,20.0,6.2962652107424715,20.0,50.0,7000.0,0.015756446801681524,2.6651722224534014e-07,1.0680795934792961e-08,0.0010735164487891795
rho,2,1,10,19,28,20.0,6.2962652107424715,20.0,50.0,7500.0,0.01377041745907876,2.632367994050557e-07,9.67179420713361e-09,0.001388201115328015
rho,2,1,10,19,28,20.0,6.2962652107424715,20.0,50.0,8000.0,0.012154659993613304,2.7833099107310257e-07,7.804898410898922e-09,0.0018839784754984539
rho,2,1,10,19,28,20.0,6.2962652107424715,20.0,50.0,8500.0,0.01083698579101587,3.0782451824906076e-07,5.2024231652032745e-09,0.002621115753124568
rho,2,1,10,19,28,20.0,6.2962652107424715,20.0,50.0,9000.0,0.009756004403788909,3.4425098421955014e-07,2.2565927767483997e-09,0.0036168559745329725
rho,2,1,10,19,28,20.0,6.2962652107424715,20.0,50.0,9500.0,0.008859982113958477,3.800852054846997e-07,-5.365059858831396e-10,0.004841893972404975
rho,2,1,10,19,28,20.0,6.2962652107424715,20.0,50.0,10000.0,0.008107093797722177,4.0994920541367476e-07,-2.735426672078551e-09,0.006237343377715578
rho,2,1,10,19,28,20.0,6.2962652107424715,20.0,50.0,10500.0,0.007465366886393147,4.3113068730980307e-07,-4.062223180384546e-09,0.007735824782811836
rho,2,1,10,19,28,20.0,6.2962652107424715,20.0,50.0,11000.0,0.006911658122498885,4.4311523010109494e-07,-4.454685793872954e-09,0.009275817192753059
rho,2,1,10,19,28,20.0,6.2962652107424715,20.0,50.0,11500.0,0.006429754459298151,4.469655858042383e-07,-4.062725422985112e-09,0.010811483981623942
rho,2,1,10,19,28,20.0,6.2962652107424715,20.0,50.0,12000.0,0.0060080843569156085,4.4485636682463504e-07,-3.1904153097211527e-09,0.012323888688816493
rho,2,1,10,19,28,20.0,6.2962652107424715,25.0,60.0,0.0,0.0,0.0,0.0,
rho,2,1,10,19,28,20.0,6.2962652107424715,25.0,60.0,500.0,0.24667604970390053,4.373269751361509e-07,1.50496143948618e-08,7.187076975855125e-06
rho,2,1,10,19,28,20.0,6.2962652107424715,25.0,60.0,1000.0,0.23965002463350868,6.187107887886387e-07,2.3421246793664532e-08,1.0772902596359505e-05
rho,2,1,10,19,28,20.0,6.2962652107424715,25.0,60.0,1500.0,0.1890270665138514,5.745145471803392e-07,2.942466068023286e-08,1.6078778061525775e-05
rho,2,1,10,19,28,20.0,6.2962652107424715,25.0,60.0,2000.0,0.14315872907250884,5.063971764048887e-07,3.2520193083646206e-08,2.4709024903410602e-05
rho,2,1,10,19,28,20.0,6.2962652107424715,25.0,60.0,2500.0,0.10907982826668663,4.601785830944739e-07,3.222813788490095e-08,3.867564021545955e-05
rho,2,1,10,19,28,20.0,6.2962652107424715,25.0,60.0,3000.0,0.08482955242962885,4.2587792645972093e-07,2.9282216812468752e-08,5.918215562152803e-05
rho,2,1,10,19,28,20.0,6.2962652107424715,25.0,60.0,3500.0,0.06748271866046802,3.961589405776358e-07,2.5353153190604507e-08,8.699300249226636e-05
rho,2,1,10,19,28,20.0,6.2962652107424715,25.0,60.0,4000.0,0.05478556181950184,3.717911944045364e-07,2.213461559343093e-08,0.00012387020613833556
rho,2,1,10,19,28,20.0,6.2962652107424715,25.0,60.0,4500.0,0.04523945644018334,3.547217039464867e-07,2.0286472669863865e-08,0.00017332172615572736
rho,2,1,10,19,28,20.0,6.2962652107424715,25.0,60.0,5000.0,0.037892198391255946,3.460417170528429e-07,1.9214272951728198e-08,0.00024100655417886376
rho,2,1,10,19,28,20.0,6.2962652107424715,25.0,60.0,5500.0,0.032137349174054135,3.4577636533570845e-07,1.7860643702138795e-08,0.0003347921003607817
rho,2,1,10,19,28,20.0,6.2962652107424715,25.0,60.0,6000.0,0.02757379118762733,3.5217426046613446e-07,1.5654364793190252e-08,0.00046319583590650586
rho,2,1,10,19,28,20.0,6.2962652107424715,25.0,60.0,6500.0,0.02391951399858526,3.6221761544080145e-07,1.2810501695715004e-08,0.0006330891412158951
rho,2,1,10,19,28,20.0,6.2962652107424715,25.0,60.0,7000.0,0.020963857334144673,3.7335288523579293e-07,9.978807106251518e-09,0.0008495268718177812
rho,2,1,10,19,28,20.0,6.2962652107424715,25.0,60.0,7500.0,0.01854352408796464,3.8456246402956096e-07,7.737711007706647e-09,0.0011183618562806605
rho,2,1,10,19,28,20.0,6.2962652107424715,25.0,60.0,8000.0,0.016531152290418513,3.9597400424457794e-07,6.318470105990943e-09,0.0014489734299725139
rho,2,1,10,19,28,20.0,6.2962652107424715,25.0,60.0,8500.0,0.014829223143860003,4.0788247972162047e-07,5.612092926636539e-09,0.0018548049673753851
rho,2,1,10,19,28,20.0,6.2962652107424715,25.0,60.0,9000.0,0.01336556615095339,4.20250044898143e-07,5.321279010971767e-09,0.002352518509145407
rho,2,1,10,19,28,20.0,6.2962652107424715,25.0,60.0,9500.0,0.012089047864027322,4.3284079540666986e-07,5.1199788987193875e-09,0.002961719960492572
rho,2,1,10,19,28,20.0,6.2962652107424715,25.0,60.0,10000.0,0.010965179334997951,4.454846961673941e-07,4.758210912808952e-09,0.00370511175049234
rho,2,1,10,19,28,20.0,6.2962652107424715,25.0,60.0,10500.0,0.00997177368529687,4.5809606552197783e-07,4.10599826209936e-09,0.004606931289130295
rho,2,1,10,19,28,20.0,6.2962652107424715,25.0,60.0,11000.0,0.009094876870708906,4.7054355998962154e-07,3.149345204896945e-09,0.005688610338528444
rho,2,1,10,19,28,20.0,6.2962652107424715,25.0,60.0,11500.0,0.008325211472163179,4.826475396578806e-07,1.954636458054528e-09,0.006963691909668899
rho,2,1,10,19,28,20.0,6.2962652107424715,25.0,60.0,12000.0,0.007655350359271654,4.943614811299372e-07,6.209866504410449e-10,0.008435570927813434
rho,2,1,10,19,28,20.0,6.2962652107424715,30.0,80.0,0.0,0.0,0.0,0.0,
rho,2,1,10,19,28,20.0,6.2962652107424715,30.0,80.0,500.0,0.2595918193566239,3.7006729969907315e-07,1.1456594696115144e-08,5.491597602577585e-06
rho,2,1,10,19,28,20.0,6.2962652107424715,30.0,80.0,1000.0,0.2563359810050399,5.198794930171089e-07,2.0044600451272436e-08,7.911950198685067e-06
rho,2,1,10,19,28,20.0,6.2962652107424715,30.0,80.0,1500.0,0.20489037753065784,5.840806669025015e-07,1.9228627790529725e-08,1.3913285789190985e-05
rho,2,1,10,19,28,20.0,6.2962652107424715,30.0,80.0,2000.0,0.1572194908776413,6.512176549302007e-07,1.2833998063787797e-08,2.6345921586875206e-05
rho,2,1,10,19,28,20.0,6.2962652107424715,30.0,80.0,2500.0,0.12166850852272522,6.759459270222939e-07,7.342164897833296e-09,4.566206910359998e-05
rho,2,1,10,19,28,20.0,6.2962652107424715,30.0,80.0,3000.0,0.09648436851892253,6.647567912175999e-07,4.510043291118144e-09,7.140832815162864e-05
rho,2,1,10,19,28,20.0,6.2962652107424715,30.0,80.0,3500.0,0.07863168452553929,6.531922293541883e-07,3.2949151083340326e-09,0.00010564424658790737
rho,2,1,10,19,28,20.0,6.2962652107424715,30.0,80.0,4000.0,0.06571082098528919,6.592224680977202e-07,2.720599545033136e-09,0.0001526715849994496
rho,2,1,10,19,28,20.0,6.2962652107424715,30.0,80.0,4500.0,0.056096220505630796,6.79090973314891e-07,2.48510532719712e-09,0.00021580462828504074
rho,2,1,10,19,28,20.0,6.2962652107424715,30.0,80.0,5000.0,0.04872573107044728,7.009095747293508e-07,2.5642704309695867e-09,0.00029521965262156025
rho,2,1,10,19,28,20.0,6.2962652107424715,30.0,80.0,5500.0,0.04290190598833064,7.141329589113328e-07,2.863680026832859e-09,0.00038799479857125086
rho,2,1,10,19,28,20.0,6.2962652107424715,30.0,80.0,6000.0,0.03816202619126251,7.129476255179555e-07,3.12241958127201e-09,0.000489547431607223
rho,2,1,10,19,28,20.0,6.2962652107424715,30.0,80.0,6500.0,0.03420007391460916,6.970391663743183e-07,2.9984981315449902e-09,0.0005959407624893389
rho,2,1,10,19,28,20.0,6.2962652107424715,30.0,80.0,7000.0,0.030817716005616787,6.706489744460891e-07,2.2370284418887914e-09,0.0007061457789362709
rho,2,1,10,19,28,20.0,6.2962652107424715,30.0,80.0,7500.0,0.027889923331591907,6.400232595443762e-07,8.230526693160753e-10,0.0008228129465120731
rho,2,1,10,19,28,20.0,6.2962652107424715,30.0,80.0,8000.0,0.025338755946850488,6.105654987178032e-07,-9.65918479325687e-10,0.0009509587586368775
rho,2,1,10,19,28,20.0,6.2962652107424715,30.0,80.0,8500.0,0.023113303620818128,5.851283064107968e-07,-2.6403692835126268e-09,0.0010952847972164248
rho,2,1,10,19,28,20.0,6.2962652107424715,30.0,80.0,9000.0,0.021175446810755953,5.637813274189608e-07,-3.6694143047654266e-09,0.0012573191261952123
rho,2,1,10,19,28,20.0,6.2962652107424715,30.0,80.0,9500.0,0.019491145185548894,5.446472909796883e-07,-3.6563229497891245e-09,0.0014336417335993597
rho,2,1,10,19,28,20.0,6.2962652107424715,30.0,80.0,10000.0,0.018026371187696406,5.253399193111186e-07,-2.4517034551086778e-09,0.0016166789513029152
rho,2,1,10,19,28,20.0,6.2962652107424715,30.0,80.0,10500.0,0.01674630156343531,5.044994399490079e-07,-1.8411023659991414e-10,0.0017989656597532722
rho,2,1,10,19,28,20.0,6.2962652107424715,30.0,80.0,11000.0,0.015616301048467111,4.827699322064104e-07,2.780991165196028e-09,0.0019796292782188257
rho,2,1,10,19,28,20.0,6.2962652107424715,30.0,80.0,11500.0,0.014603554834725559,4.6272404024375257e-07,5.934973726761798e-09,0.002169725993244152
rho,2,1,10,19,28,20.0,6.2962652107424715,30.0,80.0,12000.0,0.013678691860679297,4.4780285568827976e-07,8.75071950806168e-09,0.0023933032256236854
rho,2,2,11,20,29,21.0,6.2962652107424715,5.0,15.0,0.0,0.0,0.0,0.0,
rho,2,2,11,20,29,21.0,6.2962652107424715,5.0,15.0,500.0,0.12844452664750403,3.247814088355801e-07,3.034542091376111e-08,1.9686112207517516e-05
rho,2,2,11,20,29,21.0,6.2962652107424715,5.0,15.0,1000.0,0.09580419750649083,3.4153177337901817e-07,3.196769161340215e-08,3.721020291777934e-05
rho,2,2,11,20,29,21.0,6.2962652107424715,5.0,15.0,1500.0,0.05610092749519845,3.1067406323335825e-07,2.422472911031882e-08,9.871085526771729e-05
rho,2,2,11,20,29,21.0,6.2962652107424715,5.0,15.0,2000.0,0.03090190803379804,2.8650283207433136e-07,1.8491002099167237e-08,0.0003000256103471501
rho,2,2,11,20,29,21.0,6.2962652107424715,5.0,15.0,2500.0,0.017159900253842942,2.8844203579925074e-07,1.3652177674445794e-08,0.0009795554696035709
rho,2,2,11,20,29,21.0,6.2962652107424715,5.0,15.0,3000.0,0.010046971057135864,3.0524768403215424e-07,9.556918998945522e-09,0.0030240020081430423
rho,2,2,11,20,29,21.0,6.2962652107424715,5.0,15.0,3500.0,0.0063908738332250905,3.1612482189696884e-07,6.79302575951998e-09,0.0077399491923846485
rho,2,2,11,20,29,21.0,6.2962652107424715,5.0,15.0,4000.0,0.004443255949702602,3.17027186244743e-07,5.690989847029107e-09,0.016058088384469326
rho,2,2,11,20,29,21.0,6.2962652107424715,5.0,15.0,4500.0,0.0033101335064046815,3.1242539341953146e-07,6.151908878838187e-09,0.02851381349653541
rho,2,2,11,20,29,21.0,6.2962652107424715,5.0,15.0,5000.0,0.0025616647104767603,3.0918646230297596e-07,7.361593648988794e-09,0.047116812160296506
rho,2,2,11,20,29,21.0,6.2962652107424715,5.0,15.0,5500.0,0.0020068809683393782,3.1518852166878263e-07,8.11162769707853e-09,0.07825771522521832
rho,2,2,11,20,29,21.0,6.2962652107424715,5.0,15.0,6000.0,0.0015680514580646095,3.3278918515391294e-07,7.724040833117958e-09,0.1353469841324239
rho,2,2,11,20,29,21.0,6.2962652107424715,5.0,15.0,6500.0,0.0012133896348571203,3.5545997890638207e-07,6.46656467097427e-09,0.2414293967802999
rho,2,2,11,20,29,21.0,6.2962652107424715,5.0,15.0,7000.0,0.0009256006163959063,3.7398395494255853e-07,5.062560472829968e-09,0.4365215611502454
rho,2,2,11,20,29,21.0,6.2962652107424715,5.0,15.0,7500.0,0.0006910596845720432,3.8468865600068237e-07,4.008710658140802e-09,0.8055235920590664
rho,2,2,11,20,29,21.0,6.2962652107424715,5.0,15.0,8000.0,0.0004979338559278464,3.9082537644241804e-07,3.3672591542806894e-09,1.5763020577528262
rho,2,2,11,20,29,21.0,6.2962652107424715,5.0,15.0,8500.0,0.00033597897001147795,3.975977254326103e-07,2.983989662222834e-09,3.522246145069569
rho,2,2,11,20,29,21.0,6.2962652107424715,5.0,15.0,9000.0,0.00019557734829107675,4.0728782222473746e-07,2.73731606651507e-09,10.64790868407809
rho,2,2,11,20,29,21.0,6.2962652107424715,5.0,15.0,9500.0,6.669236565051859e-05,4.185248977372352e-07,2.6050184549712596e-09,94.09554321305438
rho,2,2,11,20,29,21.0,6.2962652107424715,5.0,15.0,10000.0,-6.099432767840033e-05,4.285921386681109e-07,2.6004292617673854e-09,115.20340187914123
rho,2,2,11,20,29,21.0,6.2962652107424715,5.0,15.0,10500.0,-0.00019650365365954866,4.3567189811753957e-07,2.7006945513544478e-09,11.28283632980063
rho,2,2,11,20,29,21.0,6.2962652107424715,5.0,15.0,11000.0,-0.00034540525794864505,4.394266078467347e-07,2.824704073444822e-09,3.6832267981464795
rho,2,2,11,20,29,21.0,6.2962652107424715,5.0,15.0,11500.0,-0.0005082997014384,4.403431268928309e-07,2.8560499122254414e-09,1.7043214613974904
rho,2,2,11,20,29,21.0,6.2962652107424715,5.0,15.0,12000.0,-0.0006806828036721575,4.389025301809342e-07,2.6889545401266466e-09,0.9472803453747383
rho,2,2,11,20,29,21.0,6.2962652107424715,7.0,25.0,0.0,0.0,0.0,0.0,
rho,2,2,11,20,29,21.0,6.2962652107424715,7.0,25.0,500.0,0.17086950507877038,5.944442388208993e-07,3.6605811370068105e-08,2.0360198103544723e-05
rho,2,2,11,20,29,21.0,6.2962652107424715,7.0,25.0,1000.0,0.1415805797917691,6.503241345525477e-07,5.666146170471349e-08,3.244311146609553e-05
rho,2,2,11,20,29,21.0,6.2962652107424715,7.0,25.0,1500.0,0.09288788863387241,5.368098241190284e-07,5.001409552448605e-08,6.221602672518178e-05
rho,2,2,11,20,29,21.0,6.2962652107424715,7.0,25.0,2000.0,0.05741497799003051,4.801778404920631e-07,3.701232916573589e-08,0.00014566382460728773
rho,2,2,11,20,29,21.0,6.2962652107424715,7.0,25.0,2500.0,0.035389741894913465,4.6729900268405543e-07,2.5669154175307603e-08,0.00037311272737335246
rho,2,2,11,20,29,21.0,6.2962652107424715,7.0,25.0,3000.0,0.022333200303271034,4.529846721484183e-07,1.7549937026050887e-08,0.0009082001822226988
rho,2,2,11,20,29,21.0,6.2962652107424715,7.0,25.0,3500.0,0.014636326473925636,4.239168624860826e-07,1.2401461515549177e-08,0.0019788665883808012
rho,2,2,11,20,29,21.0,6.2962652107424715,7.0,25.0,4000.0,0.010057244795990926,3.96812614494268e-07,8.779952952820008e-09,0.0039230823767779826
rho,2,2,11,20,29,21.0,6.2962652107424715,7.0,25.0,4500.0,0.007307267125806201,3.8628833424539205e-07,5.507313814892507e-09,0.007234385131562357
rho,2,2,11,20,29,21.0,6.2962652107424715,7.0,25.0,5000.0,0.005647911150689282,3.9002916805527505e-07,2.8034444310519757e-09,0.012227041170046487
rho,2,2,11,20,29,21.0,6.2962652107424715,7.0,25.0,5500.0,0.004638889500463334,3.9861937919227704e-07,1.4521534849949611e-09,0.018523811510524454
rho,2,2,11,20,29,21.0,6.2962652107424715,7.0,25.0,6000.0,0.00400567021424087,4.0742140395041166e-07,1.52763289329829e-09,0.025391798255112435
rho,2,2,11,20,29,21.0,6.2962652107424715,7.0,25.0,6500.0,0.0035747345070902543,4.1871999983220715e-07,2.2264120430414264e-09,0.032766957656322836
rho,2,2,11,20,29,21.0,6.2962652107424715,7.0,25.0,7000.0,0.003239782719021251,4.3692705481599394e-07,2.580504200309888e-09,0.041627196991926886
rho,2,2,11,20,29,21.0,6.2962652107424715,7.0,25.0,7500.0,0.0029403107406582264,4.6308006671260905e-07,2.131550735257827e-09,0.053563583757563114
rho,2,2,11,20,29,21.0,6.2962652107424715,7.0,25.0,8000.0,0.002645873678537807,4.928538294104835e-07,1.0900491512703347e-09,0.07040117757776004
rho,2,2,11,20,29,21.0,6.2962652107424715,7.0,25.0,8500.0,0.0023445089580055056,5.187315197008645e-07,6.523328744846699e-11,0.09437106255596599
rho,2,2,11,20,29,21.0,6.2962652107424715,7.0,25.0,9000.0,0.0020348798012787424,5.339468365501206e-07,-3.3947326873030785e-10,0.1289497474872145
rho,2,2,11,20,29,21.0,6.2962652107424715,7.0,25.0,9500.0,0.0017213874079446412,5.352703166312872e-07,1.7366422339025925e-10,0.18064082863849676
rho,2,2,11,20,29,21.0,6.2962652107424715,7.0,25.0,10000.0,0.0014112415096244073,5.234073443457046e-07,1.5048178334722129e-09,0.26280712062905426
rho,2,2,11,20,29,21.0,6.2962652107424715,7.0,25.0,10500.0,0.0011126207655572822,5.01632875202431e-07,3.254957952670005e-09,0.40522074292873195
rho,2,2,11,20,29,21.0,6.2962652107424715,7.0,25.0,11000.0,0.0008334067426737726,4.7392646494946543e-07,4.923149517703423e-09,0.6823338889984758
rho,2,2,11,20,29,21.0,6.2962652107424715,7.0,25.0,11500.0,0.0005802869081459521,4.435202254160584e-07,6.097365210305115e-09,1.317127702678648
rho,2,2,11,20,29,21.0,6.2962652107424715,7.0,25.0,12000.0,0.0003581813071817474,4.122377388073459e-07,6.5682682321531556e-09,3.213230740342355
rho,2,2,11,20,29,21.0,6.2962652107424715,10.0,30.0,0.0,0.0,0.0,0.0,
rho,2,2,11,20,29,21.0,6.2962652107424715,10.0,30.0,500.0,0.19012108528429925,5.592362506691326e-07,3.1598968925222314e-08,1.5471582799157317e-05
rho,2,2,11,20,29,21.0,6.2962652107424715,10.0,30.0,1000.0,0.1647990588589587,7.275202475063913e-07,5.081758066749059e-08,2.678771256397272e-05
rho,2,2,11,20,29,21.0,6.2962652107424715,10.0,30.0,1500.0,0.11391473167392382,8.098885581269247e-07,3.7471786396566556e-08,6.241162356541065e-05
rho,2,2,11,20,29,21.0,6.2962652107424715,10.0,30.0,2000.0,0.07459180259204215,8.57233526928569e-07,1.538223784788512e-08,0.00015406959582438674
rho,2,2,11,20,29,21.0,6.2962652107424715,10.0,30.0,2500.0,0.04886119950413388,8.136395675244255e-07,-1.5707884539200456e-09,0.00034080331584189244
rho,2,2,11,20,29,21.0,6.2962652107424715,10.0,30.0,3000.0,0.03279750813197676,6.95727395836011e-07,-9.280876775609356e-09,0.0006467812303978818
rho,2,2,11,20,29,21.0,6.2962652107424715,10.0,30.0,3500.0,0.02284325886159196,5.665869199268061e-07,-9.46091239324942e-09,0.0010858014612823213
rho,2,2,11,20,29,21.0,6.2962652107424715,10.0,30.0,4000.0,0.016633554858910254,4.6968610239905275e-07,-6.025603202018664e-09,0.0016976085748106476
rho,2,2,11,20,29,21.0,6.2962652107424715,10.0,30.0,4500.0,0.01271458498840551,4.108761471283153e-07,-2.1576186295567914e-09,0.002541596193436998
rho,2,2,11,20,29,21.0,6.2962652107424715,10.0,30.0,5000.0,0.010196783715929846,3.770025780903068e-07,5.870529185412057e-10,0.003625917387359203
rho,2,2,11,20,29,21.0,6.2962652107424715,10.0,30.0,5500.0,0.008526909760363521,3.5533207375258755e-07,1.9407679240668152e-09,0.004887098323484663
rho,2,2,11,20,29,21.0,6.2962652107424715,10.0,30.0,6000.0,0.007360373966827454,3.397656033659725e-07,2.33646080964228e-09,0.006271618740660615
rho,2,2,11,20,29,21.0,6.2962652107424715,10.0,30.0,6500.0,0.006488556597261016,3.294557782422443e-07,2.324788780863655e-09,0.007825298890312254
rho,2,2,11,20,29,21.0,6.2962652107424715,10.0,30.0,7000.0,0.005791589029330539,3.274240844894831e-07,2.1499849476588936e-09,0.009761468300635519
rho,2,2,11,20,29,21.0,6.2962652107424715,10.0,30.0,7500.0,0.00520421765781768,3.3953517852020466e-07,1.6748932742755395e-09,0.012536429809681825
rho,2,2,11,20,29,21.0,6.2962652107424715,10.0,30.0,8000.0,0.0046913450094420535,3.7115450381130395e-07,6.334580317167494e-10,0.01686397653200396
rho,2,2,11,20,29,21.0,6.2962652107424715,10.0,30.0,8500.0,0.004232242854174761,4.2249836503825643e-07,-1.0476695033122634e-09,0.02358760638317004
rho,2,2,11,20,29,21.0,6.2962652107424715,10.0,30.0,9000.0,0.003812036224102181,4.867611597085417e-07,-3.126825877903894e-09,0.03349668886776325
rho,2,2,11,20,29,21.0,6.2962652107424715,10.0,30.0,9500.0,0.0034183795701765644,5.530016158146032e-07,-5.1896665028153415e-09,0.04732447793843149
rho,2,2,11,20,29,21.0,6.2962652107424715,10.0,30.0,10000.0,0.003041142283273268,6.114726649288338e-07,-6.905432353873242e-09,0.06611554284691645
rho,2,2,11,20,29,21.0,6.2962652107424715,10.0,30.0,10500.0,0.002673315968111727,6.574155493795628e-07,-8.192930608507038e-09,0.09198973905825955
rho,2,2,11,20,29,21.0,6.2962652107424715,10.0,30.0,11000.0,0.0023119428338941577,6.91266274306039e-07,-9.20254476477705e-09,0.129327590484514
rho,2,2,11,20,29,21.0,6.2962652107424715,10.0,30.0,11500.0,0.0019584253613509853,7.161741151083633e-07,-1.0166730372646301e-08,0.18672590414401533
rho,2,2,11,20,29,21.0,6.2962652107424715,10.0,30.0,12000.0,0.001618023433880569,7.351300893605229e-07,-1.1238403485940835e-08,0.2807983714170794
rho,2,2,11,20,29,21.0,6.2962652107424715,12.0,36.0,0.0,0.0,0.0,0.0,
rho,2,2,11,20,29,21.0,6.2962652107424715,12.0,36.0,500.0,0.20541865751516275,5.029337439002118e-07,2.781020326407357e-08,1.1918758001922606e-05
rho,2,2,11,20,29,21.0,6.2962652107424715,12.0,36.0,1000.0,0.18446542801878593,7.030290443990716e-07,4.8643173694943675e-08,2.0660617606085518e-05
rho,2,2,11,20,29,21.0,6.2962652107424715,12.0,36.0,1500.0,0.1330016060339985,8.227200657724234e-07,4.0002437089943113e-08,4.650914108840601e-05
rho,2,2,11,20,29,21.0,6.2962652107424715,12.0,36.0,2000.0,0.09129060327577396,8.596985380517625e-07,2.521554562274116e-08,0.00010315589089052872
rho,2,2,11,20,29,21.0,6.2962652107424715,12.0,36.0,2500.0,0.06279752700426634,7.940926744076999e-07,1.5703992625751642e-08,0.0002013659831825579
rho,2,2,11,20,29,21.0,6.2962652107424715,12.0,36.0,3000.0,0.04417788899591726,6.760837872043565e-07,1.0983448545865177e-08,0.00034641014492712744
rho,2,2,11,20,29,21.0,6.2962652107424715,12.0,36.0,3500.0,0.0320499557613354,5.687184874529073e-07,7.555868154021688e-09,0.0005536591445816912
rho,2,2,11,20,29,21.0,6.2962652107424715,12.0,36.0,4000.0,0.024051442745271857,5.032534558619553e-07,3.752409687840082e-09,0.0008699704471204071
rho,2,2,11,20,29,21.0,6.2962652107424715,12.0,36.0,4500.0,0.018676563221992796,4.758327661675776e-07,6.409573249714498e-11,0.0013641446368629576
rho,2,2,11,20,29,21.0,6.2962652107424715,12.0,36.0,5000.0,0.014980474117910703,4.673341285482475e-07,-2.51020096652349e-09,0.002082458621488425
rho,2,2,11,20,29,21.0,6.2962652107424715,12.0,36.0,5500.0,0.01236446979549971,4.609507180188475e-07,-3.592861415335258e-09,0.0030151123517450553
rho,2,2,11,20,29,21.0,6.2962652107424715,12.0,36.0,6000.0,0.010445717679364062,4.4828216414423796e-07,-3.4630124022719665e-09,0.004108420544412007
rho,2,2,11,20,29,21.0,6.2962652107424715,12.0,36.0,6500.0,0.008980372684936186,4.283424132773939e-07,-2.6589107224803877e-09,0.005311318664656733
rho,2,2,11,20,29,21.0,6.2962652107424715,12.0,36.0,7000.0,0.007815740048026975,4.047548513770321e-07,-1.6711392652078447e-09,0.006626006389097426
rho,2,2,11,20,29,21.0,6.2962652107424715,12.0,36.0,7500.0,0.006858466725519131,3.826761348695402e-07,-8.045866537020153e-10,0.00813536994926244
rho,2,2,11,20,29,21.0,6.2962652107424715,12.0,36.0,8000.0,0.006052791500648023,3.658264603542645e-07,-1.5519064674422043e-10,0.00998535907367157
rho,2,2,11,20,29,21.0,6.2962652107424715,12.0,36.0,8500.0,0.0053658512353888035,3.5476405566260346e-07,3.274304232454483e-10,0.012321465210416193
rho,2,2,11,20,29,21.0,6.2962652107424715,12.0,36.0,9000.0,0.004777992565675425,3.4726089794637316e-07,7.400913564495312e-10,0.015211251416795458
rho,2,2,11,20,29,21.0,6.2962652107424715,12.0,36.0,9500.0,0.004276480575316986,3.4012397237479065e-07,1.1605516066675365e-09,0.018597914004037406
rho,2,2,11,20,29,21.0,6.2962652107424715,12.0,36.0,10000.0,0.0038514759523352407,3.309296370138138e-07,1.6448402065344885e-09,0.02230906052744838
rho,2,2,11,20,29,21.0,6.2962652107424715,12.0,36.0,10500.0,0.0034936346799913824,3.1873578171883705e-07,2.2507432396244426e-09,0.026114146771495275
rho,2,2,11,20,29,21.0,6.2962652107424715,12.0,36.0,11000.0,0.0031929987541249785,3.0394037748784026e-07,3.0364444710659295e-09,0.029811985433279467
rho,2,2,11,20,29,21.0,6.2962652107424715,12.0,36.0,11500.0,0.002938929467897358,2.8790806535387126e-07,4.022351571593247e-09,0.03333308458039966
rho,2,2,11,20,29,21.0,6.2962652107424715,12.0,36.0,12000.0,0.0027207621768263273,2.7269317106754733e-07,5.1458593607699355e-09,0.0368377502491239
rho,2,2,11,20,29,21.0,6.2962652107424715,15.0,40.0,0.0,0.0,0.0,0.0,
rho,2,2,11,20,29,21.0,6.2962652107424715,15.0,40.0,500.0,0.21553651818012276,4.4609923373953274e-07,2.7752095588564685e-08,9.602620185542479e-06
rho,2,2,11,20,29,21.0,6.2962652107424715,15.0,40.0,1000.0,0.1977835106043177,6.581649678588485e-07,4.9125456366797915e-08,1.6824981676285024e-05
rho,2,2,11,20,29,21.0,6.2962652107424715,15.0,40.0,1500.0,0.1463756481278293,7.549927200984224e-07,4.4129337857749544e-08,3.5237501055608986e-05
rho,2,2,11,20,29,21.0,6.2962652107424715,15.0,40.0,2000.0,0.10342769373578957,7.323458807546075e-07,3.208674400719567e-08,6.846089329276492e-05
rho,2,2,11,20,29,21.0,6.2962652107424715,15.0,40.0,2500.0,0.07328762897359958,6.215936237758925e-07,2.4372143013406822e-08,0.00011572980142172761
rho,2,2,11,20,29,21.0,6.2962652107424715,15.0,40.0,3000.0,0.053036312074322946,5.06770166361068e-07,2.1123758227080282e-08,0.00018016250229348327
rho,2,2,11,20,29,21.0,6.2962652107424715,15.0,40.0,3500.0,0.03946568484775919,4.3337762567347224e-07,1.9459653791720265e-08,0.00027824489106221547
rho,2,2,11,20,29,21.0,6.2962652107424715,15.0,40.0,4000.0,0.030248577678479903,3.98107318141299e-07,1.7679580310586724e-08,0.00043510116294003074
rho,2,2,11,20,29,21.0,6.2962652107424715,15.0,40.0,4500.0,0.023855892503466525,3.832257563019869e-07,1.5571504131353293e-08,0.0006733848661229213
rho,2,2,11,20,29,21.0,6.2962652107424715,15.0,40.0,5000.0,0.019310016716585332,3.7684605945781293e-07,1.3514863897178838e-08,0.0010106451097042165
rho,2,2,11,20,29,21.0,6.2962652107424715,15.0,40.0,5500.0,0.01598951309747831,3.738356894662034e-07,1.1801658511707521e-08,0.0014622117928925764
rho,2,2,11,20,29,21.0,6.2962652107424715,15.0,40.0,6000.0,0.013499574485349716,3.7064389947691957e-07,1.05420459423238e-08,0.00203383959220479
rho,2,2,11,20,29,21.0,6.2962652107424715,15.0,40.0,6500.0,0.011589077269270264,3.6251829464402133e-07,9.827439972384022e-09,0.0026991822625407422
rho,2,2,11,20,29,21.0,6.2962652107424715,15.0,40.0,7000.0,0.010097210950916508,3.45170358154339e-07,9.742269144576851e-09,0.0033855609276534004
rho,2,2,11,20,29,21.0,6.2962652107424715,15.0,40.0,7500.0,0.008918816375436085,3.181579171354343e-07,1.0220490520114151e-08,0.0039997080277052776
rho,2,2,11,20,29,21.0,6.2962652107424715,15.0,40.0,8000.0,0.007981894031387634,2.8603166991720824e-07,1.0988626373272567e-08,0.0044895437302094904
rho,2,2,11,20,29,21.0,6.2962652107424715,15.0,40.0,8500.0,0.0072333066661813585,2.560554838069202e-07,1.1690239962895073e-08,0.004893958984828283
rho,2,2,11,20,29,21.0,6.2962652107424715,15.0,40.0,9000.0,0.006630204965171804,2.3452261765232453e-07,1.2064955828932232e-08,0.00533495578354461
rho,2,2,11,20,29,21.0,6.2962652107424715,15.0,40.0,9500.0,0.006135554402010063,2.2436092351003395e-07,1.2029785361478457e-08,0.005959908559044454
rho,2,2,11,20,29,21.0,6.2962652107424715,15.0,40.0,10000.0,0.00571654610287043,2.251307925354607e-07,1.1633913577926178e-08,0.006889179165740252
rho,2,2,11,20,29,21.0,6.2962652107424715,15.0,40.0,10500.0,0.005344820073313204,2.3465002869437513e-07,1.0961187056886992e-08,0.008213994959929624
rho,2,2,11,20,29,21.0,6.2962652107424715,15.0,40.0,11000.0,0.004997502970230044,2.5071640065521336e-07,1.0063929853177063e-08,0.010038680275898356
rho,2,2,11,20,29,21.0,6.2962652107424715,15.0,40.0,11500.0,0.004658204415590908,2.7185433070383665e-07,8.960119566917608e-09,0.012528502683881755
rho,2,2,11,20,29,21.0,6.2962652107424715,15.0,40.0,12000.0,0.004317375563264045,2.9699193507600913e-07,7.672809707295851e-09,0.015933273020840633
rho,2,2,11,20,29,21.0,6.2962652107424715,20.0,50.0,0.0,0.0,0.0,0.0,
rho,2,2,11,20,29,21.0,6.2962652107424715,20.0,50.0,500.0,0.23220785086977275,4.1283402508981473e-07,1.8002157285637372e-08,7.656348369101421e-06
rho,2,2,11,20,29,21.0,6.2962652107424715,20.0,50.0,1000.0,0.22012470306248758,6.390867200384169e-07,2.8577572871147673e-08,1.3189314583640696e-05
rho,2,2,11,20,29,21.0,6.2962652107424715,20.0,50.0,1500.0,0.1690666572602733,6.943114386550274e-07,2.8741193656010247e-08,2.429060815746512e-05
rho,2,2,11,20,29,21.0,6.2962652107424715,20.0,50.0,2000.0,0.1244428995353519,6.495187464869032e-07,2.4006217782236184e-08,4.194222318501064e-05
rho,2,2,11,20,29,21.0,6.2962652107424715,20.0,50.0,2500.0,0.09203745946533404,5.668606309149789e-07,1.8206807661891917e-08,6.691863156435185e-05
rho,2,2,11,20,29,21.0,6.2962652107424715,20.0,50.0,3000.0,0.06948171277728864,4.870176982833321e-07,1.4093729244826754e-08,0.00010087968387393946
rho,2,2,11,20,29,21.0,6.2962652107424715,20.0,50.0,3500.0,0.05376926410112835,4.257159660650286e-07,1.2002054140221753e-08,0.00014724879618642546
rho,2,2,11,20,29,21.0,6.2962652107424715,20.0,50.0,4000.0,0.042634832326210806,3.8553114784794686e-07,1.0866412775729464e-08,0.00021209496202580352
rho,2,2,11,20,29,21.0,6.2962652107424715,20.0,50.0,4500.0,0.03454854000381376,3.6183766316993314e-07,9.885227523791354e-09,0.00030314776571997666
rho,2,2,11,20,29,21.0,6.2962652107424715,20.0,50.0,5000.0,0.02850829745233043,3.442963320792387e-07,9.059533339454469e-09,0.00042363304849076124
rho,2,2,11,20,29,21.0,6.2962652107424715,20.0,50.0,5500.0,0.023868192690624138,3.2150247340767647e-07,8.761098654544677e-09,0.000564345735761317
rho,2,2,11,20,29,21.0,6.2962652107424715,20.0,50.0,6000.0,0.020218885538464626,2.885121748737334e-07,9.139739554377926e-09,0.0007057480993796293
rho,2,2,11,20,29,21.0,6.2962652107424715,20.0,50.0,6500.0,0.01730331672068894,2.498102343937598e-07,9.926982186591392e-09,0.0008343562287952394
rho,2,2,11,20,29,21.0,6.2962652107424715,20.0,50.0,7000.0,0.01495668636187241,2.1488762122177351e-07,1.0662151723934708e-08,0.0009605956705497279
rho,2,2,11,20,29,21.0,6.2962652107424715,20.0,50.0,7500.0,0.013065737677477325,1.9151146309983068e-07,1.1003340829401055e-08,0.0011218296263297792
rho,2,2,11,20,29,21.0,6.2962652107424715,20.0,50.0,8000.0,0.011544002989719955,1.8234664698677144e-07,1.0838456450163403e-08,0.0013683113227032897
rho,2,2,11,20,29,21.0,6.2962652107424715,20.0,50.0,8500.0,0.010319217549903857,1.8576237830125927e-07,1.0201899857871912e-08,0.0017444728951577114
rho,2,2,11,20,29,21.0,6.2962652107424715,20.0,50.0,9000.0,0.009328707748775152,1.9829368395100407e-07,9.171274513001873e-09,0.0022785885253047986
rho,2,2,11,20,29,21.0,6.2962652107424715,20.0,50.0,9500.0,0.008518914487357872,2.164545907131506e-07,7.850899282619105e-09,0.002982622456552179
rho,2,2,11,20,29,21.0,6.2962652107424715,20.0,50.0,10000.0,0.00784616802657449,2.373442705333409e-07,6.404587021568985e-09,0.003855347629177936
rho,2,2,11,20,29,21.0,6.2962652107424715,20.0,50.0,10500.0,0.0072770001818111,2.58644825451282e-07,5.050053904289587e-09,0.004884262792226505
rho,2,2,11,20,29,21.0,6.2962652107424715,20.0,50.0,11000.0,0.00678733885686036,2.7867739486163175e-07,3.986159338677356e-09,0.006049265951500547
rho,2,2,11,20,29,21.0,6.2962652107424715,20.0,50.0,11500.0,0.006360691637358854,2.9666453170376197e-07,3.3016257929525695e-09,0.007332582247316967
rho,2,2,11,20,29,21.0,6.2962652107424715,20.0,50.0,12000.0,0.005985828183897616,3.1291718712375817e-07,2.9338526311042395e-09,0.008733351179911456
rho,2,2,11,20,29,21.0,6.2962652107424715,25.0,60.0,0.0,0.0,0.0,0.0,
rho,2,2,11,20,29,21.0,6.2962652107424715,25.0,60.0,500.0,0.24318172808576932,3.575006848434285e-07,1.8107305755910022e-08,6.045260186069025e-06
rho,2,2,11,20,29,21.0,6.2962652107424715,25.0,60.0,1000.0,0.23494586387460353,5.6122107367908e-07,2.5485501135021244e-08,1.0167129671621127e-05
rho,2,2,11,20,29,21.0,6.2962652107424715,25.0,60.0,1500.0,0.18425961483143322,5.751390335449612e-07,2.9469783762412436e-08,1.6939965648203538e-05
rho,2,2,11,20,29,21.0,6.2962652107424715,25.0,60.0,2000.0,0.13876680422551171,5.427781138143806e-07,3.125630174729362e-08,2.8187149189248588e-05
rho,2,2,11,20,29,21.0,6.2962652107424715,25.0,60.0,2500.0,0.1052019732502461,5.159358729087067e-07,2.9358641298835957e-08,4.66173898801405e-05
rho,2,2,11,20,29,21.0,6.2962652107424715,25.0,60.0,3000.0,0.0814844258512243,4.858079065890903e-07,2.490094516193063e-08,7.316701865025561e-05
rho,2,2,11,20,29,21.0,6.2962652107424715,25.0,60.0,3500.0,0.06463481913572476,4.448104967548895e-07,2.0208795084962924e-08,0.00010647360323468259
rho,2,2,11,20,29,21.0,6.2962652107424715,25.0,60.0,4000.0,0.05237525881982673,3.983549762117354e-07,1.6994094744893433e-08,0.00014521714108818993
rho,2,2,11,20,29,21.0,6.2962652107424715,25.0,60.0,4500.0,0.04320172133134845,3.560639315623016e-07,1.5581039214668233e-08,0.00019077694083966814
rho,2,2,11,20,29,21.0,6.2962652107424715,25.0,60.0,5000.0,0.036167486770220185,3.2646240052974504e-07,1.5117965562571714e-08,0.0002495723722915099
rho,2,2,11,20,29,21.0,6.2962652107424715,25.0,60.0,5500.0,0.0306759031194779,3.1511740357833396e-07,1.4406931597687545e-08,0.00033487110437280737
rho,2,2,11,20,29,21.0,6.2962652107424715,25.0,60.0,6000.0,0.02633582852564861,3.235718320178787e-07,1.2716604929545021e-08,0.0004665269493232047
rho,2,2,11,20,29,21.0,6.2962652107424715,25.0,60.0,6500.0,0.022873595593644908,3.4918730887924375e-07,1.0075056640722779e-08,0.0006674051814648884
rho,2,2,11,20,29,21.0,6.2962652107424715,25.0,60.0,7000.0,0.020084750404524853,3.8606962087987005e-07,7.02751516128822e-09,0.000957045864514632
rho,2,2,11,20,29,21.0,6.2962652107424715,25.0,60.0,7500.0,0.017810177829680765,4.267203880623538e-07,4.1960335932947366e-09,0.0013452620216191104
rho,2,2,11,20,29,21.0,6.2962652107424715,25.0,60.0,8000.0,0.0159251391797575,4.6403967087847644e-07,1.96686349506208e-09,0.0018297368595343489
rho,2,2,11,20,29,21.0,6.2962652107424715,25.0,60.0,8500.0,0.01433386395850081,4.932235078712952e-07,4.1661242595430247e-10,0.002400585679542683
rho,2,2,11,20,29,21.0,6.2962652107424715,25.0,60.0,9000.0,0.012965737050372373,5.128764462998454e-07,-5.955879437002515e-10,0.003050832296579496
rho,2,2,11,20,29,21.0,6.2962652107424715,25.0,60.0,9500.0,0.011771407619018119,5.248123092837163e-07,-1.2944327958808094e-09,0.0037874526787700495
rho,2,2,11,20,29,21.0,6.2962652107424715,25.0,60.0,10000.0,0.010718409088421008,5.326582459482659e-07,-1.890090313159817e-09,0.004636475798785889
rho,2,2,11,20,29,21.0,6.2962652107424715,25.0,60.0,10500.0,0.00978648017629854,5.400493569651894e-07,-2.529008858877171e-09,0.00563871847240302
rho,2,2,11,20,29,21.0,6.2962652107424715,25.0,60.0,11000.0,0.008963032624854844,5.49358454722554e-07,-3.28064223089658e-09,0.0068382639217336475
rho,2,2,11,20,29,21.0,6.2962652107424715,25.0,60.0,11500.0,0.008239266796872613,5.614344032255746e-07,-4.148110294853646e-09,0.008270311918381247
rho,2,2,11,20,29,21.0,6.2962652107424715,25.0,60.0,12000.0,0.00760732662199089,5.761380122285798e-07,-5.094762625334282e-09,0.009955484569376184
rho,2,2,11,20,29,21.0,6.2962652107424715,30.0,80.0,0.0,0.0,0.0,0.0,
rho,2,2,11,20,29,21.0,6.2962652107424715,30.0,80.0,500.0,0.2557693954654095,2.963094323421971e-07,1.4649962815680938e-08,4.529479751271174e-06
rho,2,2,11,20,29,21.0,6.2962652107424715,30.0,80.0,1000.0,0.25088097060628634,4.293995210737105e-07,2.4542324430164266e-08,6.822226174663863e-06
rho,2,2,11,20,29,21.0,6.2962652107424715,30.0,80.0,1500.0,0.19915448181749873,5.178467611979429e-07,2.3011338054579476e-08,1.3056329318734558e-05
rho,2,2,11,20,29,21.0,6.2962652107424715,30.0,80.0,2000.0,0.1518275144745841,6.174077104226585e-07,1.524973361481414e-08,2.678373158767756e-05
rho,2,2,11,20,29,21.0,6.2962652107424715,30.0,80.0,2500.0,0.1168373375337299,6.766005143723909e-07,7.634987092595648e-09,4.956430491141312e-05
rho,2,2,11,20,29,21.0,6.2962652107424715,30.0,80.0,3000.0,0.09223321162333525,6.953308854456553e-07,2.5606717103136247e-09,8.173665446730932e-05
rho,2,2,11,20,29,21.0,6.2962652107424715,30.0,80.0,3500.0,0.0748957357227191,7.016988996903204e-07,-4.1215583836454045e-10,0.00012509403834900934
rho,2,2,11,20,29,21.0,6.2962652107424715,30.0,80.0,4000.0,0.06239986507240926,7.122182678670258e-07,-2.2650899807355158e-09,0.00018291352007770176
rho,2,2,11,20,29,21.0,6.2962652107424715,30.0,80.0,4500.0,0.05312276650743724,7.280214207179378e-07,-3.4920336696374273e-09,0.00025797807031072427
rho,2,2,11,20,29,21.0,6.2962652107424715,30.0,80.0,5000.0,0.04601706973053066,7.436183553574315e-07,-4.079629697407959e-09,0.00035116577361274083
rho,2,2,11,20,29,21.0,6.2962652107424715,30.0,80.0,5500.0,0.04040443120128582,7.525196767705728e-07,-3.93441255465234e-09,0.0004609564175039888
rho,2,2,11,20,29,21.0,6.2962652107424715,30.0,80.0,6000.0,0.0358414370513732,7.500330736215123e-07,-3.2367986221529562e-09,0.0005838611603852566
rho,2,2,11,20,29,21.0,6.2962652107424715,30.0,80.0,6500.0,0.032038495150606146,7.353990126689743e-07,-2.44955092150686e-09,0.0007164383488854999
rho,2,2,11,20,29,21.0,6.2962652107424715,30.0,80.0,7000.0,0.028808470689748282,7.122962423712906e-07,-2.065801702753858e-09,0.0008582627126063953
rho,2,2,11,20,29,21.0,6.2962652107424715,30.0,80.0,7500.0,0.026031390853066095,6.8682672170254e-07,-2.340318479061212e-09,0.0010135669422167354
rho,2,2,11,20,29,21.0,6.2962652107424715,30.0,80.0,8000.0,0.02362910682685519,6.643195034745268e-07,-3.1779427275524245e-09,0.0011898230864839418
rho,2,2,11,20,29,21.0,6.2962652107424715,30.0,80.0,8500.0,0.02154743228834203,6.470224980585974e-07,-4.205610171556908e-09,0.0013935685377072216
rho,2,2,11,20,29,21.0,6.2962652107424715,30.0,80.0,9000.0,0.019744434286365912,6.336567997428869e-07,-4.949077898235043e-09,0.0016254166710188654
rho,2,2,11,20,29,21.0,6.2962652107424715,30.0,80.0,9500.0,0.01818365263829414,6.206137727900507e-07,-5.012863905643982e-09,0.0018769778878160327
rho,2,2,11,20,29,21.0,6.2962652107424715,30.0,80.0,10000.0,0.0168308869158125,6.040086670507457e-07,-4.198847225435508e-09,0.0021322060257851654
rho,2,2,11,20,29,21.0,6.2962652107424715,30.0,80.0,10500.0,0.015653201756792034,5.81613403269156e-07,-2.5461742479101255e-09,0.0023737120820210666
rho,2,2,11,20,29,21.0,6.2962652107424715,30.0,80.0,11000.0,0.014619061137777969,5.538127458673342e-07,-3.0164913527700677e-10,0.0025913375126518515
rho,2,2,11,20,29,21.0,6.2962652107424715,30.0,80.0,11500.0,0.013698914564254023,5.232703967111979e-07,2.1607690925040495e-09,0.002788392151036785
rho,2,2,11,20,29,21.0,6.2962652107424715,30.0,80.0,12000.0,0.01286594454694385,4.937041227412086e-07,4.444796887745174e-09,0.0029825202663797423
rho,3,0,3,18,33,19.0,6.2962652107424715,5.0,15.0,0.0,0.0,0.0,0.0,
rho,3,0,3,18,33,19.0,6.2962652107424715,5.0,15.0,500.0,0.13060629853978006,2.2342259666648848e-07,2.949270571797114e-08,1.3097815002852393e-05
rho,3,0,3,18,33,19.0,6.2962652107424715,5.0,15.0,1000.0,0.09856287819193399,2.5205824851811496e-07,2.9256540626528176e-08,2.5946223810164458e-05
rho,3,0,3,18,33,19.0,6.2962652107424715,5.0,15.0,1500.0,0.058674944285141827,2.2616983091669814e-07,1.3895229731129652e-08,6.56945438689183e-05
rho,3,0,3,18,33,19.0,6.2962652107424715,5.0,15.0,2000.0,0.03312385492205308,1.9979713931585123e-07,6.937136331831458e-09,0.00018209898206129123
rho,3,0,3,18,33,19.0,6.2962652107424715,5.0,15.0,2500.0,0.019029478634667158,1.8098362938159714e-07,8.13388494977434e-09,0.0004997876423629046
rho,3,0,3,18,33,19.0,6.2962652107424715,5.0,15.0,3000.0,0.011587793989355109,1.7343055216760736e-07,1.1310993647841418e-08,0.0012915882206910164
rho,3,0,3,18,33,19.0,6.2962652107424715,5.0,15.0,3500.0,0.0076572103986619205,1.7047077944351157e-07,1.3194852050455843e-08,0.0029074267774412185
rho,3,0,3,18,33,19.0,6.2962652107424715,5.0,15.0,4000.0,0.00552709754250541,1.6597588827195445e-07,1.3601227833362287e-08,0.0054331380909330455
rho,3,0,3,18,33,19.0,6.2962652107424715,5.0,15.0,4500.0,0.004319848627742186,1.6039018670908125e-07,1.329593034672572e-08,0.008594898159074467
rho,3,0,3,18,33,19.0,6.2962652107424715,5.0,15.0,5000.0,0.003591354446920941,1.5722163252018905e-07,1.2614160192625337e-08,0.012189777037950726
rho,3,0,3,18,33,19.0,6.2962652107424715,5.0,15.0,5500.0,0.003115051369158734,1.5854075572378306e-07,1.1383738759211713e-08,0.016338436642775542
rho,3,0,3,18,33,19.0,6.2962652107424715,5.0,15.0,6000.0,0.002772534253532763,1.6345625776562054e-07,9.488092471643579e-09,0.02126413451960793
rho,3,0,3,18,33,19.0,6.2962652107424715,5.0,15.0,6500.0,0.002499662057276263,1.6933993517766062e-07,7.218879050064031e-09,0.027101716195431454
rho,3,0,3,18,33,19.0,6.2962652107424715,5.0,15.0,7000.0,0.0022611750531741285,1.7375750966309946e-07,5.146487810428703e-09,0.03398405616128409
rho,3,0,3,18,33,19.0,6.2962652107424715,5.0,15.0,7500.0,0.002039275238132509,1.7567272685861027e-07,3.757240666053132e-09,0.04224279551522887
rho,3,0,3,18,33,19.0,6.2962652107424715,5.0,15.0,8000.0,0.0018277108790141752,1.7564602643417493e-07,3.1907348356726115e-09,0.05258033340938993
rho,3,0,3,18,33,19.0,6.2962652107424715,5.0,15.0,8500.0,0.0016270588971471836,1.7525381458877814e-07,3.2242132302985275e-09,0.06620044846926851
rho,3,0,3,18,33,19.0,6.2962652107424715,5.0,15.0,9000.0,0.0014401973938382392,1.7617849428110982e-07,3.455202225202511e-09,0.08493933422456096
rho,3,0,3,18,33,19.0,6.2962652107424715,5.0,15.0,9500.0,0.0012688411552198243,1.7948475367945174e-07,3.540891176417457e-09,0.11148413025183242
rho,3,0,3,18,33,19.0,6.2962652107424715,5.0,15.0,10000.0,0.0011121740650739574,1.8537840734991484e-07,3.3538618618660817e-09,0.1498696246727868
rho,3,0,3,18,33,19.0,6.2962652107424715,5.0,15.0,10500.0,0.0009676526447794788,1.93411278738817e-07,2.982643181765886e-09,0.20655838071993007
rho,3,0,3,18,33,19.0,6.2962652107424715,5.0,15.0,11000.0,0.0008330066846339642,2.028852229585443e-07,2.606507979108251e-09,0.2923838925000515
rho,3,0,3,18,33,19.0,6.2962652107424715,5.0,15.0,11500.0,0.0007080706111148403,2.1318537942683212e-07,2.344788281540756e-09,0.42521079204119305
rho,3,0,3,18,33,19.0,6.2962652107424715,5.0,15.0,12000.0,0.0005954577774486175,2.2388845458970387e-07,2.1760391599675024e-09,0.6314366045188021
rho,3,0,3,18,33,19.0,6.2962652107424715,7.0,25.0,0.0,0.0,0.0,0.0,
rho,3,0,3,18,33,19.0,6.2962652107424715,7.0,25.0,500.0,0.17645935858870962,2.8637995322839676e-07,2.9581710597036384e-08,9.19714897583847e-06
rho,3,0,3,18,33,19.0,6.2962652107424715,7.0,25.0,1000.0,0.14866422260255596,3.937294932183555e-07,4.5016442891747776e-08,1.781496688809644e-05
rho,3,0,3,18,33,19.0,6.2962652107424715,7.0,25.0,1500.0,0.09930182712388033,3.920441931067411e-07,3.0378854422187264e-08,3.975763539621037e-05
rho,3,0,3,18,33,19.0,6.2962652107424715,7.0,25.0,2000.0,0.06256095643395526,3.6297311191654347e-07,1.155581128520807e-08,9.274012899322095e-05
rho,3,0,3,18,33,19.0,6.2962652107424715,7.0,25.0,2500.0,0.039371210672886674,3.244179204121493e-07,7.45453020198768e-10,0.00020928943076102544
rho,3,0,3,18,33,19.0,6.2962652107424715,7.0,25.0,3000.0,0.02545205953357674,2.911638609933832e-07,-2.8759415528750465e-09,0.0004494605810812304
rho,3,0,3,18,33,19.0,6.2962652107424715,7.0,25.0,3500.0,0.01717404111413591,2.6849897754304775e-07,-3.181480417831232e-09,0.0009103274522703078
rho,3,0,3,18,33,19.0,6.2962652107424715,7.0,25.0,4000.0,0.012198515028462536,2.5355986043292523e-07,-2.6779196181994525e-09,0.0017039881604340328
rho,3,0,3,18,33,19.0,6.2962652107424715,7.0,25.0,4500.0,0.009136529894753265,2.4396187603931344e-07,-2.3679701434153037e-09,0.0029225328755020314
rho,3,0,3,18,33,19.0,6.2962652107424715,7.0,25.0,5000.0,0.007182946084621726,2.3862436375687407e-07,-2.423611984266749e-09,0.0046249769240786975
rho,3,0,3,18,33,19.0,6.2962652107424715,7.0,25.0,5500.0,0.005873761192808259,2.3552707347515786e-07,-2.560074870075498e-09,0.00682665986068076
rho,3,0,3,18,33,19.0,6.2962652107424715,7.0,25.0,6000.0,0.004943259182799339,2.3157281639530543e-07,-2.330452534751116e-09,0.00947678033253157
rho,3,0,3,18,33,19.0,6.2962652107424715,7.0,25.0,6500.0,0.004241384721399245,2.2396073911833525e-07,-1.4716549610824076e-09,0.012449633221740853
rho,3,0,3,18,33,19.0,6.2962652107424715,7.0,25.0,7000.0,0.0036849669418137455,2.1155305199477653e-07,-1.1054885015659857e-10,0.015579449323256502
rho,3,0,3,18,33,19.0,6.2962652107424715,7.0,25.0,7500.0,0.0032285184771271487,1.9562062699884388e-07,1.3214507152758434e-09,0.018767572145839437
rho,3,0,3,18,33,19.0,6.2962652107424715,7.0,25.0,8000.0,0.0028469134406130694,1.7951131925756683e-07,2.3628433987391475e-09,0.022148448693789836
rho,3,0,3,18,33,19.0,6.2962652107424715,7.0,25.0,8500.0,0.0025252790022569807,1.6721612342238092e-07,2.749495198754211e-09,0.02622161374605255
rho,3,0,3,18,33,19.0,6.2962652107424715,7.0,25.0,9000.0,0.0022531156586955503,1.6166591465998392e-07,2.4558500852606424e-09,0.031845750778531925
rho,3,0,3,18,33,19.0,6.2962652107424715,7.0,25.0,9500.0,0.0020209500877078025,1.6375490617205995e-07,1.5924393982461134e-09,0.040094347041778215
rho,3,0,3,18,33,19.0,6.2962652107424715,7.0,25.0,10000.0,0.0018187720605592503,1.723829591241913e-07,2.920912864313127e-10,0.05211200505801721
rho,3,0,3,18,33,19.0,6.2962652107424715,7.0,25.0,10500.0,0.0016359511192702268,1.851280416936635e-07,-1.3267902671303284e-09,0.0691721955771878
rho,3,0,3,18,33,19.0,6.2962652107424715,7.0,25.0,11000.0,0.0014623043004635308,1.9905405726240527e-07,-3.128519902098055e-09,0.09308839013400755
rho,3,0,3,18,33,19.0,6.2962652107424715,7.0,25.0,11500.0,0.0012897480839830556,2.1140568394737133e-07,-4.925330921856313e-09,0.12708868236448098
rho,3,0,3,18,33,19.0,6.2962652107424715,7.0,25.0,12000.0,0.0011138116727106356,2.2013666360730574e-07,-6.490948453442313e-09,0.1774470771064525
rho,3,0,3,18,33,19.0,6.2962652107424715,10.0,30.0,0.0,0.0,0.0,0.0,
rho,3,0,3,18,33,19.0,6.2962652107424715,10.0,30.0,500.0,0.19683884236605537,2.7821594454851203e-07,2.7393572375082712e-08,7.180594652467259e-06
rho,3,0,3,18,33,19.0,6.2962652107424715,10.0,30.0,1000.0,0.17379266219414105,4.1830497336146037e-07,4.608251663763152e-08,1.3849374409078064e-05
rho,3,0,3,18,33,19.0,6.2962652107424715,10.0,30.0,1500.0,0.12246082844681544,4.2554715463177307e-07,4.3083004510830473e-08,2.8376139126340705e-05
rho,3,0,3,18,33,19.0,6.2962652107424715,10.0,30.0,2000.0,0.0816345883860756,3.9714204968808567e-07,2.982990391483054e-08,5.959330315400999e-05
rho,3,0,3,18,33,19.0,6.2962652107424715,10.0,30.0,2500.0,0.05427658945361701,3.6301379423149433e-07,1.6783951858593022e-08,0.0001232247732073994
rho,3,0,3,18,33,19.0,6.2962652107424715,10.0,30.0,3000.0,0.036866022743401505,3.1886947287157725e-07,9.25292034965254e-09,0.00023461748254413739
rho,3,0,3,18,33,19.0,6.2962652107424715,10.0,30.0,3500.0,0.02592961397190025,2.6971317345910855e-07,6.444019337196012e-09,0.00040115301118312817
rho,3,0,3,18,33,19.0,6.2962652107424715,10.0,30.0,4000.0,0.0190267959613608,2.3126330417995807e-07,4.849958059071213e-09,0.0006388154401360371
rho,3,0,3,18,33,19.0,6.2962652107424715,10.0,30.0,4500.0,0.014591010148870246,2.1227477444555348e-07,2.1542472047439263e-09,0.0009970746368879529
rho,3,0,3,18,33,19.0,6.2962652107424715,10.0,30.0,5000.0,0.011650706960248858,2.0858837333743206e-07,-1.541318195861468e-09,0.0015366874319803522
rho,3,0,3,18,33,19.0,6.2962652107424715,10.0,30.0,5500.0,0.009616339072009098,2.1053501794566864e-07,-4.913041803667014e-09,0.0022766947463399574
rho,3,0,3,18,33,19.0,6.2962652107424715,10.0,30.0,6000.0,0.008138370532032643,2.1098162480859919e-07,-6.9686357445405185e-09,0.0031854420933058385
rho,3,0,3,18,33,19.0,6.2962652107424715,10.0,30.0,6500.0,0.007015157579583012,2.0790158737041033e-07,-7.66403893981694e-09,0.00422457420995973
rho,3,0,3,18,33,19.0,6.2962652107424715,10.0,30.0,7000.0,0.006133169887348308,2.028290037001994e-07,-7.610778078061676e-09,0.00539212644698122
rho,3,0,3,18,33,19.0,6.2962652107424715,10.0,30.0,7500.0,0.005428260146773123,1.981280805612518e-07,-7.470601860634584e-09,0.006723953888662249
rho,3,0,3,18,33,19.0,6.2962652107424715,10.0,30.0,8000.0,0.004861214659560211,1.9495718243742437e-07,-7.534153029410174e-09,0.008249918190031506
rho,3,0,3,18,33,19.0,6.2962652107424715,10.0,30.0,8500.0,0.004403471531013416,1.9263077192617676e-07,-7.658650621371601e-09,0.009934254440405325
rho,3,0,3,18,33,19.0,6.2962652107424715,10.0,30.0,9000.0,0.004030139203769591,1.8924032521724416e-07,-7.480833222548635e-09,0.011651278713742106
rho,3,0,3,18,33,19.0,6.2962652107424715,10.0,30.0,9500.0,0.00371790546642962,1.8291720074024076e-07,-6.713617130021956e-09,0.0132329862321081
rho,3,0,3,18,33,19.0,6.2962652107424715,10.0,30.0,10000.0,0.0034456730980329097,1.7300652907690328e-07,-5.351697394745394e-09,0.01457183848656909
rho,3,0,3,18,33,19.0,6.2962652107424715,10.0,30.0,10500.0,0.003196135495232227,1.6058928744035498e-07,-3.6964735315244537e-09,0.01572049462826942
rho,3,0,3,18,33,19.0,6.2962652107424715,10.0,30.0,11000.0,0.0029570721316757743,1.481426093828677e-07,-2.21502198764568e-09,0.016941667474379186
rho,3,0,3,18,33,19.0,6.2962652107424715,10.0,30.0,11500.0,0.00272177266536339,1.385539295750445e-07,-1.3279070466282442e-09,0.01870316697679164
rho,3,0,3,18,33,19.0,6.2962652107424715,10.0,30.0,12000.0,0.002488525090959404,1.3401594725200137e-07,-1.2415029336129214e-09,0.02164075620515152
rho,3,0,3,18,33,19.0,6.2962652107424715,12.0,36.0,0.0,0.0,0.0,0.0,
rho,3,0,3,18,33,19.0,6.2962652107424715,12.0,36.0,500.0,0.21361078243678142,2.7947523113335107e-07,1.596068517806533e-08,6.124871510879996e-06
rho,3,0,3,18,33,19.0,6.2962652107424715,12.0,36.0,1000.0,0.1954952416770016,4.3310952547884156e-07,3.128809210947928e-08,1.1332490220994233e-05
rho,3,0,3,18,33,19.0,6.2962652107424715,12.0,36.0,1500.0,0.14347613782629343,4.365155748783628e-07,3.9330984171516884e-08,2.1205103121914827e-05
rho,3,0,3,18,33,19.0,6.2962652107424715,12.0,36.0,2000.0,0.09993111549036784,4.049277704246304e-07,3.77100877033301e-08,4.05486212396425e-05
rho,3,0,3,18,33,19.0,6.2962652107424715,12.0,36.0,2500.0,0.06948772108039812,3.857897348596867e-07,2.721397739664922e-08,7.989774646779857e-05
rho,3,0,3,18,33,19.0,6.2962652107424715,12.0,36.0,3000.0,0.04925922972365995,3.7481330833103883e-07,1.373271477939424e-08,0.00015446844334835849
rho,3,0,3,18,33,19.0,6.2962652107424715,12.0,36.0,3500.0,0.035932817962449466,3.6083836225254974e-07,2.1486679110718943e-09,0.0002794667526254348
rho,3,0,3,18,33,19.0,6.2962652107424715,12.0,36.0,4000.0,0.0270568543738867,3.4142439813291584e-07,-5.896452775462875e-09,0.0004663800279763194
rho,3,0,3,18,33,19.0,6.2962652107424715,12.0,36.0,4500.0,0.021016793059318164,3.176567065643645e-07,-1.0449527324251624e-08,0.0007191593527400827
rho,3,0,3,18,33,19.0,6.2962652107424715,12.0,36.0,5000.0,0.01679561207392623,2.8998169870894315e-07,-1.192038945262419e-08,0.0010279663989497122
rho,3,0,3,18,33,19.0,6.2962652107424715,12.0,36.0,5500.0,0.013760941753972297,2.596630818852588e-07,-1.0923963217609905e-08,0.001371241328254655
rho,3,0,3,18,33,19.0,6.2962652107424715,12.0,36.0,6000.0,0.011516844997792373,2.302518499233316e-07,-8.438181534455248e-09,0.0017359454925382368
rho,3,0,3,18,33,19.0,6.2962652107424715,12.0,36.0,6500.0,0.009811300210735641,2.0634605290475315e-07,-5.646805267625342e-09,0.0021435964866191315
rho,3,0,3,18,33,19.0,6.2962652107424715,12.0,36.0,7000.0,0.008481727239155735,1.9124326327491652e-07,-3.517495433548414e-09,0.002658382942351706
rho,3,0,3,18,33,19.0,6.2962652107424715,12.0,36.0,7500.0,0.007422966837802077,1.8545464835860377e-07,-2.471367916210479e-09,0.003365756417723266
rho,3,0,3,18,33,19.0,6.2962652107424715,12.0,36.0,8000.0,0.0065672572501538715,1.866800905904846e-07,-2.3650683061178082e-09,0.004328425487558787
rho,3,0,3,18,33,19.0,6.2962652107424715,12.0,36.0,8500.0,0.005870597919290231,1.909590076551895e-07,-2.72927521722204e-09,0.005540838304034709
rho,3,0,3,18,33,19.0,6.2962652107424715,12.0,36.0,9000.0,0.0053030797099546,1.9434675489843675e-07,-3.064723570746887e-09,0.006910683183178348
rho,3,0,3,18,33,19.0,6.2962652107424715,12.0,36.0,9500.0,0.004842268866927776,1.9433883633083528e-07,-3.03974252858275e-09,0.008288230069635022
rho,3,0,3,18,33,19.0,6.2962652107424715,12.0,36.0,10000.0,0.004469160298237015,1.904621560114414e-07,-2.5492464878545403e-09,0.009535793375523226
rho,3,0,3,18,33,19.0,6.2962652107424715,12.0,36.0,10500.0,0.00416619364311307,1.839330922771404e-07,-1.6753955652233932e-09,0.010596952030384204
rho,3,0,3,18,33,19.0,6.2962652107424715,12.0,36.0,11000.0,0.003916739240582089,1.767404191679888e-07,-6.070748463334806e-10,0.011520904124644338
rho,3,0,3,18,33,19.0,6.2962652107424715,12.0,36.0,11500.0,0.003705453612111961,1.70696018095744e-07,4.4208571564124965e-10,0.012431989328915604
rho,3,0,3,18,33,19.0,6.2962652107424715,12.0,36.0,12000.0,0.0035189818090576508,1.6687360089445924e-07,1.2969207438384819e-09,0.013475770121205871
rho,3,0,3,18,33,19.0,6.2962652107424715,15.0,40.0,0.0,0.0,0.0,0.0,
rho,3,0,3,18,33,19.0,6.2962652107424715,15.0,40.0,500.0,0.22480703129064444,3.103956021288093e-07,5.725036798591823e-09,6.141801529054831e-06
rho,3,0,3,18,33,19.0,6.2962652107424715,15.0,40.0,1000.0,0.21057549486034113,5.279415625791747e-07,6.326756200247238e-09,1.1906118303544713e-05
rho,3,0,3,18,33,19.0,6.2962652107424715,15.0,40.0,1500.0,0.1588409309216573,5.497761806000701e-07,8.213845909227073e-09,2.1790192778528373e-05
rho,3,0,3,18,33,19.0,6.2962652107424715,15.0,40.0,2000.0,0.11404313426559798,4.912042058167527e-07,9.746884529841757e-09,3.7767982615490405e-05
rho,3,0,3,18,33,19.0,6.2962652107424715,15.0,40.0,2500.0,0.08179517537168973,4.1478454391834653e-07,8.572342815732491e-09,6.199650242473144e-05
rho,3,0,3,18,33,19.0,6.2962652107424715,15.0,40.0,3000.0,0.059678692062801214,3.3722449712046487e-07,7.010547782236328e-09,9.468485596133449e-05
rho,3,0,3,18,33,19.0,6.2962652107424715,15.0,40.0,3500.0,0.04461354153827234,2.6638002448574207e-07,7.158078586753901e-09,0.00013383455352463473
rho,3,0,3,18,33,19.0,6.2962652107424715,15.0,40.0,4000.0,0.03425035380449959,2.0845901003166512e-07,8.594306119303283e-09,0.00017770127619876216
rho,3,0,3,18,33,19.0,6.2962652107424715,15.0,40.0,4500.0,0.026992780330762474,1.6513692203204012e-07,9.905749682217027e-09,0.000226646462404658
rho,3,0,3,18,33,19.0,6.2962652107424715,15.0,40.0,5000.0,0.021795090390864472,1.3552518142776234e-07,1.0091154392046245e-08,0.00028530057590877563
rho,3,0,3,18,33,19.0,6.2962652107424715,15.0,40.0,5500.0,0.017981599395054098,1.1977499993105885e-07,8.767111903672835e-09,0.0003704328929773675
rho,3,0,3,18,33,19.0,6.2962652107424715,15.0,40.0,6000.0,0.015118759832738745,1.1845758121046782e-07,6.02122738946676e-09,0.0005182395149767024
rho,3,0,3,18,33,19.0,6.2962652107424715,15.0,40.0,6500.0,0.012928855541909583,1.2958186558928936e-07,2.3578499399024e-09,0.0007752183821260679
rho,3,0,3,18,33,19.0,6.2962652107424715,15.0,40.0,7000.0,0.011232025939009198,1.4798563543361569e-07,-1.4467126739004618e-09,0.00117301446103297
rho,3,0,3,18,33,19.0,6.2962652107424715,15.0,40.0,7500.0,0.009907622795743525,1.6780741005938e-07,-4.668124159776011e-09,0.0017095122102765887
rho,3,0,3,18,33,19.0,6.2962652107424715,15.0,40.0,8000.0,0.008869392308965015,1.8523816411534756e-07,-6.924141156838798e-09,0.0023547387907196576
rho,3,0,3,18,33,19.0,6.2962652107424715,15.0,40.0,8500.0,0.008050767672510659,1.99249455139229e-07,-8.228628456110608e-09,0.003074132302073113
rho,3,0,3,18,33,19.0,6.2962652107424715,15.0,40.0,9000.0,0.007397250288876014,2.104005509014043e-07,-8.836325195795462e-09,0.003845087663582766
rho,3,0,3,18,33,19.0,6.2962652107424715,15.0,40.0,9500.0,0.006863216128322344,2.1929044006603533e-07,-9.04588451179816e-09,0.004655478746233582
rho,3,0,3,18,33,19.0,6.2962652107424715,15.0,40.0,10000.0,0.006410966719253004,2.2591157906054771e-07,-9.08718866331259e-09,0.005496565991322644
rho,3,0,3,18,33,19.0,6.2962652107424715,15.0,40.0,10500.0,0.0060105231322494625,2.2999343031734276e-07,-9.1061608571534e-09,0.006366355481180751
rho,3,0,3,18,33,19.0,6.2962652107424715,15.0,40.0,11000.0,0.0056393696936725985,2.3162623813882568e-07,-9.19388908066367e-09,0.007283273548452503
rho,3,0,3,18,33,19.0,6.2962652107424715,15.0,40.0,11500.0,0.005281897074572849,2.3150483749833405e-07,-9.409842935617362e-09,0.008298129387492952
rho,3,0,3,18,33,19.0,6.2962652107424715,15.0,40.0,12000.0,0.0049285828271119995,2.306720777399591e-07,-9.782870331857401e-09,0.009496223085728134
rho,3,0,3,18,33,19.0,6.2962652107424715,20.0,50.0,0.0,0.0,0.0,0.0,
rho,3,0,3,18,33,19.0,6.2962652107424715,20.0,50.0,500.0,0.24316432435879276,2.3835672231578078e-07,1.2696461241189189e-08,4.031138210012551e-06
rho,3,0,3,18,33,19.0,6.2962652107424715,20.0,50.0,1000.0,0.23572546982935774,3.638626192341709e-07,2.1782458379263426e-08,6.548237482152519e-06
rho,3,0,3,18,33,19.0,6.2962652107424715,20.0,50.0,1500.0,0.1849693336380069,4.0546149527362415e-07,2.0069966110222504e-08,1.1850867805391444e-05
rho,3,0,3,18,33,19.0,6.2962652107424715,20.0,50.0,2000.0,0.1386738051582174,4.01445345569531e-07,1.4558346378352629e-08,2.0875532469840144e-05
rho,3,0,3,18,33,19.0,6.2962652107424715,20.0,50.0,2500.0,0.10398241714249817,3.6957784893445456e-07,8.672467933512617e-09,3.418110638719355e-05
rho,3,0,3,18,33,19.0,6.2962652107424715,20.0,50.0,3000.0,0.07916625529548171,3.2583129841549475e-07,3.5234672047678657e-09,5.198913528015308e-05
rho,3,0,3,18,33,19.0,6.2962652107424715,20.0,50.0,3500.0,0.061477444435973805,2.8373622800847705e-07,-2.970682645931173e-10,7.507289764967334e-05
rho,3,0,3,18,33,19.0,6.2962652107424715,20.0,50.0,4000.0,0.048723891086028925,2.5171704412377063e-07,-2.7815003987023084e-09,0.00010602998397871734
rho,3,0,3,18,33,19.0,6.2962652107424715,20.0,50.0,4500.0,0.03936578881512572,2.340878873988746e-07,-4.677531474830421e-09,0.0001510570592324801
rho,3,0,3,18,33,19.0,6.2962652107424715,20.0,50.0,5000.0,0.03235676596553745,2.3163036990248288e-07,-6.832286878966758e-09,0.0002212408331749998
rho,3,0,3,18,33,19.0,6.2962652107424715,20.0,50.0,5500.0,0.02699338634836506,2.412110545498512e-07,-9.434996584158375e-09,0.00033104151893998237
rho,3,0,3,18,33,19.0,6.2962652107424715,20.0,50.0,6000.0,0.022806126787974633,2.5678581425894424e-07,-1.1972113855062559e-08,0.000493705493093294
rho,3,0,3,18,33,19.0,6.2962652107424715,20.0,50.0,6500.0,0.019482962208910944,2.7200678785178274e-07,-1.3763056340574609e-08,0.0007165883868033927
rho,3,0,3,18,33,19.0,6.2962652107424715,20.0,50.0,7000.0,0.01681540222311133,2.826364187431747e-07,-1.4445523382303005e-08,0.0009995708935262898
rho,3,0,3,18,33,19.0,6.2962652107424715,20.0,50.0,7500.0,0.014660629558715459,2.873804973145275e-07,-1.406908776968191e-08,0.001337063556023647
rho,3,0,3,18,33,19.0,6.2962652107424715,20.0,50.0,8000.0,0.012915926351200625,2.8727382063591675e-07,-1.2918869988592018e-08,0.0017220467224458944
rho,3,0,3,18,33,19.0,6.2962652107424715,20.0,50.0,8500.0,0.011502648760871453,2.845551516419159e-07,-1.1333057922612808e-08,0.002150654937075388
rho,3,0,3,18,33,19.0,6.2962652107424715,20.0,50.0,9000.0,0.01035728313877787,2.8172670934794535e-07,-9.633386550610202e-09,0.0026262515699271853
rho,3,0,3,18,33,19.0,6.2962652107424715,20.0,50.0,9500.0,0.009427186885905003,2.8095855174347584e-07,-8.123038949782464e-09,0.003161389614163154
rho,3,0,3,18,33,19.0,6.2962652107424715,20.0,50.0,10000.0,0.008668860136707104,2.837340123171772e-07,-7.0702566289703264e-09,0.0037756124309091064
rho,3,0,3,18,33,19.0,6.2962652107424715,20.0,50.0,10500.0,0.008047112071292044,2.906511373019107e-07,-6.655477577359718e-09,0.004488403859925538
rho,3,0,3,18,33,19.0,6.2962652107424715,20.0,50.0,11000.0,0.007534161184760325,3.0137539974086245e-07,-6.918030298394323e-09,0.005309308794114843
rho,3,0,3,18,33,19.0,6.2962652107424715,20.0,50.0,11500.0,0.007108341939161611,3.147535256030435e-07,-7.745175151353236e-09,0.006229224479249028
rho,3,0,3,18,33,19.0,6.2962652107424715,20.0,50.0,12000.0,0.006752525828274041,3.2905571504312047e-07,-8.913464535901808e-09,0.007216671385934046
rho,3,0,3,18,33,19.0,6.2962652107424715,25.0,60.0,0.0,0.0,0.0,0.0,
rho,3,0,3,18,33,19.0,6.2962652107424715,25.0,60.0,500.0,0.25580432188031327,2.0964535081568012e-07,1.3445472840514004e-08,3.2038301224027044e-06
rho,3,0,3,18,33,19.0,6.2962652107424715,25.0,60.0,1000.0,0.25326005028489523,2.9837065773374747e-07,2.1073053936083182e-08,4.651818206570004e-06
rho,3,0,3,18,33,19.0,6.2962652107424715,25.0,60.0,1500.0,0.20336094458047563,3.3623820507688624e-07,2.002984694564371e-08,8.130400845605411e-06
rho,3,0,3,18,33,19.0,6.2962652107424715,25.0,60.0,2000.0,0.1564163821355553,3.579784030149141e-07,1.5420180616800326e-08,1.4631617966751068e-05
rho,3,0,3,18,33,19.0,6.2962652107424715,25.0,60.0,2500.0,0.12066662729984377,3.6316658192035416e-07,9.992208330504889e-09,2.4942014666396796e-05
rho,3,0,3,18,33,19.0,6.2962652107424715,25.0,60.0,3000.0,0.09470856786360536,3.5429493731679725e-07,5.055338875725983e-09,3.949902791304591e-05
rho,3,0,3,18,33,19.0,6.2962652107424715,25.0,60.0,3500.0,0.07584231066433304,3.415063702192376e-07,1.1841641730938403e-09,5.93711822450221e-05
rho,3,0,3,18,33,19.0,6.2962652107424715,25.0,60.0,4000.0,0.061884313281468546,3.3172584090368655e-07,-1.6131791458124792e-09,8.66199944625646e-05
rho,3,0,3,18,33,19.0,6.2962652107424715,25.0,60.0,4500.0,0.051332775946170736,3.262348169007738e-07,-3.7382882372671346e-09,0.00012380574780348493
rho,3,0,3,18,33,19.0,6.2962652107424715,25.0,60.0,5000.0,0.043199649710141445,3.2343124906328666e-07,-5.5533419474672466e-09,0.0001733091640150556
rho,3,0,3,18,33,19.0,6.2962652107424715,25.0,60.0,5500.0,0.036831802394903745,3.2123470669138307e-07,-7.109079265770339e-09,0.0002367971750983062
rho,3,0,3,18,33,19.0,6.2962652107424715,25.0,60.0,6000.0,0.03178230281217522,3.1817534079463485e-07,-8.253849409620813e-09,0.0003149892958703538
rho,3,0,3,18,33,19.0,6.2962652107424715,25.0,60.0,6500.0,0.027730600224896367,3.1365507583135627e-07,-8.87715813745044e-09,0.00040788128627816396
rho,3,0,3,18,33,19.0,6.2962652107424715,25.0,60.0,7000.0,0.024438058404296335,3.077787918692971e-07,-9.041917213672016e-09,0.0005153535758430299
rho,3,0,3,18,33,19.0,6.2962652107424715,25.0,60.0,7500.0,0.021724783991582834,3.0089153176843733e-07,-8.9528374053259e-09,0.0006375276589684813
rho,3,0,3,18,33,19.0,6.2962652107424715,25.0,60.0,8000.0,0.019456730226239772,2.930870463587676e-07,-8.840952321789103e-09,0.0007742066718900407
rho,3,0,3,18,33,19.0,6.2962652107424715,25.0,60.0,8500.0,0.017536352831731765,2.84114225470402e-07,-8.85861901964339e-09,0.0009238775827566591
rho,3,0,3,18,33,19.0,6.2962652107424715,25.0,60.0,9000.0,0.015894034551587367,2.7378049986345466e-07,-9.029585834999046e-09,0.0010837627168563825
rho,3,0,3,18,33,19.0,6.2962652107424715,25.0,60.0,9500.0,0.014480027220791667,2.6238876407492713e-07,-9.253824005978514e-09,0.0012514297561994658
rho,3,0,3,18,33,19.0,6.2962652107424715,25.0,60.0,10000.0,0.013257612962616848,2.506963033778063e-07,-9.353450568824278e-09,0.0014263209382453699
rho,3,0,3,18,33,19.0,6.2962652107424715,25.0,60.0,10500.0,0.012198055643862794,2.394526138444765e-07,-9.145661133957902e-09,0.0016093050045336145
rho,3,0,3,18,33,19.0,6.2962652107424715,25.0,60.0,11000.0,0.01127738454949326,2.2904931738157742e-07,-8.522503639206187e-09,0.0018009938188137831
rho,3,0,3,18,33,19.0,6.2962652107424715,25.0,60.0,11500.0,0.010474622241871453,2.1964740870292316e-07,-7.508185423845418e-09,0.0020019321081433655
rho,3,0,3,18,33,19.0,6.2962652107424715,25.0,60.0,12000.0,0.009770925959262572,2.1159946380181473e-07,-6.266966272150457e-09,0.0022163743636846793
rho,3,0,3,18,33,19.0,6.2962652107424715,30.0,80.0,0.0,0.0,0.0,0.0,
rho,3,0,3,18,33,19.0,6.2962652107424715,30.0,80.0,500.0,0.2701826558499823,1.8509231930838478e-07,9.036841936242246e-09,2.535557505241068e-06
rho,3,0,3,18,33,19.0,6.2962652107424715,30.0,80.0,1000.0,0.27274710824359044,2.493640087894444e-07,1.146976296265644e-08,3.3520729508323225e-06
rho,3,0,3,18,33,19.0,6.2962652107424715,30.0,80.0,1500.0,0.22281883846477155,2.478481202042473e-07,1.360759377691534e-08,4.9920832297163155e-06
rho,3,0,3,18,33,19.0,6.2962652107424715,30.0,80.0,2000.0,0.1742573148462217,2.3095954662969006e-07,1.775400451165261e-08,7.605957302051421e-06
rho,3,0,3,18,33,19.0,6.2962652107424715,30.0,80.0,2500.0,0.13683834781170495,2.2059473972413866e-07,1.9900907801079366e-08,1.1780928178612554e-05
rho,3,0,3,18,33,19.0,6.2962652107424715,30.0,80.0,3000.0,0.10957911218680096,2.1973895666887556e-07,1.8498980425387847e-08,1.8300017424234884e-05
rho,3,0,3,18,33,19.0,6.2962652107424715,30.0,80.0,3500.0,0.08976377276456966,2.213799251076929e-07,1.5323101730286006e-08,2.7474894968454995e-05
rho,3,0,3,18,33,19.0,6.2962652107424715,30.0,80.0,4000.0,0.07508387868822089,2.1767543424859703e-07,1.2732506626480424e-08,3.861144196041186e-05
rho,3,0,3,18,33,19.0,6.2962652107424715,30.0,80.0,4500.0,0.06392252530703492,2.0627116830058294e-07,1.1714239936070374e-08,5.048131749035739e-05
rho,3,0,3,18,33,19.0,6.2962652107424715,30.0,80.0,5000.0,0.05521269954523315,1.908507163308487e-07,1.1853612124726723e-08,6.260598179941975e-05
rho,3,0,3,18,33,19.0,6.2962652107424715,30.0,80.0,5500.0,0.04825659895891947,1.7743899473030705e-07,1.2202108369297061e-08,7.619660960417073e-05
rho,3,0,3,18,33,19.0,6.2962652107424715,30.0,80.0,6000.0,0.04259102915277096,1.706424467754919e-07,1.1959574022649425e-08,9.406992570463688e-05
rho,3,0,3,18,33,19.0,6.2962652107424715,30.0,80.0,6500.0,0.0379013683203206,1.7211870189346185e-07,1.0729031554626088e-08,0.00011981695644873531
rho,3,0,3,18,33,19.0,6.2962652107424715,30.0,80.0,7000.0,0.03396921417224705,1.8097069693539688e-07,8.523396466857611e-09,0.00015683293083280632
rho,3,0,3,18,33,19.0,6.2962652107424715,30.0,80.0,7500.0,0.030639872108441837,1.9483115507756687e-07,5.6657365710774285e-09,0.00020753173118463305
rho,3,0,3,18,33,19.0,6.2962652107424715,30.0,80.0,8000.0,0.027800820784557687,2.1083983217594613e-07,2.630811242448128e-09,0.0002727956404865125
rho,3,0,3,18,33,19.0,6.2962652107424715,30.0,80.0,8500.0,0.025366738212670117,2.2631670649826826e-07,-1.2822548821789877e-10,0.00035171214111892607
rho,3,0,3,18,33,19.0,6.2962652107424715,30.0,80.0,9000.0,0.0232693535390886,2.391983825009671e-07,-2.3089929461244264e-09,0.0004417632684279241
rho,3,0,3,18,33,19.0,6.2962652107424715,30.0,80.0,9500.0,0.021451360374816944,2.483057575974877e-07,-3.806530238726005e-09,0.0005396064249269342
rho,3,0,3,18,33,19.0,6.2962652107424715,30.0,80.0,10000.0,0.019863551213732716,2.534223670409224e-07,-4.681200215928179e-09,0.0006422899907459871
rho,3,0,3,18,33,19.0,6.2962652107424715,30.0,80.0,10500.0,0.018463993427495638,2.551276893647962e-07,-5.081039402303333e-09,0.000748352686370167
rho,3,0,3,18,33,19.0,6.2962652107424715,30.0,80.0,11000.0,0.01721799091345334,2.544067247870059e-07,-5.157075932632029e-09,0.0008581508526811395
rho,3,0,3,18,33,19.0,6.2962652107424715,30.0,80.0,11500.0,0.016097888584561838,2.5217937902910214e-07,-5.001215612336057e-09,0.0009731319608619764
rho,3,0,3,18,33,19.0,6.2962652107424715,30.0,80.0,12000.0,0.015082308289512432,2.489480908734466e-07,-4.6227818561209465e-09,0.0010943926626564397
rho,3,1,4,19,34,20.0,6.2962652107424715,5.0,15.0,0.0,0.0,0.0,0.0,
rho,3,1,4,19,34,20.0,6.2962652107424715,5.0,15.0,500.0,0.1298026886077298,2.1985688050072458e-07,2.749853632321421e-08,1.3048863416052999e-05
rho,3,1,4,19,34,20.0,6.2962652107424715,5.0,15.0,1000.0,0.09778966122987523,2.4995536637975385e-07,2.8199719909130297e-08,2.6138254484357984e-05
rho,3,1,4,19,34,20.0,6.2962652107424715,5.0,15.0,1500.0,0.05813803672266003,2.2515295019476864e-07,1.3243155268907807e-08,6.661268174188154e-05
rho,3,1,4,19,34,20.0,6.2962652107424715,5.0,15.0,2000.0,0.032809725441728055,2.0012834324567273e-07,6.2439336911138434e-09,0.00018591028122331939
rho,3,1,4,19,34,20.0,6.2962652107424715,5.0,15.0,2500.0,0.018876554384363618,1.793641541062859e-07,7.718963460449459e-09,0.0005033733353999827
rho,3,1,4,19,34,20.0,6.2962652107424715,5.0,15.0,3000.0,0.011541419406366648,1.6770699150220875e-07,1.1495924167599696e-08,0.0012590202685022938
rho,3,1,4,19,34,20.0,6.2962652107424715,5.0,15.0,3500.0,0.007678322985442606,1.6402956583186699e-07,1.363007799997344e-08,0.002782206636404857
rho,3,1,4,19,34,20.0,6.2962652107424715,5.0,15.0,4000.0,0.005586523962797026,1.649359877607344e-07,1.3413927150036236e-08,0.005284843045889837
rho,3,1,4,19,34,20.0,6.2962652107424715,5.0,15.0,4500.0,0.004393794253053749,1.6849059144362265e-07,1.18051591724347e-08,0.008727627897359645
rho,3,1,4,19,34,20.0,6.2962652107424715,5.0,15.0,5000.0,0.0036614944225691936,1.7384865310457897e-07,9.760649457839153e-09,0.012967449831633806
rho,3,1,4,19,34,20.0,6.2962652107424715,5.0,15.0,5500.0,0.003170012012870547,1.8016465398574532e-07,7.640964702713663e-09,0.017928657714567146
rho,3,1,4,19,34,20.0,6.2962652107424715,5.0,15.0,6000.0,0.0028078226836347306,1.860439231380775e-07,5.529981038577375e-09,0.023598050840272233
rho,3,1,4,19,34,20.0,6.2962652107424715,5.0,15.0,6500.0,0.002515936128263021,1.8984236890527816e-07,3.626166637594203e-09,0.029991205416295724
rho,3,1,4,19,34,20.0,6.2962652107424715,5.0,15.0,7000.0,0.0022621564097219425,1.9033949418516097e-07,2.259955492612325e-09,0.0371949219524332
rho,3,1,4,19,34,20.0,6.2962652107424715,5.0,15.0,7500.0,0.0020301801485867097,1.873469787437087e-07,1.6616111305432332e-09,0.04545456857696532
rho,3,1,4,19,34,20.0,6.2962652107424715,5.0,15.0,8000.0,0.0018142364868331188,1.8198380279606917e-07,1.774555619246189e-09,0.05528979020479044
rho,3,1,4,19,34,20.0,6.2962652107424715,5.0,15.0,8500.0,0.0016146585616206672,1.763628717283831e-07,2.266191178718055e-09,0.06764656714270088
rho,3,1,4,19,34,20.0,6.2962652107424715,5.0,15.0,9000.0,0.0014335288987558205,1.7277541531534444e-07,2.703227060980223e-09,0.08407541909037451
rho,3,1,4,19,34,20.0,6.2962652107424715,5.0,15.0,9500.0,0.0012714380334020398,1.7282795244944484e-07,2.770767848838018e-09,0.10691129434682106
rho,3,1,4,19,34,20.0,6.2962652107424715,5.0,15.0,10000.0,0.0011263703826735237,1.7695926122255066e-07,2.4138339193490186e-09,0.13947965089888262
rho,3,1,4,19,34,20.0,6.2962652107424715,5.0,15.0,10500.0,0.000994677721928009,1.844865748506015e-07,1.8307651182595473e-09,0.1864661422103056
rho,3,1,4,19,34,20.0,6.2962652107424715,5.0,15.0,11000.0,0.0008731145578551927,1.9405987529052643e-07,1.3322360264567192e-09,0.25456183270452765
rho,3,1,4,19,34,20.0,6.2962652107424715,5.0,15.0,11500.0,0.0007606239652300214,2.0424938539267707e-07,1.1565293957453049e-09,0.35303742670251703
rho,3,1,4,19,34,20.0,6.2962652107424715,5.0,15.0,12000.0,0.0006589800463759323,2.1398277154421876e-07,1.347931648589779e-09,0.49275867548336133
rho,3,1,4,19,34,20.0,6.2962652107424715,7.0,25.0,0.0,0.0,0.0,0.0,
rho,3,1,4,19,34,20.0,6.2962652107424715,7.0,25.0,500.0,0.17485714207627664,2.7813012499938113e-07,2.723867927109871e-08,9.096645685614504e-06
rho,3,1,4,19,34,20.0,6.2962652107424715,7.0,25.0,1000.0,0.14687801043985657,3.8818200844429266e-07,4.209591515775142e-08,1.7993756559895714e-05
rho,3,1,4,19,34,20.0,6.2962652107424715,7.0,25.0,1500.0,0.09783644971592986,3.7959196470092834e-07,2.937334984786747e-08,3.965661502145016e-05
rho,3,1,4,19,34,20.0,6.2962652107424715,7.0,25.0,2000.0,0.06148803672128159,3.370518453069517e-07,1.3033968552947504e-08,8.914879066774645e-05
rho,3,1,4,19,34,20.0,6.2962652107424715,7.0,25.0,2500.0,0.03862211444470542,2.9092319697920266e-07,3.5063330725412925e-09,0.00019503217255648815
rho,3,1,4,19,34,20.0,6.2962652107424715,7.0,25.0,3000.0,0.024939828722604373,2.585052330667354e-07,-2.274797013239727e-10,0.0004156065715906166
rho,3,1,4,19,34,20.0,6.2962652107424715,7.0,25.0,3500.0,0.016825186256810964,2.4407879025717604e-07,-1.6286984429575506e-09,0.0008622044914754236
rho,3,1,4,19,34,20.0,6.2962652107424715,7.0,25.0,4000.0,0.011955306044178415,2.4189539401293407e-07,-2.484860824725517e-09,0.0016924124157838428
rho,3,1,4,19,34,20.0,6.2962652107424715,7.0,25.0,4500.0,0.008955566062346506,2.460795267320641e-07,-3.135121108311711e-09,0.0030682405062689828
rho,3,1,4,19,34,20.0,6.2962652107424715,7.0,25.0,5000.0,0.007034879548869049,2.5259396480011504e-07,-3.5098595173209374e-09,0.0051039879230386775
rho,3,1,4,19,34,20.0,6.2962652107424715,7.0,25.0,5500.0,0.0057425320348486455,2.5726058465010484e-07,-3.4889006556227474e-09,0.00780128958166106
rho,3,1,4,19,34,20.0,6.2962652107424715,7.0,25.0,6000.0,0.004823589837264047,2.559974226634703e-07,-2.9288930874833875e-09,0.011002587979317642
rho,3,1,4,19,34,20.0,6.2962652107424715,7.0,25.0,6500.0,0.004134932277178632,2.465193859646517e-07,-1.7912504681855504e-09,0.014418307229385705
rho,3,1,4,19,34,20.0,6.2962652107424715,7.0,25.0,7000.0,0.0035962950239283105,2.2933893709099328e-07,-2.855959717635197e-10,0.01773238578313131
rho,3,1,4,19,34,20.0,6.2962652107424715,7.0,25.0,7500.0,0.0031618825282058983,2.0759890892000437e-07,1.1859173630718992e-09,0.02076507983175568
rho,3,1,4,19,34,20.0,6.2962652107424715,7.0,25.0,8000.0,0.0028043186433506276,1.8589452440476674e-07,2.2546739810958935e-09,0.023638062641752302
rho,3,1,4,19,34,20.0,6.2962652107424715,7.0,25.0,8500.0,0.0025057942587828844,1.684933941375189e-07,2.7680918341887522e-09,0.02683441049929458
rho,3,1,4,19,34,20.0,6.2962652107424715,7.0,25.0,9000.0,0.002253155035190447,1.578596787396994e-07,2.7881056608973502e-09,0.03109489275052543
rho,3,1,4,19,34,20.0,6.2962652107424715,7.0,25.0,9500.0,0.0020351396503265748,1.5424340586824776e-07,2.45667137427115e-09,0.03724072910176304
rho,3,1,4,19,34,20.0,6.2962652107424715,7.0,25.0,10000.0,0.0018410353581195464,1.5624816274454904e-07,1.8744882668854348e-09,0.046098910398543705
rho,3,1,4,19,34,20.0,6.2962652107424715,7.0,25.0,10500.0,0.0016605181948577497,1.617097818732656e-07,1.0817632733262358e-09,0.05864743383417339
rho,3,1,4,19,34,20.0,6.2962652107424715,7.0,25.0,11000.0,0.0014844487188165887,1.6836740763032625e-07,1.1666228520625302e-10,0.07640602858715102
rho,3,1,4,19,34,20.0,6.2962652107424715,7.0,25.0,11500.0,0.001306166204819759,1.7425633439192404e-07,-9.305687988995294e-10,0.10213902043871464
rho,3,1,4,19,34,20.0,6.2962652107424715,7.0,25.0,12000.0,0.0011226604029066533,1.7797731476644272e-07,-1.9237736701348824e-09,0.14121077613201685
rho,3,1,4,19,34,20.0,6.2962652107424715,10.0,30.0,0.0,0.0,0.0,0.0,
rho,3,1,4,19,34,20.0,6.2962652107424715,10.0,30.0,500.0,0.1948524685990007,2.716413989294699e-07,2.526642760313481e-08,7.154579829818373e-06
rho,3,1,4,19,34,20.0,6.2962652107424715,10.0,30.0,1000.0,0.17148479960725208,4.077827554880039e-07,4.296717547712629e-08,1.3866842908117071e-05
rho,3,1,4,19,34,20.0,6.2962652107424715,10.0,30.0,1500.0,0.12050274779518444,4.176208364781154e-07,3.9954439247662983e-08,2.8759958739017582e-05
rho,3,1,4,19,34,20.0,6.2962652107424715,10.0,30.0,2000.0,0.08016661281389958,3.946042593176798e-07,2.7562190712405736e-08,6.14008947971868e-05
rho,3,1,4,19,34,20.0,6.2962652107424715,10.0,30.0,2500.0,0.05324034743416023,3.654103859990833e-07,1.5574515944352007e-08,0.0001289137153786171
rho,3,1,4,19,34,20.0,6.2962652107424715,10.0,30.0,3000.0,0.036154998498302775,3.2241376406620217e-07,9.007843603113804e-09,0.00024664759106821457
rho,3,1,4,19,34,20.0,6.2962652107424715,10.0,30.0,3500.0,0.02543920407625354,2.709041299507827e-07,6.940566803262025e-09,0.00041860902507060143
rho,3,1,4,19,34,20.0,6.2962652107424715,10.0,30.0,4000.0,0.018668655720931203,2.2881235821047157e-07,5.742362736890068e-09,0.0006565281977443099
rho,3,1,4,19,34,20.0,6.2962652107424715,10.0,30.0,4500.0,0.014297902678205765,2.0608315461167217e-07,3.144231760970115e-09,0.0010080865501464944
rho,3,1,4,19,34,20.0,6.2962652107424715,10.0,30.0,5000.0,0.01137772309840772,1.9829699477856126e-07,-5.314321081490355e-10,0.0015318118057602067
rho,3,1,4,19,34,20.0,6.2962652107424715,10.0,30.0,5500.0,0.009339089591623167,1.9552570103404871e-07,-3.7458126580839815e-09,0.0022417891778502715
rho,3,1,4,19,34,20.0,6.2962652107424715,10.0,30.0,6000.0,0.007848971513355786,1.914656271531794e-07,-5.452000249295435e-09,0.003107887665620663
rho,3,1,4,19,34,20.0,6.2962652107424715,10.0,30.0,6500.0,0.006717399670820217,1.8552207218153926e-07,-5.717239899661322e-09,0.004111432922401126
rho,3,1,4,19,34,20.0,6.2962652107424715,10.0,30.0,7000.0,0.005838023319701413,1.8010328869142312e-07,-5.327992398545207e-09,0.005284330746137735
rho,3,1,4,19,34,20.0,6.2962652107424715,10.0,30.0,7500.0,0.005150229711224193,1.7738792793622734e-07,-5.076734177687504e-09,0.006687608804963478
rho,3,1,4,19,34,20.0,6.2962652107424715,10.0,30.0,8000.0,0.004615543483983387,1.7767730990896582e-07,-5.287079430185437e-09,0.008340388416322016
rho,3,1,4,19,34,20.0,6.2962652107424715,10.0,30.0,8500.0,0.0042039939663390015,1.7942826063633281e-07,-5.759353231508625e-09,0.010152352278965817
rho,3,1,4,19,34,20.0,6.2962652107424715,10.0,30.0,9000.0,0.003887630150318971,1.8026372959716662e-07,-6.029296751904769e-09,0.011927199101015999
rho,3,1,4,19,34,20.0,6.2962652107424715,10.0,30.0,9500.0,0.003638904367567,1.7820413226500313e-07,-5.712717151832076e-09,0.013457874869196315
rho,3,1,4,19,34,20.0,6.2962652107424715,10.0,30.0,10000.0,0.003431848722369545,1.7256428651271702e-07,-4.735223350997727e-09,0.014651923712853572
rho,3,1,4,19,34,20.0,6.2962652107424715,10.0,30.0,10500.0,0.003244254732652722,1.6421573740506774e-07,-3.3559610321612975e-09,0.01560216552769433
rho,3,1,4,19,34,20.0,6.2962652107424715,10.0,30.0,11000.0,0.0030595609356516974,1.5517859535070357e-07,-2.0162113251726413e-09,0.016577292554537278
rho,3,1,4,19,34,20.0,6.2962652107424715,10.0,30.0,11500.0,0.0028677591899452124,1.4777360929455806e-07,-1.1221907450621561e-09,0.017968487445905127
rho,3,1,4,19,34,20.0,6.2962652107424715,10.0,30.0,12000.0,0.0026651803471500124,1.4375002123261324e-07,-8.797519581170803e-10,0.020237399880669762
rho,3,1,4,19,34,20.0,6.2962652107424715,12.0,36.0,0.0,0.0,0.0,0.0,
rho,3,1,4,19,34,20.0,6.2962652107424715,12.0,36.0,500.0,0.2112312508555739,2.66103692305386e-07,1.52894530299393e-08,5.9639577612753e-06
rho,3,1,4,19,34,20.0,6.2962652107424715,12.0,36.0,1000.0,0.19256742913142927,4.1667123532214735e-07,2.7681652379150894e-08,1.1236417187947866e-05
rho,3,1,4,19,34,20.0,6.2962652107424715,12.0,36.0,1500.0,0.14084888508863738,4.269028676677369e-07,3.308354364046775e-08,2.1519007896159717e-05
rho,3,1,4,19,34,20.0,6.2962652107424715,12.0,36.0,2000.0,0.09784983139053054,3.91336332684853e-07,3.1617653760717826e-08,4.087238753743857e-05
rho,3,1,4,19,34,20.0,6.2962652107424715,12.0,36.0,2500.0,0.06793447036545708,3.5843953137192694e-07,2.3716132295610916e-08,7.766681810041688e-05
rho,3,1,4,19,34,20.0,6.2962652107424715,12.0,36.0,3000.0,0.0481265834702973,3.320739014219782e-07,1.364297924969632e-08,0.00014337211125683795
rho,3,1,4,19,34,20.0,6.2962652107424715,12.0,36.0,3500.0,0.035098262497285024,3.062599956779845e-07,4.988474524225576e-09,0.00024861025364160714
rho,3,1,4,19,34,20.0,6.2962652107424715,12.0,36.0,4000.0,0.026413582487873937,2.813222789092745e-07,-1.3067735759720172e-09,0.00040322691141479603
rho,3,1,4,19,34,20.0,6.2962652107424715,12.0,36.0,4500.0,0.020484139982122684,2.5927668620247404e-07,-5.469358789261456e-09,0.0006179139463365948
rho,3,1,4,19,34,20.0,6.2962652107424715,12.0,36.0,5000.0,0.01631894154362685,2.3970097804165635e-07,-7.673057184066784e-09,0.0009000897842384235
rho,3,1,4,19,34,20.0,6.2962652107424715,12.0,36.0,5500.0,0.013307209161749415,2.218597548281253e-07,-8.09064827589855e-09,0.0012528658235347752
rho,3,1,4,19,34,20.0,6.2962652107424715,12.0,36.0,6000.0,0.011069685597024976,2.0708843996368313e-07,-7.274515544426632e-09,0.0016899944726260201
rho,3,1,4,19,34,20.0,6.2962652107424715,12.0,36.0,6500.0,0.009366952550667655,1.9809398239513668e-07,-6.1051142331765426e-09,0.0022577437172176568
rho,3,1,4,19,34,20.0,6.2962652107424715,12.0,36.0,7000.0,0.0080455011231392,1.9668822746949675e-07,-5.360172053028494e-09,0.003038590438649666
rho,3,1,4,19,34,20.0,6.2962652107424715,12.0,36.0,7500.0,0.007005695140012979,2.0222445978075614e-07,-5.34631899411178e-09,0.0041203225458469345
rho,3,1,4,19,34,20.0,6.2962652107424715,12.0,36.0,8000.0,0.006181666323928236,2.1161210611952547e-07,-5.871135962473958e-09,0.005537699583974454
rho,3,1,4,19,34,20.0,6.2962652107424715,12.0,36.0,8500.0,0.0055280392582305275,2.206046689760981e-07,-6.489703899123488e-09,0.007218923883571169
rho,3,1,4,19,34,20.0,6.2962652107424715,12.0,36.0,9000.0,0.005011188372162387,2.255049878514964e-07,-6.7902114392966695e-09,0.008979966068738642
rho,3,1,4,19,34,20.0,6.2962652107424715,12.0,36.0,9500.0,0.004603869302266643,2.244072438091951e-07,-6.549899747887149e-09,0.010587438473642099
rho,3,1,4,19,34,20.0,6.2962652107424715,12.0,36.0,10000.0,0.004282356381750605,2.1751476810032492e-07,-5.744427679385133e-09,0.01186104995074529
rho,3,1,4,19,34,20.0,6.2962652107424715,12.0,36.0,10500.0,0.0040252804250392685,2.0662274771523234e-07,-4.4828826938745276e-09,0.012752221569996999
rho,3,1,4,19,34,20.0,6.2962652107424715,12.0,36.0,11000.0,0.0038134665351307957,1.9418549078660815e-07,-2.936745693864431e-09,0.01335294000775493
rho,3,1,4,19,34,20.0,6.2962652107424715,12.0,36.0,11500.0,0.003630243205883592,1.824223861986e-07,-1.2885057554634717e-09,0.013842250033692435
rho,3,1,4,19,34,20.0,6.2962652107424715,12.0,36.0,12000.0,0.0034618699998285175,1.7277093683005935e-07,3.022931911067938e-10,0.01441614619075038
rho,3,1,4,19,34,20.0,6.2962652107424715,15.0,40.0,0.0,0.0,0.0,0.0,
rho,3,1,4,19,34,20.0,6.2962652107424715,15.0,40.0,500.0,0.22218782128061898,3.0365035921143936e-07,6.363786090170849e-09,6.150823973858166e-06
rho,3,1,4,19,34,20.0,6.2962652107424715,15.0,40.0,1000.0,0.2072197251063564,5.191570091159005e-07,5.1525170497887445e-09,1.2090284912234424e-05
rho,3,1,4,19,34,20.0,6.2962652107424715,15.0,40.0,1500.0,0.1556931350226633,5.424275958730859e-07,4.371620479317308e-09,2.2377050849445764e-05
rho,3,1,4,19,34,20.0,6.2962652107424715,15.0,40.0,2000.0,0.11143533787251227,4.727543584093497e-07,5.66760064677873e-09,3.8070595754078034e-05
rho,3,1,4,19,34,20.0,6.2962652107424715,15.0,40.0,2500.0,0.07976225993624012,3.830378925812972e-07,6.489149234732046e-09,6.020697928712575e-05
rho,3,1,4,19,34,20.0,6.2962652107424715,15.0,40.0,3000.0,0.05813370255433574,3.014456834829443e-07,6.9504098037517465e-09,8.919758600571806e-05
rho,3,1,4,19,34,20.0,6.2962652107424715,15.0,40.0,3500.0,0.043435014631238736,2.354134976215111e-07,7.76979743980509e-09,0.00012478184868426124
rho,3,1,4,19,34,20.0,6.2962652107424715,15.0,40.0,4000.0,0.03332446704622641,1.85879843472629e-07,8.678762795852224e-09,0.00016738089010485073
rho,3,1,4,19,34,20.0,6.2962652107424715,15.0,40.0,4500.0,0.026230406254797032,1.5047836148652547e-07,9.094544411493089e-09,0.0002187076729590439
rho,3,1,4,19,34,20.0,6.2962652107424715,15.0,40.0,5000.0,0.02113451277790341,1.2698436612868527e-07,8.581228367253123e-09,0.0002842927436369658
rho,3,1,4,19,34,20.0,6.2962652107424715,15.0,40.0,5500.0,0.017384247838061175,1.159192535178095e-07,6.828674684987512e-09,0.00038356923470106577
rho,3,1,4,19,34,20.0,6.2962652107424715,15.0,40.0,6000.0,0.014562882192811573,1.1845363203492641e-07,3.796748844681563e-09,0.0005585392648608624
rho,3,1,4,19,34,20.0,6.2962652107424715,15.0,40.0,6500.0,0.012403784881711314,1.3267015403987809e-07,-6.670942243576488e-11,0.0008623126993245955
rho,3,1,4,19,34,20.0,6.2962652107424715,15.0,40.0,7000.0,0.010733954345029231,1.5307999205707148e-07,-3.949178964075351e-09,0.0013286143642882691
rho,3,1,4,19,34,20.0,6.2962652107424715,15.0,40.0,7500.0,0.009436779157376804,1.7357843919271286e-07,-7.103340021190847e-09,0.0019491631650716131
rho,3,1,4,19,34,20.0,6.2962652107424715,15.0,40.0,8000.0,0.008428166136744738,1.9046306922682414e-07,-9.189612348802048e-09,0.0026812950274294005
rho,3,1,4,19,34,20.0,6.2962652107424715,15.0,40.0,8500.0,0.007642392453168087,2.0305044002284203e-07,-1.0289270522441875e-08,0.003476524251047072
rho,3,1,4,19,34,20.0,6.2962652107424715,15.0,40.0,9000.0,0.007024882110411682,2.1222783069422355e-07,-1.0685402663249651e-08,0.0043005525026090325
rho,3,1,4,19,34,20.0,6.2962652107424715,15.0,40.0,9500.0,0.006529405136180456,2.1878588750062328e-07,-1.0648603666167943e-08,0.005131827762819602
rho,3,1,4,19,34,20.0,6.2962652107424715,15.0,40.0,10000.0,0.006117534753900754,2.228576819805405e-07,-1.0362860383931591e-08,0.00595490336756465
rho,3,1,4,19,34,20.0,6.2962652107424715,15.0,40.0,10500.0,0.005758764995761163,2.2442705861889256e-07,-9.965860118891862e-09,0.006767316761810142
rho,3,1,4,19,34,20.0,6.2962652107424715,15.0,40.0,11000.0,0.0054303835947010146,2.2403840292731427e-07,-9.605440453947534e-09,0.007597338045115834
rho,3,1,4,19,34,20.0,6.2962652107424715,15.0,40.0,11500.0,0.005116808163731495,2.2297451127719957e-07,-9.444345848688143e-09,0.008516417638512064
rho,3,1,4,19,34,20.0,6.2962652107424715,15.0,40.0,12000.0,0.004808484049828775,2.2281301027772522e-07,-9.612910036046044e-09,0.009636607856575044
rho,3,1,4,19,34,20.0,6.2962652107424715,20.0,50.0,0.0,0.0,0.0,0.0,
rho,3,1,4,19,34,20.0,6.2962652107424715,20.0,50.0,500.0,0.2401839020825871,2.2960898165600024e-07,1.2088561766413857e-08,3.980165033686137e-06
rho,3,1,4,19,34,20.0,6.2962652107424715,20.0,50.0,1000.0,0.23165235230628026,3.5940270586770454e-07,1.6147219383995838e-08,6.697425838661427e-06
rho,3,1,4,19,34,20.0,6.2962652107424715,20.0,50.0,1500.0,0.1808009386240386,3.9662230911999156e-07,1.2581923092433796e-08,1.2133211752429758e-05
rho,3,1,4,19,34,20.0,6.2962652107424715,20.0,50.0,2000.0,0.1348629296640592,3.740069664868531e-07,1.0271707107279158e-08,2.0563380526480744e-05
rho,3,1,4,19,34,20.0,6.2962652107424715,20.0,50.0,2500.0,0.10069720904159668,3.277607481715419e-07,8.778797435214432e-09,3.2323774993326995e-05
rho,3,1,4,19,34,20.0,6.2962652107424715,20.0,50.0,3000.0,0.07642210418384103,2.805932558386987e-07,6.2521792861559376e-09,4.8044009689136256e-05
rho,3,1,4,19,34,20.0,6.2962652107424715,20.0,50.0,3500.0,0.059214409060412324,2.42075879097553e-07,2.957402832571757e-09,6.903935393207011e-05
rho,3,1,4,19,34,20.0,6.2962652107424715,20.0,50.0,4000.0,0.046858782495130105,2.1734440293787812e-07,-2.3399348705783465e-10,9.898433276632684e-05
rho,3,1,4,19,34,20.0,6.2962652107424715,20.0,50.0,4500.0,0.03782300431654349,2.0959566228264898e-07,-3.2342129043148345e-09,0.00014651100445371945
rho,3,1,4,19,34,20.0,6.2962652107424715,20.0,50.0,5000.0,0.031079947882039747,2.185361133934384e-07,-6.460217429651584e-09,0.0002262364884745565
rho,3,1,4,19,34,20.0,6.2962652107424715,20.0,50.0,5500.0,0.025943600855740143,2.395210980239385e-07,-1.0008666195914145e-08,0.0003558633524792446
rho,3,1,4,19,34,20.0,6.2962652107424715,20.0,50.0,6000.0,0.02195402952478808,2.6533553792957327e-07,-1.3430434028464805e-08,0.0005505121818833713
rho,3,1,4,19,34,20.0,6.2962652107424715,20.0,50.0,6500.0,0.018801287246486977,2.8916941397477566e-07,-1.608957234926516e-08,0.0008180449831918121
rho,3,1,4,19,34,20.0,6.2962652107424715,20.0,50.0,7000.0,0.01627522644220129,3.0661787993098816e-07,-1.7542716103936037e-08,0.001157559695625948
rho,3,1,4,19,34,20.0,6.2962652107424715,20.0,50.0,7500.0,0.014231810916519752,3.1601011931838247e-07,-1.7648162838510537e-08,0.001560201387186025
rho,3,1,4,19,34,20.0,6.2962652107424715,20.0,50.0,8000.0,0.012570088024929335,3.177742745020444e-07,-1.6498019999557736e-08,0.0020111390465922113
rho,3,1,4,19,34,20.0,6.2962652107424715,20.0,50.0,8500.0,0.011216495291599751,3.13709306390497e-07,-1.4348961445666239e-08,0.002493521089836201
rho,3,1,4,19,34,20.0,6.2962652107424715,20.0,50.0,9000.0,0.01011458422023397,3.0644108069435895e-07,-1.1599378369848716e-08,0.0029953730315124883
rho,3,1,4,19,34,20.0,6.2962652107424715,20.0,50.0,9500.0,0.009218800141313429,2.98909415197773e-07,-8.754015812433114e-09,0.0035171492281625715
rho,3,1,4,19,34,20.0,6.2962652107424715,20.0,50.0,10000.0,0.00849109272086635,2.9377094558432044e-07,-6.328063520184575e-09,0.004074568979998343
rho,3,1,4,19,34,20.0,6.2962652107424715,20.0,50.0,10500.0,0.00789922652518924,2.928314042831562e-07,-4.716029518805593e-09,0.00469297795063595
rho,3,1,4,19,34,20.0,6.2962652107424715,20.0,50.0,11000.0,0.0074158879479064585,2.967100896406214e-07,-4.093629940335747e-09,0.005395180718934531
rho,3,1,4,19,34,20.0,6.2962652107424715,20.0,50.0,11500.0,0.007018020218293239,3.048298647975542e-07,-4.400106486803091e-09,0.006189111166094913
rho,3,1,4,19,34,20.0,6.2962652107424715,20.0,50.0,12000.0,0.006686149477173921,3.156641334866678e-07,-5.395262643694845e-09,0.007061111607860379
rho,3,1,4,19,34,20.0,6.2962652107424715,25.0,60.0,0.0,0.0,0.0,0.0,
rho,3,1,4,19,34,20.0,6.2962652107424715,25.0,60.0,500.0,0.2524236831192567,1.8719917343497487e-07,1.244889886241578e-08,2.937945453412982e-06
rho,3,1,4,19,34,20.0,6.2962652107424715,25.0,60.0,1000.0,0.24845350142346043,2.8213629847262345e-07,1.4917938970935522e-08,4.570552702375974e-06
rho,3,1,4,19,34,20.0,6.2962652107424715,25.0,60.0,1500.0,0.1982870434163328,3.331003020857736e-07,1.1052026241633511e-08,8.472007900820131e-06
rho,3,1,4,19,34,20.0,6.2962652107424715,25.0,60.0,2000.0,0.15165506508973012,3.567747127166548e-07,6.931663204819317e-09,1.551244395853407e-05
rho,3,1,4,19,34,20.0,6.2962652107424715,25.0,60.0,2500.0,0.11644723240173238,3.6067982488011553e-07,3.329124098676235e-09,2.6598889659911084e-05
rho,3,1,4,19,34,20.0,6.2962652107424715,25.0,60.0,3000.0,0.09107660977428496,3.532555227120662e-07,-4.6265235502349585e-10,4.258682352190794e-05
rho,3,1,4,19,34,20.0,6.2962652107424715,25.0,60.0,3500.0,0.07276278128521185,3.4122355683465776e-07,-4.1502083540512e-09,6.444962923216345e-05
rho,3,1,4,19,34,20.0,6.2962652107424715,25.0,60.0,4000.0,0.05929450778402749,3.26295730497021e-07,-6.751768149051484e-09,9.280736764928258e-05
rho,3,1,4,19,34,20.0,6.2962652107424715,25.0,60.0,4500.0,0.04916337283845434,3.0887368882885946e-07,-7.791991203335002e-09,0.00012779020742491892
rho,3,1,4,19,34,20.0,6.2962652107424715,25.0,60.0,5000.0,0.04138157225506946,2.9066057670613993e-07,-7.492241749753054e-09,0.00016973529377081718
rho,3,1,4,19,34,20.0,6.2962652107424715,25.0,60.0,5500.0,0.03529979553562533,2.7319956027361835e-07,-6.275539337923486e-09,0.0002192479878256668
rho,3,1,4,19,34,20.0,6.2962652107424715,25.0,60.0,6000.0,0.03047891595459407,2.565264547026985e-07,-4.482115934533523e-09,0.0002761424198932278
rho,3,1,4,19,34,20.0,6.2962652107424715,25.0,60.0,6500.0,0.026609889226146568,2.4012044289867043e-07,-2.443177629922609e-09,0.0003391118783692317
rho,3,1,4,19,34,20.0,6.2962652107424715,25.0,60.0,7000.0,0.023467320107970088,2.2434839753288235e-07,-5.680775538623611e-10,0.00040737650414278555
rho,3,1,4,19,34,20.0,6.2962652107424715,25.0,60.0,7500.0,0.020883605136680757,2.1048494776970232e-07,7.425625018739683e-10,0.00048262531472217885
rho,3,1,4,19,34,20.0,6.2962652107424715,25.0,60.0,8000.0,0.018733924006899633,1.9966554549931155e-07,1.2432862599647762e-09,0.0005689126893182999
rho,3,1,4,19,34,20.0,6.2962652107424715,25.0,60.0,8500.0,0.01692603516391518,1.9223721046405594e-07,8.97215931193669e-10,0.0006710068879372178
rho,3,1,4,19,34,20.0,6.2962652107424715,25.0,60.0,9000.0,0.015392023953997523,1.8808126388470548e-07,-1.685672097143248e-10,0.00079387856024341
rho,3,1,4,19,34,20.0,6.2962652107424715,25.0,60.0,9500.0,0.014081254597754615,1.8722813960050558e-07,-1.726793921165649e-09,0.000944253101947795
rho,3,1,4,19,34,20.0,6.2962652107424715,25.0,60.0,10000.0,0.012954686217380273,1.899246785873322e-07,-3.4927541860652398e-09,0.001131690326921346
rho,3,1,4,19,34,20.0,6.2962652107424715,25.0,60.0,10500.0,0.011980774823575872,1.9613604178056793e-07,-5.167134264474918e-09,0.0013664306501762484
rho,3,1,4,19,34,20.0,6.2962652107424715,25.0,60.0,11000.0,0.01113289326423492,2.051311220529143e-07,-6.5012007650426054e-09,0.001655066563572631
rho,3,1,4,19,34,20.0,6.2962652107424715,25.0,60.0,11500.0,0.010387934719368618,2.1563728648552973e-07,-7.36626369194031e-09,0.0019983218390759753
rho,3,1,4,19,34,20.0,6.2962652107424715,25.0,60.0,12000.0,0.009725676847287812,2.2641287713115716e-07,-7.785131977009209e-09,0.002393654436230166
rho,3,1,4,19,34,20.0,6.2962652107424715,30.0,80.0,0.0,0.0,0.0,0.0,
rho,3,1,4,19,34,20.0,6.2962652107424715,30.0,80.0,500.0,0.26619252595552634,1.7311040653772779e-07,9.788509502096385e-09,2.4430449716389664e-06
rho,3,1,4,19,34,20.0,6.2962652107424715,30.0,80.0,1000.0,0.26690725792696224,2.488641109277992e-07,1.0657360851140377e-08,3.4933452039139937e-06
rho,3,1,4,19,34,20.0,6.2962652107424715,30.0,80.0,1500.0,0.21651252347821462,2.496813025425161e-07,1.324982351983787e-08,5.326230751380682e-06
rho,3,1,4,19,34,20.0,6.2962652107424715,30.0,80.0,2000.0,0.16818247336617068,2.2357088630585554e-07,1.9062211685754995e-08,7.904124608089496e-06
rho,3,1,4,19,34,20.0,6.2962652107424715,30.0,80.0,2500.0,0.13127764359637467,2.053216607257816e-07,2.152486514345472e-08,1.1913880045286071e-05
rho,3,1,4,19,34,20.0,6.2962652107424715,30.0,80.0,3000.0,0.10461408308579478,2.0268130613154473e-07,1.8677202071622853e-08,1.8519676170558015e-05
rho,3,1,4,19,34,20.0,6.2962652107424715,30.0,80.0,3500.0,0.08539329337261635,2.064829742984628e-07,1.3388329805276256e-08,2.8316314071657842e-05
rho,3,1,4,19,34,20.0,6.2962652107424715,30.0,80.0,4000.0,0.07127428921433794,2.0697256834141757e-07,9.059820324969733e-09,4.0742436649135696e-05
rho,3,1,4,19,34,20.0,6.2962652107424715,30.0,80.0,4500.0,0.06062439822620844,1.9985312460044285e-07,7.216621946466299e-09,5.43771023549237e-05
rho,3,1,4,19,34,20.0,6.2962652107424715,30.0,80.0,5000.0,0.05236678777285954,1.856241584002416e-07,7.579248960979223e-09,6.768970606628197e-05
rho,3,1,4,19,34,20.0,6.2962652107424715,30.0,80.0,5500.0,0.04579846177414058,1.678255026699621e-07,9.008862626919226e-09,8.001219290142158e-05
rho,3,1,4,19,34,20.0,6.2962652107424715,30.0,80.0,6000.0,0.04045625120601809,1.5143094948503275e-07,1.0278119826961402e-08,9.252165033546444e-05
rho,3,1,4,19,34,20.0,6.2962652107424715,30.0,80.0,6500.0,0.036030553241306364,1.4099322881605547e-07,1.0517961038058292e-08,0.00010860664422152001
rho,3,1,4,19,34,20.0,6.2962652107424715,30.0,80.0,7000.0,0.032311720514888405,1.390536619433017e-07,9.411497860085573e-09,0.0001331871307520848
rho,3,1,4,19,34,20.0,6.2962652107424715,30.0,80.0,7500.0,0.029155809232804586,1.4558599639205005e-07,7.161167822660579e-09,0.0001712653092900765
rho,3,1,4,19,34,20.0,6.2962652107424715,30.0,80.0,8000.0,0.026461339021465996,1.5848293666627782e-07,4.289735125720604e-09,0.00022633873070154823
rho,3,1,4,19,34,20.0,6.2962652107424715,30.0,80.0,8500.0,0.024152947978940815,1.7453320137180345e-07,1.3894704448537923e-09,0.00029918358568808544
rho,3,1,4,19,34,20.0,6.2962652107424715,30.0,80.0,9000.0,0.022170335942361286,1.9043035166891057e-07,-1.0780589568045366e-09,0.0003874285503514012
rho,3,1,4,19,34,20.0,6.2962652107424715,30.0,80.0,9500.0,0.020461752845763397,2.036258878971186e-07,-2.882488705346278e-09,0.00048634821006613186
rho,3,1,4,19,34,20.0,6.2962652107424715,30.0,80.0,10000.0,0.0189811407469495,2.1287563537784925e-07,-4.02152248167213e-09,0.0005908555757077841
rho,3,1,4,19,34,20.0,6.2962652107424715,30.0,80.0,10500.0,0.0176876455574986,2.1829836599405795e-07,-4.639050412286668e-09,0.000697767008154167
rho,3,1,4,19,34,20.0,6.2962652107424715,30.0,80.0,11000.0,0.016546106351540302,2.2092519276392754e-07,-4.9099977377195574e-09,0.0008069629949720358
rho,3,1,4,19,34,20.0,6.2962652107424715,30.0,80.0,11500.0,0.015527440781237214,2.2198771115071906e-07,-4.94540852888793e-09,0.0009207233773865435
rho,3,1,4,19,34,20.0,6.2962652107424715,30.0,80.0,12000.0,0.01460840296942669,2.2232236360573554e-07,-4.75686762970976e-09,0.0010417839695214936
rho,3,2,5,20,35,21.0,6.2962652107424715,5.0,15.0,0.0,0.0,0.0,0.0,
rho,3,2,5,20,35,21.0,6.2962652107424715,5.0,15.0,500.0,0.12905102551651437,2.2066456067734892e-07,2.821038479842249e-08,1.3249810585028705e-05
rho,3,2,5,20,35,21.0,6.2962652107424715,5.0,15.0,1000.0,0.09703206731973989,2.3562245367841883e-07,2.8572253387636582e-08,2.5025692593078075e-05
rho,3,2,5,20,35,21.0,6.2962652107424715,5.0,15.0,1500.0,0.05760887005639114,1.9605397169932246e-07,1.5516292541133912e-08,5.9074075086816475e-05
rho,3,2,5,20,35,21.0,6.2962652107424715,5.0,15.0,2000.0,0.032501732138862524,1.7053671980118927e-07,9.963494896516867e-09,0.00016143767404150214
rho,3,2,5,20,35,21.0,6.2962652107424715,5.0,15.0,2500.0,0.018715848715069937,1.5238153960497477e-07,1.2032764462440695e-08,0.00043502408793917455
rho,3,2,5,20,35,21.0,6.2962652107424715,5.0,15.0,3000.0,0.011460518799010184,1.3844353773978336e-07,1.6160429143860557e-08,0.0010540570875310162
rho,3,2,5,20,35,21.0,6.2962652107424715,5.0,15.0,3500.0,0.007636061757275806,1.308533532843329e-07,1.8487110159427278e-08,0.0022441195656707756
rho,3,2,5,20,35,21.0,6.2962652107424715,5.0,15.0,4000.0,0.005563489398425528,1.3148334256837873e-07,1.8102775803413984e-08,0.0042479188005111156
rho,3,2,5,20,35,21.0,6.2962652107424715,5.0,15.0,4500.0,0.0043819831298170095,1.3907600137926604e-07,1.5941070310119163e-08,0.007242871716284418
rho,3,2,5,20,35,21.0,6.2962652107424715,5.0,15.0,5000.0,0.0036571794654546258,1.5004923120784258e-07,1.3213339378731111e-08,0.011218666282418863
rho,3,2,5,20,35,21.0,6.2962652107424715,5.0,15.0,5500.0,0.0031710764259961994,1.6119592167679324e-07,1.0546560619830524e-08,0.01603026240907375
rho,3,2,5,20,35,21.0,6.2962652107424715,5.0,15.0,6000.0,0.002813521993501218,1.7070661890952718e-07,8.065737043367878e-09,0.021565013371664422
rho,3,2,5,20,35,21.0,6.2962652107424715,5.0,15.0,6500.0,0.0025270585799414816,1.77575894256882e-07,5.840711389651062e-09,0.02780695227609462
rho,3,2,5,20,35,21.0,6.2962652107424715,5.0,15.0,7000.0,0.002280672765184985,1.8101553531628516e-07,4.103010598130615e-09,0.034800853567388004
rho,3,2,5,20,35,21.0,6.2962652107424715,5.0,15.0,7500.0,0.002058368606511531,1.8073215496051237e-07,3.1014585219486148e-09,0.04265688399053391
rho,3,2,5,20,35,21.0,6.2962652107424715,5.0,15.0,8000.0,0.0018536368541102932,1.7758613166132612e-07,2.848240819733412e-09,0.051684430600774274
rho,3,2,5,20,35,21.0,6.2962652107424715,5.0,15.0,8500.0,0.0016652254690381935,1.7364509677628338e-07,3.0358395457284244e-09,0.06262048621119697
rho,3,2,5,20,35,21.0,6.2962652107424715,5.0,15.0,9000.0,0.001493228430547692,1.7136478859513747e-07,3.194374575032112e-09,0.07685446243967105
rho,3,2,5,20,35,21.0,6.2962652107424715,5.0,15.0,9500.0,0.0013363763577036376,1.7248774629996135e-07,2.962305810029808e-09,0.09658299759403173
rho,3,2,5,20,35,21.0,6.2962652107424715,5.0,15.0,10000.0,0.001191395974563258,1.773833177383467e-07,2.2845170497785164e-09,0.12496848843210874
rho,3,2,5,20,35,21.0,6.2962652107424715,5.0,15.0,10500.0,0.0010542819113677456,1.8513093991175906e-07,1.4187591663070548e-09,0.16655799933733392
rho,3,2,5,20,35,21.0,6.2962652107424715,5.0,15.0,11000.0,0.0009223913358095075,1.9416540515597151e-07,7.612777481008997e-10,0.22821354831759047
rho,3,2,5,20,35,21.0,6.2962652107424715,5.0,15.0,11500.0,0.0007960546933923823,2.0304586517621474e-07,6.111906849488242e-10,0.32041167737305787
rho,3,2,5,20,35,21.0,6.2962652107424715,5.0,15.0,12000.0,0.0006788771848528434,2.1094926974997847e-07,1.0132376272412235e-09,0.45771547865129136
rho,3,2,5,20,35,21.0,6.2962652107424715,7.0,25.0,0.0,0.0,0.0,0.0,
rho,3,2,5,20,35,21.0,6.2962652107424715,7.0,25.0,500.0,0.17341095234370388,2.718357196525796e-07,2.8295145414654798e-08,9.039688733120692e-06
rho,3,2,5,20,35,21.0,6.2962652107424715,7.0,25.0,1000.0,0.14529777798399485,3.644114868416102e-07,4.3101673590164935e-08,1.726132432656531e-05
rho,3,2,5,20,35,21.0,6.2962652107424715,7.0,25.0,1500.0,0.09658820325949882,3.523174824249223e-07,2.9525959426397636e-08,3.776469827512776e-05
rho,3,2,5,20,35,21.0,6.2962652107424715,7.0,25.0,2000.0,0.060629367561992206,3.1761152005177066e-07,1.1635969893319727e-08,8.640326824945026e-05
rho,3,2,5,20,35,21.0,6.2962652107424715,7.0,25.0,2500.0,0.038066608485355743,2.803236885556847e-07,9.480458567324426e-10,0.00019345120008593594
rho,3,2,5,20,35,21.0,6.2962652107424715,7.0,25.0,3000.0,0.02457922797658727,2.539303061797531e-07,-2.914024112227313e-09,0.00042031806956152503
rho,3,2,5,20,35,21.0,6.2962652107424715,7.0,25.0,3500.0,0.01657538769915808,2.42821296160672e-07,-3.4066295860422897e-09,0.0008838109587843677
rho,3,2,5,20,35,21.0,6.2962652107424715,7.0,25.0,4000.0,0.011766238528747657,2.410947124693774e-07,-2.680556500932239e-09,0.0017414555319937798
rho,3,2,5,20,35,21.0,6.2962652107424715,7.0,25.0,4500.0,0.008804864603953435,2.4185996998534603e-07,-1.5382368564456549e-09,0.0031197416470266463
rho,3,2,5,20,35,21.0,6.2962652107424715,7.0,25.0,5000.0,0.00691612048915049,2.414530672455834e-07,-2.7472067874897063e-10,0.005047863763924002
rho,3,2,5,20,35,21.0,6.2962652107424715,7.0,25.0,5500.0,0.005654369804994449,2.3797675652044553e-07,9.973743690331558e-10,0.007443310288524472
rho,3,2,5,20,35,21.0,6.2962652107424715,7.0,25.0,6000.0,0.004762902550052785,2.3010713108267265e-07,2.2457477950231166e-09,0.010143473199713196
rho,3,2,5,20,35,21.0,6.2962652107424715,7.0,25.0,6500.0,0.004094419660911959,2.1752807331904307e-07,3.367573601641676e-09,0.012975694301081114
rho,3,2,5,20,35,21.0,6.2962652107424715,7.0,25.0,7000.0,0.00356527762863645,2.0150580506031736e-07,4.117195495784815e-09,0.015852612863118988
rho,3,2,5,20,35,21.0,6.2962652107424715,7.0,25.0,7500.0,0.00312852839502387,1.8470974811725324e-07,4.2403860666253725e-09,0.01887163872740616
rho,3,2,5,20,35,21.0,6.2962652107424715,7.0,25.0,8000.0,0.002757883285317215,1.7022494382588908e-07,3.689185808311444e-09,0.022380584992268283
rho,3,2,5,20,35,21.0,6.2962652107424715,7.0,25.0,8500.0,0.0024381619632686726,1.602797272581047e-07,2.686565015773988e-09,0.026962086101929635
rho,3,2,5,20,35,21.0,6.2962652107424715,7.0,25.0,9000.0,0.0021595626989924666,1.5552397770408826e-07,1.5719199328498564e-09,0.03334768728323225
rho,3,2,5,20,35,21.0,6.2962652107424715,7.0,25.0,9500.0,0.001914259269728659,1.5524151451699084e-07,5.722498468240013e-10,0.042364916363246186
rho,3,2,5,20,35,21.0,6.2962652107424715,7.0,25.0,10000.0,0.00169463192368766,1.5807616139955917e-07,-3.101351473590378e-10,0.05504471334669531
rho,3,2,5,20,35,21.0,6.2962652107424715,7.0,25.0,10500.0,0.0014928303228595853,1.6260865101155843e-07,-1.2286168717039672e-09,0.07296637164842117
rho,3,2,5,20,35,21.0,6.2962652107424715,7.0,25.0,11000.0,0.0013013810359951872,1.6753687600823684e-07,-2.3263939560200367e-09,0.09892395368541322
rho,3,2,5,20,35,21.0,6.2962652107424715,7.0,25.0,11500.0,0.0011143790524281634,1.7166609553443115e-07,-3.6079043511730956e-09,0.13823520145312193
rho,3,2,5,20,35,21.0,6.2962652107424715,7.0,25.0,12000.0,0.0009286722049867939,1.7398617379602446e-07,-4.924583139340021e-09,0.2017389902289972
rho,3,2,5,20,35,21.0,6.2962652107424715,10.0,30.0,0.0,0.0,0.0,0.0,
rho,3,2,5,20,35,21.0,6.2962652107424715,10.0,30.0,500.0,0.19301601599564683,2.58995461014256e-07,2.5731769563512978e-08,6.951931090261298e-06
rho,3,2,5,20,35,21.0,6.2962652107424715,10.0,30.0,1000.0,0.16937101449307887,3.783805991036614e-07,4.4829441647585814e-08,1.319017880314575e-05
rho,3,2,5,20,35,21.0,6.2962652107424715,10.0,30.0,1500.0,0.11871534936148849,3.8031031240832146e-07,4.2591825691475236e-08,2.6985119895147856e-05
rho,3,2,5,20,35,21.0,6.2962652107424715,10.0,30.0,2000.0,0.07882624418328478,3.5032810526216855e-07,3.086342809618867e-08,5.638106973079069e-05
rho,3,2,5,20,35,21.0,6.2962652107424715,10.0,30.0,2500.0,0.0522862567948559,3.137409340926136e-07,1.9948802413678853e-08,0.00011476146460801269
rho,3,2,5,20,35,21.0,6.2962652107424715,10.0,30.0,3000.0,0.03548797380403762,2.6998168189073307e-07,1.3990832042991705e-08,0.00021437389102001546
rho,3,2,5,20,35,21.0,6.2962652107424715,10.0,30.0,3500.0,0.024971160958699622,2.2885116651802286e-07,1.1219901501702244e-08,0.00036700811101518846
rho,3,2,5,20,35,21.0,6.2962652107424715,10.0,30.0,4000.0,0.01833282047039206,2.0479070027890672e-07,8.41384115596466e-09,0.0006093287361222814
rho,3,2,5,20,35,21.0,6.2962652107424715,10.0,30.0,4500.0,0.014047804379840993,2.0104303541169825e-07,4.224544183166498e-09,0.0010187605774848243
rho,3,2,5,20,35,21.0,6.2962652107424715,10.0,30.0,5000.0,0.011184182715412258,2.083499100739213e-07,-4.819609761791381e-10,0.001665654069973229
rho,3,2,5,20,35,21.0,6.2962652107424715,10.0,30.0,5500.0,0.009186412285949744,2.1522464525013733e-07,-4.1550648056648685e-09,0.0025503520551848854
rho,3,2,5,20,35,21.0,6.2962652107424715,10.0,30.0,6000.0,0.007730416019003755,2.1609488262743764e-07,-6.029666153603342e-09,0.0036160859906113263
rho,3,2,5,20,35,21.0,6.2962652107424715,10.0,30.0,6500.0,0.006630745498338468,2.1163192395919722e-07,-6.457988663791056e-09,0.004813449966870397
rho,3,2,5,20,35,21.0,6.2962652107424715,10.0,30.0,7000.0,0.005782250551500388,2.049723536909672e-07,-6.333709684413972e-09,0.0061305787527025125
rho,3,2,5,20,35,21.0,6.2962652107424715,10.0,30.0,7500.0,0.005123767306600676,1.9862360208764015e-07,-6.3735969271010775e-09,0.0075657512307498054
rho,3,2,5,20,35,21.0,6.2962652107424715,10.0,30.0,8000.0,0.00461585174908602,1.934574470030428e-07,-6.759714194960662e-09,0.009079914282132005
rho,3,2,5,20,35,21.0,6.2962652107424715,10.0,30.0,8500.0,0.004227890002353584,1.8900623972563638e-07,-7.20596016124167e-09,0.010573743781644569
rho,3,2,5,20,35,21.0,6.2962652107424715,10.0,30.0,9000.0,0.003931798241428135,1.84172393293733e-07,-7.262078959221981e-09,0.011913574460926068
rho,3,2,5,20,35,21.0,6.2962652107424715,10.0,30.0,9500.0,0.003700268681352693,1.7794381626574218e-07,-6.625798497833738e-09,0.012996199834701974
rho,3,2,5,20,35,21.0,6.2962652107424715,10.0,30.0,10000.0,0.0035077193380523178,1.6993988180916667e-07,-5.308389191275733e-09,0.013811652335011953
rho,3,2,5,20,35,21.0,6.2962652107424715,10.0,30.0,10500.0,0.003332288887721209,1.6065602790628007e-07,-3.6118070926586977e-09,0.014468107782128628
rho,3,2,5,20,35,21.0,6.2962652107424715,10.0,30.0,11000.0,0.003157612702688286,1.5133317217473303e-07,-1.9717796072618e-09,0.015178065219438569
rho,3,2,5,20,35,21.0,6.2962652107424715,10.0,30.0,11500.0,0.002973674438178406,1.4350701317203383e-07,-7.676674552435067e-10,0.01622879544354301
rho,3,2,5,20,35,21.0,6.2962652107424715,10.0,30.0,12000.0,0.0027765769028895047,1.3844345920865885e-07,-1.9073240617215146e-10,0.01795779580474002
rho,3,2,5,20,35,21.0,6.2962652107424715,12.0,36.0,0.0,0.0,0.0,0.0,
rho,3,2,5,20,35,21.0,6.2962652107424715,12.0,36.0,500.0,0.20899602040706644,2.563261362097768e-07,1.5923829665634223e-08,5.868361483464507e-06
rho,3,2,5,20,35,21.0,6.2962652107424715,12.0,36.0,1000.0,0.18981669026959336,3.8589640228826173e-07,3.2677287344365736e-08,1.0710307416907962e-05
rho,3,2,5,20,35,21.0,6.2962652107424715,12.0,36.0,1500.0,0.13834428629856696,3.9557610370567617e-07,3.76328021195827e-08,2.0668435031011258e-05
rho,3,2,5,20,35,21.0,6.2962652107424715,12.0,36.0,2000.0,0.09583321561596461,3.6995632309896094e-07,3.3213075927449403e-08,4.028267781063523e-05
rho,3,2,5,20,35,21.0,6.2962652107424715,12.0,36.0,2500.0,0.06641637880707024,3.402730418182506e-07,2.4024034912749312e-08,7.713955999534581e-05
rho,3,2,5,20,35,21.0,6.2962652107424715,12.0,36.0,3000.0,0.047031902458303854,3.098881716776022e-07,1.4553562840472808e-08,0.00014009411973471585
rho,3,2,5,20,35,21.0,6.2962652107424715,12.0,36.0,3500.0,0.034328986657424565,2.7931339060562347e-07,6.876477590090858e-09,0.0002370117020281617
rho,3,2,5,20,35,21.0,6.2962652107424715,12.0,36.0,4000.0,0.025876634634488263,2.5226403483564235e-07,1.2023149447813315e-09,0.00037673827949620667
rho,3,2,5,20,35,21.0,6.2962652107424715,12.0,36.0,4500.0,0.020104659643255533,2.2992615135098198e-07,-2.5249430912027778e-09,0.0005688462761993988
rho,3,2,5,20,35,21.0,6.2962652107424715,12.0,36.0,5000.0,0.016044278944923156,2.1015847267005493e-07,-4.256249340196779e-09,0.0008164065785208184
rho,3,2,5,20,35,21.0,6.2962652107424715,12.0,36.0,5500.0,0.013104041843533533,1.9215096157435285e-07,-4.301540980735405e-09,0.001119004981096101
rho,3,2,5,20,35,21.0,6.2962652107424715,12.0,36.0,6000.0,0.010917717874611078,1.784352010005776e-07,-3.5132524736921344e-09,0.0014969827621451905
rho,3,2,5,20,35,21.0,6.2962652107424715,12.0,36.0,6500.0,0.009252645068895829,1.7245080303527295e-07,-2.8979469186731496e-09,0.0020143429602666476
rho,3,2,5,20,35,21.0,6.2962652107424715,12.0,36.0,7000.0,0.007957826724289957,1.7547232587753888e-07,-3.0857587913015895e-09,0.002770892490889161
rho,3,2,5,20,35,21.0,6.2962652107424715,12.0,36.0,7500.0,0.0069342810171094,1.8568871252174535e-07,-4.104181584887031e-09,0.003861736432835402
rho,3,2,5,20,35,21.0,6.2962652107424715,12.0,36.0,8000.0,0.006116711546489156,1.9926972534022637e-07,-5.533592101352443e-09,0.005326051007929814
rho,3,2,5,20,35,21.0,6.2962652107424715,12.0,36.0,8500.0,0.0054611492378027066,2.1204734567511565e-07,-6.8315049829109976e-09,0.00710992060402702
rho,3,2,5,20,35,21.0,6.2962652107424715,12.0,36.0,9000.0,0.004936415439327674,2.2080528982513102e-07,-7.586825509665074e-09,0.009061207371829314
rho,3,2,5,20,35,21.0,6.2962652107424715,12.0,36.0,9500.0,0.0045184897729594565,2.2388353214406457e-07,-7.61134512068456e-09,0.010965679357705895
rho,3,2,5,20,35,21.0,6.2962652107424715,12.0,36.0,10000.0,0.0041871212879607865,2.2123723343782422e-07,-6.9140903413236105e-09,0.012619063812496615
rho,3,2,5,20,35,21.0,6.2962652107424715,12.0,36.0,10500.0,0.003924045496516116,2.1414719970774942e-07,-5.63921059262453e-09,0.013907348305862337
rho,3,2,5,20,35,21.0,6.2962652107424715,12.0,36.0,11000.0,0.003712260657266058,2.046831772661462e-07,-4.008997156515655e-09,0.014852693683870426
rho,3,2,5,20,35,21.0,6.2962652107424715,12.0,36.0,11500.0,0.003535970574170062,1.9502064696162276e-07,-2.2723843052391892e-09,0.015597798599803455
rho,3,2,5,20,35,21.0,6.2962652107424715,12.0,36.0,12000.0,0.0033809305387779596,1.8682169812046817e-07,-6.530342078642292e-10,0.016343866970586478
rho,3,2,5,20,35,21.0,6.2962652107424715,15.0,40.0,0.0,0.0,0.0,0.0,
rho,3,2,5,20,35,21.0,6.2962652107424715,15.0,40.0,500.0,0.21967187136778346,2.837898773219652e-07,9.105869528317572e-09,5.880956956366092e-06
rho,3,2,5,20,35,21.0,6.2962652107424715,15.0,40.0,1000.0,0.20400334601606104,4.694169077960386e-07,1.3572643785876621e-08,1.1279351917184407e-05
rho,3,2,5,20,35,21.0,6.2962652107424715,15.0,40.0,1500.0,0.15265511110311125,4.912978525698065e-07,1.1729687286485408e-08,2.1082502794111168e-05
rho,3,2,5,20,35,21.0,6.2962652107424715,15.0,40.0,2000.0,0.10889252435290592,4.448242497823603e-07,8.55816059637704e-09,3.751390924694853e-05
rho,3,2,5,20,35,21.0,6.2962652107424715,15.0,40.0,2500.0,0.07774588175919149,3.7925805108437766e-07,6.158961748703074e-09,6.274512978995315e-05
rho,3,2,5,20,35,21.0,6.2962652107424715,15.0,40.0,3000.0,0.05655916023762058,3.115485409323311e-07,5.61421285029382e-09,9.739122228590044e-05
rho,3,2,5,20,35,21.0,6.2962652107424715,15.0,40.0,3500.0,0.04219155383916235,2.5029967574277034e-07,6.77651437286057e-09,0.00014060774622320395
rho,3,2,5,20,35,21.0,6.2962652107424715,15.0,40.0,4000.0,0.03231589642935824,2.0254953546749551e-07,8.426276117561988e-09,0.00019395404272892083
rho,3,2,5,20,35,21.0,6.2962652107424715,15.0,40.0,4500.0,0.02538799874425204,1.709646685994828e-07,9.41011230955548e-09,0.0002652463598139221
rho,3,2,5,20,35,21.0,6.2962652107424715,15.0,40.0,5000.0,0.020414911956292407,1.5401171553775047e-07,9.131512653891997e-09,0.0003695376868217313
rho,3,2,5,20,35,21.0,6.2962652107424715,15.0,40.0,5500.0,0.016761199053167555,1.4938741691327737e-07,7.417198705115019e-09,0.0005317455332223887
rho,3,2,5,20,35,21.0,6.2962652107424715,15.0,40.0,6000.0,0.014018914387747532,1.5511778334182108e-07,4.4460931443862756e-09,0.0007892831345387401
rho,3,2,5,20,35,21.0,6.2962652107424715,15.0,40.0,6500.0,0.011924980296793843,1.6817053571441198e-07,7.870292421440898e-10,0.0011825909941245117
rho,3,2,5,20,35,21.0,6.2962652107424715,15.0,40.0,7000.0,0.010308159596546178,1.841132144622223e-07,-2.7587759151313736e-09,0.0017326972760894168
rho,3,2,5,20,35,21.0,6.2962652107424715,15.0,40.0,7500.0,0.009053950091823417,1.9883753367532327e-07,-5.5160267971465055e-09,0.0024256167068165304
rho,3,2,5,20,35,21.0,6.2962652107424715,15.0,40.0,8000.0,0.008081226925729476,2.1035321349127356e-07,-7.218159927877217e-09,0.0032210283447651543
rho,3,2,5,20,35,21.0,6.2962652107424715,15.0,40.0,8500.0,0.007327558119351256,2.1888617466508015e-07,-8.021442681636842e-09,0.004076615842312108
rho,3,2,5,20,35,21.0,6.2962652107424715,15.0,40.0,9000.0,0.00674117537775281,2.25519278993338e-07,-8.299506906542588e-09,0.0049626360114848386
rho,3,2,5,20,35,21.0,6.2962652107424715,15.0,40.0,9500.0,0.006277636177126955,2.3080076576193252e-07,-8.400729298986267e-09,0.005856591874846463
rho,3,2,5,20,35,21.0,6.2962652107424715,15.0,40.0,10000.0,0.005899178195793358,2.3437110438508408e-07,-8.515555778407625e-09,0.0067347431367862955
rho,3,2,5,20,35,21.0,6.2962652107424715,15.0,40.0,10500.0,0.005575065765540049,2.3558039514119883e-07,-8.68551296803297e-09,0.0075794755474461045
rho,3,2,5,20,35,21.0,6.2962652107424715,15.0,40.0,11000.0,0.005281826232934969,2.3434801381102885e-07,-8.892511133323494e-09,0.008400266388727491
rho,3,2,5,20,35,21.0,6.2962652107424715,15.0,40.0,11500.0,0.005002923995952293,2.3155451297907846e-07,-9.142666959654766e-09,0.009251356983141931
rho,3,2,5,20,35,21.0,6.2962652107424715,15.0,40.0,12000.0,0.00472789636894941,2.287693542325385e-07,-9.491750712140384e-09,0.01023438968022312
rho,3,2,5,20,35,21.0,6.2962652107424715,20.0,50.0,0.0,0.0,0.0,0.0,
rho,3,2,5,20,35,21.0,6.2962652107424715,20.0,50.0,500.0,0.23717382291444128,2.0092965433724895e-07,1.639703760846468e-08,3.571992426287679e-06
rho,3,2,5,20,35,21.0,6.2962652107424715,20.0,50.0,1000.0,0.22765000866853957,3.028923538674472e-07,2.434959469479526e-08,5.844575428556198e-06
rho,3,2,5,20,35,21.0,6.2962652107424715,20.0,50.0,1500.0,0.17686424780580176,3.231023856908373e-07,2.149441028031481e-08,1.0329042441908636e-05
rho,3,2,5,20,35,21.0,6.2962652107424715,20.0,50.0,2000.0,0.13141042388073446,3.0694005113961527e-07,1.685690378388917e-08,1.7774358228850785e-05
rho,3,2,5,20,35,21.0,6.2962652107424715,20.0,50.0,2500.0,0.09782549383712183,2.7981241496848194e-07,1.177952399363699e-08,2.9239024678316535e-05
rho,3,2,5,20,35,21.0,6.2962652107424715,20.0,50.0,3000.0,0.0740979238024612,2.49830160676077e-07,6.509000888755935e-09,4.550224123165237e-05
rho,3,2,5,20,35,21.0,6.2962652107424715,20.0,50.0,3500.0,0.057363699002528745,2.2211608023082675e-07,2.0320498778094708e-09,6.750030016200095e-05
rho,3,2,5,20,35,21.0,6.2962652107424715,20.0,50.0,4000.0,0.04540073417045258,2.0308769998736462e-07,-1.2665643512224815e-09,9.85275921428699e-05
rho,3,2,5,20,35,21.0,6.2962652107424715,20.0,50.0,4500.0,0.0366821001646222,1.9701100814345497e-07,-3.823663593581637e-09,0.00014641383241434708
rho,3,2,5,20,35,21.0,6.2962652107424715,20.0,50.0,5000.0,0.030190855268902052,2.0346425971096133e-07,-6.104415087840067e-09,0.00022322215688170313
rho,3,2,5,20,35,21.0,6.2962652107424715,20.0,50.0,5500.0,0.02525316568682361,2.181649531306048e-07,-8.13181955826259e-09,0.00034210020053926317
rho,3,2,5,20,35,21.0,6.2962652107424715,20.0,50.0,6000.0,0.021420903179800794,2.3567009409291463e-07,-9.677822031554838e-09,0.0005136046165084025
rho,3,2,5,20,35,21.0,6.2962652107424715,20.0,50.0,6500.0,0.018393602676648,2.516631335441394e-07,-1.0605274318791103e-08,0.0007438510799799849
rho,3,2,5,20,35,21.0,6.2962652107424715,20.0,50.0,7000.0,0.015967410401444063,2.6380599661103084e-07,-1.094764317303406e-08,0.0010347029507538693
rho,3,2,5,20,35,21.0,6.2962652107424715,20.0,50.0,7500.0,0.014001782449018245,2.7147327085987824e-07,-1.0776143033529746e-08,0.001384715088301401
rho,3,2,5,20,35,21.0,6.2962652107424715,20.0,50.0,8000.0,0.012397641720533864,2.7513767139112544e-07,-1.0096239998062303e-08,0.001790077749251376
rho,3,2,5,20,35,21.0,6.2962652107424715,20.0,50.0,8500.0,0.011082997323475426,2.759207656055288e-07,-8.889455918159004e-09,0.002246311237329236
rho,3,2,5,20,35,21.0,6.2962652107424715,20.0,50.0,9000.0,0.010003595704938284,2.753658994014781e-07,-7.232453974818913e-09,0.0027516797925238035
rho,3,2,5,20,35,21.0,6.2962652107424715,20.0,50.0,9500.0,0.009117038273851009,2.7522928973362696e-07,-5.364314871041415e-09,0.0033112128088172124
rho,3,2,5,20,35,21.0,6.2962652107424715,20.0,50.0,10000.0,0.00838920288425589,2.7713564475009345e-07,-3.6385035258041987e-09,0.003937775863648145
rho,3,2,5,20,35,21.0,6.2962652107424715,20.0,50.0,10500.0,0.007792042604103663,2.821550868774623e-07,-2.3951639632176433e-09,0.004647134556469723
rho,3,2,5,20,35,21.0,6.2962652107424715,20.0,50.0,11000.0,0.00730208682889175,2.904879850152468e-07,-1.8384483733617118e-09,0.005447963489642157
rho,3,2,5,20,35,21.0,6.2962652107424715,20.0,50.0,11500.0,0.00689926073196079,3.013970683672409e-07,-1.9830462721072168e-09,0.0063318979687026185
rho,3,2,5,20,35,21.0,6.2962652107424715,20.0,50.0,12000.0,0.006565900895774697,3.1338872893737443e-07,-2.6793915525572147e-09,0.007269335720046741
rho,3,2,5,20,35,21.0,6.2962652107424715,25.0,60.0,0.0,0.0,0.0,0.0,
rho,3,2,5,20,35,21.0,6.2962652107424715,25.0,60.0,500.0,0.24917378809028917,1.7352347531004676e-07,1.5869040872986177e-08,2.7948179750806367e-06
rho,3,2,5,20,35,21.0,6.2962652107424715,25.0,60.0,1000.0,0.24401708714996634,2.503690746473351e-07,1.971206976330134e-08,4.2047502685240444e-06
rho,3,2,5,20,35,21.0,6.2962652107424715,25.0,60.0,1500.0,0.19376943698466034,2.8087643398176967e-07,1.6074346062291898e-08,7.480743224679384e-06
rho,3,2,5,20,35,21.0,6.2962652107424715,25.0,60.0,2000.0,0.14751142696804428,2.9676851808856397e-07,1.074101943751642e-08,1.3638496594845368e-05
rho,3,2,5,20,35,21.0,6.2962652107424715,25.0,60.0,2500.0,0.11281271823577582,3.0373367972151477e-07,5.517833644596038e-09,2.3865845465370236e-05
rho,3,2,5,20,35,21.0,6.2962652107424715,25.0,60.0,3000.0,0.08796107213699293,3.014520062139623e-07,1.132180590969017e-09,3.896163289764252e-05
rho,3,2,5,20,35,21.0,6.2962652107424715,25.0,60.0,3500.0,0.07013021575535888,2.9418418788976253e-07,-1.8799592150090098e-09,5.981484423335118e-05
rho,3,2,5,20,35,21.0,6.2962652107424715,25.0,60.0,4000.0,0.057089300034701224,2.8507947680784165e-07,-3.131897845037553e-09,8.746947435948065e-05
rho,3,2,5,20,35,21.0,6.2962652107424715,25.0,60.0,4500.0,0.04732142467826597,2.751855496162866e-07,-2.7947070141287445e-09,0.00012288814889181588
rho,3,2,5,20,35,21.0,6.2962652107424715,25.0,60.0,5000.0,0.03983813453310962,2.6509473072496613e-07,-1.4667285404574229e-09,0.00016703331778618595
rho,3,2,5,20,35,21.0,6.2962652107424715,25.0,60.0,5500.0,0.03399481802487683,2.5487988642779015e-07,2.7486067614370844e-10,0.00022055155467723986
rho,3,2,5,20,35,21.0,6.2962652107424715,25.0,60.0,6000.0,0.029359477567480176,2.4386657755780926e-07,2.0661947171215974e-09,0.0002829147802118615
rho,3,2,5,20,35,21.0,6.2962652107424715,25.0,60.0,6500.0,0.025630514854078253,2.3149174842395545e-07,3.6394750844344685e-09,0.00035238779223391157
rho,3,2,5,20,35,21.0,6.2962652107424715,25.0,60.0,7000.0,0.022589559414783644,2.182763935733271e-07,4.6891705956108155e-09,0.00042775121177178493
rho,3,2,5,20,35,21.0,6.2962652107424715,25.0,60.0,7500.0,0.02007586271832106,2.0574453646963078e-07,4.905769570671673e-09,0.0005104813461724032
rho,3,2,5,20,35,21.0,6.2962652107424715,25.0,60.0,8000.0,0.017971792229514193,1.954724258002627e-07,4.1140402621396845e-09,0.0006052053023861763
rho,3,2,5,20,35,21.0,6.2962652107424715,25.0,60.0,8500.0,0.016192802719795715,1.8832046664795996e-07,2.37213326383994e-09,0.0007182133476745043
rho,3,2,5,20,35,21.0,6.2962652107424715,25.0,60.0,9000.0,0.014678824080475815,1.8442547076564978e-07,-3.257497340404466e-11,0.0008559302382302232
rho,3,2,5,20,35,21.0,6.2962652107424715,25.0,60.0,9500.0,0.01338644862907466,1.8358288823669163e-07,-2.6688972450074804e-09,0.0010244751930500286
rho,3,2,5,20,35,21.0,6.2962652107424715,25.0,60.0,10000.0,0.012282396133020972,1.8541920608419654e-07,-5.0835799775140955e-09,0.0012291036739916637
rho,3,2,5,20,35,21.0,6.2962652107424715,25.0,60.0,10500.0,0.011338801660283759,1.8928776063128762e-07,-6.922421241879487e-09,0.0014722725540231387
rho,3,2,5,20,35,21.0,6.2962652107424715,25.0,60.0,11000.0,0.01053045312216686,1.9426758064608175e-07,-8.018053808202273e-09,0.0017518874978197322
rho,3,2,5,20,35,21.0,6.2962652107424715,25.0,60.0,11500.0,0.009833661291314659,1.9948440306571045e-07,-8.4154316385691e-09,0.0020629013239157196
rho,3,2,5,20,35,21.0,6.2962652107424715,25.0,60.0,12000.0,0.009226209628009338,2.0453142953833326e-07,-8.324819149769765e-09,0.002402776733122886
rho,3,2,5,20,35,21.0,6.2962652107424715,30.0,80.0,0.0,0.0,0.0,0.0,
rho,3,2,5,20,35,21.0,6.2962652107424715,30.0,80.0,500.0,0.2625231551644182,1.7106429856159915e-07,1.0414071211879597e-08,2.4821278670566363e-06
rho,3,2,5,20,35,21.0,6.2962652107424715,30.0,80.0,1000.0,0.26164662104023206,2.4026423330898143e-07,9.347583426103727e-09,3.5096100394680818e-06
rho,3,2,5,20,35,21.0,6.2962652107424715,30.0,80.0,1500.0,0.21088882033535356,2.436734153827985e-07,1.007503579081019e-08,5.478996658386966e-06
rho,3,2,5,20,35,21.0,6.2962652107424715,30.0,80.0,2000.0,0.16281310281602088,2.279134766777258e-07,1.5134398161791978e-08,8.59787843088027e-06
rho,3,2,5,20,35,21.0,6.2962652107424715,30.0,80.0,2500.0,0.12639662744469868,2.140182853733664e-07,1.8450445082679378e-08,1.3396147110252945e-05
rho,3,2,5,20,35,21.0,6.2962652107424715,30.0,80.0,3000.0,0.10024163574864256,2.1002769049186011e-07,1.715532875206991e-08,2.0901635362886986e-05
rho,3,2,5,20,35,21.0,6.2962652107424715,30.0,80.0,3500.0,0.08145724072341158,2.159694295532564e-07,1.2477051913086194e-08,3.254864335776512e-05
rho,3,2,5,20,35,21.0,6.2962652107424715,30.0,80.0,4000.0,0.06768812477486955,2.2638980753582928e-07,7.127444875981074e-09,4.9411939959478747e-05
rho,3,2,5,20,35,21.0,6.2962652107424715,30.0,80.0,4500.0,0.057326001907747885,2.3410863209174644e-07,3.2352443563308684e-09,7.12383939384717e-05
rho,3,2,5,20,35,21.0,6.2962652107424715,30.0,80.0,5000.0,0.04932692645881764,2.341886546131467e-07,1.5445705978244448e-09,9.624933563485122e-05
rho,3,2,5,20,35,21.0,6.2962652107424715,30.0,80.0,5500.0,0.043011724035630416,2.2597563688599094e-07,1.5681503113676872e-09,0.0001221484379931565
rho,3,2,5,20,35,21.0,6.2962652107424715,30.0,80.0,6000.0,0.0379262110620068,2.1272796898729746e-07,2.2213511186999653e-09,0.00014789233930731616
rho,3,2,5,20,35,21.0,6.2962652107424715,30.0,80.0,6500.0,0.03375708011156583,1.995110113674765e-07,2.479732338902488e-09,0.00017508023521814798
rho,3,2,5,20,35,21.0,6.2962652107424715,30.0,80.0,7000.0,0.030283917963764475,1.9074483172433745e-07,1.7543999069364283e-09,0.00020798339225796045
rho,3,2,5,20,35,21.0,6.2962652107424715,30.0,80.0,7500.0,0.027350726257092818,1.8872632976548712e-07,-4.496849364943104e-11,0.0002522869395173455
rho,3,2,5,20,35,21.0,6.2962652107424715,30.0,80.0,8000.0,0.024846832155348837,1.9344299935820382e-07,-2.621322736279118e-09,0.0003133364832836626
rho,3,2,5,20,35,21.0,6.2962652107424715,30.0,80.0,8500.0,0.022692597863093824,2.0315245422283862e-07,-5.46041186121394e-09,0.00039450602403357264
rho,3,2,5,20,35,21.0,6.2962652107424715,30.0,80.0,9000.0,0.02082860985731259,2.1522890852038608e-07,-8.01894250576349e-09,0.000496112343705155
rho,3,2,5,20,35,21.0,6.2962652107424715,30.0,80.0,9500.0,0.019208197324529913,2.2708921004440922e-07,-9.90048236613964e-09,0.0006154932329942936
rho,3,2,5,20,35,21.0,6.2962652107424715,30.0,80.0,10000.0,0.017793000510024682,2.369870518594417e-07,-1.0960400492896987e-08,0.0007485593440929978
rho,3,2,5,20,35,21.0,6.2962652107424715,30.0,80.0,10500.0,0.016550802072039128,2.443386110293679e-07,-1.1290724942631426e-08,0.0008919777282407252
rho,3,2,5,20,35,21.0,6.2962652107424715,30.0,80.0,11000.0,0.015454569613305736,2.494304604276818e-07,-1.1099656874120568e-08,0.0010443249603109108
rho,3,2,5,20,35,21.0,6.2962652107424715,30.0,80.0,11500.0,0.014481815342138722,2.5275823703435455e-07,-1.056448378556414e-08,0.0012052005094179553
rho,3,2,5,20,35,21.0,6.2962652107424715,30.0,80.0,12000.0,0.013613807270578118,2.544623241946642e-07,-9.744731658067625e-09,0.0013729802609093
rho,4,0,0,18,36,19.0,6.2962652107424715,5.0,15.0,0.0,0.0,0.0,0.0,
rho,4,0,0,18,36,19.0,6.2962652107424715,5.0,15.0,500.0,0.13467970965965748,1.5323238699004377e-07,3.338779723622728e-08,8.447850583984727e-06
rho,4,0,0,18,36,19.0,6.2962652107424715,5.0,15.0,1000.0,0.10472205889884235,1.4746227177283543e-07,3.424170986912754e-08,1.3446355094853501e-05
rho,4,0,0,18,36,19.0,6.2962652107424715,5.0,15.0,1500.0,0.06520427993755634,1.1309728869879622e-07,2.2448748083833892e-08,2.660112396534156e-05
rho,4,0,0,18,36,19.0,6.2962652107424715,5.0,15.0,2000.0,0.039162919643839625,1.0782490186199918e-07,1.1668303995880396e-08,7.030220528904944e-05
rho,4,0,0,18,36,19.0,6.2962652107424715,5.0,15.0,2500.0,0.024276322677733324,1.1469647453234063e-07,4.239490611563382e-09,0.00019461856506506023
rho,4,0,0,18,36,19.0,6.2962652107424715,5.0,15.0,3000.0,0.0160021000442189,1.1980550421452018e-07,1.1881937193309428e-10,0.00046786742499274907
rho,4,0,0,18,36,19.0,6.2962652107424715,5.0,15.0,3500.0,0.011299637630877877,1.1791739553494486e-07,-1.1329645120858608e-09,0.0009235254026462233
rho,4,0,0,18,36,19.0,6.2962652107424715,5.0,15.0,4000.0,0.008495349551808475,1.1086441791076041e-07,-5.319819429849332e-10,0.0015361360269397796
rho,4,0,0,18,36,19.0,6.2962652107424715,5.0,15.0,4500.0,0.0067261821134110425,1.0286010672953711e-07,7.814651530162035e-10,0.002273577313295793
rho,4,0,0,18,36,19.0,6.2962652107424715,5.0,15.0,5000.0,0.005551365405690929,9.58275052935844e-08,2.164415251146678e-09,0.003109499940118321
rho,4,0,0,18,36,19.0,6.2962652107424715,5.0,15.0,5500.0,0.004737458828137893,8.923143023572344e-08,3.4845874396231113e-09,0.003975822221709932
rho,4,0,0,18,36,19.0,6.2962652107424715,5.0,15.0,6000.0,0.004149870854955404,8.21751544027301e-08,4.734667702596391e-09,0.0047716805984059476
rho,4,0,0,18,36,19.0,6.2962652107424715,5.0,15.0,6500.0,0.003702962190741191,7.478250353148392e-08,5.7568085801434004e-09,0.005453828094319686
rho,4,0,0,18,36,19.0,6.2962652107424715,5.0,15.0,7000.0,0.00334012501293979,6.810250347920503e-08,6.310913794728822e-09,0.0061043248005443335
rho,4,0,0,18,36,19.0,6.2962652107424715,5.0,15.0,7500.0,0.0030263391786514242,6.331630897346204e-08,6.288888698248296e-09,0.006913220184648506
rho,4,0,0,18,36,19.0,6.2962652107424715,5.0,15.0,8000.0,0.0027434741239308756,6.117467835390916e-08,5.775862933849041e-09,0.008127742909549552
rho,4,0,0,18,36,19.0,6.2962652107424715,5.0,15.0,8500.0,0.0024848354584588155,6.189744345852472e-08,4.91567141154039e-09,0.010024839777493287
rho,4,0,0,18,36,19.0,6.2962652107424715,5.0,15.0,9000.0,0.0022493591406531183,6.527694413626004e-08,3.7650481893665045e-09,0.012901559549669308
rho,4,0,0,18,36,19.0,6.2962652107424715,5.0,15.0,9500.0,0.002037046573487314,7.076864265250388e-08,2.292160257739898e-09,0.017054498331768562
rho,4,0,0,18,36,19.0,6.2962652107424715,5.0,15.0,10000.0,0.001846595413504361,7.75588959929819e-08,5.000403062000807e-10,0.022745113766587097
rho,4,0,0,18,36,19.0,6.2962652107424715,5.0,15.0,10500.0,0.0016750618127279182,8.468489000514041e-08,-1.4597907246973402e-09,0.030181738499477025
rho,4,0,0,18,36,19.0,6.2962652107424715,5.0,15.0,11000.0,0.0015186960002649523,9.124253164208537e-08,-3.2913238237290115e-09,0.03955994038919086
rho,4,0,0,18,36,19.0,6.2962652107424715,5.0,15.0,11500.0,0.0013740309328810745,9.663437800590189e-08,-4.674435940876555e-09,0.0511845201118313
rho,4,0,0,18,36,19.0,6.2962652107424715,5.0,15.0,12000.0,0.0012386362918368834,1.0074398908342722e-07,-5.41411037732359e-09,0.06566463613404665
rho,4,0,0,18,36,19.0,6.2962652107424715,7.0,25.0,0.0,0.0,0.0,0.0,
rho,4,0,0,18,36,19.0,6.2962652107424715,7.0,25.0,500.0,0.18396219942079345,2.0760224847507797e-07,3.8876614352087384e-08,6.134439198967807e-06
rho,4,0,0,18,36,19.0,6.2962652107424715,7.0,25.0,1000.0,0.15857354274142949,2.82686730550845e-07,5.781269600005711e-08,1.1242009940155714e-05
rho,4,0,0,18,36,19.0,6.2962652107424715,7.0,25.0,1500.0,0.1088281485408706,2.3335771186362384e-07,5.3286175501569796e-08,1.9703332048952303e-05
rho,4,0,0,18,36,19.0,6.2962652107424715,7.0,25.0,2000.0,0.07071774008357362,1.7778113409235582e-07,3.928379719743804e-08,3.5549125791523304e-05
rho,4,0,0,18,36,19.0,6.2962652107424715,7.0,25.0,2500.0,0.046093545728322964,1.4782446054900034e-07,2.479897740945716e-08,6.957705913049002e-05
rho,4,0,0,18,36,19.0,6.2962652107424715,7.0,25.0,3000.0,0.03101889793395858,1.3697630713424625e-07,1.5148305171506472e-08,0.00014236155593848644
rho,4,0,0,18,36,19.0,6.2962652107424715,7.0,25.0,3500.0,0.02190228005421586,1.3335446965690502e-07,1.0600898263559427e-08,0.00027798983835696997
rho,4,0,0,18,36,19.0,6.2962652107424715,7.0,25.0,4000.0,0.01632657157568279,1.3028161759259962e-07,9.299878560761166e-09,0.0004887571784028057
rho,4,0,0,18,36,19.0,6.2962652107424715,7.0,25.0,4500.0,0.012819183673367433,1.2607909807974448e-07,9.908229494734202e-09,0.0007672243060943183
rho,4,0,0,18,36,19.0,6.2962652107424715,7.0,25.0,5000.0,0.010526180401974996,1.209919206949668e-07,1.1873152607842505e-08,0.0010919801737796586
rho,4,0,0,18,36,19.0,6.2962652107424715,7.0,25.0,5500.0,0.008964459386526352,1.153760669700318e-07,1.4723802757141132e-08,0.0014357126347089718
rho,4,0,0,18,36,19.0,6.2962652107424715,7.0,25.0,6000.0,0.007859773355212237,1.096217371421061e-07,1.7684455498650325e-08,0.0017745025760642148
rho,4,0,0,18,36,19.0,6.2962652107424715,7.0,25.0,6500.0,0.007050347092054236,1.045247727945267e-07,1.9843644605480807e-08,0.002102801296432396
rho,4,0,0,18,36,19.0,6.2962652107424715,7.0,25.0,7000.0,0.006434443494644539,1.0107193573428539e-07,2.054279569111835e-08,0.0024412294509308097
rho,4,0,0,18,36,19.0,6.2962652107424715,7.0,25.0,7500.0,0.005944141244514784,9.973891987391331e-08,1.961999096488142e-08,0.0028228410188534006
rho,4,0,0,18,36,19.0,6.2962652107424715,7.0,25.0,8000.0,0.0055328209856827515,1.0003516082301617e-07,1.738762803293428e-08,0.00326782986092353
rho,4,0,0,18,36,19.0,6.2962652107424715,7.0,25.0,8500.0,0.005168805828551211,1.0074944804740401e-07,1.4424999023936074e-08,0.0037710495599139393
rho,4,0,0,18,36,19.0,6.2962652107424715,7.0,25.0,9000.0,0.004831353010438882,1.0069590495435815e-07,1.1322549541447814e-08,0.004313941655668248
rho,4,0,0,18,36,19.0,6.2962652107424715,7.0,25.0,9500.0,0.004507528685420728,9.93952488069491e-08,8.487851286192748e-09,0.004892024538135001
rho,4,0,0,18,36,19.0,6.2962652107424715,7.0,25.0,10000.0,0.0041896592435921864,9.725679743385376e-08,6.075947396815527e-09,0.005540673520778961
rho,4,0,0,18,36,19.0,6.2962652107424715,7.0,25.0,10500.0,0.0038734383231584756,9.522140950914113e-08,4.047478686555202e-09,0.006346602751167742
rho,4,0,0,18,36,19.0,6.2962652107424715,7.0,25.0,11000.0,0.003556747540531338,9.415598072948536e-08,2.297686705536266e-09,0.007442893960417693
rho,4,0,0,18,36,19.0,6.2962652107424715,7.0,25.0,11500.0,0.0032390919425064183,9.437866450072301e-08,7.72807624624313e-10,0.008995540767150206
rho,4,0,0,18,36,19.0,6.2962652107424715,7.0,25.0,12000.0,0.002921421417290385,9.555214183478173e-08,-4.851612678401593e-10,0.011195719493025768
rho,4,0,0,18,36,19.0,6.2962652107424715,10.0,30.0,0.0,0.0,0.0,0.0,
rho,4,0,0,18,36,19.0,6.2962652107424715,10.0,30.0,500.0,0.2068506864645878,1.953344468711129e-07,4.265532931951154e-08,4.565253562715952e-06
rho,4,0,0,18,36,19.0,6.2962652107424715,10.0,30.0,1000.0,0.1870766021137317,2.91416129034715e-07,6.642416008610472e-08,8.326732992489684e-06
rho,4,0,0,18,36,19.0,6.2962652107424715,10.0,30.0,1500.0,0.135259743934904,2.772183069814502e-07,5.426688199637206e-08,1.515251717916274e-05
rho,4,0,0,18,36,19.0,6.2962652107424715,10.0,30.0,2000.0,0.09261550093146788,2.425415342233429e-07,3.0213268177245456e-08,2.8276051261914247e-05
rho,4,0,0,18,36,19.0,6.2962652107424715,10.0,30.0,2500.0,0.06332470953999132,2.1821446986592793e-07,9.110777912314633e-09,5.4417317888989455e-05
rho,4,0,0,18,36,19.0,6.2962652107424715,10.0,30.0,3000.0,0.04428979801424039,2.0261767326737127e-07,-4.473914695214368e-09,0.00010329277011957956
rho,4,0,0,18,36,19.0,6.2962652107424715,10.0,30.0,3500.0,0.03208667647854892,1.8914381047630112e-07,-1.0872990344951758e-08,0.00018371417345598267
rho,4,0,0,18,36,19.0,6.2962652107424715,10.0,30.0,4000.0,0.024204226210052804,1.7547067334720783e-07,-1.1975798640788802e-08,0.0002995174546335076
rho,4,0,0,18,36,19.0,6.2962652107424715,10.0,30.0,4500.0,0.019001301920062347,1.619061542145362e-07,-9.846608395359794e-09,0.000448432044855306
rho,4,0,0,18,36,19.0,6.2962652107424715,10.0,30.0,5000.0,0.0154583207535423,1.4846185044304075e-07,-6.1951369963122345e-09,0.0006212841016540861
rho,4,0,0,18,36,19.0,6.2962652107424715,10.0,30.0,5500.0,0.012957206821023247,1.3498638556168116e-07,-2.2594826390104925e-09,0.0008040206198187592
rho,4,0,0,18,36,19.0,6.2962652107424715,10.0,30.0,6000.0,0.011125387952762288,1.2230566051709942e-07,1.1181653538217364e-09,0.0009881348786348308
rho,4,0,0,18,36,19.0,6.2962652107424715,10.0,30.0,6500.0,0.009735590045486655,1.1189960445806706e-07,3.429103187114738e-09,0.001180603307178949
rho,4,0,0,18,36,19.0,6.2962652107424715,10.0,30.0,7000.0,0.008645285325003152,1.0469534048594654e-07,4.4914915320018864e-09,0.0014007759974748193
rho,4,0,0,18,36,19.0,6.2962652107424715,10.0,30.0,7500.0,0.007761494321456238,1.0056373467247793e-07,4.404224175791297e-09,0.0016693626996717081
rho,4,0,0,18,36,19.0,6.2962652107424715,10.0,30.0,8000.0,0.007020958961741601,9.881892948610633e-08,3.4245848095710836e-09,0.0020046902388845926
rho,4,0,0,18,36,19.0,6.2962652107424715,10.0,30.0,8500.0,0.006379485910658241,9.889295332545677e-08,1.8420869982326112e-09,0.0024299312235900633
rho,4,0,0,18,36,19.0,6.2962652107424715,10.0,30.0,9000.0,0.005806598976070247,1.0050759531138195e-07,-8.149872742796832e-11,0.002980953599888612
rho,4,0,0,18,36,19.0,6.2962652107424715,10.0,30.0,9500.0,0.005282884843896318,1.0341360305927127e-07,-2.1107056793641535e-09,0.0037054024270301873
rho,4,0,0,18,36,19.0,6.2962652107424715,10.0,30.0,10000.0,0.004798225975348092,1.0714595343294768e-07,-4.022662595117004e-09,0.004653871405356458
rho,4,0,0,18,36,19.0,6.2962652107424715,10.0,30.0,10500.0,0.004349871156273799,1.1105827782446356e-07,-5.615260132143883e-09,0.005869460010145766
rho,4,0,0,18,36,19.0,6.2962652107424715,10.0,30.0,11000.0,0.003940020171347533,1.1456174806284895e-07,-6.7359754899512324e-09,0.007379768548791676
rho,4,0,0,18,36,19.0,6.2962652107424715,10.0,30.0,11500.0,0.003573146454679026,1.1734483714828559e-07,-7.3102187036798544e-09,0.009190991237978464
rho,4,0,0,18,36,19.0,6.2962652107424715,10.0,30.0,12000.0,0.003253535401264725,1.194159736583102e-07,-7.350500720208338e-09,0.011281097449933698
rho,4,0,0,18,36,19.0,6.2962652107424715,12.0,36.0,0.0,0.0,0.0,0.0,
rho,4,0,0,18,36,19.0,6.2962652107424715,12.0,36.0,500.0,0.22606635238493208,1.8096904311961416e-07,4.1158232873610536e-08,3.541053074291446e-06
rho,4,0,0,18,36,19.0,6.2962652107424715,12.0,36.0,1000.0,0.21206524074212663,2.9286113675983205e-07,7.148181962752823e-08,6.512125537092922e-06
rho,4,0,0,18,36,19.0,6.2962652107424715,12.0,36.0,1500.0,0.1595470562872533,3.1287038855125227e-07,6.913792331118225e-08,1.2290990136800757e-05
rho,4,0,0,18,36,19.0,6.2962652107424715,12.0,36.0,2000.0,0.11375601969682649,2.95944262212549e-07,5.165377784185698e-08,2.2869735864900658e-05
rho,4,0,0,18,36,19.0,6.2962652107424715,12.0,36.0,2500.0,0.0807478547584356,2.630349656086577e-07,3.457671655466045e-08,4.0341449373557746e-05
rho,4,0,0,18,36,19.0,6.2962652107424715,12.0,36.0,3000.0,0.058208614212660895,2.3164185341478963e-07,2.1923139712980767e-08,6.836636842092262e-05
rho,4,0,0,18,36,19.0,6.2962652107424715,12.0,36.0,3500.0,0.04300713919419539,2.1198983086103096e-07,1.2130906992802432e-08,0.0001146130102699771
rho,4,0,0,18,36,19.0,6.2962652107424715,12.0,36.0,4000.0,0.03270536901931333,2.0121861286625582e-07,4.433107372424277e-09,0.00018811786595826247
rho,4,0,0,18,36,19.0,6.2962652107424715,12.0,36.0,4500.0,0.02563006478558063,1.9091533071886153e-07,-4.25926569240705e-10,0.00029063063862803733
rho,4,0,0,18,36,19.0,6.2962652107424715,12.0,36.0,5000.0,0.020679985543954074,1.7595258659376636e-07,-1.979822643828648e-09,0.0004114292783001106
rho,4,0,0,18,36,19.0,6.2962652107424715,12.0,36.0,5500.0,0.017138759198429332,1.5673284348713483e-07,-9.783744518945773e-10,0.0005335821085219206
rho,4,0,0,18,36,19.0,6.2962652107424715,12.0,36.0,6000.0,0.014539186802710017,1.3691753942127115e-07,1.0531988297243315e-09,0.000647707390857521
rho,4,0,0,18,36,19.0,6.2962652107424715,12.0,36.0,6500.0,0.012574249296516911,1.20530689991061e-07,2.717928851490284e-09,0.0007623133228228952
rho,4,0,0,18,36,19.0,6.2962652107424715,12.0,36.0,7000.0,0.011041394690388074,1.0987515353821389e-07,3.330569613174851e-09,0.0009012631734289057
rho,4,0,0,18,36,19.0,6.2962652107424715,12.0,36.0,7500.0,0.009807801182154284,1.0467368639967321e-07,2.965558693107381e-09,0.00108816364540424
rho,4,0,0,18,36,19.0,6.2962652107424715,12.0,36.0,8000.0,0.00878777323077417,1.0269291456019377e-07,2.1390629148983735e-09,0.001329789186644025
rho,4,0,0,18,36,19.0,6.2962652107424715,12.0,36.0,8500.0,0.007926993388138041,1.0133558339216026e-07,1.4171125245928518e-09,0.0016126680438493146
rho,4,0,0,18,36,19.0,6.2962652107424715,12.0,36.0,9000.0,0.0071910506277450825,9.903225260603316e-08,1.165445259000707e-09,0.001915102243220639
rho,4,0,0,18,36,19.0,6.2962652107424715,12.0,36.0,9500.0,0.006557207223951129,9.562016902838287e-08,1.4909832548860828e-09,0.0022238817441989278
rho,4,0,0,18,36,19.0,6.2962652107424715,12.0,36.0,10000.0,0.0060089410187224345,9.182524466419682e-08,2.2998852681324163e-09,0.0025431162434310117
rho,4,0,0,18,36,19.0,6.2962652107424715,12.0,36.0,10500.0,0.005532814906953027,8.852625402036582e-08,3.377443681965212e-09,0.002891876912563674
rho,4,0,0,18,36,19.0,6.2962652107424715,12.0,36.0,11000.0,0.0051170706534215795,8.634540397216293e-08,4.4481615968864365e-09,0.0032975880357511674
rho,4,0,0,18,36,19.0,6.2962652107424715,12.0,36.0,11500.0,0.004751265565859036,8.563919327315876e-08,5.225383567394264e-09,0.0037936211395817655
rho,4,0,0,18,36,19.0,6.2962652107424715,12.0,36.0,12000.0,0.004426348661792839,8.664126497312559e-08,5.468243890207445e-09,0.004422150756458706
rho,4,0,0,18,36,19.0,6.2962652107424715,15.0,40.0,0.0,0.0,0.0,0.0,
rho,4,0,0,18,36,19.0,6.2962652107424715,15.0,40.0,500.0,0.2390800354175189,1.992248190053466e-07,3.385258882235785e-08,3.4854336354351266e-06
rho,4,0,0,18,36,19.0,6.2962652107424715,15.0,40.0,1000.0,0.22987330504021136,3.416312624248392e-07,5.3872751538020246e-08,6.46517858595735e-06
rho,4,0,0,18,36,19.0,6.2962652107424715,15.0,40.0,1500.0,0.1778672382870953,3.7369697706591103e-07,4.963595182621059e-08,1.1812114848477304e-05
rho,4,0,0,18,36,19.0,6.2962652107424715,15.0,40.0,2000.0,0.1306812051093634,3.447415940932239e-07,3.868041092006755e-08,2.0186797380425586e-05
rho,4,0,0,18,36,19.0,6.2962652107424715,15.0,40.0,2500.0,0.0955810365379436,2.8822427900627067e-07,2.9659527954664402e-08,3.1549108346515013e-05
rho,4,0,0,18,36,19.0,6.2962652107424715,15.0,40.0,3000.0,0.07083834373542172,2.30782255769688e-07,2.258377885381548e-08,4.599023377368634e-05
rho,4,0,0,18,36,19.0,6.2962652107424715,15.0,40.0,3500.0,0.05359020113118477,1.8926451915507037e-07,1.5814252405349244e-08,6.590197525024814e-05
rho,4,0,0,18,36,19.0,6.2962652107424715,15.0,40.0,4000.0,0.041500360317153484,1.6667422669046706e-07,9.096619824249099e-09,9.677534183957025e-05
rho,4,0,0,18,36,19.0,6.2962652107424715,15.0,40.0,4500.0,0.032909863530903465,1.5601486221586247e-07,3.348392952231911e-09,0.0001440501812664801
rho,4,0,0,18,36,19.0,6.2962652107424715,15.0,40.0,5000.0,0.026692243384414352,1.4900521280554446e-07,-5.59302175336479e-10,0.00020913720986332523
rho,4,0,0,18,36,19.0,6.2962652107424715,15.0,40.0,5500.0,0.022096127885083038,1.4156171562378223e-07,-2.58534674055573e-09,0.0002899435605047138
rho,4,0,0,18,36,19.0,6.2962652107424715,15.0,40.0,6000.0,0.018623869093481155,1.33946380201874e-07,-3.4299942288930037e-09,0.0003861812295500159
rho,4,0,0,18,36,19.0,6.2962652107424715,15.0,40.0,6500.0,0.015945161254620577,1.282648655283209e-07,-3.9808232517383326e-09,0.000504486883118566
rho,4,0,0,18,36,19.0,6.2962652107424715,15.0,40.0,7000.0,0.01383809704932569,1.2621320458726384e-07,-4.872989953339009e-09,0.0006591011199342378
rho,4,0,0,18,36,19.0,6.2962652107424715,15.0,40.0,7500.0,0.012150685245912575,1.281731555948486e-07,-6.366882828625735e-09,0.0008681515296321312
rho,4,0,0,18,36,19.0,6.2962652107424715,15.0,40.0,8000.0,0.010776693664106994,1.333273593915191e-07,-8.405654756028985e-09,0.0011480166903102907
rho,4,0,0,18,36,19.0,6.2962652107424715,15.0,40.0,8500.0,0.009640649692873622,1.4014732982447926e-07,-1.069950961363753e-08,0.001507898894732275
rho,4,0,0,18,36,19.0,6.2962652107424715,15.0,40.0,9000.0,0.008688206241132942,1.4688859811574344e-07,-1.2818267765430589e-08,0.001945932818826781
rho,4,0,0,18,36,19.0,6.2962652107424715,15.0,40.0,9500.0,0.007879572737962926,1.5200822664034777e-07,-1.4323195768222121e-08,0.0024482837756501148
rho,4,0,0,18,36,19.0,6.2962652107424715,15.0,40.0,10000.0,0.007184877428385256,1.544926310270227e-07,-1.491246079899029e-08,0.002992740370583653
rho,4,0,0,18,36,19.0,6.2962652107424715,15.0,40.0,10500.0,0.006580970588279723,1.5403483706610794e-07,-1.4507737623242527e-08,0.0035566330006519833
rho,4,0,0,18,36,19.0,6.2962652107424715,15.0,40.0,11000.0,0.006049389231495644,1.5099024303517705e-07,-1.3237496509681859e-08,0.004125967724357067
rho,4,0,0,18,36,19.0,6.2962652107424715,15.0,40.0,11500.0,0.005575202305009013,1.4612690912743156e-07,-1.134026142651322e-08,0.004701202257969147
rho,4,0,0,18,36,19.0,6.2962652107424715,15.0,40.0,12000.0,0.005146426939440578,1.4029138421297266e-07,-9.053299482071012e-09,0.005296870762604988
rho,4,0,0,18,36,19.0,6.2962652107424715,20.0,50.0,0.0,0.0,0.0,0.0,
rho,4,0,0,18,36,19.0,6.2962652107424715,20.0,50.0,500.0,0.26109045245768686,2.0912341770276896e-07,2.1042487581450604e-08,3.0677550963391573e-06
rho,4,0,0,18,36,19.0,6.2962652107424715,20.0,50.0,1000.0,0.26088762297363927,3.3635693067724134e-07,4.120804692141176e-08,4.94189403802343e-06
rho,4,0,0,18,36,19.0,6.2962652107424715,20.0,50.0,1500.0,0.21065424837984445,3.550583867775846e-07,4.60385151936545e-08,8.00127746754892e-06
rho,4,0,0,18,36,19.0,6.2962652107424715,20.0,50.0,2000.0,0.16185542254531868,3.2388761063390123e-07,4.507690326083795e-08,1.2363454300919222e-05
rho,4,0,0,18,36,19.0,6.2962652107424715,20.0,50.0,2500.0,0.12378781721303489,2.72832419535053e-07,4.33683977959673e-08,1.7804925651605832e-05
rho,4,0,0,18,36,19.0,6.2962652107424715,20.0,50.0,3000.0,0.0956954286758075,2.1819961842544562e-07,4.027232961942913e-08,2.3827122757479306e-05
rho,4,0,0,18,36,19.0,6.2962652107424715,20.0,50.0,3500.0,0.07516336949168831,1.7015829879980012e-07,3.520226428328812e-08,3.0119007271042896e-05
rho,4,0,0,18,36,19.0,6.2962652107424715,20.0,50.0,4000.0,0.06006577371601463,1.351729996254338e-07,2.8786820427907963e-08,3.7465868115810325e-05
rho,4,0,0,18,36,19.0,6.2962652107424715,20.0,50.0,4500.0,0.04883885611675402,1.1512521380292402e-07,2.2080776905099014e-08,4.826579707997872e-05
rho,4,0,0,18,36,19.0,6.2962652107424715,20.0,50.0,5000.0,0.04038027832167233,1.0669821797944558e-07,1.6148123069684824e-08,6.543627217166714e-05
rho,4,0,0,18,36,19.0,6.2962652107424715,20.0,50.0,5500.0,0.03391405520000535,1.0392548765410394e-07,1.1796484233917852e-08,9.035717110900816e-05
rho,4,0,0,18,36,19.0,6.2962652107424715,20.0,50.0,6000.0,0.028890801078306078,1.0199781076769186e-07,9.30358534868548e-09,0.00012220013404307776
rho,4,0,0,18,36,19.0,6.2962652107424715,20.0,50.0,6500.0,0.02492195025347639,9.887994237044491e-08,8.396886856738872e-09,0.0001592004001653061
rho,4,0,0,18,36,19.0,6.2962652107424715,20.0,50.0,7000.0,0.021734846585740594,9.456316351601348e-08,8.497588326851577e-09,0.000200174537837008
rho,4,0,0,18,36,19.0,6.2962652107424715,20.0,50.0,7500.0,0.0191395480912641,8.989907653953413e-08,8.991525088903618e-09,0.00024540978329821615
rho,4,0,0,18,36,19.0,6.2962652107424715,20.0,50.0,8000.0,0.017003274539693327,8.599849428510832e-08,9.379585217244928e-09,0.00029745804082381065
rho,4,0,0,18,36,19.0,6.2962652107424715,20.0,50.0,8500.0,0.015231099354456129,8.38935483210221e-08,9.329334059650377e-09,0.00036163134056576993
rho,4,0,0,18,36,19.0,6.2962652107424715,20.0,50.0,9000.0,0.01375219315632313,8.414316096852996e-08,8.68784686603686e-09,0.00044491279517357564
rho,4,0,0,18,36,19.0,6.2962652107424715,20.0,50.0,9500.0,0.012510814082213427,8.656956968677848e-08,7.467967579784438e-09,0.0005530878500430444
rho,4,0,0,18,36,19.0,6.2962652107424715,20.0,50.0,10000.0,0.011461026051676962,9.041128220960143e-08,5.796046676106594e-09,0.000688296607532177
rho,4,0,0,18,36,19.0,6.2962652107424715,20.0,50.0,10500.0,0.010564047751678254,9.483261456537321e-08,3.833857006607201e-09,0.0008497614264072429
rho,4,0,0,18,36,19.0,6.2962652107424715,20.0,50.0,11000.0,0.00978720311119829,9.941656613898977e-08,1.7136518693791923e-09,0.001037866647997137
rho,4,0,0,18,36,19.0,6.2962652107424715,20.0,50.0,11500.0,0.009103619486331321,1.0429647674509534e-07,-4.809903499002491e-10,0.0012584658767976816
rho,4,0,0,18,36,19.0,6.2962652107424715,20.0,50.0,12000.0,0.008492063827327642,1.098829193061995e-07,-2.6881783536624083e-09,0.001523714812787535
rho,4,0,0,18,36,19.0,6.2962652107424715,25.0,60.0,0.0,0.0,0.0,0.0,
rho,4,0,0,18,36,19.0,6.2962652107424715,25.0,60.0,500.0,0.27681560353935813,1.8911703392164387e-07,1.5593485934631922e-08,2.4680247709700325e-06
rho,4,0,0,18,36,19.0,6.2962652107424715,25.0,60.0,1000.0,0.2834753773266359,3.1980900421931736e-07,3.095869761494987e-08,3.979788594410328e-06
rho,4,0,0,18,36,19.0,6.2962652107424715,25.0,60.0,1500.0,0.2349935751660632,3.755116945821841e-07,2.9557709691058625e-08,6.8000403475343965e-06
rho,4,0,0,18,36,19.0,6.2962652107424715,25.0,60.0,2000.0,0.18562108877039082,3.942422773693589e-07,2.0066087474348486e-08,1.1442174413511531e-05
rho,4,0,0,18,36,19.0,6.2962652107424715,25.0,60.0,2500.0,0.14605509012651058,3.798663269698684e-07,1.3040964569706647e-08,1.780727244782008e-05
rho,4,0,0,18,36,19.0,6.2962652107424715,25.0,60.0,3000.0,0.11616471163435532,3.3680100926162143e-07,1.0646385175522728e-08,2.4958871603270766e-05
rho,4,0,0,18,36,19.0,6.2962652107424715,25.0,60.0,3500.0,0.09380204207262151,2.8328098088353317e-07,1.0379264205165395e-08,3.21953263249851e-05
rho,4,0,0,18,36,19.0,6.2962652107424715,25.0,60.0,4000.0,0.07694891719051812,2.3813974222469384e-07,9.683660987861532e-09,4.0218591159579676e-05
rho,4,0,0,18,36,19.0,6.2962652107424715,25.0,60.0,4500.0,0.0640826515890546,2.0782138664518774e-07,7.682294138003948e-09,5.0606848308683156e-05
rho,4,0,0,18,36,19.0,6.2962652107424715,25.0,60.0,5000.0,0.05412024324109015,1.885841821795033e-07,4.834220971684342e-09,6.438516055873631e-05
rho,4,0,0,18,36,19.0,6.2962652107424715,25.0,60.0,5500.0,0.04629950764207269,1.7484521000773028e-07,2.0087784863609362e-09,8.156446533926326e-05
rho,4,0,0,18,36,19.0,6.2962652107424715,25.0,60.0,6000.0,0.04007868207466841,1.63480608953278e-07,-1.1956337136833279e-10,0.00010177459498596445
rho,4,0,0,18,36,19.0,6.2962652107424715,25.0,60.0,6500.0,0.03506524764939559,1.5346206353972036e-07,-1.2137870874473689e-09,0.00012480937624872847
rho,4,0,0,18,36,19.0,6.2962652107424715,25.0,60.0,7000.0,0.030969191435423524,1.443670518943934e-07,-1.2072782749700501e-09,0.00015052490250169498
rho,4,0,0,18,36,19.0,6.2962652107424715,25.0,60.0,7500.0,0.0275735660969658,1.3579368639826256e-07,-2.3753324339938963e-10,0.00017860503754047044
rho,4,0,0,18,36,19.0,6.2962652107424715,25.0,60.0,8000.0,0.024715869309322402,1.2752979384075463e-07,1.397394977401559e-09,0.00020876605156219024
rho,4,0,0,18,36,19.0,6.2962652107424715,25.0,60.0,8500.0,0.022275420684491495,1.1974717481474163e-07,3.3108587386637394e-09,0.00024133118563621726
rho,4,0,0,18,36,19.0,6.2962652107424715,25.0,60.0,9000.0,0.02016382456412599,1.1293926288567652e-07,5.128620838304797e-09,0.0002777788198962184
rho,4,0,0,18,36,19.0,6.2962652107424715,25.0,60.0,9500.0,0.018317171753615854,1.07718098238515e-07,6.566534713450228e-09,0.0003210493847794261
rho,4,0,0,18,36,19.0,6.2962652107424715,25.0,60.0,10000.0,0.01668954868320363,1.0461245194227988e-07,7.4482768574223906e-09,0.00037557285535595573
rho,4,0,0,18,36,19.0,6.2962652107424715,25.0,60.0,10500.0,0.015247758201940829,1.039097054280962e-07,7.678528957402898e-09,0.0004469347477524642
rho,4,0,0,18,36,19.0,6.2962652107424715,25.0,60.0,11000.0,0.013967178075305498,1.0556069053322491e-07,7.215132911635293e-09,0.000541109155297667
rho,4,0,0,18,36,19.0,6.2962652107424715,25.0,60.0,11500.0,0.012828633070136175,1.0917977558298643e-07,6.06984925674739e-09,0.0006634091090867153
rho,4,0,0,18,36,19.0,6.2962652107424715,25.0,60.0,12000.0,0.01181614485593275,1.1414372884849977e-07,4.332294709582108e-09,0.0008175238721233752
rho,4,0,0,18,36,19.0,6.2962652107424715,30.0,80.0,0.0,0.0,0.0,0.0,
rho,4,0,0,18,36,19.0,6.2962652107424715,30.0,80.0,500.0,0.2950472557294243,1.477296232089841e-07,9.620743623186602e-09,1.6970101152931835e-06
rho,4,0,0,18,36,19.0,6.2962652107424715,30.0,80.0,1000.0,0.30958965624778245,2.5255039350650375e-07,1.6260817576372834e-08,2.634966909415584e-06
rho,4,0,0,18,36,19.0,6.2962652107424715,30.0,80.0,1500.0,0.26256941756311764,2.699125580416068e-07,1.9968692090877317e-08,3.9150274329587585e-06
rho,4,0,0,18,36,19.0,6.2962652107424715,30.0,80.0,2000.0,0.21211956419895106,2.489635188176743e-07,2.302535877608991e-08,5.533173155155142e-06
rho,4,0,0,18,36,19.0,6.2962652107424715,30.0,80.0,2500.0,0.1707990338601291,2.2140968328220637e-07,2.499988965087711e-08,7.589720647026789e-06
rho,4,0,0,18,36,19.0,6.2962652107424715,30.0,80.0,3000.0,0.13916113569696253,1.9965981974805536e-07,2.5141957310956185e-08,1.0309906956694993e-05
rho,4,0,0,18,36,19.0,6.2962652107424715,30.0,80.0,3500.0,0.11524520154839911,1.8605750165665996e-07,2.37305486121044e-08,1.4008817627630003e-05
rho,4,0,0,18,36,19.0,6.2962652107424715,30.0,80.0,4000.0,0.09704036337096221,1.803220166421299e-07,2.1002750123166104e-08,1.9148904247584573e-05
rho,4,0,0,18,36,19.0,6.2962652107424715,30.0,80.0,4500.0,0.08297571402410851,1.8115225668145265e-07,1.68298310672637e-08,2.631126640972611e-05
rho,4,0,0,18,36,19.0,6.2962652107424715,30.0,80.0,5000.0,0.07191164750575839,1.8637708113673892e-07,1.1362615800617034e-08,3.604076732245372e-05
rho,4,0,0,18,36,19.0,6.2962652107424715,30.0,80.0,5500.0,0.06303989195996278,1.9354802873213365e-07,5.351010889519827e-09,4.8703237568491156e-05
rho,4,0,0,18,36,19.0,6.2962652107424715,30.0,80.0,6000.0,0.05579081510898936,2.003436053693375e-07,-1.7375437347068764e-10,6.436504422078079e-05
rho,4,0,0,18,36,19.0,6.2962652107424715,30.0,80.0,6500.0,0.049763628495659074,2.0475659912700763e-07,-4.3761397173084735e-09,8.268254370160089e-05
rho,4,0,0,18,36,19.0,6.2962652107424715,30.0,80.0,7000.0,0.04467623175293922,2.0546914481909996e-07,-6.874765177778662e-09,0.00010294222315693822
rho,4,0,0,18,36,19.0,6.2962652107424715,30.0,80.0,7500.0,0.04032918407833184,2.0226024433083198e-07,-7.737736395174188e-09,0.0001243574065212589
rho,4,0,0,18,36,19.0,6.2962652107424715,30.0,80.0,8000.0,0.03657964860455089,1.959425489714906e-07,-7.32873769097123e-09,0.00014643661963320461
rho,4,0,0,18,36,19.0,6.2962652107424715,30.0,80.0,8500.0,0.033322727249260865,1.8772180652352282e-07,-6.1177614121875135e-09,0.0001690571908425486
rho,4,0,0,18,36,19.0,6.2962652107424715,30.0,80.0,9000.0,0.030478574886954168,1.7845340373685468e-07,-4.5278327116045785e-09,0.00019210360858677145
rho,4,0,0,18,36,19.0,6.2962652107424715,30.0,80.0,9500.0,0.027984047954352168,1.6834380555754988e-07,-2.8498825686048004e-09,0.0002149691146608643
rho,4,0,0,18,36,19.0,6.2962652107424715,30.0,80.0,10000.0,0.025787688212238563,1.5722310847507772e-07,-1.2289689732443677e-09,0.00023642399799514395
rho,4,0,0,18,36,19.0,6.2962652107424715,30.0,80.0,10500.0,0.02384686628172046,1.4506962776514438e-07,2.9840396792003773e-10,0.0002551020001654383
rho,4,0,0,18,36,19.0,6.2962652107424715,30.0,80.0,11000.0,0.02212607402232378,1.3236128608280235e-07,1.7465993303533958e-09,0.00027036611239844463
rho,4,0,0,18,36,19.0,6.2962652107424715,30.0,80.0,11500.0,0.02059566167644433,1.2003936562433865e-07,3.130562354529019e-09,0.0002829907195699674
rho,4,0,0,18,36,19.0,6.2962652107424715,30.0,80.0,12000.0,0.019230669317351314,1.0916647174245281e-07,4.438242242507768e-09,0.00029518920689333396
rho,4,1,1,19,37,20.0,6.2962652107424715,5.0,15.0,0.0,0.0,0.0,0.0,
rho,4,1,1,19,37,20.0,6.2962652107424715,5.0,15.0,500.0,0.13411339388160337,1.4353371705235998e-07,3.3405773086266546e-08,7.980123746435797e-06
rho,4,1,1,19,37,20.0,6.2962652107424715,5.0,15.0,1000.0,0.10418528473458061,1.2807131692172774e-07,3.577503153038443e-08,1.1798834497746927e-05
rho,4,1,1,19,37,20.0,6.2962652107424715,5.0,15.0,1500.0,0.06481180951338138,9.435046123945363e-08,2.4444517871377435e-08,2.246134371899509e-05
rho,4,1,1,19,37,20.0,6.2962652107424715,5.0,15.0,2000.0,0.038879369368105515,9.401375454532576e-08,1.3092088053242564e-08,6.219464212023473e-05
rho,4,1,1,19,37,20.0,6.2962652107424715,5.0,15.0,2500.0,0.024055567554083772,1.0572966181831043e-07,4.98943290944672e-09,0.00018271139243397546
rho,4,1,1,19,37,20.0,6.2962652107424715,5.0,15.0,3000.0,0.015817087823468585,1.1414212606000817e-07,5.824536093715083e-10,0.00045623952412590353
rho,4,1,1,19,37,20.0,6.2962652107424715,5.0,15.0,3500.0,0.011139245088334705,1.1305190963431551e-07,-4.1280658040069747e-10,0.0009111007071045077
rho,4,1,1,19,37,20.0,6.2962652107424715,5.0,15.0,4000.0,0.008356746360694734,1.0475687407303353e-07,7.086878324822944e-10,0.0015000581292384139
rho,4,1,1,19,37,20.0,6.2962652107424715,5.0,15.0,4500.0,0.006609415779415656,9.493739588913245e-08,2.3584270306170047e-09,0.002173257409811558
rho,4,1,1,19,37,20.0,6.2962652107424715,5.0,15.0,5000.0,0.0054565399748488135,8.673600768358354e-08,3.6790661910467557e-09,0.002913162735923076
rho,4,1,1,19,37,20.0,6.2962652107424715,5.0,15.0,5500.0,0.004663523788155349,8.03532801804788e-08,4.5630479236963196e-09,0.0036946662841955183
rho,4,1,1,19,37,20.0,6.2962652107424715,5.0,15.0,6000.0,0.004094252805232587,7.518861740091238e-08,5.091648620875167e-09,0.004485416624790403
rho,4,1,1,19,37,20.0,6.2962652107424715,5.0,15.0,6500.0,0.0036616894902604005,7.106374203836364e-08,5.2233889004994845e-09,0.005300111981607197
rho,4,1,1,19,37,20.0,6.2962652107424715,5.0,15.0,7000.0,0.0033082643665214217,6.814022584193722e-08,4.910665343681935e-09,0.006225914530036587
rho,4,1,1,19,37,20.0,6.2962652107424715,5.0,15.0,7500.0,0.002998604868636224,6.650362107285522e-08,4.287284762325496e-09,0.00739616871541056
rho,4,1,1,19,37,20.0,6.2962652107424715,5.0,15.0,8000.0,0.002714917042098626,6.609493502816701e-08,3.6237032923239976e-09,0.00896716276157443
rho,4,1,1,19,37,20.0,6.2962652107424715,5.0,15.0,8500.0,0.0024515385263121233,6.688920501475154e-08,3.1065065214200868e-09,0.011129575220853855
rho,4,1,1,19,37,20.0,6.2962652107424715,5.0,15.0,9000.0,0.002209023707762699,6.895123666170671e-08,2.6861187889733514e-09,0.014129972157570584
rho,4,1,1,19,37,20.0,6.2962652107424715,5.0,15.0,9500.0,0.0019893108175497286,7.228569115839485e-08,2.128861228646193e-09,0.018266151246622935
rho,4,1,1,19,37,20.0,6.2962652107424715,5.0,15.0,10000.0,0.0017929617825652195,7.667075801272615e-08,1.2071219116647664e-09,0.023849962023359643
rho,4,1,1,19,37,20.0,6.2962652107424715,5.0,15.0,10500.0,0.0016184325110889112,8.164165955466119e-08,-1.319653099216317e-10,0.031168983298061996
rho,4,1,1,19,37,20.0,6.2962652107424715,5.0,15.0,11000.0,0.0014626520206774982,8.663256038693935e-08,-1.7285038158000227e-09,0.040494787006021195
rho,4,1,1,19,37,20.0,6.2962652107424715,5.0,15.0,11500.0,0.0013220615069087299,9.118312121571021e-08,-3.3014459696310547e-09,0.052168834354448385
rho,4,1,1,19,37,20.0,6.2962652107424715,5.0,15.0,12000.0,0.0011935047363086499,9.510038960113582e-08,-4.591475146801049e-09,0.06676271699266954
rho,4,1,1,19,37,20.0,6.2962652107424715,7.0,25.0,0.0,0.0,0.0,0.0,
rho,4,1,1,19,37,20.0,6.2962652107424715,7.0,25.0,500.0,0.18274259892863265,1.9862051452973628e-07,3.923078505163602e-08,5.947637738794434e-06
rho,4,1,1,19,37,20.0,6.2962652107424715,7.0,25.0,1000.0,0.1571818140690893,2.5989096103375757e-07,5.985463715404057e-08,1.051929371769597e-05
rho,4,1,1,19,37,20.0,6.2962652107424715,7.0,25.0,1500.0,0.1076646645999265,2.1154226966428524e-07,5.574421393284581e-08,1.82494918425948e-05
rho,4,1,1,19,37,20.0,6.2962652107424715,7.0,25.0,2000.0,0.06986048288255256,1.643943332217989e-07,4.138947823483556e-08,3.368400139404836e-05
rho,4,1,1,19,37,20.0,6.2962652107424715,7.0,25.0,2500.0,0.04550663661739319,1.4258493219275854e-07,2.614624656449526e-08,6.885320444105348e-05
rho,4,1,1,19,37,20.0,6.2962652107424715,7.0,25.0,3000.0,0.030639566034450078,1.373275333802019e-07,1.5574152679460637e-08,0.00014628250872511574
rho,4,1,1,19,37,20.0,6.2962652107424715,7.0,25.0,3500.0,0.021671666413835337,1.3619237374323182e-07,1.0315866416746139e-08,0.00028998008659752896
rho,4,1,1,19,37,20.0,6.2962652107424715,7.0,25.0,4000.0,0.01619689513447574,1.3323874982824378e-07,8.62922435681679e-09,0.0005078868966499929
rho,4,1,1,19,37,20.0,6.2962652107424715,7.0,25.0,4500.0,0.01275272710567116,1.279718818636838e-07,9.036879495665967e-09,0.0007868798489618487
rho,4,1,1,19,37,20.0,6.2962652107424715,7.0,25.0,5000.0,0.010493339579761838,1.2151311770337408e-07,1.0823972057912313e-08,0.0011035593859663702
rho,4,1,1,19,37,20.0,6.2962652107424715,7.0,25.0,5500.0,0.008942745757358001,1.1462473483036021e-07,1.3470338124260978e-08,0.0014332982683009576
rho,4,1,1,19,37,20.0,6.2962652107424715,7.0,25.0,6000.0,0.007833288914415445,1.0772938188083786e-07,1.6229428880681252e-08,0.0017556820875539176
rho,4,1,1,19,37,20.0,6.2962652107424715,7.0,25.0,6500.0,0.007009131786678707,1.014932813646297e-07,1.821762946472669e-08,0.0020658978439312813
rho,4,1,1,19,37,20.0,6.2962652107424715,7.0,25.0,7000.0,0.006373620294752828,9.681406463732853e-08,1.8785068955490954e-08,0.00238323067344378
rho,4,1,1,19,37,20.0,6.2962652107424715,7.0,25.0,7500.0,0.005863028036054686,9.419408654528967e-08,1.7789334408045207e-08,0.002740183816379286
rho,4,1,1,19,37,20.0,6.2962652107424715,7.0,25.0,8000.0,0.0054341000814838595,9.326432163302768e-08,1.5585914734632804e-08,0.0031583501062357796
rho,4,1,1,19,37,20.0,6.2962652107424715,7.0,25.0,8500.0,0.005057712407293037,9.299127437780567e-08,1.2796160147955228e-08,0.0036352471104773554
rho,4,1,1,19,37,20.0,6.2962652107424715,7.0,25.0,9000.0,0.004714818000759794,9.237873697958736e-08,1.0017689324487561e-08,0.004155680536742302
rho,4,1,1,19,37,20.0,6.2962652107424715,7.0,25.0,9500.0,0.004393269766448048,9.10911611414217e-08,7.617251882193082e-09,0.004719548947897914
rho,4,1,1,19,37,20.0,6.2962652107424715,7.0,25.0,10000.0,0.004085277424084769,8.958848236525549e-08,5.675068981092471e-09,0.005367957535320866
rho,4,1,1,19,37,20.0,6.2962652107424715,7.0,25.0,10500.0,0.0037856029834126242,8.875470520838893e-08,4.072694653371202e-09,0.006193287706420941
rho,4,1,1,19,37,20.0,6.2962652107424715,7.0,25.0,11000.0,0.0034905437283335766,8.929984735291678e-08,2.6518782819916792e-09,0.0073293346295249095
rho,4,1,1,19,37,20.0,6.2962652107424715,7.0,25.0,11500.0,0.003197581990708755,9.130163231013391e-08,1.3469118351574442e-09,0.00892966493967912
rho,4,1,1,19,37,20.0,6.2962652107424715,7.0,25.0,12000.0,0.0029054518069451434,9.413427542070463e-08,2.2438281792834808e-10,0.011151169873520798
rho,4,1,1,19,37,20.0,6.2962652107424715,10.0,30.0,0.0,0.0,0.0,0.0,
rho,4,1,1,19,37,20.0,6.2962652107424715,10.0,30.0,500.0,0.20521032150162555,1.8902888920600594e-07,4.2805052495135474e-08,4.4887950908439064e-06
rho,4,1,1,19,37,20.0,6.2962652107424715,10.0,30.0,1000.0,0.18505394033008454,2.711027627059136e-07,6.781777414521508e-08,7.916573887712947e-06
rho,4,1,1,19,37,20.0,6.2962652107424715,10.0,30.0,1500.0,0.13345341588267012,2.4650134701099095e-07,5.9038170804041694e-08,1.384075903847231e-05
rho,4,1,1,19,37,20.0,6.2962652107424715,10.0,30.0,2000.0,0.09119440008863561,2.1369187149832384e-07,3.721965826134413e-08,2.569517981032584e-05
rho,4,1,1,19,37,20.0,6.2962652107424715,10.0,30.0,2500.0,0.06227674648946024,1.98351473286763e-07,1.637153273804574e-08,5.1142693751238944e-05
rho,4,1,1,19,37,20.0,6.2962652107424715,10.0,30.0,3000.0,0.043545444897309195,1.914386570542477e-07,2.2655075193405936e-09,0.00010095879885574745
rho,4,1,1,19,37,20.0,6.2962652107424715,10.0,30.0,3500.0,0.03156958672961935,1.8366282111298563e-07,-4.932331473253452e-09,0.0001842822293852951
rho,4,1,1,19,37,20.0,6.2962652107424715,10.0,30.0,4000.0,0.023849651685123246,1.7347326135676705e-07,-7.185369048306369e-09,0.00030497796485308686
rho,4,1,1,19,37,20.0,6.2962652107424715,10.0,30.0,4500.0,0.01876003567047637,1.6206991955869236e-07,-6.347459380235664e-09,0.00046050579204180144
rho,4,1,1,19,37,20.0,6.2962652107424715,10.0,30.0,5000.0,0.015294560116911401,1.4954975089060208e-07,-3.735935682037879e-09,0.0006393103158495175
rho,4,1,1,19,37,20.0,6.2962652107424715,10.0,30.0,5500.0,0.01284504644449552,1.3589088797327188e-07,-4.351387952016375e-10,0.0008236050079976744
rho,4,1,1,19,37,20.0,6.2962652107424715,10.0,30.0,6000.0,0.011046076514938734,1.2262767116531058e-07,2.5512388616616134e-09,0.0010050146354772646
rho,4,1,1,19,37,20.0,6.2962652107424715,10.0,30.0,6500.0,0.009675876449585844,1.121860785133064e-07,4.429643063994293e-09,0.0011982800777423823
rho,4,1,1,19,37,20.0,6.2962652107424715,10.0,30.0,7000.0,0.00859640804274306,1.0606157866003263e-07,4.8072156632270834e-09,0.0014352383931815179
rho,4,1,1,19,37,20.0,6.2962652107424715,10.0,30.0,7500.0,0.007718360770992534,1.0402754712465564e-07,3.738773743684799e-09,0.0017462169899425653
rho,4,1,1,19,37,20.0,6.2962652107424715,10.0,30.0,8000.0,0.00698132326099783,1.0480793627313154e-07,1.5961263929562486e-09,0.0021503971399228863
rho,4,1,1,19,37,20.0,6.2962652107424715,10.0,30.0,8500.0,0.006343135542366442,1.0715837387448463e-07,-1.1347816977313085e-09,0.0026632879937699924
rho,4,1,1,19,37,20.0,6.2962652107424715,10.0,30.0,9000.0,0.005774623080543615,1.1037688387277753e-07,-4.009733517932866e-09,0.003310021725721391
rho,4,1,1,19,37,20.0,6.2962652107424715,10.0,30.0,9500.0,0.005257072411903509,1.1415364193916825e-07,-6.689635234308355e-09,0.0041304926479681
rho,4,1,1,19,37,20.0,6.2962652107424715,10.0,30.0,10000.0,0.004780600093909123,1.1822364538216927e-07,-8.936779185285855e-09,0.005172964704295983
rho,4,1,1,19,37,20.0,6.2962652107424715,10.0,30.0,10500.0,0.004342339433480385,1.222047633135621e-07,-1.0591888684211158e-08,0.006480978745434357
rho,4,1,1,19,37,20.0,6.2962652107424715,10.0,30.0,11000.0,0.0039441138584649805,1.2567254454125893e-07,-1.1562168248798142e-08,0.0080787007474308
rho,4,1,1,19,37,20.0,6.2962652107424715,10.0,30.0,11500.0,0.003589823209861596,1.2831932201683642e-07,-1.1823617095239934e-08,0.009957399551721563
rho,4,1,1,19,37,20.0,6.2962652107424715,10.0,30.0,12000.0,0.0032830275468855308,1.300398150574179e-07,-1.1425469109812e-08,0.012064998982426908
rho,4,1,1,19,37,20.0,6.2962652107424715,12.0,36.0,0.0,0.0,0.0,0.0,
rho,4,1,1,19,37,20.0,6.2962652107424715,12.0,36.0,500.0,0.2240160451403427,1.6497552978147198e-07,4.1706580186437685e-08,3.287466077333231e-06
rho,4,1,1,19,37,20.0,6.2962652107424715,12.0,36.0,1000.0,0.20940517359806668,2.5957657666520803e-07,7.06572977119558e-08,5.91957716416147e-06
rho,4,1,1,19,37,20.0,6.2962652107424715,12.0,36.0,1500.0,0.15703496923981994,2.6295814590404315e-07,6.910495920122027e-08,1.066335533219991e-05
rho,4,1,1,19,37,20.0,6.2962652107424715,12.0,36.0,2000.0,0.11165988590560096,2.4019696518642623e-07,5.3747837645112115e-08,1.9265183784790235e-05
rho,4,1,1,19,37,20.0,6.2962652107424715,12.0,36.0,2500.0,0.07910266284967303,2.1382360640331315e-07,3.787595041089162e-08,3.417223963441923e-05
rho,4,1,1,19,37,20.0,6.2962652107424715,12.0,36.0,3000.0,0.05695795616284896,1.962073264449536e-07,2.50940564652953e-08,6.047925406165918e-05
rho,4,1,1,19,37,20.0,6.2962652107424715,12.0,36.0,3500.0,0.04206933066401087,1.92740244695649e-07,1.4234660140337316e-08,0.00010890334047009394
rho,4,1,1,19,37,20.0,6.2962652107424715,12.0,36.0,4000.0,0.03200270555075036,1.965258937214221e-07,5.0244685537092934e-09,0.00019188736915215583
rho,4,1,1,19,37,20.0,6.2962652107424715,12.0,36.0,4500.0,0.02509955101442115,1.9677294049507313e-07,-1.4008796575090547e-09,0.0003123442173650892
rho,4,1,1,19,37,20.0,6.2962652107424715,12.0,36.0,5000.0,0.020274627004387636,1.8825496631340605e-07,-4.323245598642268e-09,0.00045797386573729194
rho,4,1,1,19,37,20.0,6.2962652107424715,12.0,36.0,5500.0,0.016824910739128694,1.7248510362986418e-07,-4.299497693954097e-09,0.0006093208738621437
rho,4,1,1,19,37,20.0,6.2962652107424715,12.0,36.0,6000.0,0.014293158130117209,1.5409457761154924e-07,-2.7010668438303637e-09,0.0007542771644416943
rho,4,1,1,19,37,20.0,6.2962652107424715,12.0,36.0,6500.0,0.012379569990151964,1.37556008033221e-07,-9.065392961338186e-10,0.0008975702402968218
rho,4,1,1,19,37,20.0,6.2962652107424715,12.0,36.0,7000.0,0.010886993964891576,1.2549960017163104e-07,2.0407802491238195e-10,0.0010588303416154655
rho,4,1,1,19,37,20.0,6.2962652107424715,12.0,36.0,7500.0,0.009686840916793508,1.1826630249575099e-07,3.541352447469257e-10,0.0012603660146382073
rho,4,1,1,19,37,20.0,6.2962652107424715,12.0,36.0,8000.0,0.008696772943424445,1.1450645927271665e-07,-2.8105162987005313e-10,0.0015139576352928307
rho,4,1,1,19,37,20.0,6.2962652107424715,12.0,36.0,8500.0,0.007864986311743477,1.1239369162449947e-07,-1.305525804846673e-09,0.001816962624546426
rho,4,1,1,19,37,20.0,6.2962652107424715,12.0,36.0,9000.0,0.007158668013458386,1.1063545630308416e-07,-2.2923617968832276e-09,0.0021588868789832894
rho,4,1,1,19,37,20.0,6.2962652107424715,12.0,36.0,9500.0,0.006555724686212582,1.087421597790148e-07,-2.8954152455463012e-09,0.0025302098443404065
rho,4,1,1,19,37,20.0,6.2962652107424715,12.0,36.0,10000.0,0.006039398202927483,1.067073491635236e-07,-2.908100206042129e-09,0.0029255464665590737
rho,4,1,1,19,37,20.0,6.2962652107424715,12.0,36.0,10500.0,0.005595329633699417,1.0462266614276562e-07,-2.297530436239509e-09,0.003341753636585967
rho,4,1,1,19,37,20.0,6.2962652107424715,12.0,36.0,11000.0,0.005210426295604711,1.025746066734383e-07,-1.2112207264064816e-09,0.0037782731015927394
rho,4,1,1,19,37,20.0,6.2962652107424715,12.0,36.0,11500.0,0.0048727850527838954,1.0077799801166629e-07,6.364555084321177e-11,0.004244350277102668
rho,4,1,1,19,37,20.0,6.2962652107424715,12.0,36.0,12000.0,0.004572010001395927,9.968875669935626e-08,1.1902933663957397e-09,0.0047690495647033085
rho,4,1,1,19,37,20.0,6.2962652107424715,15.0,40.0,0.0,0.0,0.0,0.0,
rho,4,1,1,19,37,20.0,6.2962652107424715,15.0,40.0,500.0,0.23677012121854746,1.788077711236095e-07,3.642029917023556e-08,3.1895733695905698e-06
rho,4,1,1,19,37,20.0,6.2962652107424715,15.0,40.0,1000.0,0.2267823942009028,2.9642020080201965e-07,5.831048501996168e-08,5.763537527164573e-06
rho,4,1,1,19,37,20.0,6.2962652107424715,15.0,40.0,1500.0,0.1748016324787258,3.126646836377203e-07,5.453732840145044e-08,1.0232643900697333e-05
rho,4,1,1,19,37,20.0,6.2962652107424715,15.0,40.0,2000.0,0.12795570461205347,2.847317403172849e-07,4.293447697932268e-08,1.73906805354152e-05
rho,4,1,1,19,37,20.0,6.2962652107424715,15.0,40.0,2500.0,0.09327888647699537,2.3993401628784193e-07,3.271438268955296e-08,2.7575609332553804e-05
rho,4,1,1,19,37,20.0,6.2962652107424715,15.0,40.0,3000.0,0.06894089337757454,1.9543542844023324e-07,2.449845581013093e-08,4.111965680758747e-05
rho,4,1,1,19,37,20.0,6.2962652107424715,15.0,40.0,3500.0,0.052035784443258536,1.6548974632135373e-07,1.6443576529393467e-08,6.111768253893735e-05
rho,4,1,1,19,37,20.0,6.2962652107424715,15.0,40.0,4000.0,0.04021668451443531,1.5335234961156195e-07,8.066119756340722e-09,9.4815187007082e-05
rho,4,1,1,19,37,20.0,6.2962652107424715,15.0,40.0,4500.0,0.031833081846618864,1.5166347743116217e-07,5.622112495799106e-10,0.00014966616748142655
rho,4,1,1,19,37,20.0,6.2962652107424715,15.0,40.0,5000.0,0.025775119588855706,1.5139150716613534e-07,-4.749371152866703e-09,0.00022787681180649294
rho,4,1,1,19,37,20.0,6.2962652107424715,15.0,40.0,5500.0,0.02130792123550186,1.482314313793851e-07,-7.615755828042849e-09,0.00032648116902718975
rho,4,1,1,19,37,20.0,6.2962652107424715,15.0,40.0,6000.0,0.01794598421345336,1.427654865797422e-07,-8.78016887936303e-09,0.0004432907479354706
rho,4,1,1,19,37,20.0,6.2962652107424715,15.0,40.0,6500.0,0.015366154859740652,1.3743256923198444e-07,-9.232132632996875e-09,0.0005820486069093711
rho,4,1,1,19,37,20.0,6.2962652107424715,15.0,40.0,7000.0,0.01334997840239187,1.340244232098783e-07,-9.648158219917188e-09,0.0007520086232653861
rho,4,1,1,19,37,20.0,6.2962652107424715,15.0,40.0,7500.0,0.011746876914703469,1.330068991203198e-07,-1.0297026509750811e-08,0.0009638941227526215
rho,4,1,1,19,37,20.0,6.2962652107424715,15.0,40.0,8000.0,0.010451174790465452,1.3395303427692712e-07,-1.1171274060000584e-08,0.0012263723020734915
rho,4,1,1,19,37,20.0,6.2962652107424715,15.0,40.0,8500.0,0.009387653729745128,1.3608454983187844e-07,-1.2100528739198005e-08,0.0015441685290501189
rho,4,1,1,19,37,20.0,6.2962652107424715,15.0,40.0,9000.0,0.008502060133170408,1.385493822205457e-07,-1.2820477417404997e-08,0.0019167092953216887
rho,4,1,1,19,37,20.0,6.2962652107424715,15.0,40.0,9500.0,0.0077545345198085005,1.4054654365947815e-07,-1.3061735545963531e-08,0.0023372690200122626
rho,4,1,1,19,37,20.0,6.2962652107424715,15.0,40.0,10000.0,0.007114993296924671,1.414536763797081e-07,-1.2657633163733747e-08,0.0027942499299174815
rho,4,1,1,19,37,20.0,6.2962652107424715,15.0,40.0,10500.0,0.0065600097407825814,1.409549852926438e-07,-1.1605900108747717e-08,0.003275453754563821
rho,4,1,1,19,37,20.0,6.2962652107424715,15.0,40.0,11000.0,0.006070877514241559,1.3907570536472673e-07,-1.004194258476183e-08,0.0037735345436982455
rho,4,1,1,19,37,20.0,6.2962652107424715,15.0,40.0,11500.0,0.005632526318572842,1.3607959970519457e-07,-8.149001484224638e-09,0.004289301394560118
rho,4,1,1,19,37,20.0,6.2962652107424715,15.0,40.0,12000.0,0.00523295640361312,1.3229096669536986e-07,-6.069389290955657e-09,0.004830987978849646
rho,4,1,1,19,37,20.0,6.2962652107424715,20.0,50.0,0.0,0.0,0.0,0.0,
rho,4,1,1,19,37,20.0,6.2962652107424715,20.0,50.0,500.0,0.25826588417714574,1.9044891439440834e-07,2.6786022568351186e-08,2.8552518289471003e-06
rho,4,1,1,19,37,20.0,6.2962652107424715,20.0,50.0,1000.0,0.2568790500180257,2.9210201221727996e-07,5.149304348106422e-08,4.426670290020261e-06
rho,4,1,1,19,37,20.0,6.2962652107424715,20.0,50.0,1500.0,0.20646885145516097,3.0270514415105853e-07,5.461732179450312e-08,7.100856196706939e-06
rho,4,1,1,19,37,20.0,6.2962652107424715,20.0,50.0,2000.0,0.15797315360651012,2.7982640634502905e-07,4.8388655340332203e-08,1.1213007665812667e-05
rho,4,1,1,19,37,20.0,6.2962652107424715,20.0,50.0,2500.0,0.12038739854965652,2.4315205933258225e-07,4.139022733346326e-08,1.6777061337207312e-05
rho,4,1,1,19,37,20.0,6.2962652107424715,20.0,50.0,3000.0,0.0928080642372793,2.0101789617164757e-07,3.5080686143415517e-08,2.3337981682551885e-05
rho,4,1,1,19,37,20.0,6.2962652107424715,20.0,50.0,3500.0,0.07275312040782198,1.6084381757208254e-07,2.9060675754032403e-08,3.038793033963755e-05
rho,4,1,1,19,37,20.0,6.2962652107424715,20.0,50.0,4000.0,0.05806674562380003,1.2783561738753692e-07,2.3483344082767404e-08,3.7913763809713436e-05
rho,4,1,1,19,37,20.0,6.2962652107424715,20.0,50.0,4500.0,0.0471736413370948,1.04352228379853e-07,1.874559525739537e-08,4.689245022262184e-05
rho,4,1,1,19,37,20.0,6.2962652107424715,20.0,50.0,5000.0,0.038972321739484464,9.03306815788376e-08,1.502415269172328e-08,5.947339473104457e-05
rho,4,1,1,19,37,20.0,6.2962652107424715,20.0,50.0,5500.0,0.03269720891388044,8.412631594888891e-08,1.224966303367696e-08,7.868836225533775e-05
rho,4,1,1,19,37,20.0,6.2962652107424715,20.0,50.0,6000.0,0.02781507749368999,8.357684742734739e-08,1.0239769101177836e-08,0.00010802528898062919
rho,4,1,1,19,37,20.0,6.2962652107424715,20.0,50.0,6500.0,0.023954527057480763,8.638543452889377e-08,8.839700636360548e-09,0.00015054464795888193
rho,4,1,1,19,37,20.0,6.2962652107424715,20.0,50.0,7000.0,0.020857101555935786,9.015782583633213e-08,7.98682338953559e-09,0.00020725046734745934
rho,4,1,1,19,37,20.0,6.2962652107424715,20.0,50.0,7500.0,0.01834214484282296,9.296884968407717e-08,7.645711325599017e-09,0.00027633584304444795
rho,4,1,1,19,37,20.0,6.2962652107424715,20.0,50.0,8000.0,0.01628135471744993,9.414846962821059e-08,7.684007663868644e-09,0.00035516665780173135
rho,4,1,1,19,37,20.0,6.2962652107424715,20.0,50.0,8500.0,0.01458083559709467,9.434871216347587e-08,7.823427606933875e-09,0.00044378349910841866
rho,4,1,1,19,37,20.0,6.2962652107424715,20.0,50.0,9000.0,0.01316900888560278,9.472583251071054e-08,7.718647360501976e-09,0.0005462132731445364
rho,4,1,1,19,37,20.0,6.2962652107424715,20.0,50.0,9500.0,0.011988940011810193,9.59799661861658e-08,7.095713395247609e-09,0.0006677578747555263
rho,4,1,1,19,37,20.0,6.2962652107424715,20.0,50.0,10000.0,0.010993840014045084,9.800862828793521e-08,5.846665641579724e-09,0.000810896611374629
rho,4,1,1,19,37,20.0,6.2962652107424715,20.0,50.0,10500.0,0.010144706561529203,1.0027358558501987e-07,4.033453829403199e-09,0.0009743333449298295
rho,4,1,1,19,37,20.0,6.2962652107424715,20.0,50.0,11000.0,0.009409245714625867,1.0240611536203783e-07,1.827000612548579e-09,0.0011566881123864226
rho,4,1,1,19,37,20.0,6.2962652107424715,20.0,50.0,11500.0,0.008761380493182591,1.0451854986744699e-07,-5.635496515206238e-10,0.0013615960804380647
rho,4,1,1,19,37,20.0,6.2962652107424715,20.0,50.0,12000.0,0.008180844764955817,1.0704440774625744e-07,-2.933843122604122e-09,0.0015994389947253673
rho,4,1,1,19,37,20.0,6.2962652107424715,25.0,60.0,0.0,0.0,0.0,0.0,
rho,4,1,1,19,37,20.0,6.2962652107424715,25.0,60.0,500.0,0.2735953504443563,1.7662657349939752e-07,1.8552228196025493e-08,2.359601255953345e-06
rho,4,1,1,19,37,20.0,6.2962652107424715,25.0,60.0,1000.0,0.2787061671060917,2.8431638514688563e-07,3.708188642907265e-08,3.660232992565293e-06
rho,4,1,1,19,37,20.0,6.2962652107424715,25.0,60.0,1500.0,0.22982213133543408,3.2206238545240997e-07,3.576671223298958e-08,6.097563187826395e-06
rho,4,1,1,19,37,20.0,6.2962652107424715,25.0,60.0,2000.0,0.18067635179733835,3.25724539588073e-07,2.4540427693998698e-08,9.9781000298947e-06
rho,4,1,1,19,37,20.0,6.2962652107424715,25.0,60.0,2500.0,0.14160773119846945,3.0734204226703407e-07,1.4205980334922254e-08,1.5326678355398223e-05
rho,4,1,1,19,37,20.0,6.2962652107424715,25.0,60.0,3000.0,0.1122744105151614,2.7282311483063846e-07,8.326091292307854e-09,2.1643106471383074e-05
rho,4,1,1,19,37,20.0,6.2962652107424715,25.0,60.0,3500.0,0.09042703733210543,2.337518107471205e-07,6.090513017383819e-09,2.858632844700948e-05
rho,4,1,1,19,37,20.0,6.2962652107424715,25.0,60.0,4000.0,0.07401522255273718,2.0222853298782494e-07,5.484808709906068e-09,3.691478409807228e-05
rho,4,1,1,19,37,20.0,6.2962652107424715,25.0,60.0,4500.0,0.06151892641693455,1.8234896821341342e-07,4.839791306488066e-09,4.8182109973104015e-05
rho,4,1,1,19,37,20.0,6.2962652107424715,25.0,60.0,5000.0,0.05186943265767523,1.7143557494253148e-07,3.341246680579107e-09,6.372032067798577e-05
rho,4,1,1,19,37,20.0,6.2962652107424715,25.0,60.0,5500.0,0.04431855169854576,1.657723528013584e-07,9.889144554861365e-10,8.439971545746991e-05
rho,4,1,1,19,37,20.0,6.2962652107424715,25.0,60.0,6000.0,0.038334367253914016,1.6339994419399392e-07,-1.7142348943273685e-09,0.0001111924515238547
rho,4,1,1,19,37,20.0,6.2962652107424715,25.0,60.0,6500.0,0.033530363223048004,1.6344778990268928e-07,-4.101230536015579e-09,0.00014537928764841713
rho,4,1,1,19,37,20.0,6.2962652107424715,25.0,60.0,7000.0,0.029620232431534887,1.6477193640214397e-07,-5.586422277685422e-09,0.00018780464144302027
rho,4,1,1,19,37,20.0,6.2962652107424715,25.0,60.0,7500.0,0.026389702891741623,1.656288098253162e-07,-5.815117508348218e-09,0.00023783013348690362
rho,4,1,1,19,37,20.0,6.2962652107424715,25.0,60.0,8000.0,0.023678490440523454,1.6429724086475883e-07,-4.729822886233415e-09,0.00029303685650283024
rho,4,1,1,19,37,20.0,6.2962652107424715,25.0,60.0,8500.0,0.02136775006892819,1.598274760476747e-07,-2.5483359919257902e-09,0.0003500530377051207
rho,4,1,1,19,37,20.0,6.2962652107424715,25.0,60.0,9000.0,0.019370473099005914,1.5234455608511623e-07,3.278961997009914e-10,0.0004060191183203101
rho,4,1,1,19,37,20.0,6.2962652107424715,25.0,60.0,9500.0,0.01762373309958378,1.4285238085706387e-07,3.423487674487961e-09,0.0004599299263570015
rho,4,1,1,19,37,20.0,6.2962652107424715,25.0,60.0,10000.0,0.01608240344891705,1.3278679688944898e-07,6.273319483403162e-09,0.0005133966013217632
rho,4,1,1,19,37,20.0,6.2962652107424715,25.0,60.0,10500.0,0.01471415887431459,1.235746794227642e-07,8.476520973114163e-09,0.0005707666779469543
rho,4,1,1,19,37,20.0,6.2962652107424715,25.0,60.0,11000.0,0.013495552111919466,1.163259481537579e-07,9.740764914487675e-09,0.000638697605572328
rho,4,1,1,19,37,20.0,6.2962652107424715,25.0,60.0,11500.0,0.012408950445515843,1.1167378500674913e-07,9.92793048404766e-09,0.0007252389753611081
rho,4,1,1,19,37,20.0,6.2962652107424715,25.0,60.0,12000.0,0.011440184956418555,1.0973341927347578e-07,9.087788310358161e-09,0.0008384416041525422
rho,4,1,1,19,37,20.0,6.2962652107424715,30.0,80.0,0.0,0.0,0.0,0.0,
rho,4,1,1,19,37,20.0,6.2962652107424715,30.0,80.0,500.0,0.2912473454551829,1.4037124933394301e-07,8.444244274816089e-09,1.6548331561242403e-06
rho,4,1,1,19,37,20.0,6.2962652107424715,30.0,80.0,1000.0,0.3037532295684303,2.3030885909205135e-07,1.645672849203965e-08,2.496139401333145e-06
rho,4,1,1,19,37,20.0,6.2962652107424715,30.0,80.0,1500.0,0.2560106823603163,2.447902744588799e-07,2.1399124698358057e-08,3.734891457139003e-06
rho,4,1,1,19,37,20.0,6.2962652107424715,30.0,80.0,2000.0,0.2055981986025354,2.25798018287891e-07,2.5077482139159203e-08,5.3417248716670835e-06
rho,4,1,1,19,37,20.0,6.2962652107424715,30.0,80.0,2500.0,0.16468178529630415,2.018509005477348e-07,2.6477636350473207e-08,7.442855001891086e-06
rho,4,1,1,19,37,20.0,6.2962652107424715,30.0,80.0,3000.0,0.13358469556211597,1.8462554070571e-07,2.5056646535297318e-08,1.0346140460197173e-05
rho,4,1,1,19,37,20.0,6.2962652107424715,30.0,80.0,3500.0,0.11022911944450389,1.7548003100800956e-07,2.2040338723623998e-08,1.4442255578906593e-05
rho,4,1,1,19,37,20.0,6.2962652107424715,30.0,80.0,4000.0,0.09255180006846915,1.7318246080111452e-07,1.8534882380568438e-08,2.021781259284798e-05
rho,4,1,1,19,37,20.0,6.2962652107424715,30.0,80.0,4500.0,0.07896248376079223,1.7574442414324388e-07,1.4643101587764988e-08,2.818642226313672e-05
rho,4,1,1,19,37,20.0,6.2962652107424715,30.0,80.0,5000.0,0.06831800193985324,1.8102017887019906e-07,1.0132545551104818e-08,3.878436426780922e-05
rho,4,1,1,19,37,20.0,6.2962652107424715,30.0,80.0,5500.0,0.05981361063966916,1.874088231009905e-07,5.132456847135105e-09,5.238295509001575e-05
rho,4,1,1,19,37,20.0,6.2962652107424715,30.0,80.0,6000.0,0.05288587723191636,1.9356532100368735e-07,2.0227130338181473e-10,6.920669775954474e-05
rho,4,1,1,19,37,20.0,6.2962652107424715,30.0,80.0,6500.0,0.047140602895551414,1.9789374504369717e-07,-3.968016222671131e-09,8.905161546308588e-05
rho,4,1,1,19,37,20.0,6.2962652107424715,30.0,80.0,7000.0,0.0423015995770889,1.9891937112661685e-07,-6.865227107679746e-09,0.00011116382905148854
rho,4,1,1,19,37,20.0,6.2962652107424715,30.0,80.0,7500.0,0.03817434073322156,1.9612683477902655e-07,-8.30069209694763e-09,0.00013458415383016417
rho,4,1,1,19,37,20.0,6.2962652107424715,30.0,80.0,8000.0,0.03462000049644353,1.902175202449596e-07,-8.388592161690065e-09,0.00015870710737925196
rho,4,1,1,19,37,20.0,6.2962652107424715,30.0,80.0,8500.0,0.03153704004855376,1.825111398891598e-07,-7.427503558451952e-09,0.00018350483784970446
rho,4,1,1,19,37,20.0,6.2962652107424715,30.0,80.0,9000.0,0.028848554135951745,1.7410513527983295e-07,-5.7757059562930094e-09,0.00020920086590032216
rho,4,1,1,19,37,20.0,6.2962652107424715,30.0,80.0,9500.0,0.02649404736818581,1.65475811925963e-07,-3.7718526748479894e-09,0.00023574251029710478
rho,4,1,1,19,37,20.0,6.2962652107424715,30.0,80.0,10000.0,0.024424433554914846,1.5667037624664353e-07,-1.702240975234813e-09,0.00026262610061769974
rho,4,1,1,19,37,20.0,6.2962652107424715,30.0,80.0,10500.0,0.022599125937150664,1.4774802952513584e-07,2.0947863496657482e-10,0.0002892933248509691
rho,4,1,1,19,37,20.0,6.2962652107424715,30.0,80.0,11000.0,0.0209842689412316,1.3905197359086962e-07,1.8081519368725918e-09,0.00031578352614932206
rho,4,1,1,19,37,20.0,6.2962652107424715,30.0,80.0,11500.0,0.019551459016450865,1.3114516551389956e-07,3.0104102138062013e-09,0.0003430788468893554
rho,4,1,1,19,37,20.0,6.2962652107424715,30.0,80.0,12000.0,0.018276628307476863,1.2453979447134816e-07,3.799419906068193e-09,0.00037283440783410514
rho,4,2,2,20,38,21.0,6.2962652107424715,5.0,15.0,0.0,0.0,0.0,0.0,
rho,4,2,2,20,38,21.0,6.2962652107424715,5.0,15.0,500.0,0.1336496214809192,1.338801760881932e-07,3.511587466001971e-08,7.495158282657286e-06
rho,4,2,2,20,38,21.0,6.2962652107424715,5.0,15.0,1000.0,0.10373077660576986,1.1830428205988171e-07,3.783202038808129e-08,1.0994746122783571e-05
rho,4,2,2,20,38,21.0,6.2962652107424715,5.0,15.0,1500.0,0.06450402836773865,8.935231702071748e-08,2.56080551010067e-08,2.1474949104558273e-05
rho,4,2,2,20,38,21.0,6.2962652107424715,5.0,15.0,2000.0,0.03872817405140352,9.230756899336357e-08,1.3414252278521846e-08,6.15436529899354e-05
rho,4,2,2,20,38,21.0,6.2962652107424715,5.0,15.0,2500.0,0.024027257350686834,1.0499521384287088e-07,4.679124365811297e-09,0.00018187001488011875
rho,4,2,2,20,38,21.0,6.2962652107424715,5.0,15.0,3000.0,0.015864951312128853,1.1128313360878489e-07,3.3653391943823255e-10,0.0004421319087266392
rho,4,2,2,20,38,21.0,6.2962652107424715,5.0,15.0,3500.0,0.011218360101667282,1.0700685672150478e-07,-1.2202959852330532e-10,0.0008502621647682095
rho,4,2,2,20,38,21.0,6.2962652107424715,5.0,15.0,4000.0,0.008432879627995172,9.76306386480495e-08,1.2904636547537694e-09,0.001372885530639389
rho,4,2,2,20,38,21.0,6.2962652107424715,5.0,15.0,4500.0,0.0066633879645371374,8.94075933415029e-08,2.797803660794793e-09,0.0020136510116951192
rho,4,2,2,20,38,21.0,6.2962652107424715,5.0,15.0,5000.0,0.005483110232738709,8.362504010280359e-08,3.940044927101278e-09,0.002781521267753715
rho,4,2,2,20,38,21.0,6.2962652107424715,5.0,15.0,5500.0,0.00466613741023626,7.862274422803493e-08,4.991474062659182e-09,0.0036110470776493727
rho,4,2,2,20,38,21.0,6.2962652107424715,5.0,15.0,6000.0,0.004079141326080362,7.334591113206968e-08,6.049907866879831e-09,0.004407967701023363
rho,4,2,2,20,38,21.0,6.2962652107424715,5.0,15.0,6500.0,0.0036340509605737935,6.833322733926188e-08,6.819891353901129e-09,0.005174279761993885
rho,4,2,2,20,38,21.0,6.2962652107424715,5.0,15.0,7000.0,0.003271044618595414,6.475860603621436e-08,6.965382706945344e-09,0.0060523572560701585
rho,4,2,2,20,38,21.0,6.2962652107424715,5.0,15.0,7500.0,0.0029529285573913575,6.340426729270913e-08,6.443312090428826e-09,0.007271309129415275
rho,4,2,2,20,38,21.0,6.2962652107424715,5.0,15.0,8000.0,0.0026610401428029274,6.44652275571717e-08,5.487726421732283e-09,0.009103799153651894
rho,4,2,2,20,38,21.0,6.2962652107424715,5.0,15.0,8500.0,0.0023896718939183065,6.786545862525521e-08,4.351039557356843e-09,0.01188426252940154
rho,4,2,2,20,38,21.0,6.2962652107424715,5.0,15.0,9000.0,0.002139834497640664,7.345338065704419e-08,3.094900891570876e-09,0.01604173800863269
rho,4,2,2,20,38,21.0,6.2962652107424715,5.0,15.0,9500.0,0.0019141253283308898,8.088543421038277e-08,1.6036012239741754e-09,0.022076467443631356
rho,4,2,2,20,38,21.0,6.2962652107424715,5.0,15.0,10000.0,0.0017137522361547041,8.942386659317526e-08,-2.3062116356651236e-10,0.03044790216089312
rho,4,2,2,20,38,21.0,6.2962652107424715,5.0,15.0,10500.0,0.0015376820845707936,9.791719354996138e-08,-2.3264724868668188e-09,0.041411965978261564
rho,4,2,2,20,38,21.0,6.2962652107424715,5.0,15.0,11000.0,0.0013831891640297136,1.0505082246818733e-07,-4.3783215480967884e-09,0.05490808546073245
rho,4,2,2,20,38,21.0,6.2962652107424715,5.0,15.0,11500.0,0.0012469261929021265,1.0976382450859629e-07,-5.981514789123772e-09,0.07059561649175129
rho,4,2,2,20,38,21.0,6.2962652107424715,5.0,15.0,12000.0,0.0011258594611803883,1.1162338953008325e-07,-6.823490909639667e-09,0.08806165486627904
rho,4,2,2,20,38,21.0,6.2962652107424715,7.0,25.0,0.0,0.0,0.0,0.0,
rho,4,2,2,20,38,21.0,6.2962652107424715,7.0,25.0,500.0,0.1815942578670304,1.9076758408689545e-07,3.9134329192723435e-08,5.784959946010588e-06
rho,4,2,2,20,38,21.0,6.2962652107424715,7.0,25.0,1000.0,0.15583008168959245,2.5695791093802687e-07,5.700493075005548e-08,1.0581796276816684e-05
rho,4,2,2,20,38,21.0,6.2962652107424715,7.0,25.0,1500.0,0.1064981973062273,2.137255969824301e-07,5.1929103358195626e-08,1.884395358109358e-05
rho,4,2,2,20,38,21.0,6.2962652107424715,7.0,25.0,2000.0,0.06895647587533878,1.6224543650145865e-07,3.9234004641330586e-08,3.4121048963895486e-05
rho,4,2,2,20,38,21.0,6.2962652107424715,7.0,25.0,2500.0,0.04483505183257074,1.3373696957327306e-07,2.6385836906171705e-08,6.652978587705599e-05
rho,4,2,2,20,38,21.0,6.2962652107424715,7.0,25.0,3000.0,0.030152373363338945,1.2545416721655443e-07,1.7358251818533074e-08,0.00013798824387301994
rho,4,2,2,20,38,21.0,6.2962652107424715,7.0,25.0,3500.0,0.02132791865446331,1.250320012832846e-07,1.270826311809855e-08,0.00027486803093609364
rho,4,2,2,20,38,21.0,6.2962652107424715,7.0,25.0,4000.0,0.01596575599517887,1.2429288249633355e-07,1.1231299518980904e-08,0.0004876040280333474
rho,4,2,2,20,38,21.0,6.2962652107424715,7.0,25.0,4500.0,0.012611090788048422,1.2105827688242433e-07,1.1667630908101169e-08,0.000761183180872097
rho,4,2,2,20,38,21.0,6.2962652107424715,7.0,25.0,5000.0,0.010422670268432245,1.1587688817952565e-07,1.3181264197900062e-08,0.0010666914808901207
rho,4,2,2,20,38,21.0,6.2962652107424715,7.0,25.0,5500.0,0.008926514201921035,1.0966533544152205e-07,1.5190501666436983e-08,0.0013762761085771452
rho,4,2,2,20,38,21.0,6.2962652107424715,7.0,25.0,6000.0,0.007855574168988376,1.0321668303528458e-07,1.7136094331553596e-08,0.0016726074686550586
rho,4,2,2,20,38,21.0,6.2962652107424715,7.0,25.0,6500.0,0.0070544156897913895,9.740719950670298e-08,1.8452148001172194e-08,0.001957352129133218
rho,4,2,2,20,38,21.0,6.2962652107424715,7.0,25.0,7000.0,0.006427394624369102,9.307015909056775e-08,1.872725962955386e-08,0.0022528927936766477
rho,4,2,2,20,38,21.0,6.2962652107424715,7.0,25.0,7500.0,0.005912701443905988,9.049802300499777e-08,1.786759422297353e-08,0.002588613377958988
rho,4,2,2,20,38,21.0,6.2962652107424715,7.0,25.0,8000.0,0.00546979210931371,8.91602924336067e-08,1.611677610286188e-08,0.002980093179101323
rho,4,2,2,20,38,21.0,6.2962652107424715,7.0,25.0,8500.0,0.005072715970480288,8.798914642184457e-08,1.3927958119774696e-08,0.003419385079752915
rho,4,2,2,20,38,21.0,6.2962652107424715,7.0,25.0,9000.0,0.00470568669753153,8.60208715830722e-08,1.1766268405184487e-08,0.003884703002549758
rho,4,2,2,20,38,21.0,6.2962652107424715,7.0,25.0,9500.0,0.004359592998793522,8.29395884171079e-08,9.933445094355212e-09,0.004363851697267353
rho,4,2,2,20,38,21.0,6.2962652107424715,7.0,25.0,10000.0,0.004029243982594143,7.921718400386948e-08,8.489639999853564e-09,0.0048794656848156264
rho,4,2,2,20,38,21.0,6.2962652107424715,7.0,25.0,10500.0,0.003711445158401168,7.581611026339192e-08,7.302025230493655e-09,0.005503961709984398
rho,4,2,2,20,38,21.0,6.2962652107424715,7.0,25.0,11000.0,0.0034039266349187476,7.364707019477598e-08,6.181708287432482e-09,0.006356163971607554
rho,4,2,2,20,38,21.0,6.2962652107424715,7.0,25.0,11500.0,0.0031049782008418566,7.308969192844893e-08,5.022016876056316e-09,0.007581218616840651
rho,4,2,2,20,38,21.0,6.2962652107424715,7.0,25.0,12000.0,0.002813530329804999,7.383755874722773e-08,3.860560817400149e-09,0.0093276904908253
rho,4,2,2,20,38,21.0,6.2962652107424715,10.0,30.0,0.0,0.0,0.0,0.0,
rho,4,2,2,20,38,21.0,6.2962652107424715,10.0,30.0,500.0,0.20367203684120938,1.8282574574868933e-07,4.121661659075912e-08,4.407319554566542e-06
rho,4,2,2,20,38,21.0,6.2962652107424715,10.0,30.0,1000.0,0.18317617341106737,2.712211232849233e-07,6.078316126702269e-08,8.083241341924336e-06
rho,4,2,2,20,38,21.0,6.2962652107424715,10.0,30.0,1500.0,0.13180267605217352,2.490360769889067e-07,5.172053614098252e-08,1.4335531861666914e-05
rho,4,2,2,20,38,21.0,6.2962652107424715,10.0,30.0,2000.0,0.08992234853387512,2.1014839092728762e-07,3.3119630531900436e-08,2.5989072882707747e-05
rho,4,2,2,20,38,21.0,6.2962652107424715,10.0,30.0,2500.0,0.06135271497413785,1.8634535133537192e-07,1.5411737280814472e-08,4.950521960825684e-05
rho,4,2,2,20,38,21.0,6.2962652107424715,10.0,30.0,3000.0,0.04288407905386581,1.7387811516900249e-07,3.0244869016340606e-09,9.454808739076305e-05
rho,4,2,2,20,38,21.0,6.2962652107424715,10.0,30.0,3500.0,0.03108571019570453,1.6487820330538267e-07,-3.947786701603395e-09,0.00017062460481136624
rho,4,2,2,20,38,21.0,6.2962652107424715,10.0,30.0,4000.0,0.02347853748468282,1.562518419090994e-07,-7.022271689553158e-09,0.00028345430970507353
rho,4,2,2,20,38,21.0,6.2962652107424715,10.0,30.0,4500.0,0.01846134948441066,1.4661676936006916e-07,-7.320346915712895e-09,0.0004301864809476774
rho,4,2,2,20,38,21.0,6.2962652107424715,10.0,30.0,5000.0,0.01504805071293396,1.3458579167795955e-07,-5.529975376905473e-09,0.0005943451474213494
rho,4,2,2,20,38,21.0,6.2962652107424715,10.0,30.0,5500.0,0.01264307720664672,1.2037953022139598e-07,-2.504730527199757e-09,0.0007530903178756785
rho,4,2,2,20,38,21.0,6.2962652107424715,10.0,30.0,6000.0,0.010886602854745846,1.0668239133829846e-07,6.120402284858228e-10,0.0009001356905830192
rho,4,2,2,20,38,21.0,6.2962652107424715,10.0,30.0,6500.0,0.009557755991021228,9.696855490183439e-08,2.744285578394364e-09,0.0010614976715396956
rho,4,2,2,20,38,21.0,6.2962652107424715,10.0,30.0,7000.0,0.008517341489562449,9.312706738928746e-08,3.2904795356113523e-09,0.001283712609439574
rho,4,2,2,20,38,21.0,6.2962652107424715,10.0,30.0,7500.0,0.007674780506866185,9.458896459329923e-08,2.25745436574428e-09,0.0016058631925505067
rho,4,2,2,20,38,21.0,6.2962652107424715,10.0,30.0,8000.0,0.006969231934289575,9.92732884864265e-08,8.78452864893707e-11,0.0020439137836136606
rho,4,2,2,20,38,21.0,6.2962652107424715,10.0,30.0,8500.0,0.00635903736836315,1.0510762726542752e-07,-2.6341931842446944e-09,0.002599270501508315
rho,4,2,2,20,38,21.0,6.2962652107424715,10.0,30.0,9000.0,0.005816033581613573,1.1088106268163685e-07,-5.400504375064123e-09,0.0032779593881404607
rho,4,2,2,20,38,21.0,6.2962652107424715,10.0,30.0,9500.0,0.005322451569798838,1.1617043745421207e-07,-7.850159966074786e-09,0.0041008339848299605
rho,4,2,2,20,38,21.0,6.2962652107424715,10.0,30.0,10000.0,0.004868825194986803,1.2085455940346574e-07,-9.747012052479265e-09,0.0050981742445247585
rho,4,2,2,20,38,21.0,6.2962652107424715,10.0,30.0,10500.0,0.004451977273226859,1.247764885245164e-07,-1.0946065840029694e-08,0.006295451495785223
rho,4,2,2,20,38,21.0,6.2962652107424715,10.0,30.0,11000.0,0.004072771779715353,1.2773217966779912e-07,-1.1388845955275837e-08,0.007700522135174476
rho,4,2,2,20,38,21.0,6.2962652107424715,10.0,30.0,11500.0,0.0037337870737056537,1.2962972850181238e-07,-1.1116000461809935e-08,0.009298341998236863
rho,4,2,2,20,38,21.0,6.2962652107424715,10.0,30.0,12000.0,0.0034372777364614087,1.3058545945124979e-07,-1.0266498032109984e-08,0.011052628459256265
rho,4,2,2,20,38,21.0,6.2962652107424715,12.0,36.0,0.0,0.0,0.0,0.0,
rho,4,2,2,20,38,21.0,6.2962652107424715,12.0,36.0,500.0,0.22204253135115598,1.6656509938128902e-07,4.2109430224666e-08,3.3784046698080534e-06
rho,4,2,2,20,38,21.0,6.2962652107424715,12.0,36.0,1000.0,0.20685618279229112,2.6806524414011936e-07,6.654996587249146e-08,6.264746425723882e-06
rho,4,2,2,20,38,21.0,6.2962652107424715,12.0,36.0,1500.0,0.15464183212280122,2.70107467555729e-07,6.189555062832875e-08,1.1294905934098921e-05
rho,4,2,2,20,38,21.0,6.2962652107424715,12.0,36.0,2000.0,0.10966845864689741,2.4499479472425335e-07,4.51812685828457e-08,2.0370110173906493e-05
rho,4,2,2,20,38,21.0,6.2962652107424715,12.0,36.0,2500.0,0.0775402629240291,2.176707573640136e-07,2.8902648245563432e-08,3.620308248430135e-05
rho,4,2,2,20,38,21.0,6.2962652107424715,12.0,36.0,3000.0,0.055778188400671794,1.9739850187335166e-07,1.70153466192434e-08,6.344757716431552e-05
rho,4,2,2,20,38,21.0,6.2962652107424715,12.0,36.0,3500.0,0.04120782360625995,1.884064131235218e-07,8.301675043741558e-09,0.00011095230420385086
rho,4,2,2,20,38,21.0,6.2962652107424715,12.0,36.0,4000.0,0.03139498529745383,1.8592543337014885e-07,1.5719461352757305e-09,0.00018863324438527754
rho,4,2,2,20,38,21.0,6.2962652107424715,12.0,36.0,4500.0,0.024687195384900253,1.8143588103962232e-07,-2.9112348591459218e-09,0.0002977005722542097
rho,4,2,2,20,38,21.0,6.2962652107424715,12.0,36.0,5000.0,0.02000783101476567,1.7041655903471138e-07,-4.6865882137756015e-09,0.000425707959788751
rho,4,2,2,20,38,21.0,6.2962652107424715,12.0,36.0,5500.0,0.016662897380743294,1.540091355775631e-07,-4.091098775565475e-09,0.0005546837511073813
rho,4,2,2,20,38,21.0,6.2962652107424715,12.0,36.0,6000.0,0.01420301854135022,1.3625123592199817e-07,-2.163674540415239e-09,0.0006754281274954644
rho,4,2,2,20,38,21.0,6.2962652107424715,12.0,36.0,6500.0,0.012334533935918927,1.2123698912465678e-07,-7.922818784102872e-11,0.0007968739941205204
rho,4,2,2,20,38,21.0,6.2962652107424715,12.0,36.0,7000.0,0.01086502397676063,1.1151625235235028e-07,1.3059753643894381e-09,0.0009446627441313882
rho,4,2,2,20,38,21.0,6.2962652107424715,12.0,36.0,7500.0,0.009669871694411785,1.0744388248603723e-07,1.635975028704544e-09,0.0011490535527972853
rho,4,2,2,20,38,21.0,6.2962652107424715,12.0,36.0,8000.0,0.00867042500309455,1.0745567539178943e-07,1.0106980013158568e-09,0.0014293829126078598
rho,4,2,2,20,38,21.0,6.2962652107424715,12.0,36.0,8500.0,0.007818436800273212,1.0915208474120923e-07,-1.826532545831339e-10,0.0017856328831396475
rho,4,2,2,20,38,21.0,6.2962652107424715,12.0,36.0,9000.0,0.007084475504396,1.105032373279416e-07,-1.4617792545905807e-09,0.0022017073660454425
rho,4,2,2,20,38,21.0,6.2962652107424715,12.0,36.0,9500.0,0.006449568359305407,1.1045778324288718e-07,-2.402554331330396e-09,0.002655431010781867
rho,4,2,2,20,38,21.0,6.2962652107424715,12.0,36.0,10000.0,0.005899771232486753,1.0884896126560681e-07,-2.73776492126275e-09,0.0031271876704831772
rho,4,2,2,20,38,21.0,6.2962652107424715,12.0,36.0,10500.0,0.005423213972896432,1.0601447615988307e-07,-2.4050479704727916e-09,0.0036045552941770375
rho,4,2,2,20,38,21.0,6.2962652107424715,12.0,36.0,11000.0,0.005008932724830809,1.0253643681902145e-07,-1.5426926132324845e-09,0.004086841775409856
rho,4,2,2,20,38,21.0,6.2962652107424715,12.0,36.0,11500.0,0.004646724960736479,9.917061974228306e-08,-4.301707438078323e-10,0.004592922237729445
rho,4,2,2,20,38,21.0,6.2962652107424715,12.0,36.0,12000.0,0.00432738880697248,9.679449122297015e-08,6.127891918699739e-10,0.005168908050282245
rho,4,2,2,20,38,21.0,6.2962652107424715,15.0,40.0,0.0,0.0,0.0,0.0,
rho,4,2,2,20,38,21.0,6.2962652107424715,15.0,40.0,500.0,0.23449515274517307,1.7697100254745165e-07,3.8907382828515035e-08,3.2183581447001195e-06
rho,4,2,2,20,38,21.0,6.2962652107424715,15.0,40.0,1000.0,0.22374317681059305,2.9657182901917056e-07,5.989937368320833e-08,5.924207960255536e-06
rho,4,2,2,20,38,21.0,6.2962652107424715,15.0,40.0,1500.0,0.17185962046728667,3.1312784184587776e-07,5.163491361987048e-08,1.0601662829644021e-05
rho,4,2,2,20,38,21.0,6.2962652107424715,15.0,40.0,2000.0,0.12543927517592168,2.8377299623463397e-07,3.638904615522522e-08,1.8034495342179414e-05
rho,4,2,2,20,38,21.0,6.2962652107424715,15.0,40.0,2500.0,0.09125426833647628,2.3804836926984178e-07,2.4847044586343905e-08,2.858635851146583e-05
rho,4,2,2,20,38,21.0,6.2962652107424715,15.0,40.0,3000.0,0.06737723869184255,1.929628099872512e-07,1.7231913878702447e-08,4.250570247975664e-05
rho,4,2,2,20,38,21.0,6.2962652107424715,15.0,40.0,3500.0,0.050873129411068974,1.6177880129743443e-07,1.0784768969756344e-08,6.250931012044367e-05
rho,4,2,2,20,38,21.0,6.2962652107424715,15.0,40.0,4000.0,0.03938759940853235,1.4805566754526835e-07,4.1766857253378126e-09,9.54346339814084e-05
rho,4,2,2,20,38,21.0,6.2962652107424715,15.0,40.0,4500.0,0.031270204578350454,1.4578754712922256e-07,-1.90704412456339e-09,0.00014909359405090064
rho,4,2,2,20,38,21.0,6.2962652107424715,15.0,40.0,5000.0,0.025416058810849854,1.4707627644091864e-07,-6.302162473176648e-09,0.00022768069725002097
rho,4,2,2,20,38,21.0,6.2962652107424715,15.0,40.0,5500.0,0.021098929938575876,1.4767895832566338e-07,-8.677478240761445e-09,0.00033173993888482644
rho,4,2,2,20,38,21.0,6.2962652107424715,15.0,40.0,6000.0,0.017843603058332647,1.4720594018301518e-07,-9.618178376834016e-09,0.0004623386795532026
rho,4,2,2,20,38,21.0,6.2962652107424715,15.0,40.0,6500.0,0.015336804407968625,1.4675027626998618e-07,-9.97912276530797e-09,0.0006238916447193805
rho,4,2,2,20,38,21.0,6.2962652107424715,15.0,40.0,7000.0,0.013368342701991881,1.470500243373841e-07,-1.0347484053630093e-08,0.0008228297017951189
rho,4,2,2,20,38,21.0,6.2962652107424715,15.0,40.0,7500.0,0.011794054062387644,1.4810025555275944e-07,-1.0927049677994716e-08,0.0010647057010174498
rho,4,2,2,20,38,21.0,6.2962652107424715,15.0,40.0,8000.0,0.010513201874968719,1.495563475773494e-07,-1.1667327565480062e-08,0.0013531154183359872
rho,4,2,2,20,38,21.0,6.2962652107424715,15.0,40.0,8500.0,0.009454563380480938,1.511186614338463e-07,-1.2403328727061066e-08,0.0016905777269934552
rho,4,2,2,20,38,21.0,6.2962652107424715,15.0,40.0,9000.0,0.008567336324145008,1.5260256858759102e-07,-1.2937567908948853e-08,0.002079075264009436
rho,4,2,2,20,38,21.0,6.2962652107424715,15.0,40.0,9500.0,0.00781474418138993,1.538141410278336e-07,-1.3097868583750335e-08,0.002518643691687739
rho,4,2,2,20,38,21.0,6.2962652107424715,15.0,40.0,10000.0,0.007169409642593238,1.5445195117376144e-07,-1.2788202474110099e-08,0.0030048763654562773
rho,4,2,2,20,38,21.0,6.2962652107424715,15.0,40.0,10500.0,0.006610131040898626,1.5413532921429465e-07,-1.2009714322161705e-08,0.003527622111088292
rho,4,2,2,20,38,21.0,6.2962652107424715,15.0,40.0,11000.0,0.006119828122937884,1.5250976388457972e-07,-1.0833894985350434e-08,0.004072107163978334
rho,4,2,2,20,38,21.0,6.2962652107424715,15.0,40.0,11500.0,0.0056843838448643125,1.493362819225649e-07,-9.34569528620735e-09,0.004621665838146883
rho,4,2,2,20,38,21.0,6.2962652107424715,15.0,40.0,12000.0,0.005292077868642015,1.4452563905248374e-07,-7.59670015250877e-09,0.0051605078933802595
rho,4,2,2,20,38,21.0,6.2962652107424715,20.0,50.0,0.0,0.0,0.0,0.0,
rho,4,2,2,20,38,21.0,6.2962652107424715,20.0,50.0,500.0,0.25549208323359046,1.7573644075632534e-07,3.223384079767482e-08,2.6921975909377377e-06
rho,4,2,2,20,38,21.0,6.2962652107424715,20.0,50.0,1000.0,0.252994512850716,2.719330897124975e-07,5.867842775749329e-08,4.248541387137421e-06
rho,4,2,2,20,38,21.0,6.2962652107424715,20.0,50.0,1500.0,0.20249323145126535,2.83891098288428e-07,5.9515434778949326e-08,6.923580608353762e-06
rho,4,2,2,20,38,21.0,6.2962652107424715,20.0,50.0,2000.0,0.15437322390109673,2.588185961499816e-07,5.2615653496503706e-08,1.086054274609442e-05
rho,4,2,2,20,38,21.0,6.2962652107424715,20.0,50.0,2500.0,0.11731338130643774,2.1716042861427265e-07,4.662144520973721e-08,1.577922195080508e-05
rho,4,2,2,20,38,21.0,6.2962652107424715,20.0,50.0,3000.0,0.09025648095349728,1.7254017280708666e-07,4.1445137899763943e-08,2.1180364775632277e-05
rho,4,2,2,20,38,21.0,6.2962652107424715,20.0,50.0,3500.0,0.0706604218917708,1.3455140876564245e-07,3.5687301595512324e-08,2.6948574481364586e-05
rho,4,2,2,20,38,21.0,6.2962652107424715,20.0,50.0,4000.0,0.056357316746804664,1.0611527590738595e-07,2.951718343358367e-08,3.3410062842122396e-05
rho,4,2,2,20,38,21.0,6.2962652107424715,20.0,50.0,4500.0,0.04577917451683325,8.693019217631101e-08,2.3826266870021074e-08,4.147961580304337e-05
rho,4,2,2,20,38,21.0,6.2962652107424715,20.0,50.0,5000.0,0.037835796985433635,7.63635976031298e-08,1.9143499119598347e-08,5.334338945435068e-05
rho,4,2,2,20,38,21.0,6.2962652107424715,20.0,50.0,5500.0,0.03177109745109332,7.329354098526679e-08,1.551814379556272e-08,7.261080818613384e-05
rho,4,2,2,20,38,21.0,6.2962652107424715,20.0,50.0,6000.0,0.027058966690187418,7.573322428519925e-08,1.284027527679222e-08,0.00010343416930592228
rho,4,2,2,20,38,21.0,6.2962652107424715,20.0,50.0,6500.0,0.023333772241962546,8.118299292248377e-08,1.1042779896687409e-08,0.00014910601012239685
rho,4,2,2,20,38,21.0,6.2962652107424715,20.0,50.0,7000.0,0.020342301171575254,8.728691411872305e-08,1.0075029197399975e-08,0.00021093516176610427
rho,4,2,2,20,38,21.0,6.2962652107424715,20.0,50.0,7500.0,0.017908862999531195,9.252865663966311e-08,9.781413318295493e-09,0.00028849628737375366
rho,4,2,2,20,38,21.0,6.2962652107424715,20.0,50.0,8000.0,0.015909760244782377,9.661221030196042e-08,9.836161613320073e-09,0.00038168469702408296
rho,4,2,2,20,38,21.0,6.2962652107424715,20.0,50.0,8500.0,0.01425520553672081,1.0017820804698709e-07,9.799594445986558e-09,0.0004929765848870048
rho,4,2,2,20,38,21.0,6.2962652107424715,20.0,50.0,9000.0,0.012877165964858663,1.0400369899057643e-07,9.260981430282234e-09,0.0006272031048421038
rho,4,2,2,20,38,21.0,6.2962652107424715,20.0,50.0,9500.0,0.011721697573884861,1.0827482147801432e-07,7.979665108078977e-09,0.0007880367151498559
rho,4,2,2,20,38,21.0,6.2962652107424715,20.0,50.0,10000.0,0.010744497607511883,1.1243664358737926e-07,5.950380272052048e-09,0.0009739477210708016
rho,4,2,2,20,38,21.0,6.2962652107424715,20.0,50.0,10500.0,0.00990861640993731,1.1564769247619875e-07,3.3727520496381314e-09,0.0011779068291897124
rho,4,2,2,20,38,21.0,6.2962652107424715,20.0,50.0,11000.0,0.009183455285787144,1.1742603841763232e-07,5.570555306582745e-10,0.0013923620505952234
rho,4,2,2,20,38,21.0,6.2962652107424715,20.0,50.0,11500.0,0.008544339721857612,1.1799343669842423e-07,-2.1800770872431636e-09,0.0016162213358237045
rho,4,2,2,20,38,21.0,6.2962652107424715,20.0,50.0,12000.0,0.007972147950508811,1.1810841534037423e-07,-4.587006750753445e-09,0.001858361257136222
rho,4,2,2,20,38,21.0,6.2962652107424715,25.0,60.0,0.0,0.0,0.0,0.0,
rho,4,2,2,20,38,21.0,6.2962652107424715,25.0,60.0,500.0,0.2704005635411161,1.5930434248825632e-07,2.2275631874851963e-08,2.178775232143083e-06
rho,4,2,2,20,38,21.0,6.2962652107424715,25.0,60.0,1000.0,0.2741185150660381,2.5203133556838556e-07,4.3658416198270124e-08,3.354113848896932e-06
rho,4,2,2,20,38,21.0,6.2962652107424715,25.0,60.0,1500.0,0.22499243563283378,2.8576324024755955e-07,4.248664023625404e-08,5.645085542704753e-06
rho,4,2,2,20,38,21.0,6.2962652107424715,25.0,60.0,2000.0,0.17616376745137532,2.9170377401419937e-07,3.14568803151956e-08,9.399589096822634e-06
rho,4,2,2,20,38,21.0,6.2962652107424715,25.0,60.0,2500.0,0.13762883832939185,2.7835864528531905e-07,2.0956385636841585e-08,1.4695549360199505e-05
rho,4,2,2,20,38,21.0,6.2962652107424715,25.0,60.0,3000.0,0.10887067308903584,2.5024943720865304e-07,1.3911732143087072e-08,2.1113065429283637e-05
rho,4,2,2,20,38,21.0,6.2962652107424715,25.0,60.0,3500.0,0.08755707419891001,2.1751706349680062e-07,9.855766082627388e-09,2.8373365332851916e-05
rho,4,2,2,20,38,21.0,6.2962652107424715,25.0,60.0,4000.0,0.07160573429287023,1.908490066927034e-07,7.468887239490535e-09,3.7221536659367175e-05
rho,4,2,2,20,38,21.0,6.2962652107424715,25.0,60.0,4500.0,0.05949184642701184,1.7436536801080287e-07,5.408707700707166e-09,4.926577673787009e-05
rho,4,2,2,20,38,21.0,6.2962652107424715,25.0,60.0,5000.0,0.050154063544682555,1.6643084370400564e-07,2.762839006701313e-09,6.61639710690949e-05
rho,4,2,2,20,38,21.0,6.2962652107424715,25.0,60.0,5500.0,0.042855091056182903,1.6413253044764177e-07,-6.664213490454369e-10,8.936960135290045e-05
rho,4,2,2,20,38,21.0,6.2962652107424715,25.0,60.0,6000.0,0.037073657081327316,1.6560487753410217e-07,-4.433192913215253e-09,0.0001204875758728993
rho,4,2,2,20,38,21.0,6.2962652107424715,25.0,60.0,6500.0,0.0324326376091657,1.6959655888724596e-07,-7.773439411596676e-09,0.0001612324663202516
rho,4,2,2,20,38,21.0,6.2962652107424715,25.0,60.0,7000.0,0.02865387722498241,1.7442270656001887e-07,-9.967421144605648e-09,0.00021243996922901034
rho,4,2,2,20,38,21.0,6.2962652107424715,25.0,60.0,7500.0,0.02553013260405987,1.7782706565141894e-07,-1.0605361783078465e-08,0.0002728297475132836
rho,4,2,2,20,38,21.0,6.2962652107424715,25.0,60.0,8000.0,0.02290705246033273,1.7774379942637295e-07,-9.68692852765032e-09,0.0003387318534757707
rho,4,2,2,20,38,21.0,6.2962652107424715,25.0,60.0,8500.0,0.020670661673515184,1.73155689037868e-07,-7.54192561928148e-09,0.00040525465061156014
rho,4,2,2,20,38,21.0,6.2962652107424715,25.0,60.0,9000.0,0.01873787104219055,1.6440474522382006e-07,-4.647589969536299e-09,0.0004682457637864721
rho,4,2,2,20,38,21.0,6.2962652107424715,25.0,60.0,9500.0,0.017048881448622866,1.5287547772187357e-07,-1.4631317016034621e-09,0.0005259519207388585
rho,4,2,2,20,38,21.0,6.2962652107424715,25.0,60.0,10000.0,0.01556102025402635,1.4038539886353517e-07,1.6423173167401584e-09,0.0005797567373606639
rho,4,2,2,20,38,21.0,6.2962652107424715,25.0,60.0,10500.0,0.014243769020101363,1.286497842373026e-07,4.381061476903658e-09,0.0006341021376763955
rho,4,2,2,20,38,21.0,6.2962652107424715,25.0,60.0,11000.0,0.01307478994232114,1.1897648764712834e-07,6.52129758554973e-09,0.0006959718967762904
rho,4,2,2,20,38,21.0,6.2962652107424715,25.0,60.0,11500.0,0.012036804869517727,1.1214959430244631e-07,7.893455136613515e-09,0.0007740611423349212
rho,4,2,2,20,38,21.0,6.2962652107424715,25.0,60.0,12000.0,0.011115257456816114,1.0840916829122035e-07,8.428546849608827e-09,0.0008774592560716309
rho,4,2,2,20,38,21.0,6.2962652107424715,30.0,80.0,0.0,0.0,0.0,0.0,
rho,4,2,2,20,38,21.0,6.2962652107424715,30.0,80.0,500.0,0.2874639394727298,1.483809228295106e-07,5.85741266179732e-09,1.7956071326131539e-06
rho,4,2,2,20,38,21.0,6.2962652107424715,30.0,80.0,1000.0,0.29801592909741537,2.3815083534899632e-07,1.488699223497822e-08,2.6814713016500627e-06
rho,4,2,2,20,38,21.0,6.2962652107424715,30.0,80.0,1500.0,0.24968738135419305,2.4025263911851626e-07,2.322032095404796e-08,3.853674042842717e-06
rho,4,2,2,20,38,21.0,6.2962652107424715,30.0,80.0,2000.0,0.19942714834354383,2.1012986031333796e-07,2.9592872458430587e-08,5.283469605531858e-06
rho,4,2,2,20,38,21.0,6.2962652107424715,30.0,80.0,2500.0,0.1589918361186227,1.8237502229417173e-07,3.232392624327818e-08,7.2146573271714e-06
rho,4,2,2,20,38,21.0,6.2962652107424715,30.0,80.0,3000.0,0.1284838562816927,1.654355770446094e-07,3.133763909115343e-08,1.0021478169262596e-05
rho,4,2,2,20,38,21.0,6.2962652107424715,30.0,80.0,3500.0,0.10571290799487236,1.5641389821558478e-07,2.8132220807058912e-08,1.3996495225824215e-05
rho,4,2,2,20,38,21.0,6.2962652107424715,30.0,80.0,4000.0,0.08856236818681187,1.5197361097908734e-07,2.412170546738037e-08,1.9376250490536366e-05
rho,4,2,2,20,38,21.0,6.2962652107424715,30.0,80.0,4500.0,0.07542374227077928,1.49925359471759e-07,1.9920782820455045e-08,2.6354752687201905e-05
rho,4,2,2,20,38,21.0,6.2962652107424715,30.0,80.0,5000.0,0.0651571604024157,1.492655082825168e-07,1.5648057470853453e-08,3.515889083387793e-05
rho,4,2,2,20,38,21.0,6.2962652107424715,30.0,80.0,5500.0,0.056972368513284015,1.5035827001775326e-07,1.1332829156957286e-08,4.6323223242896645e-05
rho,4,2,2,20,38,21.0,6.2962652107424715,30.0,80.0,6000.0,0.05032326445240641,1.538578786871217e-07,7.06375778318164e-09,6.075501445833147e-05
rho,4,2,2,20,38,21.0,6.2962652107424715,30.0,80.0,6500.0,0.044830163196118336,1.5929508058662632e-07,2.990863098987294e-09,7.926139730525521e-05
rho,4,2,2,20,38,21.0,6.2962652107424715,30.0,80.0,7000.0,0.04022599071571492,1.6497782795027196e-07,-6.935798734261554e-10,0.00010195583445125253
rho,4,2,2,20,38,21.0,6.2962652107424715,30.0,80.0,7500.0,0.03631994344224475,1.690890892273433e-07,-3.778938837286197e-09,0.00012818147293421262
rho,4,2,2,20,38,21.0,6.2962652107424715,30.0,80.0,8000.0,0.03297308502021332,1.706432518411753e-07,-6.080527529456832e-09,0.00015695312018878472
rho,4,2,2,20,38,21.0,6.2962652107424715,30.0,80.0,8500.0,0.030081934035474166,1.6952587832711183e-07,-7.496912181269487e-09,0.0001873374023710697
rho,4,2,2,20,38,21.0,6.2962652107424715,30.0,80.0,9000.0,0.027567452923642495,1.6596916780758897e-07,-8.049156503204437e-09,0.00021839069639561452
rho,4,2,2,20,38,21.0,6.2962652107424715,30.0,80.0,9500.0,0.025367744394750116,1.6019422901452153e-07,-7.876087560852832e-09,0.0002489333940117133
rho,4,2,2,20,38,21.0,6.2962652107424715,30.0,80.0,10000.0,0.023433271073921843,1.525019498030126e-07,-7.186996821980278e-09,0.0002777215391602043
rho,4,2,2,20,38,21.0,6.2962652107424715,30.0,80.0,10500.0,0.02172371776231478,1.4354067361397216e-07,-6.198962817001414e-09,0.00030416320552089965
rho,4,2,2,20,38,21.0,6.2962652107424715,30.0,80.0,11000.0,0.02020585547594571,1.343635597568351e-07,-5.091688552861123e-09,0.0003290993440057788
rho,4,2,2,20,38,21.0,6.2962652107424715,30.0,80.0,11500.0,0.01885199266134212,1.2616017207066272e-07,-3.994877030216388e-09,0.00035498315795731895
rho,4,2,2,20,38,21.0,6.2962652107424715,30.0,80.0,12000.0,0.017638795662003038,1.198551134610451e-07,-3.0005261694585303e-09,0.00038522876561359216
V,1,0,12,18,24,19.0,100000.0,5.0,15.0,0.0,0.0,0.0,0.0,
V,1,0,12,18,24,19.0,100000.0,5.0,15.0,500.0,0.058944054011730584,3.712052004176199e-07,5.975052946638471e-08,0.0001068400413887134
V,1,0,12,18,24,19.0,100000.0,5.0,15.0,1000.0,0.032595860741536684,3.730382440890174e-07,6.234427526604833e-08,0.0003510980769884644
V,1,0,12,18,24,19.0,100000.0,5.0,15.0,1500.0,0.011047068041718644,3.451721330570344e-07,4.5150146526855675e-08,0.0028284054699139172
V,1,0,12,18,24,19.0,100000.0,5.0,15.0,2000.0,0.000804299885257898,3.195333335558605e-07,3.4352179234463765e-08,0.4939467778409227
V,1,0,12,18,24,19.0,100000.0,5.0,15.0,2500.0,-0.003040892797274399,2.969824634463282e-07,2.8550100287468993e-08,0.032116527730291736
V,1,0,12,18,24,19.0,100000.0,5.0,15.0,3000.0,-0.004168838557010883,3.1501996026592116e-07,2.317458633308837e-08,0.01812624803923278
V,1,0,12,18,24,19.0,100000.0,5.0,15.0,3500.0,-0.004321200684755459,3.8996596937735205e-07,1.6996961818055455e-08,0.020884199691917706
V,1,0,12,18,24,19.0,100000.0,5.0,15.0,4000.0,-0.004168382418227213,4.975611850140476e-07,1.1207928595235899e-08,0.02863593596833555
V,1,0,12,18,24,19.0,100000.0,5.0,15.0,4500.0,-0.00393270989836491,5.94681973617789e-07,7.213632489873843e-09,0.038450407915406624
V,1,0,12,18,24,19.0,100000.0,5.0,15.0,5000.0,-0.0036810489778571496,6.493175888637514e-07,5.5698668477567194e-09,0.047919687299894265
V,1,0,12,18,24,19.0,100000.0,5.0,15.0,5500.0,-0.0034339137307991437,6.560868827189944e-07,5.899053159713023e-09,0.05563942001811994
V,1,0,12,18,24,19.0,100000.0,5.0,15.0,6000.0,-0.0031986541633355426,6.337079951869787e-07,7.159998915369038e-09,0.06193763416115006
V,1,0,12,18,24,19.0,100000.0,5.0,15.0,6500.0,-0.002978765512150444,6.088490139586307e-07,8.163069926674423e-09,0.06861782896372393
V,1,0,12,18,24,19.0,100000.0,5.0,15.0,7000.0,-0.0027776531113588724,5.983487099263922e-07,8.154753623628864e-09,0.0775529537895504
V,1,0,12,18,24,19.0,100000.0,5.0,15.0,7500.0,-0.0026002241152608104,6.026401934016159e-07,7.075856503117323e-09,0.08913259080780328
V,1,0,12,18,24,19.0,100000.0,5.0,15.0,8000.0,-0.0024519090837939257,6.119362318396531e-07,5.388959931251958e-09,0.1017882019241012
V,1,0,12,18,24,19.0,100000.0,5.0,15.0,8500.0,-0.002335717296712993,6.164870110110472e-07,3.72751611459834e-09,0.11300128368175935
V,1,0,12,18,24,19.0,100000.0,5.0,15.0,9000.0,-0.002249356792472377,6.12682899270638e-07,2.6122447183833686e-09,0.12109300639450522
V,1,0,12,18,24,19.0,100000.0,5.0,15.0,9500.0,-0.0021844176993604473,6.030246663023581e-07,2.3080291807675856e-09,0.126375737622744
V,1,0,12,18,24,19.0,100000.0,5.0,15.0,10000.0,-0.002128270622941024,5.924482313015963e-07,2.809984433005744e-09,0.1307966757839897
V,1,0,12,18,24,19.0,100000.0,5.0,15.0,10500.0,-0.0020677616448110075,5.844348799458004e-07,3.931464727304342e-09,0.13668950690120937
V,1,0,12,18,24,19.0,100000.0,5.0,15.0,11000.0,-0.001992955683474176,5.792386415458361e-07,5.439782040430536e-09,0.14583516024331405
V,1,0,12,18,24,19.0,100000.0,5.0,15.0,11500.0,-0.0018993832083138312,5.746885284921251e-07,7.164152706574765e-09,0.15929690562802704
V,1,0,12,18,24,19.0,100000.0,5.0,15.0,12000.0,-0.0017881470533902366,5.68373455195519e-07,9.024977201763072e-09,0.17775725048801586
V,1,0,12,18,24,19.0,100000.0,7.0,25.0,0.0,0.0,0.0,0.0,
V,1,0,12,18,24,19.0,100000.0,7.0,25.0,500.0,0.09067110198674114,4.700148046715977e-07,8.006780025511992e-08,5.717073157543667e-05
V,1,0,12,18,24,19.0,100000.0,7.0,25.0,1000.0,0.05915501415185423,5.112981350767286e-07,1.1033139983252946e-07,0.00014611374880469364
V,1,0,12,18,24,19.0,100000.0,7.0,25.0,1500.0,0.026349844589694544,4.020002070550585e-07,9.125916372813508e-08,0.0005789887970368156
V,1,0,12,18,24,19.0,100000.0,7.0,25.0,2000.0,0.007714395303476111,3.2604162359465587e-07,6.853413139832038e-08,0.0054785959034216675
V,1,0,12,18,24,19.0,100000.0,7.0,25.0,2500.0,-0.0007145366240448118,3.4332968349135593e-07,5.1963600181810903e-08,0.6724536661422045
V,1,0,12,18,24,19.0,100000.0,7.0,25.0,3000.0,-0.0037344907498815384,4.278562032368609e-07,4.000444955854265e-08,0.030678566085099678
V,1,0,12,18,24,19.0,100000.0,7.0,25.0,3500.0,-0.004316548914969581,5.283066173151189e-07,3.1037843848819395e-08,0.02835389437115243
V,1,0,12,18,24,19.0,100000.0,7.0,25.0,4000.0,-0.003986777604532514,6.093657255045924e-07,2.4128625259518497e-08,0.038338401675210854
V,1,0,12,18,24,19.0,100000.0,7.0,25.0,4500.0,-0.003443052005492333,6.589386197259043e-07,1.8631761836657387e-08,0.05558502390431096
V,1,0,12,18,24,19.0,100000.0,7.0,25.0,5000.0,-0.0029657382808753684,6.825972279926976e-07,1.4185646022387832e-08,0.07760663882381162
V,1,0,12,18,24,19.0,100000.0,7.0,25.0,5500.0,-0.002640199634967248,6.938667336447205e-07,1.063915209159461e-08,0.09954112231767875
V,1,0,12,18,24,19.0,100000.0,7.0,25.0,6000.0,-0.002464884965215679,7.040666073024784e-07,7.890307321009326e-09,0.11588318826491918
V,1,0,12,18,24,19.0,100000.0,7.0,25.0,6500.0,-0.002402099364524471,7.167002556455077e-07,5.876989536591994e-09,0.12420973142258555
V,1,0,12,18,24,19.0,100000.0,7.0,25.0,7000.0,-0.002403960044511506,7.289276874566453e-07,4.670472297867423e-09,0.1261333575745643
V,1,0,12,18,24,19.0,100000.0,7.0,25.0,7500.0,-0.002427636685575009,7.364917579069854e-07,4.464814949915442e-09,0.12496848574501937
V,1,0,12,18,24,19.0,100000.0,7.0,25.0,8000.0,-0.0024441287981076865,7.365640033358608e-07,5.4297198292230954e-09,0.1232997835715881
V,1,0,12,18,24,19.0,100000.0,7.0,25.0,8500.0,-0.002441375494915745,7.274841926988823e-07,7.548784156695329e-09,0.12205466946988482
V,1,0,12,18,24,19.0,100000.0,7.0,25.0,9000.0,-0.0024223264404172307,7.081730435826829e-07,1.054626806701291e-08,0.12069076834552361
V,1,0,12,18,24,19.0,100000.0,7.0,25.0,9500.0,-0.0023994623222008803,6.788665490303e-07,1.3925839874906442e-08,0.1179116019974815
V,1,0,12,18,24,19.0,100000.0,7.0,25.0,10000.0,-0.002387930868784582,6.420949432747623e-07,1.709339409365266e-08,0.1126045009809334
V,1,0,12,18,24,19.0,100000.0,7.0,25.0,10500.0,-0.0023994890091703328,6.024233049731514e-07,1.951298189910876e-08,0.10463192955619917
V,1,0,12,18,24,19.0,100000.0,7.0,25.0,11000.0,-0.0024388073131982515,5.649356764185611e-07,2.083958933035864e-08,0.094982593657048
V,1,0,12,18,24,19.0,100000.0,7.0,25.0,11500.0,-0.0025026828437848775,5.335114551026474e-07,2.0986108374630948e-08,0.08517891733913881
V,1,0,12,18,24,19.0,100000.0,7.0,25.0,12000.0,-0.0025817180991774586,5.09828550318229e-07,2.0109729011996642e-08,0.0764903262756407
V,1,0,12,18,24,19.0,100000.0,10.0,30.0,0.0,0.0,0.0,0.0,
V,1,0,12,18,24,19.0,100000.0,10.0,30.0,500.0,0.10629872196003176,6.01205428717861e-07,6.639729073019072e-08,5.3206759256982615e-05
V,1,0,12,18,24,19.0,100000.0,10.0,30.0,1000.0,0.0747349721280064,5.985456091617368e-07,1.0097887034645389e-07,0.00010716414305687453
V,1,0,12,18,24,19.0,100000.0,10.0,30.0,1500.0,0.03750094926880391,4.585291793299426e-07,8.883624927503389e-08,0.0003260486868960779
V,1,0,12,18,24,19.0,100000.0,10.0,30.0,2000.0,0.014519439531301859,3.7095165624398656e-07,6.341074793096203e-08,0.0017596148145680814
V,1,0,12,18,24,19.0,100000.0,10.0,30.0,2500.0,0.003064965809916371,3.6025656370519294e-07,4.090021587303744e-08,0.03834958191502164
V,1,0,12,18,24,19.0,100000.0,10.0,30.0,3000.0,-0.0016620074089393846,4.027484980627677e-07,2.5306278492160964e-08,0.14580352326063142
V,1,0,12,18,24,19.0,100000.0,10.0,30.0,3500.0,-0.0030037081854712992,4.4189733878916163e-07,1.657826614330631e-08,0.04897854845024312
V,1,0,12,18,24,19.0,100000.0,10.0,30.0,4000.0,-0.0028894406436453892,4.4585841528052177e-07,1.3438361523084178e-08,0.053403462149955304
V,1,0,12,18,24,19.0,100000.0,10.0,30.0,4500.0,-0.0023251172931836005,4.253322462615465e-07,1.3887940083569457e-08,0.07867533071700428
V,1,0,12,18,24,19.0,100000.0,10.0,30.0,5000.0,-0.0017751027275304274,4.1029014521161054e-07,1.5596178170506568e-08,0.13020992930755845
V,1,0,12,18,24,19.0,100000.0,10.0,30.0,5500.0,-0.0014091640887828613,4.2152576173433285e-07,1.6726673485043312e-08,0.21227604510928583
V,1,0,12,18,24,19.0,100000.0,10.0,30.0,6000.0,-0.001251583782364626,4.588414762630761e-07,1.662337882106527e-08,0.2929158107420242
V,1,0,12,18,24,19.0,100000.0,10.0,30.0,6500.0,-0.001264336804546977,5.07083064916766e-07,1.57033189589811e-08,0.3172148762327132
V,1,0,12,18,24,19.0,100000.0,10.0,30.0,7000.0,-0.0013892550106004698,5.496314388785313e-07,1.4713783378464014e-08,0.2847787784066108
V,1,0,12,18,24,19.0,100000.0,10.0,30.0,7500.0,-0.001567749487860874,5.784918804178964e-07,1.405690169226353e-08,0.23536611157000986
V,1,0,12,18,24,19.0,100000.0,10.0,30.0,8000.0,-0.0017498311253731284,5.958374123549756e-07,1.3645540812464935e-08,0.194596710324671
V,1,0,12,18,24,19.0,100000.0,10.0,30.0,8500.0,-0.0018983064621442725,6.087036132910519e-07,1.3186728925498597e-08,0.16891694857715225
V,1,0,12,18,24,19.0,100000.0,10.0,30.0,9000.0,-0.0019903438070974465,6.22404140824808e-07,1.2507405446480188e-08,0.15711450071289465
V,1,0,12,18,24,19.0,100000.0,10.0,30.0,9500.0,-0.0020170262992306293,6.372308585163811e-07,1.1668558474493184e-08,0.15662954165946705
V,1,0,12,18,24,19.0,100000.0,10.0,30.0,10000.0,-0.0019812250419995628,6.492912509291075e-07,1.0874936627231002e-08,0.16541387421506093
V,1,0,12,18,24,19.0,100000.0,10.0,30.0,10500.0,-0.0018943219897156088,6.535587065697973e-07,1.0319876680644112e-08,0.18212811940964865
V,1,0,12,18,24,19.0,100000.0,10.0,30.0,11000.0,-0.001772493369709474,6.467744848251893e-07,1.0081787862867512e-08,0.20586553255295595
V,1,0,12,18,24,19.0,100000.0,10.0,30.0,11500.0,-0.0016332506153707617,6.288683733195906e-07,1.0109607515204145e-08,0.2357512982444965
V,1,0,12,18,24,19.0,100000.0,10.0,30.0,12000.0,-0.0014927422436299938,6.027632991542453e-07,1.0275122953527513e-08,0.2705061571513532
V,1,0,12,18,24,19.0,100000.0,12.0,36.0,0.0,0.0,0.0,0.0,
V,1,0,12,18,24,19.0,100000.0,12.0,36.0,500.0,0.12045121980559592,7.844712807313322e-07,4.9103355726156995e-08,5.406978515645584e-05
V,1,0,12,18,24,19.0,100000.0,12.0,36.0,1000.0,0.09004334754056358,8.744095509644278e-07,8.588709992478169e-08,0.00010784788383010249
V,1,0,12,18,24,19.0,100000.0,12.0,36.0,1500.0,0.0494145808217608,7.566685492819143e-07,9.398350768251187e-08,0.0003098813588588594
V,1,0,12,18,24,19.0,100000.0,12.0,36.0,2000.0,0.02252102281906189,7.226608956961248e-07,8.713911852698518e-08,0.0014248145247976567
V,1,0,12,18,24,19.0,100000.0,12.0,36.0,2500.0,0.007944494559817097,7.153458850604571e-07,7.427411940951056e-08,0.011334008638311827
V,1,0,12,18,24,19.0,100000.0,12.0,36.0,3000.0,0.0009855740164611995,6.949844227719395e-07,5.8872459886260635e-08,0.7154784870106908
V,1,0,12,18,24,19.0,100000.0,12.0,36.0,3500.0,-0.001895765029795165,6.842309591112848e-07,4.311227571122512e-08,0.1903854281699811
V,1,0,12,18,24,19.0,100000.0,12.0,36.0,4000.0,-0.00280264735136072,6.997601073258532e-07,2.9363175389973736e-08,0.08908657647148455
V,1,0,12,18,24,19.0,100000.0,12.0,36.0,4500.0,-0.0028561948981004528,7.336040508783551e-07,1.899449128608608e-08,0.08992615875410936
V,1,0,12,18,24,19.0,100000.0,12.0,36.0,5000.0,-0.002609113357466319,7.705941707161471e-07,1.1872797310380666e-08,0.11319827870702528
V,1,0,12,18,24,19.0,100000.0,12.0,36.0,5500.0,-0.0023114394319470955,7.985669823394056e-07,7.164413766861092e-09,0.14946734292313837
V,1,0,12,18,24,19.0,100000.0,12.0,36.0,6000.0,-0.002061208659357084,8.089147648880882e-07,4.234323783211452e-09,0.1903964497148515
V,1,0,12,18,24,19.0,100000.0,12.0,36.0,6500.0,-0.001884132886610347,7.965882184610745e-07,2.858919161836124e-09,0.22439378225104514
V,1,0,12,18,24,19.0,100000.0,12.0,36.0,7000.0,-0.0017738635732574707,7.619354996184106e-07,2.9073204881998777e-09,0.24214626659625432
V,1,0,12,18,24,19.0,100000.0,12.0,36.0,7500.0,-0.0017117981416883551,7.119127668802313e-07,4.023543703309083e-09,0.24295267219169794
V,1,0,12,18,24,19.0,100000.0,12.0,36.0,8000.0,-0.0016767008775247793,6.582038614217021e-07,5.6181481103699674e-09,0.23412578284863908
V,1,0,12,18,24,19.0,100000.0,12.0,36.0,8500.0,-0.0016493642943282082,6.126138258023648e-07,7.097571657574341e-09,0.2251923415089436
V,1,0,12,18,24,19.0,100000.0,12.0,36.0,9000.0,-0.0016149190464300482,5.824057730359062e-07,8.089913739895282e-09,0.2233182201794391
V,1,0,12,18,24,19.0,100000.0,12.0,36.0,9500.0,-0.001564045308494843,5.681404131140404e-07,8.509964096165953e-09,0.23225069535864334
V,1,0,12,18,24,19.0,100000.0,12.0,36.0,10000.0,-0.001493539002548429,5.64778556677845e-07,8.474011706185492e-09,0.25318913354079925
V,1,0,12,18,24,19.0,100000.0,12.0,36.0,10500.0,-0.0014062076103884536,5.64934536536367e-07,8.169352762502905e-09,0.2856927619034747
V,1,0,12,18,24,19.0,100000.0,12.0,36.0,11000.0,-0.0013099102168149623,5.623217457919088e-07,7.768256679139127e-09,0.32771914991150836
V,1,0,12,18,24,19.0,100000.0,12.0,36.0,11500.0,-0.0012156971386469307,5.538411806593842e-07,7.407668143077723e-09,0.3747437991886171
V,1,0,12,18,24,19.0,100000.0,12.0,36.0,12000.0,-0.0011353136321770728,5.398830714499524e-07,7.203136405968226e-09,0.41885914770736843
V,1,0,12,18,24,19.0,100000.0,15.0,40.0,0.0,0.0,0.0,0.0,
V,1,0,12,18,24,19.0,100000.0,15.0,40.0,500.0,0.1305075858524397,9.01738586620952e-07,2.9033882525155765e-08,5.294307254377551e-05
V,1,0,12,18,24,19.0,100000.0,15.0,40.0,1000.0,0.10171448432315976,1.0847078402605035e-06,5.617184619071949e-08,0.00010484486769286289
V,1,0,12,18,24,19.0,100000.0,15.0,40.0,1500.0,0.05929026964984074,9.0227642792961e-07,6.962904486740448e-08,0.0002566686110917283
V,1,0,12,18,24,19.0,100000.0,15.0,40.0,2000.0,0.029723883418842578,7.642710637993026e-07,7.298284513723257e-08,0.0008650402558825804
V,1,0,12,18,24,19.0,100000.0,15.0,40.0,2500.0,0.012725809776994034,7.289156429946648e-07,7.027406295758472e-08,0.004500973087358927
V,1,0,12,18,24,19.0,100000.0,15.0,40.0,3000.0,0.003981412576383683,7.611273110068763e-07,6.283376752536199e-08,0.0480156638649842
V,1,0,12,18,24,19.0,100000.0,15.0,40.0,3500.0,-2.0601438915792652e-05,8.37482769885947e-07,5.221906241827683e-08,1973.2439092498068
V,1,0,12,18,24,19.0,100000.0,15.0,40.0,4000.0,-0.0015094833494375033,9.317445938583582e-07,4.082215753528395e-08,0.4089217661859264
V,1,0,12,18,24,19.0,100000.0,15.0,40.0,4500.0,-0.001780178872268795,1.0007650935956542e-06,3.09902793193281e-08,0.315794719752445
V,1,0,12,18,24,19.0,100000.0,15.0,40.0,5000.0,-0.0015453888744906973,1.0141340201914673e-06,2.4189556884114456e-08,0.4246389126388758
V,1,0,12,18,24,19.0,100000.0,15.0,40.0,5500.0,-0.0011720247801187017,9.751720464128536e-07,2.065135933285118e-08,0.7099171297319015
V,1,0,12,18,24,19.0,100000.0,15.0,40.0,6000.0,-0.0008278048867443298,9.076346840547147e-07,1.9638124863964828e-08,1.3245096044931284
V,1,0,12,18,24,19.0,100000.0,15.0,40.0,6500.0,-0.0005712844355780198,8.313234533089574e-07,2.00681957968302e-08,2.547212920147857
V,1,0,12,18,24,19.0,100000.0,15.0,40.0,7000.0,-0.000406165445915522,7.527115178521153e-07,2.0982559846975678e-08,4.562707353662035
V,1,0,12,18,24,19.0,100000.0,15.0,40.0,7500.0,-0.00031261460266674427,6.72222843555998e-07,2.166023257012286e-08,6.87851589682695
V,1,0,12,18,24,19.0,100000.0,15.0,40.0,8000.0,-0.00026424766417835436,5.943137318950884e-07,2.1591923364731002e-08,8.511252031858481
V,1,0,12,18,24,19.0,100000.0,15.0,40.0,8500.0,-0.00023670024621080173,5.298724369323167e-07,2.051759481907562e-08,9.457446854675272
V,1,0,12,18,24,19.0,100000.0,15.0,40.0,9000.0,-0.00021144732880121246,4.909901751225791e-07,1.8499975454912612e-08,10.981670167662871
V,1,0,12,18,24,19.0,100000.0,15.0,40.0,9500.0,-0.00017690899598321006,4.84117687186677e-07,1.5907126303077258e-08,15.468603743379385
V,1,0,12,18,24,19.0,100000.0,15.0,40.0,10000.0,-0.00012797786588882677,5.067868116811878e-07,1.3268063199949539e-08,30.942512639504432
V,1,0,12,18,24,19.0,100000.0,15.0,40.0,10500.0,-6.47119430394884e-05,5.491334070817618e-07,1.107772810484766e-08,131.13209056694012
V,1,0,12,18,24,19.0,100000.0,15.0,40.0,11000.0,9.251349089116558e-06,5.982816351228444e-07,9.647215571068841e-09,6990.295486531043
V,1,0,12,18,24,19.0,100000.0,15.0,40.0,11500.0,8.818114849284338e-05,6.427709805599139e-07,9.04601266982975e-09,82.66178124798655
V,1,0,12,18,24,19.0,100000.0,15.0,40.0,12000.0,0.00016546024476803237,6.751553305382567e-07,9.131161272082169e-09,24.66132326156452
V,1,0,12,18,24,19.0,100000.0,20.0,50.0,0.0,0.0,0.0,0.0,
V,1,0,12,18,24,19.0,100000.0,20.0,50.0,500.0,0.14834539289462614,9.782936667550095e-07,8.30272086080259e-09,4.4455051297248107e-05
V,1,0,12,18,24,19.0,100000.0,20.0,50.0,1000.0,0.12447607087917062,1.309525310087607e-06,2.0735237628975974e-08,8.451662659809146e-05
V,1,0,12,18,24,19.0,100000.0,20.0,50.0,1500.0,0.08103465367070456,1.158867532948774e-06,3.308318453780026e-08,0.00017647867525195007
V,1,0,12,18,24,19.0,100000.0,20.0,50.0,2000.0,0.047979414752935795,9.753020288914888e-07,3.8116786076884043e-08,0.00042367148526506617
V,1,0,12,18,24,19.0,100000.0,20.0,50.0,2500.0,0.02679259711987394,8.299606658606328e-07,3.8522526933253676e-08,0.0011561864707985514
V,1,0,12,18,24,19.0,100000.0,20.0,50.0,3000.0,0.014060314119486075,7.316219474343406e-07,3.641738663914052e-08,0.0037008090588947144
V,1,0,12,18,24,19.0,100000.0,20.0,50.0,3500.0,0.006664936891227395,6.705930259699443e-07,3.276798494146421e-08,0.015096175966331424
V,1,0,12,18,24,19.0,100000.0,20.0,50.0,4000.0,0.0024908798829794874,6.289981043310929e-07,2.870787776077747e-08,0.10137801098833116
V,1,0,12,18,24,19.0,100000.0,20.0,50.0,4500.0,0.00022517304458732405,5.976811877657352e-07,2.5330066682128653e-08,11.78790932398118
V,1,0,12,18,24,19.0,100000.0,20.0,50.0,5000.0,-0.000917790638458179,5.791848859754255e-07,2.3081161971367936e-08,0.6875906670443043
V,1,0,12,18,24,19.0,100000.0,20.0,50.0,5500.0,-0.001402811460566819,5.784916524646109e-07,2.1791533013841863e-08,0.29396693612339736
V,1,0,12,18,24,19.0,100000.0,20.0,50.0,6000.0,-0.0015087027653377621,5.945404657858876e-07,2.108886001904669e-08,0.26120052547117173
V,1,0,12,18,24,19.0,100000.0,20.0,50.0,6500.0,-0.0014081553055887374,6.193500179655518e-07,2.06594855399342e-08,0.3123453485909847
V,1,0,12,18,24,19.0,100000.0,20.0,50.0,7000.0,-0.001210259128043953,6.421384721460345e-07,2.028076396600394e-08,0.43840142450504466
V,1,0,12,18,24,19.0,100000.0,20.0,50.0,7500.0,-0.000981586457910865,6.539718029664393e-07,1.9802415267613777e-08,0.6787375978434569
V,1,0,12,18,24,19.0,100000.0,20.0,50.0,8000.0,-0.0007578599143555116,6.508230850554048e-07,1.915635459203557e-08,1.1331439289794478
V,1,0,12,18,24,19.0,100000.0,20.0,50.0,8500.0,-0.0005530230919009873,6.343044291580199e-07,1.8353143388264575e-08,2.074011747638309
V,1,0,12,18,24,19.0,100000.0,20.0,50.0,9000.0,-0.0003679305003981405,6.099779901209236e-07,1.7439299744124394e-08,4.505910720265886
V,1,0,12,18,24,19.0,100000.0,20.0,50.0,9500.0,-0.00019817137995719597,5.843150865000234e-07,1.6450680869899264e-08,14.878708401749076
V,1,0,12,18,24,19.0,100000.0,20.0,50.0,10000.0,-3.9803534470279474e-05,5.622062445994808e-07,1.540264175603989e-08,354.85619275054444
V,1,0,12,18,24,19.0,100000.0,20.0,50.0,10500.0,0.00010772092982057479,5.463528151641572e-07,1.431445137534851e-08,47.08396175091587
V,1,0,12,18,24,19.0,100000.0,20.0,50.0,11000.0,0.0002412640749301807,5.383009854417578e-07,1.323356921995365e-08,9.247830419860609
V,1,0,12,18,24,19.0,100000.0,20.0,50.0,11500.0,0.000355485761597948,5.397243318506533e-07,1.223237302573158e-08,4.2709803808043985
V,1,0,12,18,24,19.0,100000.0,20.0,50.0,12000.0,0.0004449973981373065,5.526676910486006e-07,1.1379608659108667e-08,2.7909312151058527
V,1,0,12,18,24,19.0,100000.0,25.0,60.0,0.0,0.0,0.0,0.0,
V,1,0,12,18,24,19.0,100000.0,25.0,60.0,500.0,0.161805866183947,8.646459262876586e-07,6.133821686098839e-09,3.302552835321605e-05
V,1,0,12,18,24,19.0,100000.0,25.0,60.0,1000.0,0.14208401084808842,1.1120595800777466e-06,1.5394309160469788e-08,5.508554358536458e-05
V,1,0,12,18,24,19.0,100000.0,25.0,60.0,1500.0,0.09825959055019977,1.0406845377079535e-06,2.6891837908466657e-08,0.0001077876992122898
V,1,0,12,18,24,19.0,100000.0,25.0,60.0,2000.0,0.0631236138006404,1.032093357547465e-06,3.2545683795771884e-08,0.0002590211783766909
V,1,0,12,18,24,19.0,100000.0,25.0,60.0,2500.0,0.03948930713354943,1.0287154221666768e-06,3.3691809050900926e-08,0.0006596844135295107
V,1,0,12,18,24,19.0,100000.0,25.0,60.0,3000.0,0.02446899067057097,9.885842171544065e-07,3.292270107968491e-08,0.0016511311160832213
V,1,0,12,18,24,19.0,100000.0,25.0,60.0,3500.0,0.015105084495993766,9.377054272123208e-07,3.116057533769361e-08,0.004109794547175175
V,1,0,12,18,24,19.0,100000.0,25.0,60.0,4000.0,0.009301861307252223,9.047171054868547e-07,2.850937973312067e-08,0.010456180749123484
V,1,0,12,18,24,19.0,100000.0,25.0,60.0,4500.0,0.0057139102065876645,8.928101902801488e-07,2.5260114829157203e-08,0.02734590596861194
V,1,0,12,18,24,19.0,100000.0,25.0,60.0,5000.0,0.0035013314543509023,8.861756775909531e-07,2.2132023340079136e-08,0.07228586384891264
V,1,0,12,18,24,19.0,100000.0,25.0,60.0,5500.0,0.002142045267967488,8.659155799467493e-07,1.985262547567553e-08,0.18872014632533582
V,1,0,12,18,24,19.0,100000.0,25.0,60.0,6000.0,0.0013122470853597558,8.228134107945493e-07,1.8737580237248893e-08,0.47782638562516255
V,1,0,12,18,24,19.0,100000.0,25.0,60.0,6500.0,0.0008124666640004319,7.618691690042378e-07,1.865332246362986e-08,1.1541687141403671
V,1,0,12,18,24,19.0,100000.0,25.0,60.0,7000.0,0.0005202411969381769,6.984409204876012e-07,1.9212800589563526e-08,2.5805970450026745
V,1,0,12,18,24,19.0,100000.0,25.0,60.0,7500.0,0.0003590688743417779,6.498301352387922e-07,1.9958076788809865e-08,5.040160042655155
V,1,0,12,18,24,19.0,100000.0,25.0,60.0,8000.0,0.00027871212335446507,6.272653816325665e-07,2.0466610447742663e-08,8.074945500013818
V,1,0,12,18,24,19.0,100000.0,25.0,60.0,8500.0,0.00024388139994038825,6.319700294492699e-07,2.042276229014316e-08,10.625249189165467
V,1,0,12,18,24,19.0,100000.0,25.0,60.0,9000.0,0.0002287018780558887,6.563126861715737e-07,1.967518361837214e-08,12.54790832517611
V,1,0,12,18,24,19.0,100000.0,25.0,60.0,9500.0,0.00021455749209543237,6.882521924494623e-07,1.826089774391458e-08,14.950655526449237
V,1,0,12,18,24,19.0,100000.0,25.0,60.0,10000.0,0.0001893988970185214,7.160990129450275e-07,1.637752514360538e-08,19.962649613883265
V,1,0,12,18,24,19.0,100000.0,25.0,60.0,10500.0,0.0001472950533795252,7.315992398818763e-07,1.431026442489342e-08,33.720726386004884
V,1,0,12,18,24,19.0,100000.0,25.0,60.0,11000.0,8.766335653679959e-05,7.311296586137852e-07,1.234028058721141e-08,95.13891866784567
V,1,0,12,18,24,19.0,100000.0,25.0,60.0,11500.0,1.4080399671535436e-05,7.157234982502658e-07,1.066573593312872e-08,3610.0674073570544
V,1,0,12,18,24,19.0,100000.0,25.0,60.0,12000.0,-6.717313139874149e-05,6.904169999280345e-07,9.359535612890053e-09,153.01016656944768
V,1,0,12,18,24,19.0,100000.0,30.0,80.0,0.0,0.0,0.0,0.0,
V,1,0,12,18,24,19.0,100000.0,30.0,80.0,500.0,0.17812480585613752,7.3997447151912e-07,5.461136653037938e-09,2.3322114822797783e-05
V,1,0,12,18,24,19.0,100000.0,30.0,80.0,1000.0,0.1640212891359288,9.466662647011443e-07,1.0699683969341331e-08,3.518815197939935e-05
V,1,0,12,18,24,19.0,100000.0,30.0,80.0,1500.0,0.12015610222395479,8.943577518494172e-07,1.4322149063896217e-08,6.194690489057205e-05
V,1,0,12,18,24,19.0,100000.0,30.0,80.0,2000.0,0.08286807317069013,8.778572312895472e-07,1.636516357018413e-08,0.00012783489211696847
V,1,0,12,18,24,19.0,100000.0,30.0,80.0,2500.0,0.05644952427818331,8.989711713719294e-07,1.7252248736541163e-08,0.00028211435953692836
V,1,0,12,18,24,19.0,100000.0,30.0,80.0,3000.0,0.03860372298561454,9.088173612149825e-07,1.7681747495569872e-08,0.00060984326758489
V,1,0,12,18,24,19.0,100000.0,30.0,80.0,3500.0,0.026653031471832962,8.930856957053693e-07,1.7969978282359708e-08,0.001257187080205274
V,1,0,12,18,24,19.0,100000.0,30.0,80.0,4000.0,0.01863716072560346,8.608688623503871e-07,1.8164777977632632e-08,0.0024784348006382747
V,1,0,12,18,24,19.0,100000.0,30.0,80.0,4500.0,0.01324809243958771,8.233127513844488e-07,1.817067217563257e-08,0.0046909212504410765
V,1,0,12,18,24,19.0,100000.0,30.0,80.0,5000.0,0.009617023941661956,7.87801205266266e-07,1.769346276267965e-08,0.008517953138053208
V,1,0,12,18,24,19.0,100000.0,30.0,80.0,5500.0,0.007157441299769432,7.606460869443133e-07,1.6372782103989478e-08,0.014847968774999306
V,1,0,12,18,24,19.0,100000.0,30.0,80.0,6000.0,0.005470859598134223,7.491250895876806e-07,1.3966619550565757e-08,0.025028983033507674
V,1,0,12,18,24,19.0,100000.0,30.0,80.0,6500.0,0.0042904931256454925,7.590207654372075e-07,1.0447525708652703e-08,0.041232459078817424
V,1,0,12,18,24,19.0,100000.0,30.0,80.0,7000.0,0.003443783849283735,7.907503022162244e-07,6.046454012785611e-09,0.06667570197004279
V,1,0,12,18,24,19.0,100000.0,30.0,80.0,7500.0,0.0028239277751574126,8.388169474847568e-07,1.2375613384543925e-09,0.10518650529318817
V,1,0,12,18,24,19.0,100000.0,30.0,80.0,8000.0,0.0023668082150401413,8.948662817320426e-07,-3.3803391852583586e-09,0.15974674152365312
V,1,0,12,18,24,19.0,100000.0,30.0,80.0,8500.0,0.0020328729870002092,9.508462996982771e-07,-7.262679212658767e-09,0.23008580756853458
V,1,0,12,18,24,19.0,100000.0,30.0,80.0,9000.0,0.0017943584294363003,9.997715245839525e-07,-1.0052274390357499e-08,0.3105148428265275
V,1,0,12,18,24,19.0,100000.0,30.0,80.0,9500.0,0.0016278470556260148,1.0348880473741283e-06,-1.1608169137941282e-08,0.39054058669519365
V,1,0,12,18,24,19.0,100000.0,30.0,80.0,10000.0,0.0015113199763394703,1.0495625576331509e-06,-1.1958667938940389e-08,0.45951054646834344
V,1,0,12,18,24,19.0,100000.0,30.0,80.0,10500.0,0.0014242392585681145,1.0389452182043721e-06,-1.1241199993777513e-08,0.5121848674668495
V,1,0,12,18,24,19.0,100000.0,30.0,80.0,11000.0,0.0013490363086484857,1.0023486972478038e-06,-9.664619321639538e-09,0.5507716187263811
V,1,0,12,18,24,19.0,100000.0,30.0,80.0,11500.0,0.001272662313167863,9.444901278270205e-07,-7.490004349212437e-09,0.5831376138824871
V,1,0,12,18,24,19.0,100000.0,30.0,80.0,12000.0,0.0011873838666877122,8.746015744324372e-07,-5.0104568612946036e-09,0.6203374026314998
V,1,1,13,19,25,20.0,100000.0,5.0,15.0,0.0,0.0,0.0,0.0,
V,1,1,13,19,25,20.0,100000.0,5.0,15.0,500.0,0.05806827153952275,3.7747853869890584e-07,5.485524903027256e-08,0.00011194751745100234
V,1,1,13,19,25,20.0,100000.0,5.0,15.0,1000.0,0.03204846285075916,3.7461550266744877e-07,5.725328210845838e-08,0.00036472987468593484
V,1,1,13,19,25,20.0,100000.0,5.0,15.0,1500.0,0.010870777652044597,3.306288836839244e-07,4.23351234452688e-08,0.0027978186769836654
V,1,1,13,19,25,20.0,100000.0,5.0,15.0,2000.0,0.0008662466944137642,2.9901773209740245e-07,3.310787291338739e-08,0.3984866373200772
V,1,1,13,19,25,20.0,100000.0,5.0,15.0,2500.0,-0.0028479362770640394,2.866403431406791e-07,2.768344790645369e-08,0.03534083282773363
V,1,1,13,19,25,20.0,100000.0,5.0,15.0,3000.0,-0.0039117230986756525,3.166376371335241e-07,2.1909634641580015e-08,0.020693136707601784
V,1,1,13,19,25,20.0,100000.0,5.0,15.0,3500.0,-0.004037943372306588,3.9378439724319585e-07,1.5186556607782416e-08,0.024151163384611377
V,1,1,13,19,25,20.0,100000.0,5.0,15.0,4000.0,-0.0038800828083713824,4.956832989477695e-07,9.120325877218848e-09,0.03292473572633556
V,1,1,13,19,25,20.0,100000.0,5.0,15.0,4500.0,-0.003652011476627682,5.878782502431149e-07,5.159764825118531e-09,0.04407812635903917
V,1,1,13,19,25,20.0,100000.0,5.0,15.0,5000.0,-0.0034156829722662703,6.450437970851949e-07,3.6353532456612645e-09,0.05528840915191505
V,1,1,13,19,25,20.0,100000.0,5.0,15.0,5500.0,-0.003186666554032225,6.624385792801249e-07,3.9329437315983025e-09,0.06523375416853683
V,1,1,13,19,25,20.0,100000.0,5.0,15.0,6000.0,-0.0029666390717283104,6.535287014145872e-07,4.997149206269845e-09,0.07425663091206067
V,1,1,13,19,25,20.0,100000.0,5.0,15.0,6500.0,-0.0027539783696377803,6.376546273580276e-07,5.838804235201798e-09,0.08407453342593718
V,1,1,13,19,25,20.0,100000.0,5.0,15.0,7000.0,-0.002549025299771657,6.27153915935373e-07,5.9060188640472724e-09,0.09652189647055155
V,1,1,13,19,25,20.0,100000.0,5.0,15.0,7500.0,-0.002356319998433922,6.228266340416729e-07,5.175989285226536e-09,0.11217566110763288
V,1,1,13,19,25,20.0,100000.0,5.0,15.0,8000.0,-0.0021833531745917107,6.183883863482417e-07,4.000483761937933e-09,0.1297219118822424
V,1,1,13,19,25,20.0,100000.0,5.0,15.0,8500.0,-0.0020368652159829612,6.077610013382312e-07,2.874494573394544e-09,0.1464900899059028
V,1,1,13,19,25,20.0,100000.0,5.0,15.0,9000.0,-0.0019191123346464307,5.895159127010919e-07,2.240169338084481e-09,0.16006439552747007
V,1,1,13,19,25,20.0,100000.0,5.0,15.0,9500.0,-0.0018262592747646587,5.668553239972974e-07,2.3557870127568452e-09,0.16996024986095082
V,1,1,13,19,25,20.0,100000.0,5.0,15.0,10000.0,-0.0017495717442123796,5.446298250586709e-07,3.2498034497117565e-09,0.17792538251053225
V,1,1,13,19,25,20.0,100000.0,5.0,15.0,10500.0,-0.0016785159170732361,5.260793852380041e-07,4.769465089261941e-09,0.18672409195781742
V,1,1,13,19,25,20.0,100000.0,5.0,15.0,11000.0,-0.0016041041723844742,5.115144720998723e-07,6.685965160528869e-09,0.1987892012376912
V,1,1,13,19,25,20.0,100000.0,5.0,15.0,11500.0,-0.0015210487741022937,4.994003037375301e-07,8.787901135772892e-09,0.2158552029685396
V,1,1,13,19,25,20.0,100000.0,5.0,15.0,12000.0,-0.0014281282809134087,4.884843888111744e-07,1.0918979456088422e-08,0.23950591855239275
V,1,1,13,19,25,20.0,100000.0,7.0,25.0,0.0,0.0,0.0,0.0,
V,1,1,13,19,25,20.0,100000.0,7.0,25.0,500.0,0.08921333637762946,4.2536679614293064e-07,7.92881812856667e-08,5.344462369373595e-05
V,1,1,13,19,25,20.0,100000.0,7.0,25.0,1000.0,0.05804554496839604,4.5909107158736355e-07,1.0904819800119142e-07,0.00013625770214755812
V,1,1,13,19,25,20.0,100000.0,7.0,25.0,1500.0,0.02569837075043763,3.4712263662050905e-07,9.011200380041983e-08,0.0005256198465272579
V,1,1,13,19,25,20.0,100000.0,7.0,25.0,2000.0,0.007311349920596127,2.789099193819812e-07,6.730326670491005e-08,0.005217576444104148
V,1,1,13,19,25,20.0,100000.0,7.0,25.0,2500.0,-0.0010070266478510324,3.1209073495163056e-07,5.038199911115473e-08,0.3077506295403191
V,1,1,13,19,25,20.0,100000.0,7.0,25.0,3000.0,-0.003951925386249072,4.2089986157783237e-07,3.7612700013100004e-08,0.02695015766147075
V,1,1,13,19,25,20.0,100000.0,7.0,25.0,3500.0,-0.004449720472781456,5.454816827051398e-07,2.765941352196672e-08,0.027549562840112597
V,1,1,13,19,25,20.0,100000.0,7.0,25.0,4000.0,-0.004028886313259885,6.374257851505259e-07,2.0199526172160892e-08,0.03926988253635846
V,1,1,13,19,25,20.0,100000.0,7.0,25.0,4500.0,-0.003406195937044112,6.798857269656714e-07,1.492604103548853e-08,0.05859987246694107
V,1,1,13,19,25,20.0,100000.0,7.0,25.0,5000.0,-0.0028766664806968707,6.844066351866441e-07,1.13609308073481e-08,0.08270565118976711
V,1,1,13,19,25,20.0,100000.0,7.0,25.0,5500.0,-0.002529486158809387,6.752839292437129e-07,8.975979576969105e-09,0.1055411445574099
V,1,1,13,19,25,20.0,100000.0,7.0,25.0,6000.0,-0.0023581562778048314,6.726109052992282e-07,7.314842237884499e-09,0.12095358317007542
V,1,1,13,19,25,20.0,100000.0,7.0,25.0,6500.0,-0.0023159385720394705,6.827634664508357e-07,6.157811345745626e-09,0.12729642372408764
V,1,1,13,19,25,20.0,100000.0,7.0,25.0,7000.0,-0.00234580358838445,7.000243101847065e-07,5.599514902341962e-09,0.12721251235708245
V,1,1,13,19,25,20.0,100000.0,7.0,25.0,7500.0,-0.002398034870496823,7.15025126765422e-07,5.8947853462387546e-09,0.12433984327975407
V,1,1,13,19,25,20.0,100000.0,7.0,25.0,8000.0,-0.002439903691250099,7.216141089070573e-07,7.182905762595267e-09,0.12121591602577199
V,1,1,13,19,25,20.0,100000.0,7.0,25.0,8500.0,-0.0024586179862497396,7.18113907595368e-07,9.312271768552891e-09,0.11879857434559932
V,1,1,13,19,25,20.0,100000.0,7.0,25.0,9000.0,-0.00245854734852087,7.053214701121531e-07,1.1858055178673681e-08,0.11668900877528568
V,1,1,13,19,25,20.0,100000.0,7.0,25.0,9500.0,-0.002454559003783819,6.849595637016869e-07,1.4268963709844841e-08,0.1136888782018366
V,1,1,13,19,25,20.0,100000.0,7.0,25.0,10000.0,-0.002463978830555836,6.595634099001853e-07,1.6036082469696953e-08,0.10863821222321848
V,1,1,13,19,25,20.0,100000.0,7.0,25.0,10500.0,-0.002499672893171672,6.326205321606009e-07,1.6817920062930978e-08,0.10124577796063484
V,1,1,13,19,25,20.0,100000.0,7.0,25.0,11000.0,-0.0025659878450210384,6.079400690191502e-07,1.6504296398530304e-08,0.09233185881915158
V,1,1,13,19,25,20.0,100000.0,7.0,25.0,11500.0,-0.0026581087252373,5.883910127231531e-07,1.522292171701862e-08,0.08327613269078608
V,1,1,13,19,25,20.0,100000.0,7.0,25.0,12000.0,-0.0027642523302990976,5.748358056352833e-07,1.3294488043720854e-08,0.0752295463737416
V,1,1,13,19,25,20.0,100000.0,10.0,30.0,0.0,0.0,0.0,0.0,
V,1,1,13,19,25,20.0,100000.0,10.0,30.0,500.0,0.10452790495647692,5.726278140817576e-07,6.619708711456775e-08,5.240925028283397e-05
V,1,1,13,19,25,20.0,100000.0,10.0,30.0,1000.0,0.07343849385097813,5.643681340519635e-07,9.809637377715291e-08,0.00010464415164494733
V,1,1,13,19,25,20.0,100000.0,10.0,30.0,1500.0,0.036916727657225146,4.285400937002513e-07,8.494884924105775e-08,0.0003144452689701573
V,1,1,13,19,25,20.0,100000.0,10.0,30.0,2000.0,0.014427695974730322,3.618944299113095e-07,5.98078791974741e-08,0.0017385529987986737
V,1,1,13,19,25,20.0,100000.0,10.0,30.0,2500.0,0.003208923547397361,3.593934387007848e-07,3.8134997830991115e-08,0.034902087567282865
V,1,1,13,19,25,20.0,100000.0,10.0,30.0,3000.0,-0.0014670854916268028,3.896142862254003e-07,2.3439350269496338e-08,0.1810189446068744
V,1,1,13,19,25,20.0,100000.0,10.0,30.0,3500.0,-0.0028459127406497047,4.0784904658343685e-07,1.557834867664305e-08,0.05035658748048142
V,1,1,13,19,25,20.0,100000.0,10.0,30.0,4000.0,-0.002777303746845264,3.9440617500079424e-07,1.3407020505333463e-08,0.05113249042615755
V,1,1,13,19,25,20.0,100000.0,10.0,30.0,4500.0,-0.0022264996684982375,3.663380683833676e-07,1.4790553143990644e-08,0.0738986971131208
V,1,1,13,19,25,20.0,100000.0,10.0,30.0,5000.0,-0.001654348974230906,3.5390615000410195e-07,1.70774842078231e-08,0.12931051955645265
V,1,1,13,19,25,20.0,100000.0,10.0,30.0,5500.0,-0.0012479072306911835,3.7577628180239146e-07,1.8265774322334527e-08,0.2413041341964978
V,1,1,13,19,25,20.0,100000.0,10.0,30.0,6000.0,-0.0010521003551829493,4.313055806564837e-07,1.7775979027873412e-08,0.3896464672856063
V,1,1,13,19,25,20.0,100000.0,10.0,30.0,6500.0,-0.0010422397357538714,5.063137412419096e-07,1.6226741067178495e-08,0.4661057501267313
V,1,1,13,19,25,20.0,100000.0,10.0,30.0,7000.0,-0.0011632810517776563,5.830838714403921e-07,1.4584955145854241e-08,0.4308853420906514
V,1,1,13,19,25,20.0,100000.0,10.0,30.0,7500.0,-0.0013517536869082475,6.48664515821473e-07,1.3446846408363559e-08,0.3549972719189787
V,1,1,13,19,25,20.0,100000.0,10.0,30.0,8000.0,-0.001548950534800989,6.984543115238457e-07,1.2861968602822909e-08,0.29111387468345135
V,1,1,13,19,25,20.0,100000.0,10.0,30.0,8500.0,-0.0017090411126726472,7.344878852921633e-07,1.2575216542230735e-08,0.2514661984836984
V,1,1,13,19,25,20.0,100000.0,10.0,30.0,9000.0,-0.00180323726083534,7.607243511585306e-07,1.2335219818857304e-08,0.2339492045843513
V,1,1,13,19,25,20.0,100000.0,10.0,30.0,9500.0,-0.0018204199771683107,7.788504453253555e-07,1.2046429807540716e-08,0.23502328215498106
V,1,1,13,19,25,20.0,100000.0,10.0,30.0,10000.0,-0.0017648386957507811,7.868404812184968e-07,1.1757344453323516e-08,0.252625194148548
V,1,1,13,19,25,20.0,100000.0,10.0,30.0,10500.0,-0.0016518757848793919,7.804001493186421e-07,1.1574610023387264e-08,0.28599771950899233
V,1,1,13,19,25,20.0,100000.0,10.0,30.0,11000.0,-0.0015030365967702974,7.559670575632562e-07,1.1577638179809522e-08,0.33462914251311715
V,1,1,13,19,25,20.0,100000.0,10.0,30.0,11500.0,-0.0013412003205829392,7.134845985126205e-07,1.176788936561583e-08,0.3966407271594245
V,1,1,13,19,25,20.0,100000.0,10.0,30.0,12000.0,-0.0011868451612791358,6.575658888839938e-07,1.2062700280622937e-08,0.4668218217593827
V,1,1,13,19,25,20.0,100000.0,12.0,36.0,0.0,0.0,0.0,0.0,
V,1,1,13,19,25,20.0,100000.0,12.0,36.0,500.0,0.11829216567872182,7.819375162162491e-07,4.921901836489713e-08,5.588047443438752e-05
V,1,1,13,19,25,20.0,100000.0,12.0,36.0,1000.0,0.08839776227969581,8.3747391657098e-07,8.521396686372433e-08,0.00010717382899404795
V,1,1,13,19,25,20.0,100000.0,12.0,36.0,1500.0,0.04867910116809469,7.239932477895146e-07,9.187986167037877e-08,0.00030552687257615226
V,1,1,13,19,25,20.0,100000.0,12.0,36.0,2000.0,0.02250080444811035,7.085122041876066e-07,8.340792456010201e-08,0.0013994302097333994
V,1,1,13,19,25,20.0,100000.0,12.0,36.0,2500.0,0.00835087159442124,7.005372767686167e-07,6.997388389314962e-08,0.010045409328520405
V,1,1,13,19,25,20.0,100000.0,12.0,36.0,3000.0,0.0015960201900983649,6.632435910887978e-07,5.5978572370564835e-08,0.2603732116804888
V,1,1,13,19,25,20.0,100000.0,12.0,36.0,3500.0,-0.0011973017414569113,6.341566486714893e-07,4.303100103315811e-08,0.4423737227428067
V,1,1,13,19,25,20.0,100000.0,12.0,36.0,4000.0,-0.0020467048343831384,6.453887861818414e-07,3.1938150447026395e-08,0.15406748187074948
V,1,1,13,19,25,20.0,100000.0,12.0,36.0,4500.0,-0.0020323291625565123,6.955778036132955e-07,2.2844696544942593e-08,0.16840602181796957
V,1,1,13,19,25,20.0,100000.0,12.0,36.0,5000.0,-0.0017036203768200045,7.616235793149014e-07,1.5453335168202933e-08,0.26241866940106773
V,1,1,13,19,25,20.0,100000.0,12.0,36.0,5500.0,-0.0013255052497008445,8.173669001386365e-07,9.564308570753085e-09,0.4652154639792653
V,1,1,13,19,25,20.0,100000.0,12.0,36.0,6000.0,-0.0010124227117862324,8.460668698287307e-07,5.2984693361692875e-09,0.8254312959821621
V,1,1,13,19,25,20.0,100000.0,12.0,36.0,6500.0,-0.0008001036036410159,8.430511146453355e-07,2.8654687388295558e-09,1.3169262486608253
V,1,1,13,19,25,20.0,100000.0,12.0,36.0,7000.0,-0.0006848555242850611,8.124334911451708e-07,2.2298722401474825e-09,1.732167522836073
V,1,1,13,19,25,20.0,100000.0,12.0,36.0,7500.0,-0.0006453458312813151,7.633469611908032e-07,3.000694532851941e-09,1.8328923687808136
V,1,1,13,19,25,20.0,100000.0,12.0,36.0,8000.0,-0.0006544507351288919,7.068653743051681e-07,4.579779843372225e-09,1.650375578723635
V,1,1,13,19,25,20.0,100000.0,12.0,36.0,8500.0,-0.0006855313155441167,6.527400204577566e-07,6.399166229609878e-09,1.3889469033493982
V,1,1,13,19,25,20.0,100000.0,12.0,36.0,9000.0,-0.0007158962327164137,6.065634445379687e-07,8.074912333998127e-09,1.183521302484321
V,1,1,13,19,25,20.0,100000.0,12.0,36.0,9500.0,-0.0007290058250875948,5.689670393277211e-07,9.42293984075924e-09,1.0705947541759235
V,1,1,13,19,25,20.0,100000.0,12.0,36.0,10000.0,-0.0007159406956599709,5.373137222880431e-07,1.0391630014333936e-08,1.04827163210289
V,1,1,13,19,25,20.0,100000.0,12.0,36.0,10500.0,-0.0006759717120475989,5.086396617344615e-07,1.0992992784340315e-08,1.113148685187153
V,1,1,13,19,25,20.0,100000.0,12.0,36.0,11000.0,-0.0006158721861322275,4.819728507431727e-07,1.127460536625095e-08,1.2706952114271937
V,1,1,13,19,25,20.0,100000.0,12.0,36.0,11500.0,-0.0005478512716875946,4.588813183457392e-07,1.1323750878498738e-08,1.5288857372107814
V,1,1,13,19,25,20.0,100000.0,12.0,36.0,12000.0,-0.00048643381303247813,4.423770697617925e-07,1.1273272934593716e-08,1.8695844857900008
V,1,1,13,19,25,20.0,100000.0,15.0,40.0,0.0,0.0,0.0,0.0,
V,1,1,13,19,25,20.0,100000.0,15.0,40.0,500.0,0.1280056183306572,8.874829284483251e-07,2.9199589266447298e-08,5.416290433542023e-05
V,1,1,13,19,25,20.0,100000.0,15.0,40.0,1000.0,0.09965136328756792,1.0345394691592578e-06,5.6087722584170106e-08,0.00010417909377967919
V,1,1,13,19,25,20.0,100000.0,15.0,40.0,1500.0,0.05822304276838978,8.942515725939529e-07,6.716026794775005e-08,0.0002637970388423457
V,1,1,13,19,25,20.0,100000.0,15.0,40.0,2000.0,0.029481150483406503,7.915240769155068e-07,6.96278496461606e-08,0.0009106998704128381
V,1,1,13,19,25,20.0,100000.0,15.0,40.0,2500.0,0.013014562467591004,7.365672153415882e-07,6.82024917593767e-08,0.004348637833197696
V,1,1,13,19,25,20.0,100000.0,15.0,40.0,3000.0,0.004585813458683008,7.06484893702802e-07,6.317732318293354e-08,0.03359464923453939
V,1,1,13,19,25,20.0,100000.0,15.0,40.0,3500.0,0.0007794717171913815,7.038116368219876e-07,5.5170129862434854e-08,1.158392454458924
V,1,1,13,19,25,20.0,100000.0,15.0,40.0,4000.0,-0.0005768623285894223,7.304992349686082e-07,4.582992314065456e-08,2.1952066416708034
V,1,1,13,19,25,20.0,100000.0,15.0,40.0,4500.0,-0.0007574817518136107,7.66843720634049e-07,3.7002464585288204e-08,1.3364801595010098
V,1,1,13,19,25,20.0,100000.0,15.0,40.0,5000.0,-0.0004701164590423346,7.916730099761177e-07,2.9958328859425544e-08,3.5820770757971174
V,1,1,13,19,25,20.0,100000.0,15.0,40.0,5500.0,-7.702206431529623e-05,8.018321465644341e-07,2.503513059890947e-08,135.16154743218613
V,1,1,13,19,25,20.0,100000.0,15.0,40.0,6000.0,0.0002628012594402089,8.050592619812123e-07,2.1860576678513403e-08,11.656628790406849
V,1,1,13,19,25,20.0,100000.0,15.0,40.0,6500.0,0.0005007709922674884,8.029029576038002e-07,1.9867315336112838e-08,3.201730180761337
V,1,1,13,19,25,20.0,100000.0,15.0,40.0,7000.0,0.0006403398753640293,7.861967663607404e-07,1.860175697334588e-08,1.9173886797081077
V,1,1,13,19,25,20.0,100000.0,15.0,40.0,7500.0,0.0007039501417952053,7.449191412190674e-07,1.7710532622605247e-08,1.503229647011321
V,1,1,13,19,25,20.0,100000.0,15.0,40.0,8000.0,0.000717108047526469,6.794748265407537e-07,1.6859442468907044e-08,1.32130834816127
V,1,1,13,19,25,20.0,100000.0,15.0,40.0,8500.0,0.0007022108073061566,6.029718491072237e-07,1.5780473500974488e-08,1.2228185504395663
V,1,1,13,19,25,20.0,100000.0,15.0,40.0,9000.0,0.0006767897926269527,5.344029108977989e-07,1.4391218649867036e-08,1.1667054189335926
V,1,1,13,19,25,20.0,100000.0,15.0,40.0,9500.0,0.0006532370458876273,4.892337715380063e-07,1.2838975270215837e-08,1.1465019988192613
V,1,1,13,19,25,20.0,100000.0,15.0,40.0,10000.0,0.0006389139214599997,4.735710434724683e-07,1.1418917067675333e-08,1.1601133839889661
V,1,1,13,19,25,20.0,100000.0,15.0,40.0,10500.0,0.0006364827508480692,4.840093113800956e-07,1.0428461097869547e-08,1.1947593551343578
V,1,1,13,19,25,20.0,100000.0,15.0,40.0,11000.0,0.0006445550907872129,5.114994725591983e-07,1.0043053143453271e-08,1.231190071080133
V,1,1,13,19,25,20.0,100000.0,15.0,40.0,11500.0,0.0006586757569053065,5.46133597066943e-07,1.0258631481026246e-08,1.2587965267660206
V,1,1,13,19,25,20.0,100000.0,15.0,40.0,12000.0,0.0006725353741459392,5.804415718527104e-07,1.0904091507388949e-08,1.2833001492007767
V,1,1,13,19,25,20.0,100000.0,20.0,50.0,0.0,0.0,0.0,0.0,
V,1,1,13,19,25,20.0,100000.0,20.0,50.0,500.0,0.14542731046396984,1.01898294477833e-06,9.608009096021639e-09,4.818090690011107e-05
V,1,1,13,19,25,20.0,100000.0,20.0,50.0,1000.0,0.1216258180688551,1.3611472030522257e-06,2.2253261158290726e-08,9.201392281218654e-05
V,1,1,13,19,25,20.0,100000.0,20.0,50.0,1500.0,0.07901722447077424,1.2700770704866733e-06,3.0792545412789285e-08,0.0002034166669629522
V,1,1,13,19,25,20.0,100000.0,20.0,50.0,2000.0,0.04681596771540234,1.135438296896054e-06,3.275780392463135e-08,0.0005180545929795501
V,1,1,13,19,25,20.0,100000.0,20.0,50.0,2500.0,0.026293653980206815,9.677697947957108e-07,3.308558969260067e-08,0.0013998134960240727
V,1,1,13,19,25,20.0,100000.0,20.0,50.0,3000.0,0.014018153016999796,7.879799065527939e-07,3.292932812594377e-08,0.004009900077564196
V,1,1,13,19,25,20.0,100000.0,20.0,50.0,3500.0,0.006909793025127631,6.4211935729403e-07,3.150031444856486e-08,0.013448866567635966
V,1,1,13,19,25,20.0,100000.0,20.0,50.0,4000.0,0.0029022502695584887,5.578788542126014e-07,2.87935942826998e-08,0.06623235232851686
V,1,1,13,19,25,20.0,100000.0,20.0,50.0,4500.0,0.0007277260696984585,5.344763005640343e-07,2.565060624352517e-08,1.0092356579166797
V,1,1,13,19,25,20.0,100000.0,20.0,50.0,5000.0,-0.0003661711732705547,5.534356545480838e-07,2.2887900919506834e-08,4.127611668595667
V,1,1,13,19,25,20.0,100000.0,20.0,50.0,5500.0,-0.0008257583180528528,5.916085449269689e-07,2.0882325767513106e-08,0.8676179407650292
V,1,1,13,19,25,20.0,100000.0,20.0,50.0,6000.0,-0.000923575253631949,6.294092766411206e-07,1.964697886489696e-08,0.7378847992748881
V,1,1,13,19,25,20.0,100000.0,20.0,50.0,6500.0,-0.0008326535955927889,6.545185960973138e-07,1.9000122436836173e-08,0.9440462395248339
V,1,1,13,19,25,20.0,100000.0,20.0,50.0,7000.0,-0.0006635813563456573,6.619896230896523e-07,1.8675346675573833e-08,1.5033594441296598
V,1,1,13,19,25,20.0,100000.0,20.0,50.0,7500.0,-0.0004823332463478138,6.523421833696488e-07,1.8413901024510798e-08,2.804019740074465
V,1,1,13,19,25,20.0,100000.0,20.0,50.0,8000.0,-0.0003211878336693203,6.296791480801356e-07,1.8045498532927548e-08,6.103811869473629
V,1,1,13,19,25,20.0,100000.0,20.0,50.0,8500.0,-0.00018868020892249567,6.005115063166275e-07,1.750598515729816e-08,16.868195910483564
V,1,1,13,19,25,20.0,100000.0,20.0,50.0,9000.0,-7.96816311182266e-05,5.725290571729053e-07,1.6783346915997175e-08,90.17395157418667
V,1,1,13,19,25,20.0,100000.0,20.0,50.0,9500.0,1.565860789205925e-05,5.527301123258112e-07,1.5854092533370764e-08,2254.274649283826
V,1,1,13,19,25,20.0,100000.0,20.0,50.0,10000.0,0.00010560573012683183,5.455114323904953e-07,1.4671684747853981e-08,48.91351687238296
V,1,1,13,19,25,20.0,100000.0,20.0,50.0,10500.0,0.00019379016450626546,5.518622554369346e-07,1.3207912519662042e-08,14.694920090901936
V,1,1,13,19,25,20.0,100000.0,20.0,50.0,11000.0,0.00027901248131808606,5.701071317311933e-07,1.1500388920819782e-08,7.323340227315584
V,1,1,13,19,25,20.0,100000.0,20.0,50.0,11500.0,0.000356855900961453,5.975192182197784e-07,9.663397983418784e-09,4.69208761359362
V,1,1,13,19,25,20.0,100000.0,20.0,50.0,12000.0,0.00042192820408880983,6.316564347910069e-07,7.855703011318788e-09,3.548165024476312
V,1,1,13,19,25,20.0,100000.0,25.0,60.0,0.0,0.0,0.0,0.0,
V,1,1,13,19,25,20.0,100000.0,25.0,60.0,500.0,0.15834889608120833,1.0387870588875615e-06,6.2964761637064086e-09,4.142823684719769e-05
V,1,1,13,19,25,20.0,100000.0,25.0,60.0,1000.0,0.13832519711664218,1.3856464247556338e-06,1.531105861899503e-08,7.241855084964569e-05
V,1,1,13,19,25,20.0,100000.0,25.0,60.0,1500.0,0.09523312956021981,1.290519383029702e-06,2.5138601363769376e-08,0.00014229459996427466
V,1,1,13,19,25,20.0,100000.0,25.0,60.0,2000.0,0.06099943743538909,1.2153330826397491e-06,2.9242857710883627e-08,0.00032662066634082395
V,1,1,13,19,25,20.0,100000.0,25.0,60.0,2500.0,0.03810880909960744,1.1540147887405829e-06,2.9503944734149885e-08,0.0007946220640002653
V,1,1,13,19,25,20.0,100000.0,25.0,60.0,3000.0,0.023609175291015243,1.0702158697959675e-06,2.853389983018056e-08,0.0019200376871973586
V,1,1,13,19,25,20.0,100000.0,25.0,60.0,3500.0,0.014581622919992003,9.827601536738055e-07,2.7077980422638457e-08,0.004622062493347142
V,1,1,13,19,25,20.0,100000.0,25.0,60.0,4000.0,0.00899430517411333,9.174978655953095e-07,2.497478532174565e-08,0.011341482439499154
V,1,1,13,19,25,20.0,100000.0,25.0,60.0,4500.0,0.005558847835574926,8.780522503234651e-07,2.2331672807535638e-08,0.02841520463965391
V,1,1,13,19,25,20.0,100000.0,25.0,60.0,5000.0,0.003473160369820771,8.507002211943618e-07,1.978756285580204e-08,0.07052236561510283
V,1,1,13,19,25,20.0,100000.0,25.0,60.0,5500.0,0.002231796811524881,8.196577984059293e-07,1.8035461685278573e-08,0.16455961765685706
V,1,1,13,19,25,20.0,100000.0,25.0,60.0,6000.0,0.0015114078872457185,7.766791412142839e-07,1.7404626447925706e-08,0.3399994959890067
V,1,1,13,19,25,20.0,100000.0,25.0,60.0,6500.0,0.0011048281260909053,7.233145560000674e-07,1.7835004051661454e-08,0.5925674086060794
V,1,1,13,19,25,20.0,100000.0,25.0,60.0,7000.0,0.0008808571290362169,6.688073291633312e-07,1.90180920162902e-08,0.8619658829628474
V,1,1,13,19,25,20.0,100000.0,25.0,60.0,7500.0,0.0007572349325610992,6.253245788402347e-07,2.050380637074012e-08,1.0905465753030918
V,1,1,13,19,25,20.0,100000.0,25.0,60.0,8000.0,0.0006818936343476993,6.021128391733999e-07,2.179415006352955e-08,1.294925000221029
V,1,1,13,19,25,20.0,100000.0,25.0,60.0,8500.0,0.0006207780635779313,6.014883660188718e-07,2.2470225718488198e-08,1.5608260612729192
V,1,1,13,19,25,20.0,100000.0,25.0,60.0,9000.0,0.000550996819528507,6.187444091766795e-07,2.231230441021877e-08,2.0380418781474257
V,1,1,13,19,25,20.0,100000.0,25.0,60.0,9500.0,0.00045770788553919456,6.451696109176654e-07,2.134801188127852e-08,3.079619873304941
V,1,1,13,19,25,20.0,100000.0,25.0,60.0,10000.0,0.00033302395075841037,6.716174307420999e-07,1.9811555365099817e-08,6.055793000857202
V,1,1,13,19,25,20.0,100000.0,25.0,60.0,10500.0,0.00017555426533549267,6.908481323402021e-07,1.804427360855045e-08,22.416087665952872
V,1,1,13,19,25,20.0,100000.0,25.0,60.0,11000.0,-1.0232507515019713e-05,6.985575581518881e-07,1.6380053676352598e-08,6671.723685724718
V,1,1,13,19,25,20.0,100000.0,25.0,60.0,11500.0,-0.0002151060290649451,6.93760330039568e-07,1.505063270615888e-08,14.993543934212637
V,1,1,13,19,25,20.0,100000.0,25.0,60.0,12000.0,-0.00042656547201298735,6.787746396322494e-07,1.4135498907220627e-08,3.730389757276767
V,1,1,13,19,25,20.0,100000.0,30.0,80.0,0.0,0.0,0.0,0.0,
V,1,1,13,19,25,20.0,100000.0,30.0,80.0,500.0,0.17391489137613317,8.955876276155542e-07,2.3498980899042186e-09,2.9609736703347622e-05
V,1,1,13,19,25,20.0,100000.0,30.0,80.0,1000.0,0.15900702623826313,1.1823151111851184e-06,7.0478873786940825e-09,4.676281099170256e-05
V,1,1,13,19,25,20.0,100000.0,30.0,80.0,1500.0,0.11562926544238822,1.122089360959532e-06,9.711904139636949e-09,8.39251084686666e-05
V,1,1,13,19,25,20.0,100000.0,30.0,80.0,2000.0,0.07918959570570701,1.0511076884579987e-06,1.1475488207542875e-08,0.0001676142589648723
V,1,1,13,19,25,20.0,100000.0,30.0,80.0,2500.0,0.05359436036473315,1.0087885661256997e-06,1.3585943435614607e-08,0.0003512060325240834
V,1,1,13,19,25,20.0,100000.0,30.0,80.0,3000.0,0.03643405548824897,9.592065113396052e-07,1.6077228972597494e-08,0.0007225985526961441
V,1,1,13,19,25,20.0,100000.0,30.0,80.0,3500.0,0.025025536914989963,8.909136274678743e-07,1.8568616592799405e-08,0.0014225541081687814
V,1,1,13,19,25,20.0,100000.0,30.0,80.0,4000.0,0.01743148630034195,8.21772577067532e-07,2.0426651377821454e-08,0.00270447397564942
V,1,1,13,19,25,20.0,100000.0,30.0,80.0,4500.0,0.012369703484413496,7.731340144681187e-07,2.090509610156911e-08,0.0050528476310873855
V,1,1,13,19,25,20.0,100000.0,30.0,80.0,5000.0,0.008995416065310721,7.521801785113682e-07,1.957441326945777e-08,0.009295641657328813
V,1,1,13,19,25,20.0,100000.0,30.0,80.0,5500.0,0.006743919141979928,7.529405297656694e-07,1.663715249366705e-08,0.016555258490767347
V,1,1,13,19,25,20.0,100000.0,30.0,80.0,6000.0,0.005235053440129775,7.670976440732345e-07,1.273643119597549e-08,0.027990355229022133
V,1,1,13,19,25,20.0,100000.0,30.0,80.0,6500.0,0.004214947384194023,7.905544720885836e-07,8.53262256264463e-09,0.04449871649303475
V,1,1,13,19,25,20.0,100000.0,30.0,80.0,7000.0,0.003517269011443093,8.223473736270021e-07,4.471105453245793e-09,0.06647282533179937
V,1,1,13,19,25,20.0,100000.0,30.0,80.0,7500.0,0.0030349853887831546,8.615924599856319e-07,7.891299602487973e-10,0.09353812938783124
V,1,1,13,19,25,20.0,100000.0,30.0,80.0,8000.0,0.002699087688838201,9.064390546536477e-07,-2.4068789829962453e-09,0.12442413225337619
V,1,1,13,19,25,20.0,100000.0,30.0,80.0,8500.0,0.002463229192761768,9.539664705104538e-07,-5.081360483841e-09,0.157225673860002
V,1,1,13,19,25,20.0,100000.0,30.0,80.0,9000.0,0.0022938014759655723,9.99206334320546e-07,-7.210071891075158e-09,0.18990811489501574
V,1,1,13,19,25,20.0,100000.0,30.0,80.0,9500.0,0.002164629941656615,1.0340672044082314e-06,-8.718974044780773e-09,0.2206893836758377
V,1,1,13,19,25,20.0,100000.0,30.0,80.0,10000.0,0.0020549716884774713,1.0482452428674053e-06,-9.46601919677017e-09,0.24822825500605777
V,1,1,13,19,25,20.0,100000.0,30.0,80.0,10500.0,0.0019492934405295002,1.032658945168395e-06,-9.295774893198152e-09,0.2717705971443289
V,1,1,13,19,25,20.0,100000.0,30.0,80.0,11000.0,0.0018375065088167472,9.835908738141437e-07,-8.13757031965528e-09,0.2913108888108541
V,1,1,13,19,25,20.0,100000.0,30.0,80.0,11500.0,0.0017148136512155493,9.049839929279038e-07,-6.0819151730703855e-09,0.3077563575789588
V,1,1,13,19,25,20.0,100000.0,30.0,80.0,12000.0,0.001580865148926026,8.07607132195399e-07,-3.387418184062173e-09,0.32315471364636744
V,1,2,14,20,26,21.0,100000.0,5.0,15.0,0.0,0.0,0.0,0.0,
V,1,2,14,20,26,21.0,100000.0,5.0,15.0,500.0,0.05741950996096082,3.380906277722424e-07,5.3787958522448325e-08,0.00010254492418580063
V,1,2,14,20,26,21.0,100000.0,5.0,15.0,1000.0,0.031626988070321126,3.3944489973226793e-07,5.67423583900896e-08,0.0003393545043796968
V,1,2,14,20,26,21.0,100000.0,5.0,15.0,1500.0,0.01067857220371521,3.228224472938549e-07,4.257727144115341e-08,0.002830983567689668
V,1,2,14,20,26,21.0,100000.0,5.0,15.0,2000.0,0.0007772803187793265,3.117678873025412e-07,3.367206896935506e-08,0.5160312914979929
V,1,2,14,20,26,21.0,100000.0,5.0,15.0,2500.0,-0.0029153571766951237,3.1120510860330576e-07,2.8281372136468198e-08,0.03661534893115672
V,1,2,14,20,26,21.0,100000.0,5.0,15.0,3000.0,-0.003981446959042691,3.463193126375655e-07,2.229720686246662e-08,0.021847152590452747
V,1,2,14,20,26,21.0,100000.0,5.0,15.0,3500.0,-0.004106719823445959,4.145970528168911e-07,1.516570327839399e-08,0.024583066806657422
V,1,2,14,20,26,21.0,100000.0,5.0,15.0,4000.0,-0.003943245511117248,4.924877668655158e-07,8.678273538690534e-09,0.03167289872542381
V,1,2,14,20,26,21.0,100000.0,5.0,15.0,4500.0,-0.003709884574157495,5.555232506664901e-07,4.540645134372633e-09,0.040362814804823
V,1,2,14,20,26,21.0,100000.0,5.0,15.0,5000.0,-0.003468830621806229,5.919345483042418e-07,3.1692687818713606e-09,0.049193474734003574
V,1,2,14,20,26,21.0,100000.0,5.0,15.0,5500.0,-0.003231857757233743,6.055023891186067e-07,3.806075914464595e-09,0.057971079148392134
V,1,2,14,20,26,21.0,100000.0,5.0,15.0,6000.0,-0.0029980978312852016,6.091265095816303e-07,5.191178390991016e-09,0.06776663175403076
V,1,2,14,20,26,21.0,100000.0,5.0,15.0,6500.0,-0.0027674773105588624,6.140595048809439e-07,6.237401589130918e-09,0.0801756187362469
V,1,2,14,20,26,21.0,100000.0,5.0,15.0,7000.0,-0.00254473585885866,6.223867167528326e-07,6.425028852916725e-09,0.0961113983267067
V,1,2,14,20,26,21.0,100000.0,5.0,15.0,7500.0,-0.0023386292109070115,6.278078095700021e-07,5.814173918860918e-09,0.11478997830586289
V,1,2,14,20,26,21.0,100000.0,5.0,15.0,8000.0,-0.0021586102976952765,6.225104344882833e-07,4.802239256693759e-09,0.13359744311331595
V,1,2,14,20,26,21.0,100000.0,5.0,15.0,8500.0,-0.0020111025301078967,6.036424615812085e-07,3.853653318311571e-09,0.14924897482122218
V,1,2,14,20,26,21.0,100000.0,5.0,15.0,9000.0,-0.0018971409277905194,5.750679959168036e-07,3.3228504888460606e-09,0.15977911521930102
V,1,2,14,20,26,21.0,100000.0,5.0,15.0,9500.0,-0.0018122373440393649,5.445755019385958e-07,3.3751776514303706e-09,0.16581657846039163
V,1,2,14,20,26,21.0,100000.0,5.0,15.0,10000.0,-0.0017482032781814263,5.192927465399501e-07,3.9904188513105635e-09,0.16991369952725532
V,1,2,14,20,26,21.0,100000.0,5.0,15.0,10500.0,-0.0016958674301744906,5.023027476737079e-07,5.0346107760162275e-09,0.17465529431293622
V,1,2,14,20,26,21.0,100000.0,5.0,15.0,11000.0,-0.001647454478941858,4.92211008450857e-07,6.357088322496367e-09,0.18135288793637724
V,1,2,14,20,26,21.0,100000.0,5.0,15.0,11500.0,-0.0015977944725826638,4.854070010278188e-07,7.853425948226255e-09,0.19013593601701287
V,1,2,14,20,26,21.0,100000.0,5.0,15.0,12000.0,-0.001544204928924735,4.791189859178336e-07,9.465742341478767e-09,0.20092478495773786
V,1,2,14,20,26,21.0,100000.0,7.0,25.0,0.0,0.0,0.0,0.0,
V,1,2,14,20,26,21.0,100000.0,7.0,25.0,500.0,0.08803608770546728,4.480911358970346e-07,7.968827391405324e-08,5.78155796280107e-05
V,1,2,14,20,26,21.0,100000.0,7.0,25.0,1000.0,0.05713568783317334,5.524471399459335e-07,1.0768180095412973e-07,0.00016922939797327019
V,1,2,14,20,26,21.0,100000.0,7.0,25.0,1500.0,0.025282614511956104,4.3750110536214563e-07,8.766068055400498e-08,0.0006844396943925828
V,1,2,14,20,26,21.0,100000.0,7.0,25.0,2000.0,0.007303635281989661,3.170752159736275e-07,6.540606651096869e-08,0.005944073091499093
V,1,2,14,20,26,21.0,100000.0,7.0,25.0,2500.0,-0.0007439387150609165,2.9787064124026e-07,4.9941225138599875e-08,0.5382120039928014
V,1,2,14,20,26,21.0,100000.0,7.0,25.0,3000.0,-0.003553503065391425,3.7804053308984377e-07,3.8678450378257295e-08,0.029938151244918748
V,1,2,14,20,26,21.0,100000.0,7.0,25.0,3500.0,-0.004027624777332413,5.035685924180772e-07,2.9750513571686663e-08,0.03104278146169159
V,1,2,14,20,26,21.0,100000.0,7.0,25.0,4000.0,-0.003649678464496285,6.172117367852538e-07,2.26431577372132e-08,0.0463366855986794
V,1,2,14,20,26,21.0,100000.0,7.0,25.0,4500.0,-0.0030848567366621262,6.856905139384272e-07,1.7129551904135833e-08,0.07205400770750633
V,1,2,14,20,26,21.0,100000.0,7.0,25.0,5000.0,-0.0025908084264845035,7.087763063645771e-07,1.295770048177018e-08,0.10559384138415534
V,1,2,14,20,26,21.0,100000.0,7.0,25.0,5500.0,-0.0022441820608575247,7.079790792445672e-07,9.847052374642562e-09,0.14057375685460283
V,1,2,14,20,26,21.0,100000.0,7.0,25.0,6000.0,-0.002047296275151249,7.05722699492379e-07,7.550213673014644e-09,0.168373094632899
V,1,2,14,20,26,21.0,100000.0,7.0,25.0,6500.0,-0.001972314787586069,7.116502359962412e-07,5.988682237402613e-09,0.18294230045528684
V,1,2,14,20,26,21.0,100000.0,7.0,25.0,7000.0,-0.001980226105130725,7.224659701564977e-07,5.318499804914004e-09,0.18424165776969648
V,1,2,14,20,26,21.0,100000.0,7.0,25.0,7500.0,-0.0020322722116868034,7.296987304868363e-07,5.795414414096959e-09,0.17667692542211783
V,1,2,14,20,26,21.0,100000.0,7.0,25.0,8000.0,-0.002098542678403796,7.266683149862772e-07,7.529844813667815e-09,0.16500633269276696
V,1,2,14,20,26,21.0,100000.0,7.0,25.0,8500.0,-0.002162997485515295,7.108723001446289e-07,1.0320358345135716e-08,0.15194260316002
V,1,2,14,20,26,21.0,100000.0,7.0,25.0,9000.0,-0.0022237355536574386,6.833064307141772e-07,1.3660696088873253e-08,0.13818128546194716
V,1,2,14,20,26,21.0,100000.0,7.0,25.0,9500.0,-0.0022889153292427254,6.472649162477953e-07,1.6884739678559942e-08,0.1235442713044596
V,1,2,14,20,26,21.0,100000.0,7.0,25.0,10000.0,-0.0023702770265327756,6.075012683667826e-07,1.935647409062913e-08,0.10813069006674407
V,1,2,14,20,26,21.0,100000.0,7.0,25.0,10500.0,-0.0024767713969466106,5.693905114435631e-07,2.062749459705833e-08,0.09281931915371536
V,1,2,14,20,26,21.0,100000.0,7.0,25.0,11000.0,-0.002610307547637767,5.37780231565275e-07,2.052577949819437e-08,0.07892625122962195
V,1,2,14,20,26,21.0,100000.0,7.0,25.0,11500.0,-0.002764525795871608,5.157307232383949e-07,1.91700902940525e-08,0.06748103121454485
V,1,2,14,20,26,21.0,100000.0,7.0,25.0,12000.0,-0.0029263410272477638,5.036567822319128e-07,1.6917546074822232e-08,0.05881455483696394
V,1,2,14,20,26,21.0,100000.0,10.0,30.0,0.0,0.0,0.0,0.0,
V,1,2,14,20,26,21.0,100000.0,10.0,30.0,500.0,0.10312426698122508,5.61382273081078e-07,6.539178042816097e-08,5.27882111971679e-05
V,1,2,14,20,26,21.0,100000.0,10.0,30.0,1000.0,0.07242498421304472,6.22472002147824e-07,9.544852454518162e-08,0.00011867056330475056
V,1,2,14,20,26,21.0,100000.0,10.0,30.0,1500.0,0.03663571555623824,5.452145797492129e-07,8.139264090484834e-08,0.00040621700892527117
V,1,2,14,20,26,21.0,100000.0,10.0,30.0,2000.0,0.01471422595110791,4.955825341181585e-07,5.623251722013343e-08,0.0022889755332145007
V,1,2,14,20,26,21.0,100000.0,10.0,30.0,2500.0,0.0038091375506976556,4.931368430821702e-07,3.433544508095976e-08,0.03398710234881066
V,1,2,14,20,26,21.0,100000.0,10.0,30.0,3000.0,-0.0007510733776540277,5.159300414297776e-07,1.9290609860400757e-08,0.9145892235423623
V,1,2,14,20,26,21.0,100000.0,10.0,30.0,3500.0,-0.0021371395806197126,5.235364243631585e-07,1.1160714826949658e-08,0.11462546940568931
V,1,2,14,20,26,21.0,100000.0,10.0,30.0,4000.0,-0.002140070315010903,5.000844980830712e-07,8.613151770717897e-09,0.10919111640059748
V,1,2,14,20,26,21.0,100000.0,10.0,30.0,4500.0,-0.0016864625404024068,4.640003910777821e-07,9.345527027029104e-09,0.163141686800055
V,1,2,14,20,26,21.0,100000.0,10.0,30.0,5000.0,-0.0012163096628347982,4.4472694362978394e-07,1.0859236852603412e-08,0.3006111796930129
V,1,2,14,20,26,21.0,100000.0,10.0,30.0,5500.0,-0.0009095436221234313,4.5916023796149606e-07,1.1520174341735448e-08,0.5550309568474122
V,1,2,14,20,26,21.0,100000.0,10.0,30.0,6000.0,-0.0008125160115953705,5.047646949895504e-07,1.1051616428246602e-08,0.7645838408816349
V,1,2,14,20,26,21.0,100000.0,10.0,30.0,6500.0,-0.0009054198879852639,5.658174653691162e-07,1.0124084920704126e-08,0.690202120773319
V,1,2,14,20,26,21.0,100000.0,10.0,30.0,7000.0,-0.0011376562743039575,6.236085685513517e-07,9.527480691624769e-09,0.4818256779979445
V,1,2,14,20,26,21.0,100000.0,10.0,30.0,7500.0,-0.001447430070107736,6.647501989547917e-07,9.606662171400787e-09,0.31729504820514104
V,1,2,14,20,26,21.0,100000.0,10.0,30.0,8000.0,-0.001774004230107144,6.848728263977168e-07,1.0225494581020837e-08,0.21762091549352167
V,1,2,14,20,26,21.0,100000.0,10.0,30.0,8500.0,-0.0020660027439117603,6.873073158643158e-07,1.1053648119037884e-08,0.16102346903684436
V,1,2,14,20,26,21.0,100000.0,10.0,30.0,9000.0,-0.0022866390038289983,6.788335312365717e-07,1.1836543379345279e-08,0.12982791189484982
V,1,2,14,20,26,21.0,100000.0,10.0,30.0,9500.0,-0.0024159700582158357,6.65528336843234e-07,1.2479882261269164e-08,0.11402063524804586
V,1,2,14,20,26,21.0,100000.0,10.0,30.0,10000.0,-0.0024503690157066434,6.506345332151848e-07,1.2989962696664965e-08,0.10836127981500279
V,1,2,14,20,26,21.0,100000.0,10.0,30.0,10500.0,-0.0023997482189670773,6.346740617969508e-07,1.3383641463730531e-08,0.11020959175306184
V,1,2,14,20,26,21.0,100000.0,10.0,30.0,11000.0,-0.002283340241346899,6.169325799573515e-07,1.3638707610065261e-08,0.11833043046013206
V,1,2,14,20,26,21.0,100000.0,10.0,30.0,11500.0,-0.0021249460640215823,5.971152988066696e-07,1.3694363088590638e-08,0.13223985859945175
V,1,2,14,20,26,21.0,100000.0,10.0,30.0,12000.0,-0.0019484880766855253,5.762578416827577e-07,1.3482087502410984e-08,0.1517823746572979
V,1,2,14,20,26,21.0,100000.0,12.0,36.0,0.0,0.0,0.0,0.0,
V,1,2,14,20,26,21.0,100000.0,12.0,36.0,500.0,0.11655224568308169,7.592782260073857e-07,4.793445308815548e-08,5.589328746562411e-05
V,1,2,14,20,26,21.0,100000.0,12.0,36.0,1000.0,0.08706817696405164,8.555661809797165e-07,8.235478357810939e-08,0.00011285861252276279
V,1,2,14,20,26,21.0,100000.0,12.0,36.0,1500.0,0.04815936318887839,7.510391667174679e-07,8.753161316673927e-08,0.00032381809597605905
V,1,2,14,20,26,21.0,100000.0,12.0,36.0,2000.0,0.022603822383912852,6.907055912822259e-07,7.962519537153662e-08,0.0013518521608258177
V,1,2,14,20,26,21.0,100000.0,12.0,36.0,2500.0,0.008808110318646381,6.472612835651174e-07,6.751000627080694e-08,0.00834284431535728
V,1,2,14,20,26,21.0,100000.0,12.0,36.0,3000.0,0.002221051811500778,6.169041406324612e-07,5.419852489446119e-08,0.12505478270086065
V,1,2,14,20,26,21.0,100000.0,12.0,36.0,3500.0,-0.0005052061506291955,6.224735174477637e-07,4.124592203340017e-08,2.438841750231293
V,1,2,14,20,26,21.0,100000.0,12.0,36.0,4000.0,-0.001340205224679347,6.707522708920058e-07,2.98857845428585e-08,0.3734388855966457
V,1,2,14,20,26,21.0,100000.0,12.0,36.0,4500.0,-0.0013464457362801108,7.461178519090504e-07,2.0596901028907968e-08,0.41155674185392693
V,1,2,14,20,26,21.0,100000.0,12.0,36.0,5000.0,-0.0010699424625461608,8.223305283174738e-07,1.3228076916564278e-08,0.718332583054386
V,1,2,14,20,26,21.0,100000.0,12.0,36.0,5500.0,-0.0007741431491400286,8.771251491821368e-07,7.544547689203914e-09,1.4635885855387563
V,1,2,14,20,26,21.0,100000.0,12.0,36.0,6000.0,-0.0005673328627217698,9.018774674771441e-07,3.5240013800521858e-09,2.8020227372955016
V,1,2,14,20,26,21.0,100000.0,12.0,36.0,6500.0,-0.00047258450152961446,9.005262146650861e-07,1.241307403279787e-09,4.03215678058594
V,1,2,14,20,26,21.0,100000.0,12.0,36.0,7000.0,-0.0004690028409718953,8.820181956739684e-07,6.128799577085923e-10,4.009835880470119
V,1,2,14,20,26,21.0,100000.0,12.0,36.0,7500.0,-0.0005178303879830395,8.543617693875827e-07,1.2980650019140489e-09,3.1861538381420518
V,1,2,14,20,26,21.0,100000.0,12.0,36.0,8000.0,-0.0005790084883479146,8.22679385317555e-07,2.811603458098166e-09,2.45392199730217
V,1,2,14,20,26,21.0,100000.0,12.0,36.0,8500.0,-0.0006206213902449874,7.892796535780941e-07,4.698810618042779e-09,2.0491673514944204
V,1,2,14,20,26,21.0,100000.0,12.0,36.0,9000.0,-0.0006228872045896479,7.542056683321496e-07,6.627589138019957e-09,1.9438868093915824
V,1,2,14,20,26,21.0,100000.0,12.0,36.0,9500.0,-0.0005783688986211718,7.161336659638237e-07,8.37769335802668e-09,2.140840088740816
V,1,2,14,20,26,21.0,100000.0,12.0,36.0,10000.0,-0.0004900195341946471,6.73712176654323e-07,9.797315058298845e-09,2.8057412071916765
V,1,2,14,20,26,21.0,100000.0,12.0,36.0,10500.0,-0.00036832681591188464,6.269793331427578e-07,1.0789467739413436e-08,4.621538212169609
V,1,2,14,20,26,21.0,100000.0,12.0,36.0,11000.0,-0.00022831895351032954,5.782209684663044e-07,1.1333447923753284e-08,11.092001160892234
V,1,2,14,20,26,21.0,100000.0,12.0,36.0,11500.0,-8.67628705501275e-05,5.318009976232531e-07,1.1507428982262738e-08,70.6449827261448
V,1,2,14,20,26,21.0,100000.0,12.0,36.0,12000.0,4.033815624431375e-05,4.929966862346757e-07,1.1480407935628716e-08,302.97857068553594
V,1,2,14,20,26,21.0,100000.0,15.0,40.0,0.0,0.0,0.0,0.0,
V,1,2,14,20,26,21.0,100000.0,15.0,40.0,500.0,0.1260471899026565,8.775933576284111e-07,2.7247719591941064e-08,5.523660675727857e-05
V,1,2,14,20,26,21.0,100000.0,15.0,40.0,1000.0,0.09800387546382434,1.0243395163117607e-06,5.418567968554578e-08,0.00010664915711992002
V,1,2,14,20,26,21.0,100000.0,15.0,40.0,1500.0,0.05737008871947885,8.808225596644064e-07,6.542832948975156e-08,0.00026761927281618287
V,1,2,14,20,26,21.0,100000.0,15.0,40.0,2000.0,0.029288328877795575,7.651232477600067e-07,6.800711148875815e-08,0.0008919534974444208
V,1,2,14,20,26,21.0,100000.0,15.0,40.0,2500.0,0.013219269144377271,7.159801484603487e-07,6.634284750920159e-08,0.004097189878962563
V,1,2,14,20,26,21.0,100000.0,15.0,40.0,3000.0,0.004982412604269913,7.187723230879374e-07,6.047192798362467e-08,0.028954226458243075
V,1,2,14,20,26,21.0,100000.0,15.0,40.0,3500.0,0.0012476492796389368,7.609185550167507e-07,5.1096818154207204e-08,0.4888246906948142
V,1,2,14,20,26,21.0,100000.0,15.0,40.0,4000.0,-9.247431101052119e-05,8.268262697923185e-07,4.02709511020044e-08,96.68788448027664
V,1,2,14,20,26,21.0,100000.0,15.0,40.0,4500.0,-0.0002727575073595255,8.8749868577812e-07,3.02999314710868e-08,11.92928166092731
V,1,2,14,20,26,21.0,100000.0,15.0,40.0,5000.0,1.694631406995908e-05,9.188373500786129e-07,2.2758229300992706e-08,3199.5443804670854
V,1,2,14,20,26,21.0,100000.0,15.0,40.0,5500.0,0.0004165604214109027,9.180567120978555e-07,1.804311041521269e-08,5.290704456477433
V,1,2,14,20,26,21.0,100000.0,15.0,40.0,6000.0,0.0007615996442964626,8.970466351305768e-07,1.5590025787389434e-08,1.5465414217013562
V,1,2,14,20,26,21.0,100000.0,15.0,40.0,6500.0,0.0009982573596880213,8.656916387003606e-07,1.4486516121258011e-08,0.8687167221449386
V,1,2,14,20,26,21.0,100000.0,15.0,40.0,7000.0,0.00112969505156595,8.24556568551253e-07,1.3957941723591639e-08,0.646097414143907
V,1,2,14,20,26,21.0,100000.0,15.0,40.0,7500.0,0.0011832684637853674,7.702858252821444e-07,1.349487066279318e-08,0.550155331726492
V,1,2,14,20,26,21.0,100000.0,15.0,40.0,8000.0,0.0011917975465015932,7.040678428907607e-07,1.2793744307120784e-08,0.4956892894626808
V,1,2,14,20,26,21.0,100000.0,15.0,40.0,8500.0,0.0011838830110196242,6.343369109948312e-07,1.1723041190307318e-08,0.4525873449412373
V,1,2,14,20,26,21.0,100000.0,15.0,40.0,9000.0,0.0011797952868030672,5.728064018031817e-07,1.0341790293488123e-08,0.411523413561455
V,1,2,14,20,26,21.0,100000.0,15.0,40.0,9500.0,0.001190669711185138,5.284406081789039e-07,8.891450416872193e-09,0.3727464978814765
V,1,2,14,20,26,21.0,100000.0,15.0,40.0,10000.0,0.0012195583285237316,5.040209127786254e-07,7.715088620296274e-09,0.3388780221700319
V,1,2,14,20,26,21.0,100000.0,15.0,40.0,10500.0,0.0012633825276676493,4.968045150893843e-07,7.12560690280322e-09,0.3112546163679999
V,1,2,14,20,26,21.0,100000.0,15.0,40.0,11000.0,0.0013151434856294576,5.017221471392209e-07,7.2780672467814616e-09,0.2900794718370228
V,1,2,14,20,26,21.0,100000.0,15.0,40.0,11500.0,0.001365983363231092,5.144846993059656e-07,8.098997112864976e-09,0.2757284906746111
V,1,2,14,20,26,21.0,100000.0,15.0,40.0,12000.0,0.0014068844044219718,5.3285357855783e-07,9.302894550405003e-09,0.2692099181048183
V,1,2,14,20,26,21.0,100000.0,20.0,50.0,0.0,0.0,0.0,0.0,
V,1,2,14,20,26,21.0,100000.0,20.0,50.0,500.0,0.14282030626776285,9.970342247989956e-07,8.20927347852022e-09,4.887988171898369e-05
V,1,2,14,20,26,21.0,100000.0,20.0,50.0,1000.0,0.11894870179594733,1.234442059215858e-06,2.1527195473678378e-08,8.724715964995104e-05
V,1,2,14,20,26,21.0,100000.0,20.0,50.0,1500.0,0.07705973233817578,1.1731205083301384e-06,2.949684023088836e-08,0.00019755482207827856
V,1,2,14,20,26,21.0,100000.0,20.0,50.0,2000.0,0.04574760153680086,1.1116780374635794e-06,3.068951220476353e-08,0.0005311807970463033
V,1,2,14,20,26,21.0,100000.0,20.0,50.0,2500.0,0.026006426051589104,9.823579385045523e-07,3.048368316823419e-08,0.0014524741530861315
V,1,2,14,20,26,21.0,100000.0,20.0,50.0,3000.0,0.01430136978825367,8.052990305378001e-07,3.0696153316753455e-08,0.003937330796122614
V,1,2,14,20,26,21.0,100000.0,20.0,50.0,3500.0,0.007545196346292594,6.611330819188457e-07,3.039260398009109e-08,0.011613090152635522
V,1,2,14,20,26,21.0,100000.0,20.0,50.0,4000.0,0.003710030127559034,5.967908316327693e-07,2.893755586613482e-08,0.04335780320607808
V,1,2,14,20,26,21.0,100000.0,20.0,50.0,4500.0,0.001581145619477102,5.997596102663942e-07,2.6895418694861107e-08,0.2399017838308415
V,1,2,14,20,26,21.0,100000.0,20.0,50.0,5000.0,0.0004547612191298196,6.29356042344122e-07,2.5140097193664895e-08,3.043193460406461
V,1,2,14,20,26,21.0,100000.0,20.0,50.0,5500.0,-8.014648314237336e-05,6.518033004927652e-07,2.410561022491628e-08,101.47232586631534
V,1,2,14,20,26,21.0,100000.0,20.0,50.0,6000.0,-0.00027477233480716626,6.531368177874906e-07,2.3763408425623207e-08,8.650837572686402
V,1,2,14,20,26,21.0,100000.0,20.0,50.0,6500.0,-0.00029045935344251036,6.355731349617979e-07,2.384734959109971e-08,7.5334654204407805
V,1,2,14,20,26,21.0,100000.0,20.0,50.0,7000.0,-0.00023036090145696884,6.084986519934839e-07,2.402548729746828e-08,11.466795881066087
V,1,2,14,20,26,21.0,100000.0,20.0,50.0,7500.0,-0.0001536218581124536,5.808785443185876e-07,2.4036526319289787e-08,24.613836299969158
V,1,2,14,20,26,21.0,100000.0,20.0,50.0,8000.0,-8.542559191040254e-05,5.58040496630802e-07,2.3786860616276014e-08,76.46975929674286
V,1,2,14,20,26,21.0,100000.0,20.0,50.0,8500.0,-2.818260160115969e-05,5.423873754285594e-07,2.3336333560215956e-08,682.8847427435468
V,1,2,14,20,26,21.0,100000.0,20.0,50.0,9000.0,2.6552283494878715e-05,5.354406831493216e-07,2.2776856891910672e-08,759.4647364316412
V,1,2,14,20,26,21.0,100000.0,20.0,50.0,9500.0,8.805786153799378e-05,5.389127542428242e-07,2.2108009082876547e-08,69.4995820615396
V,1,2,14,20,26,21.0,100000.0,20.0,50.0,10000.0,0.00016042962133781203,5.542620724310693e-07,2.1208420629838213e-08,21.535057932850762
V,1,2,14,20,26,21.0,100000.0,20.0,50.0,10500.0,0.0002409894899271356,5.816110263043078e-07,1.991244350849991e-08,10.01466500301404
V,1,2,14,20,26,21.0,100000.0,20.0,50.0,11000.0,0.00032201885061103845,6.191277585001948e-07,1.8124824343711778e-08,5.9705959895078635
V,1,2,14,20,26,21.0,100000.0,20.0,50.0,11500.0,0.0003940099774748212,6.633174635593206e-07,1.5895756528324056e-08,4.272745173429805
V,1,2,14,20,26,21.0,100000.0,20.0,50.0,12000.0,0.00044877225433097214,7.099220455976697e-07,1.3420169219480667e-08,3.5249963022734336
V,1,2,14,20,26,21.0,100000.0,25.0,60.0,0.0,0.0,0.0,0.0,
V,1,2,14,20,26,21.0,100000.0,25.0,60.0,500.0,0.15515467389533574,9.79595965324459e-07,5.667158148229354e-09,4.069277077569208e-05
V,1,2,14,20,26,21.0,100000.0,25.0,60.0,1000.0,0.13478859172485935,1.2352309766470472e-06,1.628212816470956e-08,6.798950864435049e-05
V,1,2,14,20,26,21.0,100000.0,25.0,60.0,1500.0,0.09236310316485286,1.1511265182263697e-06,2.6239839826382777e-08,0.00013493543933801723
V,1,2,14,20,26,21.0,100000.0,25.0,60.0,2000.0,0.059114830494961405,1.1131482577444005e-06,2.8963573531429874e-08,0.000318537167305569
V,1,2,14,20,26,21.0,100000.0,25.0,60.0,2500.0,0.037175249397237306,1.061788062170635e-06,2.805642445281401e-08,0.0007682986263311367
V,1,2,14,20,26,21.0,100000.0,25.0,60.0,3000.0,0.023421630191035787,9.62656825495691e-07,2.7181336273540848e-08,0.0017548389097590705
V,1,2,14,20,26,21.0,100000.0,25.0,60.0,3500.0,0.014880382726717498,8.675461790421256e-07,2.6610580340634876e-08,0.003917999699472362
V,1,2,14,20,26,21.0,100000.0,25.0,60.0,4000.0,0.009534290069890067,8.138526696141931e-07,2.5496026774306808e-08,0.008953010029168693
V,1,2,14,20,26,21.0,100000.0,25.0,60.0,4500.0,0.006147638509193605,7.908240566846839e-07,2.3600945156554032e-08,0.020924892100206153
V,1,2,14,20,26,21.0,100000.0,25.0,60.0,5000.0,0.0039871626104918505,7.747226216806372e-07,2.1234737291519468e-08,0.0487324607049318
V,1,2,14,20,26,21.0,100000.0,25.0,60.0,5500.0,0.0026148334407698937,7.569138394374316e-07,1.8750269789984195e-08,0.11070274377559326
V,1,2,14,20,26,21.0,100000.0,25.0,60.0,6000.0,0.0017599607955977182,7.41496853341828e-07,1.6428088876854706e-08,0.23938852287881085
V,1,2,14,20,26,21.0,100000.0,25.0,60.0,6500.0,0.0012465520137804958,7.33459658717438e-07,1.454892193396125e-08,0.47201458983902467
V,1,2,14,20,26,21.0,100000.0,25.0,60.0,7000.0,0.0009538456090327445,7.342542930678949e-07,1.3324038884142554e-08,0.8070311998030916
V,1,2,14,20,26,21.0,100000.0,25.0,60.0,7500.0,0.00079548874516435,7.433190256618218e-07,1.2742198785015759e-08,1.1746464485820645
V,1,2,14,20,26,21.0,100000.0,25.0,60.0,8000.0,0.0007088142028462094,7.588877956235173e-07,1.2550378965285835e-08,1.5104722339730843
V,1,2,14,20,26,21.0,100000.0,25.0,60.0,8500.0,0.00064929722223124,7.770811089886988e-07,1.240772663155788e-08,1.8432288590973496
V,1,2,14,20,26,21.0,100000.0,25.0,60.0,9000.0,0.0005873538850159171,7.919985952321747e-07,1.207450790752187e-08,2.295750670650656
V,1,2,14,20,26,21.0,100000.0,25.0,60.0,9500.0,0.000505933000857998,7.977879767256178e-07,1.1501085280246939e-08,3.1167464259061672
V,1,2,14,20,26,21.0,100000.0,25.0,60.0,10000.0,0.00039820384036063446,7.910399473117093e-07,1.07909790889058e-08,4.988701602450989
V,1,2,14,20,26,21.0,100000.0,25.0,60.0,10500.0,0.0002651660532985786,7.718020579634842e-07,1.0097750793128065e-08,10.976656731447877
V,1,2,14,20,26,21.0,100000.0,25.0,60.0,11000.0,0.00011326954858704287,7.431002479547627e-07,9.529516267990752e-09,57.919001577853514
V,1,2,14,20,26,21.0,100000.0,25.0,60.0,11500.0,-4.778840084193233e-05,7.098532195343423e-07,9.10285419504886e-09,310.8304525635905
V,1,2,14,20,26,21.0,100000.0,25.0,60.0,12000.0,-0.00020694181193750506,6.778033048553209e-07,8.750559995512223e-09,15.82731286573431
V,1,2,14,20,26,21.0,100000.0,30.0,80.0,0.0,0.0,0.0,0.0,
V,1,2,14,20,26,21.0,100000.0,30.0,80.0,500.0,0.17036237346967947,8.976752706476849e-07,-1.698520212740526e-09,3.092942863937806e-05
V,1,2,14,20,26,21.0,100000.0,30.0,80.0,1000.0,0.15501945635107792,1.1017274943773074e-06,3.790162353298138e-09,4.58460336357655e-05
V,1,2,14,20,26,21.0,100000.0,30.0,80.0,1500.0,0.11214878994802882,1.03910319646278e-06,8.184427089144076e-09,8.261701444851442e-05
V,1,2,14,20,26,21.0,100000.0,30.0,80.0,2000.0,0.07641506204635501,1.0369705453236714e-06,9.970331366325043e-09,0.00017758589994060418
V,1,2,14,20,26,21.0,100000.0,30.0,80.0,2500.0,0.05149098060250636,1.0525554314722718e-06,1.1992415644107291e-08,0.0003969928191871219
V,1,2,14,20,26,21.0,100000.0,30.0,80.0,3000.0,0.03491539382835316,1.0204805691105708e-06,1.530788283707127e-08,0.0008370874863642246
V,1,2,14,20,26,21.0,100000.0,30.0,80.0,3500.0,0.024008131066611305,9.447772601650507e-07,1.9118918860711247e-08,0.0016391274562116245
V,1,2,14,20,26,21.0,100000.0,30.0,80.0,4000.0,0.016838727753030948,8.617378498258701e-07,2.2074852481451926e-08,0.0030391813675788725
V,1,2,14,20,26,21.0,100000.0,30.0,80.0,4500.0,0.012121997365432608,7.990748989952501e-07,2.3158964741475825e-08,0.005437998932520865
V,1,2,14,20,26,21.0,100000.0,30.0,80.0,5000.0,0.00900536048467138,7.650452520421125e-07,2.2097465324303923e-08,0.009433762090092484
V,1,2,14,20,26,21.0,100000.0,30.0,80.0,5500.0,0.00692144314213877,7.546529254645971e-07,1.9369232294209447e-08,0.015752661786429322
V,1,2,14,20,26,21.0,100000.0,30.0,80.0,6000.0,0.0054987733285930054,7.59742088999124e-07,1.5771923392621522e-08,0.0251266477598166
V,1,2,14,20,26,21.0,100000.0,30.0,80.0,6500.0,0.004503389357594436,7.751787158282022e-07,1.1922190742656702e-08,0.038222830576011474
V,1,2,14,20,26,21.0,100000.0,30.0,80.0,7000.0,0.0037951688750802533,7.994320699818596e-07,8.091735919468497e-09,0.05550337027577013
V,1,2,14,20,26,21.0,100000.0,30.0,80.0,7500.0,0.0032929487049725243,8.325959155418019e-07,4.345711527656522e-09,0.07678287062316015
V,1,2,14,20,26,21.0,100000.0,30.0,80.0,8000.0,0.002947610434192766,8.745111644057373e-07,7.210427271095098e-10,0.10065264404075068
V,1,2,14,20,26,21.0,100000.0,30.0,80.0,8500.0,0.002723620911554693,9.232206517300752e-07,-2.696476221431335e-09,0.12445495462751771
V,1,2,14,20,26,21.0,100000.0,30.0,80.0,9000.0,0.0025888397597042946,9.735515926161464e-07,-5.7707461365265035e-09,0.1452608669191115
V,1,2,14,20,26,21.0,100000.0,30.0,80.0,9500.0,0.0025111356321356137,1.01669770691957e-06,-8.332124793622937e-09,0.16123209714510237
V,1,2,14,20,26,21.0,100000.0,30.0,80.0,10000.0,0.002459420069136337,1.0418428457431747e-06,-1.019931524523837e-08,0.17224109928416528
V,1,2,14,20,26,21.0,100000.0,30.0,80.0,10500.0,0.0024065315287241686,1.0395549962278298e-06,-1.121640188223738e-08,0.17949996088219425
V,1,2,14,20,26,21.0,100000.0,30.0,80.0,11000.0,0.002331932886402889,1.0053393018417073e-06,-1.1301721644899287e-08,0.18487601292167238
V,1,2,14,20,26,21.0,100000.0,30.0,80.0,11500.0,0.002223087064990158,9.415828767425889e-07,-1.0487743686453637e-08,0.19052220910458026
V,1,2,14,20,26,21.0,100000.0,30.0,80.0,12000.0,0.0020752605794050944,8.570776388145464e-07,-8.93116202373431e-09,0.19900999622349494
V,2,0,6,18,30,19.0,100000.0,5.0,15.0,0.0,0.0,0.0,0.0,
V,2,0,6,18,30,19.0,100000.0,5.0,15.0,500.0,0.05828333685260302,2.0669736338281837e-07,3.781414499717023e-08,6.0847973725119804e-05
V,2,0,6,18,30,19.0,100000.0,5.0,15.0,1000.0,0.03279810212481092,1.413326447580851e-07,4.7196301078646415e-08,0.00013138478005133032
V,2,0,6,18,30,19.0,100000.0,5.0,15.0,1500.0,0.011956647374181718,1.0288450869055539e-07,3.912257195410415e-08,0.0007196662656217672
V,2,0,6,18,30,19.0,100000.0,5.0,15.0,2000.0,0.001970345478511862,1.1600653141336813e-07,3.039360479956691e-08,0.0298811755079859
V,2,0,6,18,30,19.0,100000.0,5.0,15.0,2500.0,-0.0018955378407806843,1.4521078831472006e-07,2.3349704102694383e-08,0.04041419807810385
V,2,0,6,18,30,19.0,100000.0,5.0,15.0,3000.0,-0.0031118203988220686,1.6545181091740634e-07,1.7872457254876836e-08,0.017086081681600494
V,2,0,6,18,30,19.0,100000.0,5.0,15.0,3500.0,-0.003320660581751212,1.6628670871371016e-07,1.4507680121646146e-08,0.015080250779298216
V,2,0,6,18,30,19.0,100000.0,5.0,15.0,4000.0,-0.0031901328997418475,1.5537362476608292e-07,1.2889035891163905e-08,0.015267212332986304
V,2,0,6,18,30,19.0,100000.0,5.0,15.0,4500.0,-0.002977559088992309,1.4587082540708747e-07,1.1824287154645915e-08,0.0164530971840334
V,2,0,6,18,30,19.0,100000.0,5.0,15.0,5000.0,-0.0027777010416177085,1.439957783150354e-07,1.0503545664983506e-08,0.01866288398038395
V,2,0,6,18,30,19.0,100000.0,5.0,15.0,5500.0,-0.0026173223896921666,1.4768642177047965e-07,8.863305675459553e-09,0.021558876647425295
V,2,0,6,18,30,19.0,100000.0,5.0,15.0,6000.0,-0.0024935585271032056,1.5123604614747294e-07,7.147241488888159e-09,0.024322946388077974
V,2,0,6,18,30,19.0,100000.0,5.0,15.0,6500.0,-0.002393783790545184,1.496099523847072e-07,5.534867071882272e-09,0.0261090242156954
V,2,0,6,18,30,19.0,100000.0,5.0,15.0,7000.0,-0.0023068099848133103,1.407283411851024e-07,4.132112715907339e-09,0.02644587393847971
V,2,0,6,18,30,19.0,100000.0,5.0,15.0,7500.0,-0.0022273312287182457,1.2590847306970225e-07,3.076352024434242e-09,0.02537963340814492
V,2,0,6,18,30,19.0,100000.0,5.0,15.0,8000.0,-0.0021553831215676937,1.0901102355350129e-07,2.5267518218100056e-09,0.023465048821773953
V,2,0,6,18,30,19.0,100000.0,5.0,15.0,8500.0,-0.0020934801691901957,9.496206968780636e-08,2.554092702633286e-09,0.021667682780494097
V,2,0,6,18,30,19.0,100000.0,5.0,15.0,9000.0,-0.0020438086558467717,8.812341206007397e-08,3.061365145222723e-09,0.02109652069837126
V,2,0,6,18,30,19.0,100000.0,5.0,15.0,9500.0,-0.002006649655445818,9.085446307487464e-08,3.812799855325449e-09,0.022563327986056283
V,2,0,6,18,30,19.0,100000.0,5.0,15.0,10000.0,-0.0019800390310890526,1.0274465980763517e-07,4.5457671411455635e-09,0.026206664928070566
V,2,0,6,18,30,19.0,100000.0,5.0,15.0,10500.0,-0.0019601207933901215,1.2090381720532167e-07,5.087663818144679e-09,0.03146837675767319
V,2,0,6,18,30,19.0,100000.0,5.0,15.0,11000.0,-0.0019417025597889272,1.4117139569545555e-07,5.413718992530356e-09,0.03744391943127102
V,2,0,6,18,30,19.0,100000.0,5.0,15.0,11500.0,-0.0019188296679141807,1.5961180593088425e-07,5.6256059687731696e-09,0.04335030547094804
V,2,0,6,18,30,19.0,100000.0,5.0,15.0,12000.0,-0.0018854257669374094,1.73628952786818e-07,5.87078557016649e-09,0.04884310558549711
V,2,0,6,18,30,19.0,100000.0,7.0,25.0,0.0,0.0,0.0,0.0,
V,2,0,6,18,30,19.0,100000.0,7.0,25.0,500.0,0.0907049575607401,3.4095943778159057e-07,5.756635551603434e-08,4.14419962721509e-05
V,2,0,6,18,30,19.0,100000.0,7.0,25.0,1000.0,0.06035895960746485,3.2683661927273317e-07,9.364764941893612e-08,8.971131422603424e-05
V,2,0,6,18,30,19.0,100000.0,7.0,25.0,1500.0,0.028552314077936854,2.3732394210418242e-07,8.557808864786252e-08,0.00029111120981754635
V,2,0,6,18,30,19.0,100000.0,7.0,25.0,2000.0,0.010416679374996424,1.9673747577753898e-07,6.543860161268036e-08,0.0018131281527316526
V,2,0,6,18,30,19.0,100000.0,7.0,25.0,2500.0,0.002060914531501916,1.8659256220510184e-07,4.8163091613279156e-08,0.043931331399289876
V,2,0,6,18,30,19.0,100000.0,7.0,25.0,3000.0,-0.0011856709835340938,1.8447243894146387e-07,3.6888214927724325e-08,0.13122092846815703
V,2,0,6,18,30,19.0,100000.0,7.0,25.0,3500.0,-0.0021647792212254363,1.8358769074806133e-07,3.033583311987124e-08,0.03917566143669305
V,2,0,6,18,30,19.0,100000.0,7.0,25.0,4000.0,-0.0022823348416063935,1.8302607292259767e-07,2.6164551990957423e-08,0.03513615555295032
V,2,0,6,18,30,19.0,100000.0,7.0,25.0,4500.0,-0.002140082298357618,1.8276891153295155e-07,2.269623127675527e-08,0.03990629198865999
V,2,0,6,18,30,19.0,100000.0,7.0,25.0,5000.0,-0.0019570560192910544,1.8304623692330378e-07,1.9399626578727256e-08,0.04779189935298259
V,2,0,6,18,30,19.0,100000.0,7.0,25.0,5500.0,-0.0017958653453554272,1.8390941176067706e-07,1.6482223239343886e-08,0.05702383420264265
V,2,0,6,18,30,19.0,100000.0,7.0,25.0,6000.0,-0.0016668560449608575,1.8479659351798716e-07,1.4287968155787315e-08,0.06651165777058651
V,2,0,6,18,30,19.0,100000.0,7.0,25.0,6500.0,-0.0015679299864641044,1.852554859386583e-07,1.2892465770749959e-08,0.07535598404377493
V,2,0,6,18,30,19.0,100000.0,7.0,25.0,7000.0,-0.00149563283275546,1.8600967826607534e-07,1.2001143479207329e-08,0.08315446251847042
V,2,0,6,18,30,19.0,100000.0,7.0,25.0,7500.0,-0.0014461134848719338,1.8870095105046852e-07,1.1131480813104478e-08,0.09023381872203452
V,2,0,6,18,30,19.0,100000.0,7.0,25.0,8000.0,-0.0014141221027915466,1.9433944903439427e-07,9.92019235011123e-09,0.09718229399718267
V,2,0,6,18,30,19.0,100000.0,7.0,25.0,8500.0,-0.0013928441703539584,2.0206641038373582e-07,8.324243629221886e-09,0.10415714444562668
V,2,0,6,18,30,19.0,100000.0,7.0,25.0,9000.0,-0.0013749590707748999,2.0943673666498814e-07,6.596049070824074e-09,0.11078305095224378
V,2,0,6,18,30,19.0,100000.0,7.0,25.0,9500.0,-0.0013543438793869526,2.138959026951096e-07,5.102010618374057e-09,0.11661235516441774
V,2,0,6,18,30,19.0,100000.0,7.0,25.0,10000.0,-0.0013275944858835204,2.1418770763371917e-07,4.139120609093645e-09,0.12152444964961218
V,2,0,6,18,30,19.0,100000.0,7.0,25.0,10500.0,-0.0012947244459405394,2.1075338024455227e-07,3.848056167215095e-09,0.12572448137418193
V,2,0,6,18,30,19.0,100000.0,7.0,25.0,11000.0,-0.0012588278518715261,2.051306132226096e-07,4.220859625870016e-09,0.129448729368437
V,2,0,6,18,30,19.0,100000.0,7.0,25.0,11500.0,-0.0012249287649610027,1.9900865890232004e-07,5.1496741577121086e-09,0.13263260711182867
V,2,0,6,18,30,19.0,100000.0,7.0,25.0,12000.0,-0.0011984971424791044,1.9358763367334695e-07,6.471917991824281e-09,0.1347732202441188
V,2,0,6,18,30,19.0,100000.0,10.0,30.0,0.0,0.0,0.0,0.0,
V,2,0,6,18,30,19.0,100000.0,10.0,30.0,500.0,0.10699311530340458,4.0724349686333496e-07,5.466448360281506e-08,3.557480202854945e-05
V,2,0,6,18,30,19.0,100000.0,10.0,30.0,1000.0,0.07655975853713673,4.149502620944178e-07,9.388819545816313e-08,7.079375249309163e-05
V,2,0,6,18,30,19.0,100000.0,10.0,30.0,1500.0,0.04015995214686341,3.127615871563744e-07,8.698248533328895e-08,0.00019392197923163865
V,2,0,6,18,30,19.0,100000.0,10.0,30.0,2000.0,0.01751578246830942,2.4910399266612376e-07,6.318646273334877e-08,0.0008119356350336442
V,2,0,6,18,30,19.0,100000.0,10.0,30.0,2500.0,0.005981262461053034,2.187612548526259e-07,4.005755057077171e-08,0.006114834202526775
V,2,0,6,18,30,19.0,100000.0,10.0,30.0,3000.0,0.0008807293696069749,1.985106832207763e-07,2.4084234685683382e-08,0.25591687630822046
V,2,0,6,18,30,19.0,100000.0,10.0,30.0,3500.0,-0.0009944023517653312,1.7949381158309982e-07,1.5602056271213595e-08,0.18152029743172204
V,2,0,6,18,30,19.0,100000.0,10.0,30.0,4000.0,-0.0014375409669701166,1.6378692591563965e-07,1.2104044951748293e-08,0.07925720843397359
V,2,0,6,18,30,19.0,100000.0,10.0,30.0,4500.0,-0.0013423403668412185,1.5437331962449454e-07,1.0874449109819444e-08,0.08567358540080908
V,2,0,6,18,30,19.0,100000.0,10.0,30.0,5000.0,-0.0011056623142756542,1.5076668807127485e-07,1.0329328122873266e-08,0.12332762845009113
V,2,0,6,18,30,19.0,100000.0,10.0,30.0,5500.0,-0.0008779671618068671,1.503886940684389e-07,1.0020980360450106e-08,0.1951006171020757
V,2,0,6,18,30,19.0,100000.0,10.0,30.0,6000.0,-0.0007025898036878749,1.5130475227212709e-07,1.0025899006713632e-08,0.3065129889939521
V,2,0,6,18,30,19.0,100000.0,10.0,30.0,6500.0,-0.0005840729936120375,1.5317890901930432e-07,1.0412762607968005e-08,0.4490190022192523
V,2,0,6,18,30,19.0,100000.0,10.0,30.0,7000.0,-0.0005159618354625548,1.562399176905077e-07,1.1051315364283359e-08,0.5868901807903574
V,2,0,6,18,30,19.0,100000.0,10.0,30.0,7500.0,-0.0004892176685682294,1.599806383034225e-07,1.166302782658053e-08,0.668441119688985
V,2,0,6,18,30,19.0,100000.0,10.0,30.0,8000.0,-0.0004939077549639323,1.6300389803219463e-07,1.1948732643071517e-08,0.6681997360956438
V,2,0,6,18,30,19.0,100000.0,10.0,30.0,8500.0,-0.0005199284071718935,1.6390711118177046e-07,1.1710030205669076e-08,0.606332298371921
V,2,0,6,18,30,19.0,100000.0,10.0,30.0,9000.0,-0.0005581362474042528,1.62195103247704e-07,1.0926345728228757e-08,0.5206636784442003
V,2,0,6,18,30,19.0,100000.0,10.0,30.0,9500.0,-0.0006014028728329089,1.5846098635855443e-07,9.759130019902594e-09,0.438118264073952
V,2,0,6,18,30,19.0,100000.0,10.0,30.0,10000.0,-0.0006449657941626223,1.538239023464051e-07,8.484083315518661e-09,0.36978599583408217
V,2,0,6,18,30,19.0,100000.0,10.0,30.0,10500.0,-0.0006859942426319028,1.4914983321133825e-07,7.3905008120658945e-09,0.31694348607294803
V,2,0,6,18,30,19.0,100000.0,10.0,30.0,11000.0,-0.0007227691821168967,1.446351576468584e-07,6.695868757050754e-09,0.2768691836325194
V,2,0,6,18,30,19.0,100000.0,10.0,30.0,11500.0,-0.00075399006762928,1.3997270160782833e-07,6.504262670628475e-09,0.24621363229008122
V,2,0,6,18,30,19.0,100000.0,10.0,30.0,12000.0,-0.0007785204171966536,1.348628138087325e-07,6.8117832781463296e-09,0.22251136772521488
V,2,0,6,18,30,19.0,100000.0,12.0,36.0,0.0,0.0,0.0,0.0,
V,2,0,6,18,30,19.0,100000.0,12.0,36.0,500.0,0.12150553025448946,4.760628628025847e-07,3.7139441894181644e-08,3.2245730043368e-05
V,2,0,6,18,30,19.0,100000.0,12.0,36.0,1000.0,0.09226064059413967,5.598000302464256e-07,7.445060234947171e-08,6.576578163797203e-05
V,2,0,6,18,30,19.0,100000.0,12.0,36.0,1500.0,0.052491900903771406,4.469646386599516e-07,8.06266454472935e-08,0.00016221408642412568
V,2,0,6,18,30,19.0,100000.0,12.0,36.0,2000.0,0.025863430539948884,3.319219467455936e-07,7.092558874116353e-08,0.000496207940966101
V,2,0,6,18,30,19.0,100000.0,12.0,36.0,2500.0,0.011092374161415359,2.546223643436011e-07,5.787345267926228e-08,0.0020694146797777258
V,2,0,6,18,30,19.0,100000.0,12.0,36.0,3000.0,0.0037479288611228312,2.1071572619783185e-07,4.574116294245489e-08,0.015000794831673667
V,2,0,6,18,30,19.0,100000.0,12.0,36.0,3500.0,0.0004856236701297966,1.9030074575424817e-07,3.486310248978245e-08,0.8069391686396072
V,2,0,6,18,30,19.0,100000.0,12.0,36.0,4000.0,-0.0007060169294220883,1.8277701171485527e-07,2.5518412046964982e-08,0.36668347848421295
V,2,0,6,18,30,19.0,100000.0,12.0,36.0,4500.0,-0.0009269902910358478,1.8002765018564482e-07,1.8499371829857175e-08,0.20950232250464676
V,2,0,6,18,30,19.0,100000.0,12.0,36.0,5000.0,-0.0007447085328007604,1.7661907993643087e-07,1.424291030255379e-08,0.3184673822757759
V,2,0,6,18,30,19.0,100000.0,12.0,36.0,5500.0,-0.00043786229756545634,1.690111466103649e-07,1.2390930158827633e-08,0.881536390390747
V,2,0,6,18,30,19.0,100000.0,12.0,36.0,6000.0,-0.00013553253652283766,1.5642408966227937e-07,1.2057629250509796e-08,8.515624514889808
V,2,0,6,18,30,19.0,100000.0,12.0,36.0,6500.0,0.00010891141334604031,1.4120145890237574e-07,1.2319587357752625e-08,11.903985687532847
V,2,0,6,18,30,19.0,100000.0,12.0,36.0,7000.0,0.00028030445876776937,1.272550391948849e-07,1.2531971692312574e-08,1.6196268837295014
V,2,0,6,18,30,19.0,100000.0,12.0,36.0,7500.0,0.00038258458113932475,1.1781523303185194e-07,1.2408615174606184e-08,0.8049085122003709
V,2,0,6,18,30,19.0,100000.0,12.0,36.0,8000.0,0.0004282808859286771,1.1402516568500988e-07,1.1961469709705043e-08,0.621646262960838
V,2,0,6,18,30,19.0,100000.0,12.0,36.0,8500.0,0.0004322031151980289,1.148720883838622e-07,1.1373772390812202e-08,0.614948478029223
V,2,0,6,18,30,19.0,100000.0,12.0,36.0,9000.0,0.00040782660735159157,1.1813699291635937e-07,1.0847470782178145e-08,0.7102885257434364
V,2,0,6,18,30,19.0,100000.0,12.0,36.0,9500.0,0.00036579954173748016,1.2169688606046173e-07,1.0475303663770454e-08,0.9094799969341084
V,2,0,6,18,30,19.0,100000.0,12.0,36.0,10000.0,0.0003139421321823644,1.2449205763707185e-07,1.0193277486369996e-08,1.2631136781226973
V,2,0,6,18,30,19.0,100000.0,12.0,36.0,10500.0,0.00025792642582823255,1.2677423701791158e-07,9.831580196116376e-09,1.9056332654774861
V,2,0,6,18,30,19.0,100000.0,12.0,36.0,11000.0,0.000201935863692003,1.2970016022094743e-07,9.223995931409587e-09,3.180633289489701
V,2,0,6,18,30,19.0,100000.0,12.0,36.0,11500.0,0.0001489692691959057,1.3461500868267774e-07,8.3060798040656e-09,6.065967918177655
V,2,0,6,18,30,19.0,100000.0,12.0,36.0,12000.0,0.00010083235704125797,1.423747623296201e-07,7.151276078972704e-09,14.00338965299588
V,2,0,6,18,30,19.0,100000.0,15.0,40.0,0.0,0.0,0.0,0.0,
V,2,0,6,18,30,19.0,100000.0,15.0,40.0,500.0,0.13179929878603802,4.894614275571622e-07,2.1207661315798716e-08,2.817683917499679e-05
V,2,0,6,18,30,19.0,100000.0,15.0,40.0,1000.0,0.10407654839706926,5.971823161130102e-07,4.9161898223630655e-08,5.513167371303696e-05
V,2,0,6,18,30,19.0,100000.0,15.0,40.0,1500.0,0.062455113781609325,4.636646731335305e-07,6.446926826985936e-08,0.00011886883332900948
V,2,0,6,18,30,19.0,100000.0,15.0,40.0,2000.0,0.033197536418294225,3.1499391747401193e-07,6.727051179520821e-08,0.0002858185789520894
V,2,0,6,18,30,19.0,100000.0,15.0,40.0,2500.0,0.01601892726936009,2.1379490609473563e-07,6.204335626937695e-08,0.0008331639960968229
V,2,0,6,18,30,19.0,100000.0,15.0,40.0,3000.0,0.006754091070193121,1.5341505832768039e-07,5.299819754257026e-08,0.0033630565111069438
V,2,0,6,18,30,19.0,100000.0,15.0,40.0,3500.0,0.002058482522539637,1.227798914875825e-07,4.297613350317132e-08,0.02897562932548721
V,2,0,6,18,30,19.0,100000.0,15.0,40.0,4000.0,-0.00015118873172216335,1.154406052111798e-07,3.36550005055124e-08,5.050329887639178
V,2,0,6,18,30,19.0,100000.0,15.0,40.0,4500.0,-0.0010565688676850318,1.2560788508846357e-07,2.601187421364143e-08,0.11251781335436377
V,2,0,6,18,30,19.0,100000.0,15.0,40.0,5000.0,-0.0013002198362693437,1.477372778226232e-07,2.0355864482118653e-08,0.08738894930280484
V,2,0,6,18,30,19.0,100000.0,15.0,40.0,5500.0,-0.0012231638368180187,1.7717559283061266e-07,1.632182804012343e-08,0.11842261024547893
V,2,0,6,18,30,19.0,100000.0,15.0,40.0,6000.0,-0.0010012739376225354,2.094084139765614e-07,1.326504406914674e-08,0.20887588529089754
V,2,0,6,18,30,19.0,100000.0,15.0,40.0,6500.0,-0.0007217292422768188,2.3916713371167874e-07,1.0720870530537497e-08,0.459148209293854
V,2,0,6,18,30,19.0,100000.0,15.0,40.0,7000.0,-0.00042713969517133287,2.611033844602787e-07,8.543067525776656e-09,1.4311087414669588
V,2,0,6,18,30,19.0,100000.0,15.0,40.0,7500.0,-0.00014082793897266093,2.7165148511960276e-07,6.784274196248969e-09,13.697283253597464
V,2,0,6,18,30,19.0,100000.0,15.0,40.0,8000.0,0.00012060442602917225,2.704119023622098e-07,5.543596947903074e-09,18.590852755297604
V,2,0,6,18,30,19.0,100000.0,15.0,40.0,8500.0,0.0003433321344523099,2.5997940738863327e-07,4.878475834407118e-09,2.2055151355619476
V,2,0,6,18,30,19.0,100000.0,15.0,40.0,9000.0,0.000517024297177821,2.44475531036159e-07,4.768883576697455e-09,0.9145627155601476
V,2,0,6,18,30,19.0,100000.0,15.0,40.0,9500.0,0.0006367455254393616,2.27867295531614e-07,5.109904386790241e-09,0.5620179601972456
V,2,0,6,18,30,19.0,100000.0,15.0,40.0,10000.0,0.0007038451343348025,2.1302290611392894e-07,5.724887182921769e-09,0.430003588366347
V,2,0,6,18,30,19.0,100000.0,15.0,40.0,10500.0,0.0007251694070165734,2.0169391223228484e-07,6.397092585712547e-09,0.38354280656996187
V,2,0,6,18,30,19.0,100000.0,15.0,40.0,11000.0,0.0007110475808890482,1.9493363210838835e-07,6.9146959477613466e-09,0.3855577599904389
V,2,0,6,18,30,19.0,100000.0,15.0,40.0,11500.0,0.000672929382138381,1.9336055563433504e-07,7.118525112093244e-09,0.4270010104276755
V,2,0,6,18,30,19.0,100000.0,15.0,40.0,12000.0,0.0006214174028660759,1.9707483561096687e-07,6.937303448284763e-09,0.5103455706828317
V,2,0,6,18,30,19.0,100000.0,20.0,50.0,0.0,0.0,0.0,0.0,
V,2,0,6,18,30,19.0,100000.0,20.0,50.0,500.0,0.15056522912447254,5.461473516013202e-07,-8.242092307228993e-09,2.4091312064258742e-05
V,2,0,6,18,30,19.0,100000.0,20.0,50.0,1000.0,0.1273605364240109,6.365570310369751e-07,8.434599616126168e-09,3.924348432729831e-05
V,2,0,6,18,30,19.0,100000.0,20.0,50.0,1500.0,0.08378344233728363,4.689613701637821e-07,3.243398458874509e-08,6.680680005983782e-05
V,2,0,6,18,30,19.0,100000.0,20.0,50.0,2000.0,0.05037277061993404,3.074811187749784e-07,4.5692769108648155e-08,0.0001211788356186243
V,2,0,6,18,30,19.0,100000.0,20.0,50.0,2500.0,0.028848115006191707,2.140992064058667e-07,4.7183776227898505e-08,0.0002572646860619409
V,2,0,6,18,30,19.0,100000.0,20.0,50.0,3000.0,0.015860001203901714,1.791144814080171e-07,4.211973773294531e-08,0.0007120725890299469
V,2,0,6,18,30,19.0,100000.0,20.0,50.0,3500.0,0.008288684241118647,1.7693552319436853e-07,3.5526878175698316e-08,0.0025753949735835145
V,2,0,6,18,30,19.0,100000.0,20.0,50.0,4000.0,0.0040000043832075895,1.886497391650644e-07,2.994953611499437e-08,0.011790582857516234
V,2,0,6,18,30,19.0,100000.0,20.0,50.0,4500.0,0.001657134358345399,2.0356013663647948e-07,2.6000414634781328e-08,0.07412714778213021
V,2,0,6,18,30,19.0,100000.0,20.0,50.0,5000.0,0.00044659838295243987,2.156736307185992e-07,2.33423055295389e-08,1.0813412166221457
V,2,0,6,18,30,19.0,100000.0,20.0,50.0,5500.0,-0.00012179849311730224,2.221910058568024e-07,2.1372976715608825e-08,14.97761436653048
V,2,0,6,18,30,19.0,100000.0,20.0,50.0,6000.0,-0.00034087819541301126,2.2288222818138385e-07,1.968708843437387e-08,1.9181254013768665
V,2,0,6,18,30,19.0,100000.0,20.0,50.0,6500.0,-0.0003822563029586529,2.1885188290595312e-07,1.824181598408898e-08,1.497755686502833
V,2,0,6,18,30,19.0,100000.0,20.0,50.0,7000.0,-0.0003429298858661226,2.1127606972680803e-07,1.7206375490990168e-08,1.7965513685130396
V,2,0,6,18,30,19.0,100000.0,20.0,50.0,7500.0,-0.0002748016848221733,2.011557869157962e-07,1.669054580146083e-08,2.6637517550411474
V,2,0,6,18,30,19.0,100000.0,20.0,50.0,8000.0,-0.00020387345347121365,1.8988397562271387e-07,1.658368544394173e-08,4.568429810386605
V,2,0,6,18,30,19.0,100000.0,20.0,50.0,8500.0,-0.0001424830386964915,1.794713647475079e-07,1.6591342971305888e-08,8.840337144577402
V,2,0,6,18,30,19.0,100000.0,20.0,50.0,9000.0,-9.647497348497905e-05,1.7183205367382814e-07,1.6395453239606474e-08,18.46183413643036
V,2,0,6,18,30,19.0,100000.0,20.0,50.0,9500.0,-6.876016398134134e-05,1.6773529556171733e-07,1.580354379638791e-08,35.477307382853134
V,2,0,6,18,30,19.0,100000.0,20.0,50.0,10000.0,-6.061629754080146e-05,1.66431527336864e-07,1.4799703199334371e-08,45.29568029069276
V,2,0,6,18,30,19.0,100000.0,20.0,50.0,10500.0,-7.189730175609004e-05,1.6627712103374666e-07,1.3498386513109569e-08,32.166759531700976
V,2,0,6,18,30,19.0,100000.0,20.0,50.0,11000.0,-0.00010097088023986867,1.6580380734643016e-07,1.2058874787615254e-08,16.263058129502056
V,2,0,6,18,30,19.0,100000.0,20.0,50.0,11500.0,-0.0001447938057416668,1.644425391307282e-07,1.0618057437265705e-08,7.843577781525703
V,2,0,6,18,30,19.0,100000.0,20.0,50.0,12000.0,-0.00019920581267809516,1.625379776544038e-07,9.264721659718049e-09,4.0959140859912395
V,2,0,6,18,30,19.0,100000.0,25.0,60.0,0.0,0.0,0.0,0.0,
V,2,0,6,18,30,19.0,100000.0,25.0,60.0,500.0,0.16465678303133516,5.85025141819103e-07,-2.0515166685413494e-08,2.1578203186889716e-05
V,2,0,6,18,30,19.0,100000.0,25.0,60.0,1000.0,0.14580189424039905,7.588973191942583e-07,-1.7648634659791686e-08,3.5699052214630655e-05
V,2,0,6,18,30,19.0,100000.0,25.0,60.0,1500.0,0.10177189279913765,6.219441989345229e-07,5.394486016802751e-09,6.0047608808555194e-05
V,2,0,6,18,30,19.0,100000.0,25.0,60.0,2000.0,0.06612798938065272,4.513186081143586e-07,2.452586883424347e-08,0.00010320781974004459
V,2,0,6,18,30,19.0,100000.0,25.0,60.0,2500.0,0.04193939066382634,3.324196360612888e-07,3.3992989011213524e-08,0.00018899157183337593
V,2,0,6,18,30,19.0,100000.0,25.0,60.0,3000.0,0.02638475146570116,2.654101874549526e-07,3.63971264255616e-08,0.00038125151087446273
V,2,0,6,18,30,19.0,100000.0,25.0,60.0,3500.0,0.016528041255369844,2.2421156166981157e-07,3.57828802745079e-08,0.0008207581940274636
V,2,0,6,18,30,19.0,100000.0,25.0,60.0,4000.0,0.010283561390906939,1.9127571389665938e-07,3.428490274732345e-08,0.00180872583305883
V,2,0,6,18,30,19.0,100000.0,25.0,60.0,4500.0,0.006312784713887728,1.6412936330451773e-07,3.228952356232872e-08,0.004118549852988197
V,2,0,6,18,30,19.0,100000.0,25.0,60.0,5000.0,0.0037841382353861843,1.4625205713237076e-07,2.9830764589643644e-08,0.010213344889990691
V,2,0,6,18,30,19.0,100000.0,25.0,60.0,5500.0,0.002183555187437141,1.392282976701886e-07,2.7197794706089478e-08,0.029201097037144883
V,2,0,6,18,30,19.0,100000.0,25.0,60.0,6000.0,0.0011884189045636023,1.4154928831341262e-07,2.472049888572075e-08,0.10022327425000992
V,2,0,6,18,30,19.0,100000.0,25.0,60.0,6500.0,0.0005889278429738621,1.5017199017208858e-07,2.2517275759703805e-08,0.4329769353258106
V,2,0,6,18,30,19.0,100000.0,25.0,60.0,7000.0,0.00024218832593185467,1.614831556751187e-07,2.0526163977277806e-08,2.7530925880779553
V,2,0,6,18,30,19.0,100000.0,25.0,60.0,7500.0,4.777794449722332e-05,1.7178569081975562e-07,1.8650092929498448e-08,75.2544285953262
V,2,0,6,18,30,19.0,100000.0,25.0,60.0,8000.0,-6.418305835413143e-05,1.7810790060869426e-07,1.6838885266181363e-08,43.2356875193303
V,2,0,6,18,30,19.0,100000.0,25.0,60.0,8500.0,-0.00013919024098682932,1.7908054431018177e-07,1.5103135177208828e-08,9.243380527071121
V,2,0,6,18,30,19.0,100000.0,25.0,60.0,9000.0,-0.00020293839312189005,1.7520716303475408e-07,1.3512516098967136e-08,4.254254069760681
V,2,0,6,18,30,19.0,100000.0,25.0,60.0,9500.0,-0.00026613484289837356,1.6834337586115592e-07,1.21878769587292e-08,2.3767995583239987
V,2,0,6,18,30,19.0,100000.0,25.0,60.0,10000.0,-0.00032966289817750816,1.6076517668773673e-07,1.1268624301163813e-08,1.479284945408656
V,2,0,6,18,30,19.0,100000.0,25.0,60.0,10500.0,-0.00038942976142729134,1.5434876784644635e-07,1.0855714158743973e-08,1.017758855214739
V,2,0,6,18,30,19.0,100000.0,25.0,60.0,11000.0,-0.00044017621887339746,1.501695497311737e-07,1.095700905305181e-08,0.7750482278566823
V,2,0,6,18,30,19.0,100000.0,25.0,60.0,11500.0,-0.00047786178839027537,1.4852039400287262e-07,1.1465097657870805e-08,0.6504014255412728
V,2,0,6,18,30,19.0,100000.0,25.0,60.0,12000.0,-0.0005006564726207555,1.4915563944699917e-07,1.218010068564733e-08,0.5950589723180935
V,2,0,6,18,30,19.0,100000.0,30.0,80.0,0.0,0.0,0.0,0.0,
V,2,0,6,18,30,19.0,100000.0,30.0,80.0,500.0,0.18244547307101888,4.787225368559007e-07,-2.4130629689010034e-08,1.4381947182324744e-05
V,2,0,6,18,30,19.0,100000.0,30.0,80.0,1000.0,0.16986434297065514,6.198148241643475e-07,-3.2059077269559935e-08,2.1481149213590197e-05
V,2,0,6,18,30,19.0,100000.0,30.0,80.0,1500.0,0.1258334092982767,5.565309724380639e-07,-2.0324146263312345e-08,3.5147740568568296e-05
V,2,0,6,18,30,19.0,100000.0,30.0,80.0,2000.0,0.08781726309583654,4.803127437969156e-07,-8.012503589782668e-09,6.228225295082277e-05
V,2,0,6,18,30,19.0,100000.0,30.0,80.0,2500.0,0.06067284656014695,4.127885689601947e-07,-1.1210116621209891e-10,0.00011213441460322868
V,2,0,6,18,30,19.0,100000.0,30.0,80.0,3000.0,0.04226823760890401,3.5371859874316327e-07,3.689122753252281e-09,0.00019798378177272904
V,2,0,6,18,30,19.0,100000.0,30.0,80.0,3500.0,0.029896507755616846,3.08188384652801e-07,4.5226720674014125e-09,0.00034480642108612015
V,2,0,6,18,30,19.0,100000.0,30.0,80.0,4000.0,0.021519214424557374,2.837172926534364e-07,3.3357428246059224e-09,0.0006126789803612443
V,2,0,6,18,30,19.0,100000.0,30.0,80.0,4500.0,0.015773912132105005,2.8193327026544397e-07,1.0603791535184317e-09,0.0011330980558273511
V,2,0,6,18,30,19.0,100000.0,30.0,80.0,5000.0,0.01177987757651548,2.9595488747003313e-07,-1.328269518413713e-09,0.0021327697010266626
V,2,0,6,18,30,19.0,100000.0,30.0,80.0,5500.0,0.008970763795065152,3.142943520040751e-07,-3.059442979260568e-09,0.0039055098133629184
V,2,0,6,18,30,19.0,100000.0,30.0,80.0,6000.0,0.006979834124035143,3.2640085346339016e-07,-3.769487251612807e-09,0.006699788333011418
V,2,0,6,18,30,19.0,100000.0,30.0,80.0,6500.0,0.005565094746408925,3.264265111231883e-07,-3.482728250036939e-09,0.010539992405893268
V,2,0,6,18,30,19.0,100000.0,30.0,80.0,7000.0,0.004561395766568795,3.1422602155987956e-07,-2.480277330387376e-09,0.015102423220896293
V,2,0,6,18,30,19.0,100000.0,30.0,80.0,7500.0,0.0038509390791416887,2.939500270917819e-07,-1.1817592968769135e-09,0.019821668471779824
V,2,0,6,18,30,19.0,100000.0,30.0,80.0,8000.0,0.0033463073314114245,2.7135487565906025e-07,-3.7861229735039734e-11,0.024232932884569767
V,2,0,6,18,30,19.0,100000.0,30.0,80.0,8500.0,0.0029814560516525273,2.512342409592167e-07,6.025358807579586e-10,0.028263243850606645
V,2,0,6,18,30,19.0,100000.0,30.0,80.0,9000.0,0.0027070984269596805,2.3601012067200316e-07,6.166299814486206e-10,0.03220494293419186
V,2,0,6,18,30,19.0,100000.0,30.0,80.0,9500.0,0.0024879735793394316,2.2573096094864888e-07,1.447554690003071e-10,0.03646696348355766
V,2,0,6,18,30,19.0,100000.0,30.0,80.0,10000.0,0.002300563229379248,2.1903565425044093e-07,-4.945590610210132e-10,0.04138533416180719
V,2,0,6,18,30,19.0,100000.0,30.0,80.0,10500.0,0.0021307049936276573,2.1437048047573134e-07,-9.649848596412785e-10,0.0472191683661783
V,2,0,6,18,30,19.0,100000.0,30.0,80.0,11000.0,0.001971110355934019,2.1086648014578567e-07,-1.058597502419188e-09,0.05427323006951132
V,2,0,6,18,30,19.0,100000.0,30.0,80.0,11500.0,0.0018190284226729536,2.0860205674115832e-07,-7.590315919848815e-10,0.06304339838890068
V,2,0,6,18,30,19.0,100000.0,30.0,80.0,12000.0,0.0016742944200974978,2.0830790931936157e-07,-2.0890883549879638e-10,0.07430911694912404
V,2,1,7,19,31,20.0,100000.0,5.0,15.0,0.0,0.0,0.0,0.0,
V,2,1,7,19,31,20.0,100000.0,5.0,15.0,500.0,0.05769200779428495,2.0834581783686384e-07,3.77693139928198e-08,6.259699427807538e-05
V,2,1,7,19,31,20.0,100000.0,5.0,15.0,1000.0,0.03250996536986954,1.416964697257901e-07,4.5497755110325875e-08,0.00013406827343530607
V,2,1,7,19,31,20.0,100000.0,5.0,15.0,1500.0,0.011935868118566305,9.691125541761203e-08,3.730125765752023e-08,0.0006802463128817203
V,2,1,7,19,31,20.0,100000.0,5.0,15.0,2000.0,0.0020670562821104572,1.0789323995534687e-07,2.908303611907856e-08,0.025251642442972545
V,2,1,7,19,31,20.0,100000.0,5.0,15.0,2500.0,-0.0017707744260033204,1.3594471244864342e-07,2.244328544772255e-08,0.04335466533161115
V,2,1,7,19,31,20.0,100000.0,5.0,15.0,3000.0,-0.002995243429469349,1.552368909599202e-07,1.7065679038251064e-08,0.017303369740371603
V,2,1,7,19,31,20.0,100000.0,5.0,15.0,3500.0,-0.0032234067138993193,1.5773736227429957e-07,1.3374597255201719e-08,0.015181139179468724
V,2,1,7,19,31,20.0,100000.0,5.0,15.0,4000.0,-0.0031127974203974808,1.5013151166922939e-07,1.1166592949488214e-08,0.015494235111963255
V,2,1,7,19,31,20.0,100000.0,5.0,15.0,4500.0,-0.0029154565211171107,1.430085464930109e-07,9.583105655237071e-09,0.016824759093170757
V,2,1,7,19,31,20.0,100000.0,5.0,15.0,5000.0,-0.0027238250309016576,1.4146690314078153e-07,8.110835945846606e-09,0.01906761758933692
V,2,1,7,19,31,20.0,100000.0,5.0,15.0,5500.0,-0.0025652004012182315,1.4388936717912757e-07,6.7841217211191805e-09,0.021866843877766953
V,2,1,7,19,31,20.0,100000.0,5.0,15.0,6000.0,-0.002439459809632458,1.4568199538470495e-07,5.68743974698816e-09,0.02448040206578313
V,2,1,7,19,31,20.0,100000.0,5.0,15.0,6500.0,-0.0023375777714417967,1.429922855242867e-07,4.705656239207254e-09,0.026168598875177976
V,2,1,7,19,31,20.0,100000.0,5.0,15.0,7000.0,-0.002251496700339416,1.345490565358946e-07,3.7218317918228398e-09,0.02654226782864955
V,2,1,7,19,31,20.0,100000.0,5.0,15.0,7500.0,-0.0021777704118739892,1.218045945829873e-07,2.8384875956723956e-09,0.025682629379225434
V,2,1,7,19,31,20.0,100000.0,5.0,15.0,8000.0,-0.0021168130605744608,1.081110860968134e-07,2.335895380258255e-09,0.024127105181611264
V,2,1,7,19,31,20.0,100000.0,5.0,15.0,8500.0,-0.0020702354943261374,9.752340233607038e-08,2.453823828884502e-09,0.02275460723686392
V,2,1,7,19,31,20.0,100000.0,5.0,15.0,9000.0,-0.002038433911258115,9.346904155186014e-08,3.215859277576231e-09,0.02249440541629071
V,2,1,7,19,31,20.0,100000.0,5.0,15.0,9500.0,-0.0020194610786831114,9.753175657892928e-08,4.410647614146634e-09,0.02391525804828248
V,2,1,7,19,31,20.0,100000.0,5.0,15.0,10000.0,-0.0020091113222206356,1.0885448632546762e-07,5.702485244019182e-09,0.02696735365105807
V,2,1,7,19,31,20.0,100000.0,5.0,15.0,10500.0,-0.0020016353061779366,1.2454058248245892e-07,6.782249731390248e-09,0.03108429250343897
V,2,1,7,19,31,20.0,100000.0,5.0,15.0,11000.0,-0.001990563141662329,1.4085105035601972e-07,7.48136413864304e-09,0.035547427211094836
V,2,1,7,19,31,20.0,100000.0,5.0,15.0,11500.0,-0.0019694270390912968,1.545431473967535e-07,7.808077627982191e-09,0.03984464486244421
V,2,1,7,19,31,20.0,100000.0,5.0,15.0,12000.0,-0.0019324180708577663,1.6375101648622746e-07,7.901637196361608e-09,0.04385123452198856
V,2,1,7,19,31,20.0,100000.0,7.0,25.0,0.0,0.0,0.0,0.0,
V,2,1,7,19,31,20.0,100000.0,7.0,25.0,500.0,0.0895654218282541,3.5361627202937133e-07,5.938000560948927e-08,4.408100526574064e-05
V,2,1,7,19,31,20.0,100000.0,7.0,25.0,1000.0,0.059577268127233754,3.3880630577306044e-07,9.489265583962574e-08,9.545316091577597e-05
V,2,1,7,19,31,20.0,100000.0,7.0,25.0,1500.0,0.028274616517287875,2.413362773299969e-07,8.639722432572555e-08,0.0003018764002483897
V,2,1,7,19,31,20.0,100000.0,7.0,25.0,2000.0,0.010461301569299206,1.9945392783673356e-07,6.587458574775226e-08,0.001822515161045307
V,2,1,7,19,31,20.0,100000.0,7.0,25.0,2500.0,0.00225057984516207,1.8636665670914246e-07,4.885782931400835e-08,0.03679419992365443
V,2,1,7,19,31,20.0,100000.0,7.0,25.0,3000.0,-0.0009613947875215602,1.7607282680721146e-07,3.8489385974655244e-08,0.19049729380525007
V,2,1,7,19,31,20.0,100000.0,7.0,25.0,3500.0,-0.001959148772274975,1.6726901457012195e-07,3.271943377322988e-08,0.04357934170478552
V,2,1,7,19,31,20.0,100000.0,7.0,25.0,4000.0,-0.0021111561314940868,1.6389171302178845e-07,2.8639815169283953e-08,0.036771918483562885
V,2,1,7,19,31,20.0,100000.0,7.0,25.0,4500.0,-0.0019989463151800415,1.661931661685206e-07,2.456843932048207e-08,0.04159210496733805
V,2,1,7,19,31,20.0,100000.0,7.0,25.0,5000.0,-0.0018344222335952942,1.7183238915274324e-07,2.033203810151442e-08,0.0510630107145358
V,2,1,7,19,31,20.0,100000.0,7.0,25.0,5500.0,-0.0016814256755946467,1.7828568311007513e-07,1.651422165935715e-08,0.06306103866699762
V,2,1,7,19,31,20.0,100000.0,7.0,25.0,6000.0,-0.001555288835047504,1.8378887229434148e-07,1.3653935593995973e-08,0.07597961775116763
V,2,1,7,19,31,20.0,100000.0,7.0,25.0,6500.0,-0.0014591671233704425,1.8761946293966528e-07,1.1876143978134406e-08,0.0881186462467586
V,2,1,7,19,31,20.0,100000.0,7.0,25.0,7000.0,-0.001393262058967268,1.9017429887023656e-07,1.0912507802828686e-08,0.09796844222484714
V,2,1,7,19,31,20.0,100000.0,7.0,25.0,7500.0,-0.001355309441418779,1.9247296251565243e-07,1.0322566903742579e-08,0.10478347653223921
V,2,1,7,19,31,20.0,100000.0,7.0,25.0,8000.0,-0.001339905738520031,1.9521356450750897e-07,9.740169146382349e-09,0.10873303172376331
V,2,1,7,19,31,20.0,100000.0,7.0,25.0,8500.0,-0.0013389250648199286,1.9817605512135486e-07,9.007263659113308e-09,0.11054488081219763
V,2,1,7,19,31,20.0,100000.0,7.0,25.0,9000.0,-0.0013431111599698947,2.0050204791313605e-07,8.152129998643488e-09,0.11114627123477758
V,2,1,7,19,31,20.0,100000.0,7.0,25.0,9500.0,-0.0013441809125862428,2.015267793433631e-07,7.2827872501631645e-09,0.11153657804093337
V,2,1,7,19,31,20.0,100000.0,7.0,25.0,10000.0,-0.001336636277027562,2.013692519746507e-07,6.499692371578602e-09,0.11271109497689594
V,2,1,7,19,31,20.0,100000.0,7.0,25.0,10500.0,-0.001318682698171112,2.0081290835430117e-07,5.871788807827751e-09,0.11548112603181881
V,2,1,7,19,31,20.0,100000.0,7.0,25.0,11000.0,-0.0012920509323717801,2.0067873428140593e-07,5.449320335439328e-09,0.12021041199448453
V,2,1,7,19,31,20.0,100000.0,7.0,25.0,11500.0,-0.0012609341034403251,2.0125725970244403e-07,5.26980895347727e-09,0.1265804902310397
V,2,1,7,19,31,20.0,100000.0,7.0,25.0,12000.0,-0.0012305108127021827,2.0221163612867162e-07,5.342936107512428e-09,0.13354734997867765
V,2,1,7,19,31,20.0,100000.0,10.0,30.0,0.0,0.0,0.0,0.0,
V,2,1,7,19,31,20.0,100000.0,10.0,30.0,500.0,0.10553778892324571,4.193126432725636e-07,5.817707904843561e-08,3.76462719493682e-05
V,2,1,7,19,31,20.0,100000.0,10.0,30.0,1000.0,0.0754107206321659,4.2755643296440395e-07,9.683476599783503e-08,7.518431776630359e-05
V,2,1,7,19,31,20.0,100000.0,10.0,30.0,1500.0,0.03957743945479694,3.1183612031431616e-07,8.861699463082504e-08,0.00019908155861360886
V,2,1,7,19,31,20.0,100000.0,10.0,30.0,2000.0,0.017338164830354268,2.386516767220652e-07,6.474629725288645e-08,0.0007938861679771808
V,2,1,7,19,31,20.0,100000.0,10.0,30.0,2500.0,0.006001097512302768,2.064901512374505e-07,4.180749425514341e-08,0.00573373972589694
V,2,1,7,19,31,20.0,100000.0,10.0,30.0,3000.0,0.0009484556974769426,1.9009201988232854e-07,2.5453104093208686e-08,0.2113147371739254
V,2,1,7,19,31,20.0,100000.0,10.0,30.0,3500.0,-0.0009561600129593862,1.7663479619179835e-07,1.6369183402468904e-08,0.19320355213828044
V,2,1,7,19,31,20.0,100000.0,10.0,30.0,4000.0,-0.0014483265199357435,1.6517554513927349e-07,1.255450093471943e-08,0.0787431497651074
V,2,1,7,19,31,20.0,100000.0,10.0,30.0,4500.0,-0.001387530968581652,1.575143435742421e-07,1.1333562688240429e-08,0.08181533964545952
V,2,1,7,19,31,20.0,100000.0,10.0,30.0,5000.0,-0.0011593669221289765,1.5355893297341076e-07,1.0843051738184839e-08,0.11424396696297057
V,2,1,7,19,31,20.0,100000.0,10.0,30.0,5500.0,-0.0009187983361480628,1.5199062942563806e-07,1.038009058610939e-08,0.1800430715332355
V,2,1,7,19,31,20.0,100000.0,10.0,30.0,6000.0,-0.0007204158887065551,1.5213250867889928e-07,9.95736721796708e-09,0.2931267559877156
V,2,1,7,19,31,20.0,100000.0,10.0,30.0,6500.0,-0.0005796321191504592,1.542993250398025e-07,9.741885974256069e-09,0.4592605486078412
V,2,1,7,19,31,20.0,100000.0,10.0,30.0,7000.0,-0.0004967972546436152,1.5864208311850235e-07,9.772038085272327e-09,0.6427765576931482
V,2,1,7,19,31,20.0,100000.0,10.0,30.0,7500.0,-0.00046499001908758837,1.6411492048809658e-07,9.935246798073938e-09,0.7590332567826313
V,2,1,7,19,31,20.0,100000.0,10.0,30.0,8000.0,-0.0004728420750395645,1.6871521793187087e-07,1.004431626127383e-08,0.7546090826594145
V,2,1,7,19,31,20.0,100000.0,10.0,30.0,8500.0,-0.0005069156401572829,1.7062503819246864e-07,9.926026286795642e-09,0.6640050458990864
V,2,1,7,19,31,20.0,100000.0,10.0,30.0,9000.0,-0.0005542588836819271,1.6914820015232046e-07,9.4972778216838e-09,0.5506074147378697
V,2,1,7,19,31,20.0,100000.0,10.0,30.0,9500.0,-0.0006043889112214061,1.648069177777565e-07,8.802550416885299e-09,0.45117233517299327
V,2,1,7,19,31,20.0,100000.0,10.0,30.0,10000.0,-0.000650104791656868,1.5875881746814973e-07,7.994237189493279e-09,0.3756393853431875
V,2,1,7,19,31,20.0,100000.0,10.0,30.0,10500.0,-0.0006871858746852735,1.5208719537972773e-07,7.271759577249282e-09,0.32206549870747503
V,2,1,7,19,31,20.0,100000.0,10.0,30.0,11000.0,-0.0007135080906672591,1.4542379935917604e-07,6.8163517505343985e-09,0.28565227205589355
V,2,1,7,19,31,20.0,100000.0,10.0,30.0,11500.0,-0.0007281844954991869,1.3902278757504657e-07,6.7493239815821185e-09,0.262182159934783
V,2,1,7,19,31,20.0,100000.0,10.0,30.0,12000.0,-0.0007311003881043092,1.3307927200568735e-07,7.120530160761481e-09,0.24897537063266667
V,2,1,7,19,31,20.0,100000.0,12.0,36.0,0.0,0.0,0.0,0.0,
V,2,1,7,19,31,20.0,100000.0,12.0,36.0,500.0,0.11968760116844039,4.87752231337734e-07,4.040958411432864e-08,3.404873170688589e-05
V,2,1,7,19,31,20.0,100000.0,12.0,36.0,1000.0,0.09069412224180766,5.71276015458797e-07,7.610376702627555e-08,6.94524718372571e-05
V,2,1,7,19,31,20.0,100000.0,12.0,36.0,1500.0,0.05159795341021583,4.497406568916261e-07,7.922152755272056e-08,0.00016892627199959168
V,2,1,7,19,31,20.0,100000.0,12.0,36.0,2000.0,0.025551785206665085,3.247577014676897e-07,6.84541412533372e-08,0.0004974128068848115
V,2,1,7,19,31,20.0,100000.0,12.0,36.0,2500.0,0.011181840928503163,2.3970863557860343e-07,5.5873022798895615e-08,0.0019171542665871056
V,2,1,7,19,31,20.0,100000.0,12.0,36.0,3000.0,0.00408622861817338,1.902811570827517e-07,4.502295841078376e-08,0.011395948068874407
V,2,1,7,19,31,20.0,100000.0,12.0,36.0,3500.0,0.0009652759613770193,1.6633027395970177e-07,3.560566434633959e-08,0.1785123720921529
V,2,1,7,19,31,20.0,100000.0,12.0,36.0,4000.0,-0.0001593934138191563,1.6017190926533217e-07,2.706256069476053e-08,6.30442681998345
V,2,1,7,19,31,20.0,100000.0,12.0,36.0,4500.0,-0.0003675394740275151,1.6564196455580062e-07,1.9810735872409627e-08,1.2262030547485776
V,2,1,7,19,31,20.0,100000.0,12.0,36.0,5000.0,-0.0002130744388697294,1.7481027083401152e-07,1.4709839612899244e-08,3.8503857276208175
V,2,1,7,19,31,20.0,100000.0,12.0,36.0,5500.0,3.731391947598774e-05,1.7917821475351058e-07,1.2111835320614952e-08,128.68960421423932
V,2,1,7,19,31,20.0,100000.0,12.0,36.0,6000.0,0.0002668399274699804,1.7430663885106626e-07,1.1525299790648062e-08,2.448005000579527
V,2,1,7,19,31,20.0,100000.0,12.0,36.0,6500.0,0.00043382964314655375,1.617266104562479e-07,1.1978358294355715e-08,0.8592964889579885
V,2,1,7,19,31,20.0,100000.0,12.0,36.0,7000.0,0.0005324875971699502,1.4657018652567585e-07,1.2563985424591518e-08,0.5169239419048054
V,2,1,7,19,31,20.0,100000.0,12.0,36.0,7500.0,0.0005726128203110852,1.3386787929792174e-07,1.2760379505938515e-08,0.4082763738690265
V,2,1,7,19,31,20.0,100000.0,12.0,36.0,8000.0,0.0005689217271364525,1.2622302960146603e-07,1.246191509962054e-08,0.38997212076567916
V,2,1,7,19,31,20.0,100000.0,12.0,36.0,8500.0,0.0005354275074816323,1.2346753269640545e-07,1.1839728425691687e-08,0.4306767341495351
V,2,1,7,19,31,20.0,100000.0,12.0,36.0,9000.0,0.00048296754594773114,1.2364708046848786e-07,1.115692062641778e-08,0.5300879959816929
V,2,1,7,19,31,20.0,100000.0,12.0,36.0,9500.0,0.0004189159329927022,1.2445916591218135e-07,1.061368237131556e-08,0.7092071885893321
V,2,1,7,19,31,20.0,100000.0,12.0,36.0,10000.0,0.0003481693239064094,1.2443542568655927e-07,1.0264975783681469e-08,1.0265096336340513
V,2,1,7,19,31,20.0,100000.0,12.0,36.0,10500.0,0.00027443900104426094,1.2346541109812785e-07,1.0027419743986288e-08,1.6392819130760228
V,2,1,7,19,31,20.0,100000.0,12.0,36.0,11000.0,0.00020111164160900133,1.2262057291517522e-07,9.754253353384738e-09,3.031718814132756
V,2,1,7,19,31,20.0,100000.0,12.0,36.0,11500.0,0.0001314078322629465,1.2351557459161492e-07,9.325354705969651e-09,7.152851698046491
V,2,1,7,19,31,20.0,100000.0,12.0,36.0,12000.0,6.801284102283143e-05,1.275438585599363e-07,8.702072055289845e-09,27.57259987049144
V,2,1,7,19,31,20.0,100000.0,15.0,40.0,0.0,0.0,0.0,0.0,
V,2,1,7,19,31,20.0,100000.0,15.0,40.0,500.0,0.1296437291886912,5.076583159444191e-07,2.125534590688926e-08,3.0204279108565108e-05
V,2,1,7,19,31,20.0,100000.0,15.0,40.0,1000.0,0.10210155661601311,6.156879806000845e-07,4.588645472838098e-08,5.9060340822989657e-05
V,2,1,7,19,31,20.0,100000.0,15.0,40.0,1500.0,0.0612092724416695,4.837996870931135e-07,5.743045751406762e-08,0.0001291311885796057
V,2,1,7,19,31,20.0,100000.0,15.0,40.0,2000.0,0.03262491621643907,3.364123106089848e-07,5.867266282298419e-08,0.00031606257193601465
V,2,1,7,19,31,20.0,100000.0,15.0,40.0,2500.0,0.015927716927045126,2.3294484844189879e-07,5.339808713445251e-08,0.0009182185309394632
V,2,1,7,19,31,20.0,100000.0,15.0,40.0,3000.0,0.006967939183539331,1.6594683584851105e-07,4.5130292036845134e-08,0.003417907248018417
V,2,1,7,19,31,20.0,100000.0,15.0,40.0,3500.0,0.002448914109892059,1.2714159978424185e-07,3.6256517289143154e-08,0.021200229616327428
V,2,1,7,19,31,20.0,100000.0,15.0,40.0,4000.0,0.0003309344078352272,1.1554733732851827e-07,2.793134040678757e-08,1.0550574155603645
V,2,1,7,19,31,20.0,100000.0,15.0,40.0,4500.0,-0.0005358069962722736,1.2710772975016652e-07,2.0930087361538425e-08,0.44274656633061293
V,2,1,7,19,31,20.0,100000.0,15.0,40.0,5000.0,-0.0007728131049329091,1.5287031291281502e-07,1.5795013643960346e-08,0.2559612359462804
V,2,1,7,19,31,20.0,100000.0,15.0,40.0,5500.0,-0.0007083856955384121,1.834870012708014e-07,1.24980742984455e-08,0.3656501343138602
V,2,1,7,19,31,20.0,100000.0,15.0,40.0,6000.0,-0.0005115412696742495,2.1242900136076907e-07,1.0470541515479325e-08,0.8118063672392932
V,2,1,7,19,31,20.0,100000.0,15.0,40.0,6500.0,-0.0002660447704274125,2.3587165032312198e-07,9.000438694381985e-09,3.3324703390094697
V,2,1,7,19,31,20.0,100000.0,15.0,40.0,7000.0,-1.2434868235107748e-05,2.513662272113045e-07,7.578711409186643e-09,1625.6406536080856
V,2,1,7,19,31,20.0,100000.0,15.0,40.0,7500.0,0.00022804559534170884,2.5742636407820834e-07,6.01220545984763e-09,4.95005068729234
V,2,1,7,19,31,20.0,100000.0,15.0,40.0,8000.0,0.00044132864466016276,2.541059183823096e-07,4.371016987295034e-09,1.3046395722802473
V,2,1,7,19,31,20.0,100000.0,15.0,40.0,8500.0,0.00061635689801323,2.433761122607666e-07,2.870601143163515e-09,0.6406390799216248
V,2,1,7,19,31,20.0,100000.0,15.0,40.0,9000.0,0.0007453515132400188,2.2856763199773853e-07,1.7406509957885568e-09,0.4114266825659212
V,2,1,7,19,31,20.0,100000.0,15.0,40.0,9500.0,0.0008253824401680427,2.1325964812784772e-07,1.110256462416421e-09,0.31303884900364654
V,2,1,7,19,31,20.0,100000.0,15.0,40.0,10000.0,0.0008591728391741212,2.004423625844894e-07,9.384641787378693e-10,0.2715366366773259
V,2,1,7,19,31,20.0,100000.0,15.0,40.0,10500.0,0.0008544086295417038,1.9230913015861788e-07,1.014583639368173e-09,0.26343207414217246
V,2,1,7,19,31,20.0,100000.0,15.0,40.0,11000.0,0.0008218655260178677,1.9037191647508126e-07,1.031824144591301e-09,0.2818391719166296
V,2,1,7,19,31,20.0,100000.0,15.0,40.0,11500.0,0.0007731235797561584,1.9543763884998442e-07,7.054882891908707e-10,0.32697185321040834
V,2,1,7,19,31,20.0,100000.0,15.0,40.0,12000.0,0.000718580807843617,2.0733807401226462e-07,-1.172746040043231e-10,0.40153909200774535
V,2,1,7,19,31,20.0,100000.0,20.0,50.0,0.0,0.0,0.0,0.0,
V,2,1,7,19,31,20.0,100000.0,20.0,50.0,500.0,0.14787005037124976,5.489434989240155e-07,-9.133453983123374e-09,2.510540342295202e-05
V,2,1,7,19,31,20.0,100000.0,20.0,50.0,1000.0,0.12466318608567381,6.396682773294527e-07,7.247970357831946e-09,4.116028461452855e-05
V,2,1,7,19,31,20.0,100000.0,20.0,50.0,1500.0,0.08183194635651911,4.892868716200102e-07,2.9880299885679626e-08,7.306641534144268e-05
V,2,1,7,19,31,20.0,100000.0,20.0,50.0,2000.0,0.04919956871242517,3.455733743257815e-07,4.2380197687451145e-08,0.00014276366291687787
V,2,1,7,19,31,20.0,100000.0,20.0,50.0,2500.0,0.028281603247675164,2.5920540350756533e-07,4.382371444975453e-08,0.00032406788887664285
V,2,1,7,19,31,20.0,100000.0,20.0,50.0,3000.0,0.015715325619218252,2.1975881630428202e-07,3.9003953679559795e-08,0.0008898146243743485
V,2,1,7,19,31,20.0,100000.0,20.0,50.0,3500.0,0.008419559191638953,2.0491203381191e-07,3.2807372406599945e-08,0.0028906050353266002
V,2,1,7,19,31,20.0,100000.0,20.0,50.0,4000.0,0.004300918467904336,2.0078935761094976e-07,2.755318780453897e-08,0.01085471114123677
V,2,1,7,19,31,20.0,100000.0,20.0,50.0,4500.0,0.0020535584214258613,2.0173746379443142e-07,2.363655534872418e-08,0.047837935789843807
V,2,1,7,19,31,20.0,100000.0,20.0,50.0,5000.0,0.0008854345736162512,2.0518774691251762e-07,2.077490382074326e-08,0.2617209396642219
V,2,1,7,19,31,20.0,100000.0,20.0,50.0,5500.0,0.00032127040336487554,2.096444914541358e-07,1.8636367378638977e-08,2.031150099428105
V,2,1,7,19,31,20.0,100000.0,20.0,50.0,6000.0,7.96836708019422e-05,2.1442242991942672e-07,1.703307855629634e-08,33.77003790473505
V,2,1,7,19,31,20.0,100000.0,20.0,50.0,6500.0,-9.260531503892513e-07,2.19032199196196e-07,1.5914792526682612e-08,255408.96470058954
V,2,1,7,19,31,20.0,100000.0,20.0,50.0,7000.0,-8.277895825493647e-06,2.2243672053223573e-07,1.5262637611531986e-08,3246.1349470447053
V,2,1,7,19,31,20.0,100000.0,20.0,50.0,7500.0,1.3792254225055315e-05,2.2316222107208423e-07,1.4992888691620614e-08,1173.1408775418706
V,2,1,7,19,31,20.0,100000.0,20.0,50.0,8000.0,4.5186377108646574e-05,2.2021616707081605e-07,1.4948800730136848e-08,107.85347796647602
V,2,1,7,19,31,20.0,100000.0,20.0,50.0,8500.0,7.663097298378075e-05,2.1382070623908962e-07,1.4959044192621363e-08,36.41171040725743
V,2,1,7,19,31,20.0,100000.0,20.0,50.0,9000.0,0.00010254389567058033,2.0526365012083495e-07,1.488960757795134e-08,19.520566757177953
V,2,1,7,19,31,20.0,100000.0,20.0,50.0,9500.0,0.00011821581351390703,1.9611208743619915e-07,1.4652180294942556e-08,14.033086814944925
V,2,1,7,19,31,20.0,100000.0,20.0,50.0,10000.0,0.00011962038205292834,1.8752593467157937e-07,1.418793870440391e-08,13.105420746726065
V,2,1,7,19,31,20.0,100000.0,20.0,50.0,10500.0,0.00010426243406377563,1.8011407066184892e-07,1.3460051918447677e-08,16.56883307051384
V,2,1,7,19,31,20.0,100000.0,20.0,50.0,11000.0,7.193516620047354e-05,1.741981451535854e-07,1.2465041997744521e-08,33.66363611454432
V,2,1,7,19,31,20.0,100000.0,20.0,50.0,11500.0,2.486794812028829e-05,1.7006928624368523e-07,1.124919874031777e-08,275.00841542302373
V,2,1,7,19,31,20.0,100000.0,20.0,50.0,12000.0,-3.274309581785098e-05,1.679819426998553e-07,9.911192500559017e-09,156.68344850400646
V,2,1,7,19,31,20.0,100000.0,25.0,60.0,0.0,0.0,0.0,0.0,
V,2,1,7,19,31,20.0,100000.0,25.0,60.0,500.0,0.1615625281264687,5.659334869729085e-07,-1.915095188568335e-08,2.168123973991026e-05
V,2,1,7,19,31,20.0,100000.0,25.0,60.0,1000.0,0.14247321334362942,7.328546471368586e-07,-1.6372966518144264e-08,3.610367467153247e-05
V,2,1,7,19,31,20.0,100000.0,25.0,60.0,1500.0,0.09908671586021185,6.037367357211885e-07,4.012055546177875e-09,6.149173311253734e-05
V,2,1,7,19,31,20.0,100000.0,25.0,60.0,2000.0,0.06423123341067231,4.534734982711024e-07,2.0501830323206606e-08,0.00010991561339048429
V,2,1,7,19,31,20.0,100000.0,25.0,60.0,2500.0,0.040724118129040365,3.503071317726358e-07,2.9577074369835606e-08,0.00021122513773030557
V,2,1,7,19,31,20.0,100000.0,25.0,60.0,3000.0,0.025688492376204835,2.8388275601772127e-07,3.368646783482928e-08,0.00043019145451763627
V,2,1,7,19,31,20.0,100000.0,25.0,60.0,3500.0,0.016203669990694083,2.3417441373874056e-07,3.4935055567572044e-08,0.0008918928090411717
V,2,1,7,19,31,20.0,100000.0,25.0,60.0,4000.0,0.010216242975370587,1.9387890222361834e-07,3.414377605656384e-08,0.0018575825615788993
V,2,1,7,19,31,20.0,100000.0,25.0,60.0,4500.0,0.006418761825149097,1.6548096619007677e-07,3.180046501226166e-08,0.004016479233567782
V,2,1,7,19,31,20.0,100000.0,25.0,60.0,5000.0,0.004005373261578039,1.5229060852720292e-07,2.853585479181863e-08,0.009492642677425745
V,2,1,7,19,31,20.0,100000.0,25.0,60.0,5500.0,0.002481853730054583,1.540079995841239e-07,2.4980259247447625e-08,0.02500293057268692
V,2,1,7,19,31,20.0,100000.0,25.0,60.0,6000.0,0.00153985521449347,1.6745287504636286e-07,2.155509751175789e-08,0.07062083242316193
V,2,1,7,19,31,20.0,100000.0,25.0,60.0,6500.0,0.0009791677827497708,1.8839614256146932e-07,1.8434790853702705e-08,0.19649783745755664
V,2,1,7,19,31,20.0,100000.0,25.0,60.0,7000.0,0.0006630485361934404,2.1233481239882706e-07,1.563119468587565e-08,0.4829815729808138
V,2,1,7,19,31,20.0,100000.0,25.0,60.0,7500.0,0.0004948179367615312,2.3477259226032389e-07,1.3105741900852506e-08,0.9588629259443822
V,2,1,7,19,31,20.0,100000.0,25.0,60.0,8000.0,0.00040644877712429586,2.5180341873925095e-07,1.0856753928070351e-08,1.5242281559289446
V,2,1,7,19,31,20.0,100000.0,25.0,60.0,8500.0,0.00035255245614007174,2.609302303967905e-07,8.95509964947884e-09,2.099311614204067
V,2,1,7,19,31,20.0,100000.0,25.0,60.0,9000.0,0.0003059577097874327,2.616297455996831e-07,7.51771283299989e-09,2.794887402143663
V,2,1,7,19,31,20.0,100000.0,25.0,60.0,9500.0,0.0002533794631498899,2.553067828399459e-07,6.639703465743591e-09,3.976669787226177
V,2,1,7,19,31,20.0,100000.0,25.0,60.0,10000.0,0.00019108335738472594,2.4464333306310403e-07,6.330302236359692e-09,6.700198330672699
V,2,1,7,19,31,20.0,100000.0,25.0,60.0,10500.0,0.00012098919533141369,2.3266156215198293e-07,6.489827187812548e-09,15.893936113986346
V,2,1,7,19,31,20.0,100000.0,25.0,60.0,11000.0,4.762573703333366e-05,2.2189820000432935e-07,6.9346003140871775e-09,97.82961851173894
V,2,1,7,19,31,20.0,100000.0,25.0,60.0,11500.0,-2.3908784977280557e-05,2.1393028371651973e-07,7.450952896800902e-09,374.24607535843967
V,2,1,7,19,31,20.0,100000.0,25.0,60.0,12000.0,-8.907619284882198e-05,2.0926541117859213e-07,7.853360770980167e-09,26.373887990577508
V,2,1,7,19,31,20.0,100000.0,30.0,80.0,0.0,0.0,0.0,0.0,
V,2,1,7,19,31,20.0,100000.0,30.0,80.0,500.0,0.17883504875669284,4.719056175969815e-07,-2.3540441273093523e-08,1.4755362123746447e-05
V,2,1,7,19,31,20.0,100000.0,30.0,80.0,1000.0,0.165649540599276,6.320994167990579e-07,-3.0541877933843184e-08,2.3035885864604107e-05
V,2,1,7,19,31,20.0,100000.0,30.0,80.0,1500.0,0.12203289335563611,5.833279590753682e-07,-1.972512173355022e-08,3.9170487449145595e-05
V,2,1,7,19,31,20.0,100000.0,30.0,80.0,2000.0,0.08473240043510254,5.141521286136258e-07,-8.910091003828557e-09,7.161312378712525e-05
V,2,1,7,19,31,20.0,100000.0,30.0,80.0,2500.0,0.05834429035260522,4.5189952867930004e-07,-1.3099554527698702e-09,0.00013275325079997274
V,2,1,7,19,31,20.0,100000.0,30.0,80.0,3000.0,0.04062711610845447,3.937213396539366e-07,3.72195749865655e-09,0.00023853766492145902
V,2,1,7,19,31,20.0,100000.0,30.0,80.0,3500.0,0.02882730743438652,3.449404603595136e-07,6.2991672739583826e-09,0.00041508398656722495
V,2,1,7,19,31,20.0,100000.0,30.0,80.0,4000.0,0.02089628734512377,3.1486157314975833e-07,6.412193518731912e-09,0.0007210765924475413
V,2,1,7,19,31,20.0,100000.0,30.0,80.0,4500.0,0.015481539956114112,3.0500115376388104e-07,4.724131519359213e-09,0.0012725450508914843
V,2,1,7,19,31,20.0,100000.0,30.0,80.0,5000.0,0.011720180646901853,3.0888751980419755e-07,2.2684522422579553e-09,0.002248701192739819
V,2,1,7,19,31,20.0,100000.0,30.0,80.0,5500.0,0.009065186073382863,3.180403349459525e-07,-1.1209419802405246e-10,0.0038701585417050604
V,2,1,7,19,31,20.0,100000.0,30.0,80.0,6000.0,0.0071682781993692634,3.257536690763306e-07,-1.9060985899871076e-09,0.00633956723707966
V,2,1,7,19,31,20.0,100000.0,30.0,80.0,6500.0,0.005804148663895511,3.279623390194943e-07,-2.8250389430999485e-09,0.009735245767409894
V,2,1,7,19,31,20.0,100000.0,30.0,80.0,7000.0,0.004821824390025809,3.2325716472271787e-07,-2.77289245166274e-09,0.013903539678532646
V,2,1,7,19,31,20.0,100000.0,30.0,80.0,7500.0,0.0041146583522736835,3.1262121296721216e-07,-1.90910848177334e-09,0.01846506676445742
V,2,1,7,19,31,20.0,100000.0,30.0,80.0,8000.0,0.0036033997838569544,2.9853132758605607e-07,-6.366145423729137e-10,0.022991378755204708
V,2,1,7,19,31,20.0,100000.0,30.0,80.0,8500.0,0.0032277773623971768,2.836037092565271e-07,5.625752852086961e-10,0.027221043144507073
V,2,1,7,19,31,20.0,100000.0,30.0,80.0,9000.0,0.002942671178829423,2.695373198864435e-07,1.3475479760500615e-09,0.031126868740481452
V,2,1,7,19,31,20.0,100000.0,30.0,80.0,9500.0,0.002715972104627743,2.5689274892442935e-07,1.643306037464908e-09,0.03482581076995
V,2,1,7,19,31,20.0,100000.0,30.0,80.0,10000.0,0.0025265079692543364,2.456054372045763e-07,1.604366882724691e-09,0.038476595004003966
V,2,1,7,19,31,20.0,100000.0,30.0,80.0,10500.0,0.002361550139407127,2.356960472617417e-07,1.4701259887241817e-09,0.04226276994277838
V,2,1,7,19,31,20.0,100000.0,30.0,80.0,11000.0,0.0022141177817294076,2.276505862828331e-07,1.4194376254831155e-09,0.04643733986983311
V,2,1,7,19,31,20.0,100000.0,30.0,80.0,11500.0,0.0020805306945485863,2.2226959649744406e-07,1.5034052531297377e-09,0.05134897823704037
V,2,1,7,19,31,20.0,100000.0,30.0,80.0,12000.0,0.001958565001362944,2.2016051986094717e-07,1.6685029116026084e-09,0.057393599501278696
V,2,2,8,20,32,21.0,100000.0,5.0,15.0,0.0,0.0,0.0,0.0,
V,2,2,8,20,32,21.0,100000.0,5.0,15.0,500.0,0.05718719065068894,2.1649975281267646e-07,3.751593404909812e-08,6.620028826652408e-05
V,2,2,8,20,32,21.0,100000.0,5.0,15.0,1000.0,0.032201628516942464,1.4836276105123953e-07,4.566842889157694e-08,0.00014307680575445164
V,2,2,8,20,32,21.0,100000.0,5.0,15.0,1500.0,0.011832637712334183,9.99354165589765e-08,3.7420849807380367e-08,0.0007137667151675873
V,2,2,8,20,32,21.0,100000.0,5.0,15.0,2000.0,0.0020850003703239296,1.1362998436236019e-07,2.8006054061092873e-08,0.02613850076726101
V,2,2,8,20,32,21.0,100000.0,5.0,15.0,2500.0,-0.0016909389467790342,1.4875853011040675e-07,2.0072691056035036e-08,0.052026669345545264
V,2,2,8,20,32,21.0,100000.0,5.0,15.0,3000.0,-0.0028822019759573445,1.761568724837121e-07,1.3516239191000745e-08,0.021205609908299672
V,2,2,8,20,32,21.0,100000.0,5.0,15.0,3500.0,-0.0030878607427323426,1.845210480904155e-07,9.003885952293047e-09,0.01935220698422431
V,2,2,8,20,32,21.0,100000.0,5.0,15.0,4000.0,-0.002958793937821362,1.7895120652414595e-07,6.738820006420393e-09,0.02044114365744211
V,2,2,8,20,32,21.0,100000.0,5.0,15.0,4500.0,-0.002747034158397464,1.707644561017564e-07,5.8010859363336936e-09,0.022629208279107384
V,2,2,8,20,32,21.0,100000.0,5.0,15.0,5000.0,-0.0025471193753916674,1.6654294791452578e-07,5.202611432093516e-09,0.025670105218249976
V,2,2,8,20,32,21.0,100000.0,5.0,15.0,5500.0,-0.0023876204013328277,1.6591364468572218e-07,4.531732206889137e-09,0.029103923588389844
V,2,2,8,20,32,21.0,100000.0,5.0,15.0,6000.0,-0.002267966948846659,1.651822040123415e-07,3.7101561865444916e-09,0.03211366066534966
V,2,2,8,20,32,21.0,100000.0,5.0,15.0,6500.0,-0.002177452098398291,1.610736296808704e-07,2.718225080563804e-09,0.033972477976101666
V,2,2,8,20,32,21.0,100000.0,5.0,15.0,7000.0,-0.0021059481343229463,1.5255539307970038e-07,1.6268642092998338e-09,0.03439792324391668
V,2,2,8,20,32,21.0,100000.0,5.0,15.0,7500.0,-0.0020480824575361237,1.409137037251563e-07,6.76580424282756e-10,0.03359373982982839
V,2,2,8,20,32,21.0,100000.0,5.0,15.0,8000.0,-0.0020026056398676014,1.288761276902557e-07,1.993861398712658e-10,0.032135244503900616
V,2,2,8,20,32,21.0,100000.0,5.0,15.0,8500.0,-0.0019696739007647695,1.1955472585761882e-07,4.373676338757811e-10,0.030816129273723635
V,2,2,8,20,32,21.0,100000.0,5.0,15.0,9000.0,-0.0019484592315688442,1.1550572997000553e-07,1.4019556212810262e-09,0.030424320154791507
V,2,2,8,20,32,21.0,100000.0,5.0,15.0,9500.0,-0.0019361890018271238,1.1794994501221312e-07,2.8548222947519644e-09,0.03146315320591704
V,2,2,8,20,32,21.0,100000.0,5.0,15.0,10000.0,-0.0019284494229235862,1.2636073549751763e-07,4.402817801298429e-09,0.033977829968001465
V,2,2,8,20,32,21.0,100000.0,5.0,15.0,10500.0,-0.0019200174288115494,1.3865826116598181e-07,5.650677184849381e-09,0.03761277773921945
V,2,2,8,20,32,21.0,100000.0,5.0,15.0,11000.0,-0.0019056042022038999,1.5194515262871566e-07,6.344015111149887e-09,0.04184286816321173
V,2,2,8,20,32,21.0,100000.0,5.0,15.0,11500.0,-0.0018803093125133682,1.6343155801301785e-07,6.445107791922469e-09,0.04622504333673965
V,2,2,8,20,32,21.0,100000.0,5.0,15.0,12000.0,-0.0018399110376707392,1.7118405819743153e-07,6.112315389330111e-09,0.05056728868902416
V,2,2,8,20,32,21.0,100000.0,7.0,25.0,0.0,0.0,0.0,0.0,
V,2,2,8,20,32,21.0,100000.0,7.0,25.0,500.0,0.08839218899783681,3.356812513157345e-07,5.98510087308234e-08,4.296346571067229e-05
V,2,2,8,20,32,21.0,100000.0,7.0,25.0,1000.0,0.05867352504009508,3.3806825754146273e-07,9.269490944733367e-08,9.820193228526928e-05
V,2,2,8,20,32,21.0,100000.0,7.0,25.0,1500.0,0.027847941574750856,2.449591960643774e-07,8.293666242398708e-08,0.00031586939588030996
V,2,2,8,20,32,21.0,100000.0,7.0,25.0,2000.0,0.01038450201012901,1.940296956200872e-07,6.19797578378578e-08,0.0017992721298347994
V,2,2,8,20,32,21.0,100000.0,7.0,25.0,2500.0,0.0023612423538888786,1.7564549935768766e-07,4.411848519925457e-08,0.031503288974379054
V,2,2,8,20,32,21.0,100000.0,7.0,25.0,3000.0,-0.0007806685834271366,1.6637950036233383e-07,3.3073278681823205e-08,0.2730023661266327
V,2,2,8,20,32,21.0,100000.0,7.0,25.0,3500.0,-0.0017776946719684674,1.6006329398253876e-07,2.7583083986619477e-08,0.05064976195161922
V,2,2,8,20,32,21.0,100000.0,7.0,25.0,4000.0,-0.001963837315277176,1.5796890376220122e-07,2.4576847433074363e-08,0.04096006041666616
V,2,2,8,20,32,21.0,100000.0,7.0,25.0,4500.0,-0.001896236704140392,1.6068730996664178e-07,2.1597917925171875e-08,0.044688572600081806
V,2,2,8,20,32,21.0,100000.0,7.0,25.0,5000.0,-0.0017682000747624113,1.6650495094636431e-07,1.7859106788598806e-08,0.05325548478004573
V,2,2,8,20,32,21.0,100000.0,7.0,25.0,5500.0,-0.0016305369521334302,1.728501112015194e-07,1.3820190351136168e-08,0.06501422236590106
V,2,2,8,20,32,21.0,100000.0,7.0,25.0,6000.0,-0.0014927808705330514,1.779036491154358e-07,1.0246914365785899e-08,0.07983489052707379
V,2,2,8,20,32,21.0,100000.0,7.0,25.0,6500.0,-0.0013600674614626623,1.812356683524132e-07,7.597420866866388e-09,0.09797669207175695
V,2,2,8,20,32,21.0,100000.0,7.0,25.0,7000.0,-0.0012406356394236834,1.8353448747559762e-07,5.901011978415331e-09,0.11924197966788912
V,2,2,8,20,32,21.0,100000.0,7.0,25.0,7500.0,-0.0011430577913392925,1.8581962867549015e-07,4.920058184358099e-09,0.1422182110516317
V,2,2,8,20,32,21.0,100000.0,7.0,25.0,8000.0,-0.0010722278042282509,1.8865367471373876e-07,4.367963368548596e-09,0.16409340972739994
V,2,2,8,20,32,21.0,100000.0,7.0,25.0,8500.0,-0.0010275046870171468,1.9185377863425296e-07,4.046797652305724e-09,0.18172000244930012
V,2,2,8,20,32,21.0,100000.0,7.0,25.0,9000.0,-0.0010034947851593188,1.9484504051909674e-07,3.869753395334296e-09,0.19349026351841933
V,2,2,8,20,32,21.0,100000.0,7.0,25.0,9500.0,-0.0009925546104953748,1.9728015613064788e-07,3.817586589564644e-09,0.20025094806874605
V,2,2,8,20,32,21.0,100000.0,7.0,25.0,10000.0,-0.0009876425287588212,1.9936173469477477e-07,3.897605306988849e-09,0.20438180879109827
V,2,2,8,20,32,21.0,100000.0,7.0,25.0,10500.0,-0.000984363346434678,2.0162931651637942e-07,4.130377482527139e-09,0.20808597507678245
V,2,2,8,20,32,21.0,100000.0,7.0,25.0,11000.0,-0.0009816510434462957,2.0446273226989138e-07,4.544640228161467e-09,0.21217777698656246
V,2,2,8,20,32,21.0,100000.0,7.0,25.0,11500.0,-0.0009811868515428469,2.0774982894824981e-07,5.158407001641103e-09,0.21579294166458057
V,2,2,8,20,32,21.0,100000.0,7.0,25.0,12000.0,-0.000986080474278225,2.1097605826269035e-07,5.94965085001529e-09,0.2169743797015475
V,2,2,8,20,32,21.0,100000.0,10.0,30.0,0.0,0.0,0.0,0.0,
V,2,2,8,20,32,21.0,100000.0,10.0,30.0,500.0,0.1039811489989454,3.841568515470182e-07,5.649095142158417e-08,3.553033965188238e-05
V,2,2,8,20,32,21.0,100000.0,10.0,30.0,1000.0,0.07408257109081363,4.123114715561776e-07,9.148538688138389e-08,7.51265292154135e-05
V,2,2,8,20,32,21.0,100000.0,10.0,30.0,1500.0,0.03879633330141617,3.1254736376049757e-07,8.361786805299861e-08,0.00020765121504369853
V,2,2,8,20,32,21.0,100000.0,10.0,30.0,2000.0,0.016998040468355735,2.3915724294638407e-07,6.228313492713751e-08,0.0008277245195478748
V,2,2,8,20,32,21.0,100000.0,10.0,30.0,2500.0,0.005937065515034452,2.0884485418075939e-07,4.0772353217976054e-08,0.005924887332778652
V,2,2,8,20,32,21.0,100000.0,10.0,30.0,3000.0,0.0010377103974322389,1.991921703700257e-07,2.406950494897725e-08,0.1849779351432135
V,2,2,8,20,32,21.0,100000.0,10.0,30.0,3500.0,-0.0007904641320439338,1.9034218749311337e-07,1.4030911692594005e-08,0.30462863158719994
V,2,2,8,20,32,21.0,100000.0,10.0,30.0,4000.0,-0.0012543184583403441,1.7839185193106175e-07,9.675218878572235e-09,0.11338598766474123
V,2,2,8,20,32,21.0,100000.0,10.0,30.0,4500.0,-0.0011966796786167153,1.6823254318061326e-07,8.463273286935081e-09,0.11747735990541966
V,2,2,8,20,32,21.0,100000.0,10.0,30.0,5000.0,-0.0009906669529514216,1.6378919156010413e-07,8.195474164000154e-09,0.1668898358731785
V,2,2,8,20,32,21.0,100000.0,10.0,30.0,5500.0,-0.0007795475515589697,1.647604105476647e-07,7.909888074567608e-09,0.27112379935726694
V,2,2,8,20,32,21.0,100000.0,10.0,30.0,6000.0,-0.0006074347367986288,1.68409906442774e-07,7.624430149175281e-09,0.4564239097336927
V,2,2,8,20,32,21.0,100000.0,10.0,30.0,6500.0,-0.0004822015973306423,1.7220046725462876e-07,7.644092289646402e-09,0.7405886231783837
V,2,2,8,20,32,21.0,100000.0,10.0,30.0,7000.0,-0.00040072348413368547,1.7491263551803627e-07,8.066436743999008e-09,1.0892600965596335
V,2,2,8,20,32,21.0,100000.0,10.0,30.0,7500.0,-0.0003565957868889259,1.7629107000347873e-07,8.683349897720646e-09,1.3863659976072578
V,2,2,8,20,32,21.0,100000.0,10.0,30.0,8000.0,-0.00034194438051439783,1.7632202757607455e-07,9.155254618962414e-09,1.5079801656798544
V,2,2,8,20,32,21.0,100000.0,10.0,30.0,8500.0,-0.000348404859043234,1.7492356178097863e-07,9.23692093251899e-09,1.44105283870405
V,2,2,8,20,32,21.0,100000.0,10.0,30.0,9000.0,-0.000368366996737225,1.7207556396981052e-07,8.895191158356839e-09,1.268112475044567
V,2,2,8,20,32,21.0,100000.0,10.0,30.0,9500.0,-0.00039598457972260027,1.680119939481549e-07,8.28131760845408e-09,1.0714791827256402
V,2,2,8,20,32,21.0,100000.0,10.0,30.0,10000.0,-0.00042740940667662755,1.63172953745225e-07,7.621100060775621e-09,0.8932232581302818
V,2,2,8,20,32,21.0,100000.0,10.0,30.0,10500.0,-0.0004602533534426454,1.5793396660875863e-07,7.1127275859919285e-09,0.7455583183722384
V,2,2,8,20,32,21.0,100000.0,10.0,30.0,11000.0,-0.0004927267854126355,1.5238117352514636e-07,6.8820412015959556e-09,0.627652076760709
V,2,2,8,20,32,21.0,100000.0,10.0,30.0,11500.0,-0.0005229804632256117,1.4636905684861645e-07,6.989178786334241e-09,0.5351534672917577
V,2,2,8,20,32,21.0,100000.0,10.0,30.0,12000.0,-0.0005489557534095967,1.3983066329327356e-07,7.453710128687729e-09,0.4640104222948893
V,2,2,8,20,32,21.0,100000.0,12.0,36.0,0.0,0.0,0.0,0.0,
V,2,2,8,20,32,21.0,100000.0,12.0,36.0,500.0,0.1178129725222808,4.4449119929086814e-07,3.887961284416878e-08,3.202410042941298e-05
V,2,2,8,20,32,21.0,100000.0,12.0,36.0,1000.0,0.08902139874659926,5.441512871035989e-07,6.936077730120893e-08,6.866427408512967e-05
V,2,2,8,20,32,21.0,100000.0,12.0,36.0,1500.0,0.05056132385473988,4.4995649753626994e-07,7.162521172405641e-08,0.0001760085050940421
V,2,2,8,20,32,21.0,100000.0,12.0,36.0,2000.0,0.02508569727195903,3.333332530285521e-07,6.37666122867898e-08,0.0005296955039202376
V,2,2,8,20,32,21.0,100000.0,12.0,36.0,2500.0,0.011113823131987808,2.4632420684345175e-07,5.4341657929044534e-08,0.001994252434859835
V,2,2,8,20,32,21.0,100000.0,12.0,36.0,3000.0,0.0042625658447150655,1.9523894264529894e-07,4.509363165854212e-08,0.010745441041679007
V,2,2,8,20,32,21.0,100000.0,12.0,36.0,3500.0,0.0012764242314728842,1.709463962451391e-07,3.603216248492219e-08,0.1049227994251202
V,2,2,8,20,32,21.0,100000.0,12.0,36.0,4000.0,0.00021564595491894856,1.639137349271043e-07,2.731512545781043e-08,3.5247856689511896
V,2,2,8,20,32,21.0,100000.0,12.0,36.0,4500.0,2.808961175347563e-05,1.6770036970803152e-07,1.9690415221984316e-08,212.54091550629167
V,2,2,8,20,32,21.0,100000.0,12.0,36.0,5000.0,0.00017798180917019308,1.7530496307615675e-07,1.412410698735304e-08,5.5340487118711685
V,2,2,8,20,32,21.0,100000.0,12.0,36.0,5500.0,0.0004097668063382157,1.7921815626166427e-07,1.106134144436185e-08,1.0673539343311258
V,2,2,8,20,32,21.0,100000.0,12.0,36.0,6000.0,0.0006129905604264102,1.7560044069070846e-07,1.0097922416014406e-08,0.46732393824482604
V,2,2,8,20,32,21.0,100000.0,12.0,36.0,6500.0,0.0007494147764105309,1.6611862667388655e-07,1.0305836272470517e-08,0.29578342137841834
V,2,2,8,20,32,21.0,100000.0,12.0,36.0,7000.0,0.0008153303400040312,1.5552700483597274e-07,1.0792121919087291e-08,0.23395837770746117
V,2,2,8,20,32,21.0,100000.0,12.0,36.0,7500.0,0.0008222890057414014,1.4798453059929066e-07,1.1041351429945858e-08,0.21886048232073782
V,2,2,8,20,32,21.0,100000.0,12.0,36.0,8000.0,0.0007868172188795505,1.4498772361715652e-07,1.0933489920823564e-08,0.23419818237686185
V,2,2,8,20,32,21.0,100000.0,12.0,36.0,8500.0,0.0007246675058237857,1.454642483259479e-07,1.0581364312472008e-08,0.2769993125468906
V,2,2,8,20,32,21.0,100000.0,12.0,36.0,9000.0,0.0006479632484938258,1.4708599234580768e-07,1.0157327657014137e-08,0.3503245451672408
V,2,2,8,20,32,21.0,100000.0,12.0,36.0,9500.0,0.0005645633382162312,1.4769702364627082e-07,9.788486532466663e-09,0.4633897240801178
V,2,2,8,20,32,21.0,100000.0,12.0,36.0,10000.0,0.0004789263994145946,1.46201951344437e-07,9.524996959481299e-09,0.6374052193207844
V,2,2,8,20,32,21.0,100000.0,12.0,36.0,10500.0,0.00039355085175821815,1.4276613466767547e-07,9.358201010660864e-09,0.92177194960051
V,2,2,8,20,32,21.0,100000.0,12.0,36.0,11000.0,0.0003101754933598957,1.3851261501663162e-07,9.257812960993528e-09,1.4397078251327338
V,2,2,8,20,32,21.0,100000.0,12.0,36.0,11500.0,0.00023033861195118096,1.3499584885529552e-07,9.198507996024225e-09,2.5444090011706493
V,2,2,8,20,32,21.0,100000.0,12.0,36.0,12000.0,0.00015535228221702778,1.336693999982619e-07,9.161464744957084e-09,5.538558194560947
V,2,2,8,20,32,21.0,100000.0,15.0,40.0,0.0,0.0,0.0,0.0,
V,2,2,8,20,32,21.0,100000.0,15.0,40.0,500.0,0.12759160638140693,4.674593323748379e-07,2.0491201726848874e-08,2.8714391936568314e-05
V,2,2,8,20,32,21.0,100000.0,15.0,40.0,1000.0,0.10024116206861082,5.947538933166057e-07,3.956998209016985e-08,5.918955955779033e-05
V,2,2,8,20,32,21.0,100000.0,15.0,40.0,1500.0,0.06001194044052184,4.909426920542053e-07,4.876334724329616e-08,0.00013631870776889725
V,2,2,8,20,32,21.0,100000.0,15.0,40.0,2000.0,0.032040021082886984,3.576990285282873e-07,5.152528114558483e-08,0.00034844334503080057
V,2,2,8,20,32,21.0,100000.0,15.0,40.0,2500.0,0.0158014790204326,2.5997293922261803e-07,4.901214933291292e-08,0.0010411964208473265
V,2,2,8,20,32,21.0,100000.0,15.0,40.0,3000.0,0.007165279941687247,1.9682774460171187e-07,4.283789490048748e-08,0.003833716471835767
V,2,2,8,20,32,21.0,100000.0,15.0,40.0,3500.0,0.002867245532346783,1.615997796440779e-07,3.494470776333345e-08,0.019656717439190605
V,2,2,8,20,32,21.0,100000.0,15.0,40.0,4000.0,0.0008892531543736036,1.5276707244192134e-07,2.6790477741702594e-08,0.19318745768981918
V,2,2,8,20,32,21.0,100000.0,15.0,40.0,4500.0,9.600261123853389e-05,1.6460017353080635e-07,1.9707941329848114e-08,17.859290311909497
V,2,2,8,20,32,21.0,100000.0,15.0,40.0,5000.0,-0.00012050340163006979,1.859397549579642e-07,1.4830237850268721e-08,12.804824814036339
V,2,2,8,20,32,21.0,100000.0,15.0,40.0,5500.0,-7.4547423713376e-05,2.0666063678942447e-07,1.2458005572232673e-08,37.187114822785105
V,2,2,8,20,32,21.0,100000.0,15.0,40.0,6000.0,7.803128633127531e-05,2.219144832038964e-07,1.1893568745541236e-08,36.445852635510796
V,2,2,8,20,32,21.0,100000.0,15.0,40.0,6500.0,0.00026429980935523226,2.3092711460481607e-07,1.1970841155615587e-08,3.3058354266086543
V,2,2,8,20,32,21.0,100000.0,15.0,40.0,7000.0,0.00045169886921459434,2.340223719608212e-07,1.1719204077075494e-08,1.1469893097531731
V,2,2,8,20,32,21.0,100000.0,15.0,40.0,7500.0,0.0006244215705456076,2.3143380496491803e-07,1.0699599516920776e-08,0.5935687127081399
V,2,2,8,20,32,21.0,100000.0,15.0,40.0,8000.0,0.0007718702114275937,2.2385939350528159e-07,8.983594091497499e-09,0.3757394207470325
V,2,2,8,20,32,21.0,100000.0,15.0,40.0,8500.0,0.000885002966086032,2.1298548936850774e-07,6.950863478699016e-09,0.27193215452755337
V,2,2,8,20,32,21.0,100000.0,15.0,40.0,9000.0,0.0009570011265581346,2.011529385601971e-07,5.048124361490926e-09,0.21963496709164368
V,2,2,8,20,32,21.0,100000.0,15.0,40.0,9500.0,0.000985205783097505,1.9067900409700758e-07,3.582815223038558e-09,0.19644861443833372
V,2,2,8,20,32,21.0,100000.0,15.0,40.0,10000.0,0.0009722977392181492,1.8352749089969415e-07,2.6015589065479087e-09,0.19413443464401886
V,2,2,8,20,32,21.0,100000.0,15.0,40.0,10500.0,0.0009259469783450139,1.8135339737872808e-07,1.892486690698743e-09,0.21152098405185324
V,2,2,8,20,32,21.0,100000.0,15.0,40.0,11000.0,0.0008571554401676293,1.8547091417441386e-07,1.109594301015949e-09,0.25243911030531097
V,2,2,8,20,32,21.0,100000.0,15.0,40.0,11500.0,0.0007780002254043564,1.9646655969816524e-07,-4.259437126196732e-11,0.324585559599332
V,2,2,8,20,32,21.0,100000.0,15.0,40.0,12000.0,0.0006994950913278566,2.1367079070631352e-07,-1.659146265610899e-09,0.4366925820397771
V,2,2,8,20,32,21.0,100000.0,20.0,50.0,0.0,0.0,0.0,0.0,
V,2,2,8,20,32,21.0,100000.0,20.0,50.0,500.0,0.1453615937993805,4.944562230723826e-07,-3.446619301642275e-09,2.3400680927724243e-05
V,2,2,8,20,32,21.0,100000.0,20.0,50.0,1000.0,0.12220166508245837,6.03005127651009e-07,1.1630454341826636e-08,4.038004124042189e-05
V,2,2,8,20,32,21.0,100000.0,20.0,50.0,1500.0,0.08005951269258474,4.789558551909739e-07,3.107566828147509e-08,7.472563292989873e-05
V,2,2,8,20,32,21.0,100000.0,20.0,50.0,2000.0,0.04816892035460051,3.330307922104721e-07,4.218867991357306e-08,0.00014353260464639446
V,2,2,8,20,32,21.0,100000.0,20.0,50.0,2500.0,0.027867445965551654,2.3660239759858106e-07,4.368678484604826e-08,0.00030466657180467955
V,2,2,8,20,32,21.0,100000.0,20.0,50.0,3000.0,0.015750824907027918,1.9304963837380904e-07,3.960785916285256e-08,0.000778148321466156
V,2,2,8,20,32,21.0,100000.0,20.0,50.0,3500.0,0.00874741198030632,1.7616062518510105e-07,3.493556694772746e-08,0.0023022351515237633
V,2,2,8,20,32,21.0,100000.0,20.0,50.0,4000.0,0.004794320369214234,1.6806754965451284e-07,3.185385072816544e-08,0.007311891958073028
V,2,2,8,20,32,21.0,100000.0,20.0,50.0,4500.0,0.002622775223180951,1.6663145553514e-07,2.98192842441037e-08,0.02422338564052905
V,2,2,8,20,32,21.0,100000.0,20.0,50.0,5000.0,0.001474931509247482,1.7341825903638243e-07,2.7694814457475515e-08,0.07971703087929206
V,2,2,8,20,32,21.0,100000.0,20.0,50.0,5500.0,0.0009010131724165583,1.8591449767080653e-07,2.5149206420675017e-08,0.22900817039405033
V,2,2,8,20,32,21.0,100000.0,20.0,50.0,6000.0,0.0006347430908014217,1.99112943882973e-07,2.2603327533881173e-08,0.49420089653423305
V,2,2,8,20,32,21.0,100000.0,20.0,50.0,6500.0,0.0005211259982641987,2.0942622886969554e-07,2.0542739290326786e-08,0.7711619491058762
V,2,2,8,20,32,21.0,100000.0,20.0,50.0,7000.0,0.000474296609560364,2.15872204042615e-07,1.90775442442948e-08,0.9596142429949402
V,2,2,8,20,32,21.0,100000.0,20.0,50.0,7500.0,0.00045118102144852453,2.1897951763092505e-07,1.7975181214646585e-08,1.075726453246895
V,2,2,8,20,32,21.0,100000.0,20.0,50.0,8000.0,0.0004336501896441797,2.1956245096559398e-07,1.6916853248002255e-08,1.1675594111700034
V,2,2,8,20,32,21.0,100000.0,20.0,50.0,8500.0,0.000416218020414038,2.1824216540947457e-07,1.56954327571901e-08,1.2597863646431486
V,2,2,8,20,32,21.0,100000.0,20.0,50.0,9000.0,0.000398226691437536,2.154113248304016e-07,1.4258928892413236e-08,1.358337844209433
V,2,2,8,20,32,21.0,100000.0,20.0,50.0,9500.0,0.00037975564506666844,2.1127013711670434e-07,1.2653766602777458e-08,1.464973056948224
V,2,2,8,20,32,21.0,100000.0,20.0,50.0,10000.0,0.0003602210912299179,2.0592304557339595e-07,1.0953098634853396e-08,1.586962548451773
V,2,2,8,20,32,21.0,100000.0,20.0,50.0,10500.0,0.0003384848575267557,1.9961193778674152e-07,9.215764324889652e-09,1.7422401627024562
V,2,2,8,20,32,21.0,100000.0,20.0,50.0,11000.0,0.00031347285364942114,1.929646966952574e-07,7.47913660833282e-09,1.9637128691820234
V,2,2,8,20,32,21.0,100000.0,20.0,50.0,11500.0,0.00028469658612041384,1.8701550409299698e-07,5.7723346136646725e-09,2.30734796028822
V,2,2,8,20,32,21.0,100000.0,20.0,50.0,12000.0,0.0002524650402440897,1.8289414913731323e-07,4.135627101041011e-09,2.8694411086836156
V,2,2,8,20,32,21.0,100000.0,25.0,60.0,0.0,0.0,0.0,0.0,
V,2,2,8,20,32,21.0,100000.0,25.0,60.0,500.0,0.15853622247166055,4.951800464328816e-07,-9.996174313938647e-09,1.970180991301083e-05
V,2,2,8,20,32,21.0,100000.0,25.0,60.0,1000.0,0.13931613771823692,6.465841655306682e-07,-5.426389631709345e-09,3.331364955958777e-05
V,2,2,8,20,32,21.0,100000.0,25.0,60.0,1500.0,0.09662968246878344,5.548264438189314e-07,1.0376447962036387e-08,5.942046514406352e-05
V,2,2,8,20,32,21.0,100000.0,25.0,60.0,2000.0,0.06256251951155381,4.3787540220961424e-07,2.2765458057098745e-08,0.00011187217682038321
V,2,2,8,20,32,21.0,100000.0,25.0,60.0,2500.0,0.039701545557470665,3.452903691753464e-07,2.9908915653768036e-08,0.00021906330590429335
V,2,2,8,20,32,21.0,100000.0,25.0,60.0,3000.0,0.025131433121095698,2.756632799724308e-07,3.312811318143605e-08,0.00043645996084531346
V,2,2,8,20,32,21.0,100000.0,25.0,60.0,3500.0,0.015956370630389023,2.189181192318573e-07,3.400212669169625e-08,0.0008598317495069446
V,2,2,8,20,32,21.0,100000.0,25.0,60.0,4000.0,0.010162301407390738,1.7205026172076162e-07,3.3368421498161136e-08,0.0016659854121316628
V,2,2,8,20,32,21.0,100000.0,25.0,60.0,4500.0,0.006478990882693093,1.403416473359795e-07,3.139526843972877e-08,0.0033432729335945662
V,2,2,8,20,32,21.0,100000.0,25.0,60.0,5000.0,0.004130919661698622,1.2952753457418894e-07,2.8207119018207027e-08,0.0075904688351424825
V,2,2,8,20,32,21.0,100000.0,25.0,60.0,5500.0,0.002646568972661951,1.396625252235783e-07,2.420607964049925e-08,0.019939462949436635
V,2,2,8,20,32,21.0,100000.0,25.0,60.0,6000.0,0.001733245161573688,1.6518200365966409e-07,1.998895582316538e-08,0.0549848110223772
V,2,2,8,20,32,21.0,100000.0,25.0,60.0,6500.0,0.0012003874509435792,1.978869319329143e-07,1.6129602705982763e-08,0.13733278333138388
V,2,2,8,20,32,21.0,100000.0,25.0,60.0,7000.0,0.0009160846866577503,2.2962247665596444e-07,1.2999972733748812e-08,0.2736170459602016
V,2,2,8,20,32,21.0,100000.0,25.0,60.0,7500.0,0.0007848518672826653,2.5404794526334195e-07,1.0703687573213214e-08,0.41242054799223266
V,2,2,8,20,32,21.0,100000.0,25.0,60.0,8000.0,0.00073732389598746,2.6759054498428864e-07,9.1484858394133e-09,0.49221420794959114
V,2,2,8,20,32,21.0,100000.0,25.0,60.0,8500.0,0.000725241726190963,2.695438152337928e-07,8.196967380507032e-09,0.5124645230892729
V,2,2,8,20,32,21.0,100000.0,25.0,60.0,9000.0,0.0007179041041838597,2.6148858717581646e-07,7.778486066254669e-09,0.5073642542557919
V,2,2,8,20,32,21.0,100000.0,25.0,60.0,9500.0,0.0006985571610146031,2.4642279782287783e-07,7.894638611926338e-09,0.5049832651332569
V,2,2,8,20,32,21.0,100000.0,25.0,60.0,10000.0,0.0006606036915484726,2.2790674573762615e-07,8.54682375485509e-09,0.5222460782617107
V,2,2,8,20,32,21.0,100000.0,25.0,60.0,10500.0,0.0006040625287975291,2.0936385950368622e-07,9.659864011006394e-09,0.5737701133086183
V,2,2,8,20,32,21.0,100000.0,25.0,60.0,11000.0,0.0005326928911917737,1.9358190223091752e-07,1.1053009143658486e-08,0.6821987995320328
V,2,2,8,20,32,21.0,100000.0,25.0,60.0,11500.0,0.00045195436540251756,1.824159073279812e-07,1.246524177093551e-08,0.8930453974165391
V,2,2,8,20,32,21.0,100000.0,25.0,60.0,12000.0,0.00036773320514012724,1.7666970393822985e-07,1.3614808411549135e-08,1.3064608113659466
V,2,2,8,20,32,21.0,100000.0,30.0,80.0,0.0,0.0,0.0,0.0,
V,2,2,8,20,32,21.0,100000.0,30.0,80.0,500.0,0.17519295110425498,4.331701215932123e-07,-1.789709562760304e-08,1.4113191562236783e-05
V,2,2,8,20,32,21.0,100000.0,30.0,80.0,1000.0,0.161593210241743,6.030748965301689e-07,-2.5800018527030658e-08,2.3095375802228683e-05
V,2,2,8,20,32,21.0,100000.0,30.0,80.0,1500.0,0.11858796087707217,5.691832016566335e-07,-1.867981762920373e-08,4.0473510175077975e-05
V,2,2,8,20,32,21.0,100000.0,30.0,80.0,2000.0,0.08208730823477643,4.9474605369141e-07,-1.0306747348473869e-08,7.34226929614728e-05
V,2,2,8,20,32,21.0,100000.0,30.0,80.0,2500.0,0.05641003580889298,4.2398323508207977e-07,-4.458183954581544e-09,0.00013324040173372573
V,2,2,8,20,32,21.0,100000.0,30.0,80.0,3000.0,0.03925651548039194,3.652019992822343e-07,-6.164967018949165e-10,0.00023697888450940213
V,2,2,8,20,32,21.0,100000.0,30.0,80.0,3500.0,0.02788783139354669,3.2020617980553663e-07,1.6156397791704308e-09,0.0004117183476458409
V,2,2,8,20,32,21.0,100000.0,30.0,80.0,4000.0,0.020285178016812986,2.906858380086766e-07,2.2538602145187006e-09,0.0007064252714874032
V,2,2,8,20,32,21.0,100000.0,30.0,80.0,4500.0,0.015121831951292956,2.7505364078037584e-07,1.737421120704043e-09,0.0012028419970637136
V,2,2,8,20,32,21.0,100000.0,30.0,80.0,5000.0,0.011552527224008855,2.6910384709819645e-07,8.615997330410444e-10,0.0020163499333230857
V,2,2,8,20,32,21.0,100000.0,30.0,80.0,5500.0,0.009040601801483085,2.6895973189306503e-07,2.7982748281323604e-10,0.0032907325071119833
V,2,2,8,20,32,21.0,100000.0,30.0,80.0,6000.0,0.007243414477117775,2.715932165469343e-07,3.2035873528443486e-10,0.005176452640853283
V,2,2,8,20,32,21.0,100000.0,30.0,80.0,6500.0,0.005939360129665432,2.739239596721819e-07,1.1150629176632287e-09,0.007765165250587663
V,2,2,8,20,32,21.0,100000.0,30.0,80.0,7000.0,0.0049814841906654665,2.731284024905892e-07,2.6773355844054427e-09,0.011006502886515581
V,2,2,8,20,32,21.0,100000.0,30.0,80.0,7500.0,0.004268685666206707,2.679952565955579e-07,4.81824472031721e-09,0.014707496567690609
V,2,2,8,20,32,21.0,100000.0,30.0,80.0,8000.0,0.003728866894083219,2.594739077927958e-07,7.096914070160407e-09,0.01866121560072691
V,2,2,8,20,32,21.0,100000.0,30.0,80.0,8500.0,0.0033097512972985015,2.4972809910049955e-07,8.963106578543173e-09,0.022796946984316616
V,2,2,8,20,32,21.0,100000.0,30.0,80.0,9000.0,0.002973939624433256,2.407020034659344e-07,1.0010744165809488e-08,0.0272154431445388
V,2,2,8,20,32,21.0,100000.0,30.0,80.0,9500.0,0.0026957793037617403,2.3341862190482493e-07,1.0142110361590462e-08,0.032119356154800334
V,2,2,8,20,32,21.0,100000.0,30.0,80.0,10000.0,0.002458723289373321,2.282405108244768e-07,9.538986163188225e-09,0.03775490838466739
V,2,2,8,20,32,21.0,100000.0,30.0,80.0,10500.0,0.0022527618128231034,2.2546452749390514e-07,8.500826328054881e-09,0.044427070022513296
V,2,2,8,20,32,21.0,100000.0,30.0,80.0,11000.0,0.0020720342536852004,2.255719284526547e-07,7.284231110348019e-09,0.05254013582042749
V,2,2,8,20,32,21.0,100000.0,30.0,80.0,11500.0,0.001912876026114024,2.289587385427355e-07,6.033703784658476e-09,0.06257250983098535
V,2,2,8,20,32,21.0,100000.0,30.0,80.0,12000.0,0.001772464861002897,2.3545085858364823e-07,4.805379086318632e-09,0.07494540490567224
k_io,1,0,0,1,2,64494.667710376205,6.2962652107424715,5.0,15.0,0.0,0.0,0.0,0.0,
k_io,1,0,0,1,2,64494.667710376205,6.2962652107424715,5.0,15.0,500.0,-0.0015684135040837655,3.238819382490074e-10,4.078379119913477e-08,0.00013166355700424382
k_io,1,0,0,1,2,64494.667710376205,6.2962652107424715,5.0,15.0,1000.0,-0.0014754204510918079,6.00838048474092e-10,4.679817013410229e-08,0.0002760106430112586
k_io,1,0,0,1,2,64494.667710376205,6.2962652107424715,5.0,15.0,1500.0,-0.0011250825494001152,6.730466994917658e-10,4.278385003385219e-08,0.0005317119508050779
k_io,1,0,0,1,2,64494.667710376205,6.2962652107424715,5.0,15.0,2000.0,-0.0008286338931415074,6.616506730319689e-10,4.032269694830672e-08,0.0009636146023323108
k_io,1,0,0,1,2,64494.667710376205,6.2962652107424715,5.0,15.0,2500.0,-0.0006205804158468421,6.240335692759216e-10,4.015118240105688e-08,0.00162036114497838
k_io,1,0,0,1,2,64494.667710376205,6.2962652107424715,5.0,15.0,3000.0,-0.0004777140030447699,5.463758414445556e-10,4.2253849647651474e-08,0.002394173088159593
k_io,1,0,0,1,2,64494.667710376205,6.2962652107424715,5.0,15.0,3500.0,-0.0003754298385951734,4.6438873695433345e-10,4.461276710601032e-08,0.003294762426101446
k_io,1,0,0,1,2,64494.667710376205,6.2962652107424715,5.0,15.0,4000.0,-0.0002981245172219609,4.3428775771210994e-10,4.5942073708092295e-08,0.004886323328157428
k_io,1,0,0,1,2,64494.667710376205,6.2962652107424715,5.0,15.0,4500.0,-0.00023796760874810786,4.661778156003611e-10,4.604810335856416e-08,0.008232199932274028
k_io,1,0,0,1,2,64494.667710376205,6.2962652107424715,5.0,15.0,5000.0,-0.00019134371633481835,5.190953514336026e-10,4.47473045145203e-08,0.014178122694359373
k_io,1,0,0,1,2,64494.667710376205,6.2962652107424715,5.0,15.0,5500.0,-0.00015590024735773677,5.502401794096767e-10,4.200288514024489e-08,0.02263907569504626
k_io,1,0,0,1,2,64494.667710376205,6.2962652107424715,5.0,15.0,6000.0,-0.00012925587747662217,5.50642116385114e-10,3.825849875564269e-08,0.03295860527440461
k_io,1,0,0,1,2,64494.667710376205,6.2962652107424715,5.0,15.0,6500.0,-0.00010902436387608344,5.354335661580431e-10,3.430952979098522e-08,0.04504623215556666
k_io,1,0,0,1,2,64494.667710376205,6.2962652107424715,5.0,15.0,7000.0,-9.322496725915606e-05,5.194541209863964e-10,3.102474198181752e-08,0.05976992584167982
k_io,1,0,0,1,2,64494.667710376205,6.2962652107424715,5.0,15.0,7500.0,-8.048429522377579e-05,5.096623192475689e-10,2.915105178089655e-08,0.07867925433362112
k_io,1,0,0,1,2,64494.667710376205,6.2962652107424715,5.0,15.0,8000.0,-6.9975740967967e-05,5.107695906081183e-10,2.9168920018058976e-08,0.1043109789580065
k_io,1,0,0,1,2,64494.667710376205,6.2962652107424715,5.0,15.0,8500.0,-6.126874285316327e-05,5.278554709637553e-10,3.112873865236938e-08,0.1406167604970739
k_io,1,0,0,1,2,64494.667710376205,6.2962652107424715,5.0,15.0,9000.0,-5.419605116594654e-05,5.621319365069904e-10,3.4540995317395434e-08,0.19138282962993572
k_io,1,0,0,1,2,64494.667710376205,6.2962652107424715,5.0,15.0,9500.0,-4.873968038685548e-05,6.072598499315568e-10,3.846855312789329e-08,0.25562846608461925
k_io,1,0,0,1,2,64494.667710376205,6.2962652107424715,5.0,15.0,10000.0,-4.4916519792384904e-05,6.516424406699461e-10,4.18408245592783e-08,0.3229960145284527
k_io,1,0,0,1,2,64494.667710376205,6.2962652107424715,5.0,15.0,10500.0,-4.2681126373506095e-05,6.849527821312418e-10,4.382805465469424e-08,0.3760009046003384
k_io,1,0,0,1,2,64494.667710376205,6.2962652107424715,5.0,15.0,11000.0,-4.1881356376147574e-05,7.036913867439064e-10,4.408114252857423e-08,0.40118137130083686
k_io,1,0,0,1,2,64494.667710376205,6.2962652107424715,5.0,15.0,11500.0,-4.227811070591891e-05,7.122580555858419e-10,4.2757906587041804e-08,0.3984797227212562
k_io,1,0,0,1,2,64494.667710376205,6.2962652107424715,5.0,15.0,12000.0,-4.36023478037912e-05,7.195755380441915e-10,4.038249054039123e-08,0.3784919450557939
k_io,1,0,0,1,2,64494.667710376205,6.2962652107424715,7.0,25.0,0.0,0.0,0.0,0.0,
k_io,1,0,0,1,2,64494.667710376205,6.2962652107424715,7.0,25.0,500.0,-0.002143666664999627,4.8538927953901e-10,3.888862681724102e-08,0.00010562717654482052
k_io,1,0,0,1,2,64494.667710376205,6.2962652107424715,7.0,25.0,1000.0,-0.0021071498114089426,5.326568416612083e-10,6.620467180979006e-08,0.00011996558673402217
k_io,1,0,0,1,2,64494.667710376205,6.2962652107424715,7.0,25.0,1500.0,-0.001656617684804497,4.80624357170304e-10,6.908135411449418e-08,0.00017513025893227264
k_io,1,0,0,1,2,64494.667710376205,6.2962652107424715,7.0,25.0,2000.0,-0.0012349183176088123,5.383894672302587e-10,6.332061870217914e-08,0.0003530368909580202
k_io,1,0,0,1,2,64494.667710376205,6.2962652107424715,7.0,25.0,2500.0,-0.0009214453713455445,6.603155258688729e-10,5.76029897753072e-08,0.0007777004016593428
k_io,1,0,0,1,2,64494.667710376205,6.2962652107424715,7.0,25.0,3000.0,-0.0007046955679308273,6.971565444013395e-10,5.4730286634459103e-08,0.0014038710826535488
k_io,1,0,0,1,2,64494.667710376205,6.2962652107424715,7.0,25.0,3500.0,-0.0005582958747174065,6.153701570984245e-10,5.209533852736775e-08,0.0019742747596822787
k_io,1,0,0,1,2,64494.667710376205,6.2962652107424715,7.0,25.0,4000.0,-0.0004594741077549964,4.866212363037739e-10,4.763548061848499e-08,0.0023049896072602194
k_io,1,0,0,1,2,64494.667710376205,6.2962652107424715,7.0,25.0,4500.0,-0.0003914195071328718,3.919676304095754e-10,4.211722682867343e-08,0.002558381299653353
k_io,1,0,0,1,2,64494.667710376205,6.2962652107424715,7.0,25.0,5000.0,-0.00034232290064654686,3.745913419633742e-10,3.742399962010869e-08,0.003196581843004078
k_io,1,0,0,1,2,64494.667710376205,6.2962652107424715,7.0,25.0,5500.0,-0.00030423227853534863,4.322174975822057e-10,3.475183653687076e-08,0.0046697299319718
k_io,1,0,0,1,2,64494.667710376205,6.2962652107424715,7.0,25.0,6000.0,-0.00027208743032309385,5.301679221592564e-10,3.4121633493508955e-08,0.007161376207778269
k_io,1,0,0,1,2,64494.667710376205,6.2962652107424715,7.0,25.0,6500.0,-0.00024290773043283065,6.284744532609385e-10,3.48097115072586e-08,0.010651357372693071
k_io,1,0,0,1,2,64494.667710376205,6.2962652107424715,7.0,25.0,7000.0,-0.00021515084634260418,7.070901866141331e-10,3.591460573339911e-08,0.015275262855418083
k_io,1,0,0,1,2,64494.667710376205,6.2962652107424715,7.0,25.0,7500.0,-0.00018823925723218497,7.705205073221913e-10,3.6648689829706904e-08,0.021745219752377608
k_io,1,0,0,1,2,64494.667710376205,6.2962652107424715,7.0,25.0,8000.0,-0.00016221060763642954,8.327204269192879e-10,3.642997538993886e-08,0.031647595267294125
k_io,1,0,0,1,2,64494.667710376205,6.2962652107424715,7.0,25.0,8500.0,-0.00013745011625936705,8.997919961192504e-10,3.496133351779846e-08,0.04762685483188975
k_io,1,0,0,1,2,64494.667710376205,6.2962652107424715,7.0,25.0,9000.0,-0.00011448929049812507,9.647149612657003e-10,3.2308927293522885e-08,0.07359855468112511
k_io,1,0,0,1,2,64494.667710376205,6.2962652107424715,7.0,25.0,9500.0,-9.386867169091729e-05,1.0146073348881109e-09,2.8886640450607416e-08,0.11514806730398193
k_io,1,0,0,1,2,64494.667710376205,6.2962652107424715,7.0,25.0,10000.0,-7.605592601489487e-05,1.0414559471204104e-09,2.5320348211288805e-08,0.18004239747581555
k_io,1,0,0,1,2,64494.667710376205,6.2962652107424715,7.0,25.0,10500.0,-6.139984242286135e-05,1.047784948722364e-09,2.2254550600284493e-08,0.2779314175269099
k_io,1,0,0,1,2,64494.667710376205,6.2962652107424715,7.0,25.0,11000.0,-5.010016807971602e-05,1.045024787536534e-09,2.0177459506002263e-08,0.416340084580057
k_io,1,0,0,1,2,64494.667710376205,6.2962652107424715,7.0,25.0,11500.0,-4.218377528453481e-05,1.0475035791110271e-09,1.931516603168429e-08,0.5886601352830405
k_io,1,0,0,1,2,64494.667710376205,6.2962652107424715,7.0,25.0,12000.0,-3.74906326901166e-05,1.0661737928359742e-09,1.962085005752089e-08,0.7585469454923406
k_io,1,0,0,1,2,64494.667710376205,6.2962652107424715,10.0,30.0,0.0,0.0,0.0,0.0,
k_io,1,0,0,1,2,64494.667710376205,6.2962652107424715,10.0,30.0,500.0,-0.0023973949757253032,6.011258343091426e-10,3.90269713064673e-08,0.00010458904829835154
k_io,1,0,0,1,2,64494.667710376205,6.2962652107424715,10.0,30.0,1000.0,-0.002423182875922608,9.40827285487124e-10,6.31513491223413e-08,0.00016022767158090618
k_io,1,0,0,1,2,64494.667710376205,6.2962652107424715,10.0,30.0,1500.0,-0.001968670330203988,1.2536794875710368e-09,6.21654848162714e-08,0.00032347485576996794
k_io,1,0,0,1,2,64494.667710376205,6.2962652107424715,10.0,30.0,2000.0,-0.0015223385692455134,1.2735058861912868e-09,5.698887804572496e-08,0.0005495136128042108
k_io,1,0,0,1,2,64494.667710376205,6.2962652107424715,10.0,30.0,2500.0,-0.001177722388509092,1.1453893245103787e-09,5.403828969405429e-08,0.0008257855304967288
k_io,1,0,0,1,2,64494.667710376205,6.2962652107424715,10.0,30.0,3000.0,-0.0009264088755153513,1.0407691040390237e-09,5.159733078613332e-08,0.0012126877122469162
k_io,1,0,0,1,2,64494.667710376205,6.2962652107424715,10.0,30.0,3500.0,-0.0007426536779946225,9.720472999766344e-10,4.8239401514233436e-08,0.001762441561932483
k_io,1,0,0,1,2,64494.667710376205,6.2962652107424715,10.0,30.0,4000.0,-0.0006058606674359422,9.093591197638019e-10,4.47639178200835e-08,0.0024773644927407637
k_io,1,0,0,1,2,64494.667710376205,6.2962652107424715,10.0,30.0,4500.0,-0.0005030037356931454,8.585616114559788e-10,4.2150851629761836e-08,0.0033933530381282267
k_io,1,0,0,1,2,64494.667710376205,6.2962652107424715,10.0,30.0,5000.0,-0.0004257457820867586,8.549945139583188e-10,4.0100610754449266e-08,0.004716964633119719
k_io,1,0,0,1,2,64494.667710376205,6.2962652107424715,10.0,30.0,5500.0,-0.0003678214299897148,9.185073490114008e-10,3.791812137399439e-08,0.00678904329884527
k_io,1,0,0,1,2,64494.667710376205,6.2962652107424715,10.0,30.0,6000.0,-0.0003239416438202058,1.0272133850513426e-09,3.570192842776833e-08,0.009788747059067968
k_io,1,0,0,1,2,64494.667710376205,6.2962652107424715,10.0,30.0,6500.0,-0.00028972145391337363,1.1370594091030676e-09,3.415705286119022e-08,0.013546336026471024
k_io,1,0,0,1,2,64494.667710376205,6.2962652107424715,10.0,30.0,7000.0,-0.0002618841923749506,1.218867237731569e-09,3.368261454743138e-08,0.01777206259735323
k_io,1,0,0,1,2,64494.667710376205,6.2962652107424715,10.0,30.0,7500.0,-0.00023832219464976442,1.2727169081206355e-09,3.397285608690116e-08,0.022407986527725212
k_io,1,0,0,1,2,64494.667710376205,6.2962652107424715,10.0,30.0,8000.0,-0.00021792900719998362,1.3143899934531794e-09,3.4386381082669344e-08,0.027675416363946475
k_io,1,0,0,1,2,64494.667710376205,6.2962652107424715,10.0,30.0,8500.0,-0.00020028629641035594,1.355443988963889e-09,3.4506635662792394e-08,0.033789292952269255
k_io,1,0,0,1,2,64494.667710376205,6.2962652107424715,10.0,30.0,9000.0,-0.00018532117921709907,1.3942680802264164e-09,3.4357515407562704e-08,0.0405972087619659
k_io,1,0,0,1,2,64494.667710376205,6.2962652107424715,10.0,30.0,9500.0,-0.00017302110422846503,1.4194586248827492e-09,3.423677069221318e-08,0.04741596342710272
k_io,1,0,0,1,2,64494.667710376205,6.2962652107424715,10.0,30.0,10000.0,-0.0001632519066956941,1.4185728080057158e-09,3.444573800880037e-08,0.053227382042800385
k_io,1,0,0,1,2,64494.667710376205,6.2962652107424715,10.0,30.0,10500.0,-0.000155688170424222,1.3859738615295105e-09,3.514219912122771e-08,0.05717995507218262
k_io,1,0,0,1,2,64494.667710376205,6.2962652107424715,10.0,30.0,11000.0,-0.00014983747764674865,1.3264869085586652e-09,3.634534613401612e-08,0.059082934989337636
k_io,1,0,0,1,2,64494.667710376205,6.2962652107424715,10.0,30.0,11500.0,-0.00014512298305768031,1.254028052093709e-09,3.80009729158986e-08,0.05954356836990475
k_io,1,0,0,1,2,64494.667710376205,6.2962652107424715,10.0,30.0,12000.0,-0.00014098350389839102,1.1864430354427441e-09,4.0014789520840804e-08,0.059691197460891514
k_io,1,0,0,1,2,64494.667710376205,6.2962652107424715,12.0,36.0,0.0,0.0,0.0,0.0,
k_io,1,0,0,1,2,64494.667710376205,6.2962652107424715,12.0,36.0,500.0,-0.002629590411592192,7.06390312141473e-10,3.287060794819287e-08,0.00010215709144547365
k_io,1,0,0,1,2,64494.667710376205,6.2962652107424715,12.0,36.0,1000.0,-0.002723469274410875,1.3292354104305197e-09,6.104114258538182e-08,0.00017920781396204945
k_io,1,0,0,1,2,64494.667710376205,6.2962652107424715,12.0,36.0,1500.0,-0.002259402238340383,1.8724691262510077e-09,7.330902176006103e-08,0.00036679850452683025
k_io,1,0,0,1,2,64494.667710376205,6.2962652107424715,12.0,36.0,2000.0,-0.001771922205306132,1.934187864988973e-09,7.529124925830072e-08,0.0006160406251651554
k_io,1,0,0,1,2,64494.667710376205,6.2962652107424715,12.0,36.0,2500.0,-0.001382000170201781,1.6764901090089038e-09,7.019246187390901e-08,0.000877778223672193
k_io,1,0,0,1,2,64494.667710376205,6.2962652107424715,12.0,36.0,3000.0,-0.001094564048477062,1.3807619710229379e-09,6.357682633764739e-08,0.0011524881227612243
k_io,1,0,0,1,2,64494.667710376205,6.2962652107424715,12.0,36.0,3500.0,-0.0008865265295876171,1.22983825492198e-09,5.8863086180153085e-08,0.001564820492412862
k_io,1,0,0,1,2,64494.667710376205,6.2962652107424715,12.0,36.0,4000.0,-0.000733705095120712,1.244062965261089e-09,5.5280729368878276e-08,0.0023109965211127663
k_io,1,0,0,1,2,64494.667710376205,6.2962652107424715,12.0,36.0,4500.0,-0.000617873681819165,1.3208492897111163e-09,5.1070258968908014e-08,0.0034598229337234783
k_io,1,0,0,1,2,64494.667710376205,6.2962652107424715,12.0,36.0,5000.0,-0.0005270102885276077,1.3496973283563602e-09,4.590123677370499e-08,0.004859574009541977
k_io,1,0,0,1,2,64494.667710376205,6.2962652107424715,12.0,36.0,5500.0,-0.00045363373073764243,1.2857030957405877e-09,4.056580672134373e-08,0.006247841593131773
k_io,1,0,0,1,2,64494.667710376205,6.2962652107424715,12.0,36.0,6000.0,-0.0003931331871574093,1.1536464840002885e-09,3.598026255803922e-08,0.007464372983419753
k_io,1,0,0,1,2,64494.667710376205,6.2962652107424715,12.0,36.0,6500.0,-0.00034264518212694583,1.0161831097438545e-09,3.2844797337724337e-08,0.008655311704730674
k_io,1,0,0,1,2,64494.667710376205,6.2962652107424715,12.0,36.0,7000.0,-0.0003004136806180084,9.323379045572836e-10,3.154580106488166e-08,0.010330799397144664
k_io,1,0,0,1,2,64494.667710376205,6.2962652107424715,12.0,36.0,7500.0,-0.00026539083568937307,9.274669122568122e-10,3.193040976492945e-08,0.013168205060785223
k_io,1,0,0,1,2,64494.667710376205,6.2962652107424715,12.0,36.0,8000.0,-0.00023690743726156025,9.898811548594233e-10,3.3281465228111715e-08,0.017637038654741383
k_io,1,0,0,1,2,64494.667710376205,6.2962652107424715,12.0,36.0,8500.0,-0.0002143806666008029,1.0887547593027687e-09,3.472429014182152e-08,0.023689660262396817
k_io,1,0,0,1,2,64494.667710376205,6.2962652107424715,12.0,36.0,9000.0,-0.00019710905491727342,1.1940921763757517e-09,3.575140633290813e-08,0.03073439734111923
k_io,1,0,0,1,2,64494.667710376205,6.2962652107424715,12.0,36.0,9500.0,-0.00018420055803334114,1.2863300421964667e-09,3.641352237572827e-08,0.03791146172980213
k_io,1,0,0,1,2,64494.667710376205,6.2962652107424715,12.0,36.0,10000.0,-0.00017462714111098022,1.3564785404574246e-09,3.708772904372098e-08,0.04448252581664333
k_io,1,0,0,1,2,64494.667710376205,6.2962652107424715,12.0,36.0,10500.0,-0.0001673511331015164,1.402638485866519e-09,3.810450809891998e-08,0.05008278101446632
k_io,1,0,0,1,2,64494.667710376205,6.2962652107424715,12.0,36.0,11000.0,-0.00016145484887972726,1.4264090933158996e-09,3.954610955985799e-08,0.05471947398236237
k_io,1,0,0,1,2,64494.667710376205,6.2962652107424715,12.0,36.0,11500.0,-0.0001562245343861492,1.4301381198711146e-09,4.129985531176499e-08,0.05859755628450982
k_io,1,0,0,1,2,64494.667710376205,6.2962652107424715,12.0,36.0,12000.0,-0.00015117341355183958,1.4156310436706389e-09,4.323198996979674e-08,0.061943998875437056
k_io,1,0,0,1,2,64494.667710376205,6.2962652107424715,15.0,40.0,0.0,0.0,0.0,0.0,
k_io,1,0,0,1,2,64494.667710376205,6.2962652107424715,15.0,40.0,500.0,-0.0028123488525488016,8.298588952909844e-10,4.0896359271690413e-08,0.00010492183361105445
k_io,1,0,0,1,2,64494.667710376205,6.2962652107424715,15.0,40.0,1000.0,-0.0029824435962454987,1.6763770956534445e-09,6.63108934591795e-08,0.0001884634948115843
k_io,1,0,0,1,2,64494.667710376205,6.2962652107424715,15.0,40.0,1500.0,-0.00252776229785448,2.311370733533112e-09,7.070648121476407e-08,0.0003617405095859791
k_io,1,0,0,1,2,64494.667710376205,6.2962652107424715,15.0,40.0,2000.0,-0.0020144497017149654,2.3113170497829703e-09,6.757758006331043e-08,0.0005695694235175327
k_io,1,0,0,1,2,64494.667710376205,6.2962652107424715,15.0,40.0,2500.0,-0.0015865415848064918,2.083074594161058e-09,5.947881211285702e-08,0.0008275645951605985
k_io,1,0,0,1,2,64494.667710376205,6.2962652107424715,15.0,40.0,3000.0,-0.001263110415428103,1.9461390482108995e-09,4.847612414045798e-08,0.0012198073167467576
k_io,1,0,0,1,2,64494.667710376205,6.2962652107424715,15.0,40.0,3500.0,-0.0010265989423552304,1.9032945558954e-09,3.958916614412419e-08,0.0018059444204036803
k_io,1,0,0,1,2,64494.667710376205,6.2962652107424715,15.0,40.0,4000.0,-0.0008530358825973704,1.8733507301352987e-09,3.5622982230622403e-08,0.0025744501923715677
k_io,1,0,0,1,2,64494.667710376205,6.2962652107424715,15.0,40.0,4500.0,-0.0007226779098819872,1.814973086808527e-09,3.546847219595934e-08,0.003475206611917261
k_io,1,0,0,1,2,64494.667710376205,6.2962652107424715,15.0,40.0,5000.0,-0.0006220856294416452,1.7287261227686018e-09,3.671255978229201e-08,0.004467101872415942
k_io,1,0,0,1,2,64494.667710376205,6.2962652107424715,15.0,40.0,5500.0,-0.0005427368668024313,1.637884308794451e-09,3.771852272171353e-08,0.0055603813243906754
k_io,1,0,0,1,2,64494.667710376205,6.2962652107424715,15.0,40.0,6000.0,-0.0004790881314945669,1.5707258278500396e-09,3.791900400207087e-08,0.006843362737146644
k_io,1,0,0,1,2,64494.667710376205,6.2962652107424715,15.0,40.0,6500.0,-0.0004272874794674455,1.5417720483043947e-09,3.735224359936055e-08,0.008444614594936265
k_io,1,0,0,1,2,64494.667710376205,6.2962652107424715,15.0,40.0,7000.0,-0.0003846043555931953,1.5427491300461053e-09,3.623200317228657e-08,0.010429582256625112
k_io,1,0,0,1,2,64494.667710376205,6.2962652107424715,15.0,40.0,7500.0,-0.00034920966998807246,1.5500484596535058e-09,3.4752572346396284e-08,0.012710796136982767
k_io,1,0,0,1,2,64494.667710376205,6.2962652107424715,15.0,40.0,8000.0,-0.000319989188739865,1.5404789061793615e-09,3.308375465678571e-08,0.0150447558807945
k_io,1,0,0,1,2,64494.667710376205,6.2962652107424715,15.0,40.0,8500.0,-0.00029628296774591566,1.5031782350808795e-09,3.1441997388190005e-08,0.01712368012769223
k_io,1,0,0,1,2,64494.667710376205,6.2962652107424715,15.0,40.0,9000.0,-0.0002776000637842622,1.4422598679536788e-09,3.0108204905282496e-08,0.01871562763654324
k_io,1,0,0,1,2,64494.667710376205,6.2962652107424715,15.0,40.0,9500.0,-0.0002633994125007086,1.3721518090322112e-09,2.9342136553432666e-08,0.019777553072861664
k_io,1,0,0,1,2,64494.667710376205,6.2962652107424715,15.0,40.0,10000.0,-0.0002529890526563965,1.3104147519642484e-09,2.9267531248035275e-08,0.020474123372742785
k_io,1,0,0,1,2,64494.667710376205,6.2962652107424715,15.0,40.0,10500.0,-0.00024553678039637553,1.2721075554092485e-09,2.9831958808783075e-08,0.021100401458931557
k_io,1,0,0,1,2,64494.667710376205,6.2962652107424715,15.0,40.0,11000.0,-0.00024014722276438681,1.267111769103292e-09,3.0865262660752915e-08,0.021971504066131034
k_io,1,0,0,1,2,64494.667710376205,6.2962652107424715,15.0,40.0,11500.0,-0.00023595451905341182,1.2996766438868296e-09,3.2177409159790005e-08,0.023344184957195705
k_io,1,0,0,1,2,64494.667710376205,6.2962652107424715,15.0,40.0,12000.0,-0.00023219641750546948,1.3685307088209397e-09,3.3626782074284793e-08,0.025383033176888135
k_io,1,0,0,1,2,64494.667710376205,6.2962652107424715,20.0,50.0,0.0,0.0,0.0,0.0,
k_io,1,0,0,1,2,64494.667710376205,6.2962652107424715,20.0,50.0,500.0,-0.0031344793150378802,1.1263057509439457e-09,4.875451448771155e-08,0.00011463717764418763
k_io,1,0,0,1,2,64494.667710376205,6.2962652107424715,20.0,50.0,1000.0,-0.003425351775962801,1.6866342485938431e-09,7.02749749177489e-08,0.00014375089470986208
k_io,1,0,0,1,2,64494.667710376205,6.2962652107424715,20.0,50.0,1500.0,-0.0029840925701361334,2.0258923358018177e-09,6.951321724075318e-08,0.00022750543633557818
k_io,1,0,0,1,2,64494.667710376205,6.2962652107424715,20.0,50.0,2000.0,-0.0024461729128164474,2.199393613132146e-09,6.687680335890935e-08,0.00036756034794810496
k_io,1,0,0,1,2,64494.667710376205,6.2962652107424715,20.0,50.0,2500.0,-0.001978841615910741,2.213210541360027e-09,6.544662635416577e-08,0.0005651980563290538
k_io,1,0,0,1,2,64494.667710376205,6.2962652107424715,20.0,50.0,3000.0,-0.0016072608291884411,2.148272679296258e-09,6.132091384093704e-08,0.0008316042193808495
k_io,1,0,0,1,2,64494.667710376205,6.2962652107424715,20.0,50.0,3500.0,-0.0013188809989354688,2.0878831938517065e-09,5.364313101549116e-08,0.001200314287586802
k_io,1,0,0,1,2,64494.667710376205,6.2962652107424715,20.0,50.0,4000.0,-0.0010947926089874358,2.05230016076332e-09,4.469735912981227e-08,0.001712289389736187
k_io,1,0,0,1,2,64494.667710376205,6.2962652107424715,20.0,50.0,4500.0,-0.0009180670702281773,2.017689418837618e-09,3.723560352727407e-08,0.00239389719685252
k_io,1,0,0,1,2,64494.667710376205,6.2962652107424715,20.0,50.0,5000.0,-0.0007759257882003004,1.973592100927351e-09,3.268001769182504e-08,0.0032780609641717582
k_io,1,0,0,1,2,64494.667710376205,6.2962652107424715,20.0,50.0,5500.0,-0.0006601059761269512,1.9453300004762984e-09,3.0921977749339595e-08,0.004464429357359672
k_io,1,0,0,1,2,64494.667710376205,6.2962652107424715,20.0,50.0,6000.0,-0.0005660182743686282,1.9686802687690465e-09,3.120539678887372e-08,0.006144892400567554
k_io,1,0,0,1,2,64494.667710376205,6.2962652107424715,20.0,50.0,6500.0,-0.0004911040477720485,2.0578739848511074e-09,3.2769712049973305e-08,0.008532410659364236
k_io,1,0,0,1,2,64494.667710376205,6.2962652107424715,20.0,50.0,7000.0,-0.00043320036661098973,2.1989290020400086e-09,3.49156345461836e-08,0.011717462608355017
k_io,1,0,0,1,2,64494.667710376205,6.2962652107424715,20.0,50.0,7500.0,-0.00038959226900758944,2.3631456918554187e-09,3.7025803730878046e-08,0.015569326885464719
k_io,1,0,0,1,2,64494.667710376205,6.2962652107424715,20.0,50.0,8000.0,-0.00035691334822271405,2.5206586705537155e-09,3.8731213148042655e-08,0.01978738754451347
k_io,1,0,0,1,2,64494.667710376205,6.2962652107424715,20.0,50.0,8500.0,-0.0003316080824932069,2.6458695049704414e-09,3.996473440330569e-08,0.024061251144482366
k_io,1,0,0,1,2,64494.667710376205,6.2962652107424715,20.0,50.0,9000.0,-0.000310529317980519,2.719654749780839e-09,4.077626444601217e-08,0.028203860408157286
k_io,1,0,0,1,2,64494.667710376205,6.2962652107424715,20.0,50.0,9500.0,-0.0002913612379994827,2.733084536403409e-09,4.1103761061603424e-08,0.03219508065344844
k_io,1,0,0,1,2,64494.667710376205,6.2962652107424715,20.0,50.0,10000.0,-0.00027276061621108773,2.6903131199177466e-09,4.074727525865839e-08,0.03616092271001523
k_io,1,0,0,1,2,64494.667710376205,6.2962652107424715,20.0,50.0,10500.0,-0.0002542615756476246,2.6061973240846725e-09,3.957704613028947e-08,0.04031306572514997
k_io,1,0,0,1,2,64494.667710376205,6.2962652107424715,20.0,50.0,11000.0,-0.00023604749482377036,2.4989194125505787e-09,3.777851643285516e-08,0.04484907183219276
k_io,1,0,0,1,2,64494.667710376205,6.2962652107424715,20.0,50.0,11500.0,-0.0002186824012404406,2.3825805141663308e-09,3.590472634061662e-08,0.0498218577691442
k_io,1,0,0,1,2,64494.667710376205,6.2962652107424715,20.0,50.0,12000.0,-0.0002028580035468798,2.264538669308361e-09,3.467203435147361e-08,0.055029484830119664
k_io,1,0,0,1,2,64494.667710376205,6.2962652107424715,25.0,60.0,0.0,0.0,0.0,0.0,
k_io,1,0,0,1,2,64494.667710376205,6.2962652107424715,25.0,60.0,500.0,-0.003362308149639809,9.501983991798428e-10,3.955508367227161e-08,8.405030000151073e-05
k_io,1,0,0,1,2,64494.667710376205,6.2962652107424715,25.0,60.0,1000.0,-0.0037584258004101506,1.6207641060020136e-09,6.17238943406279e-08,0.00011473815143418107
k_io,1,0,0,1,2,64494.667710376205,6.2962652107424715,25.0,60.0,1500.0,-0.0033466582260698943,1.9803625660673456e-09,6.958786608519701e-08,0.0001768161715559804
k_io,1,0,0,1,2,64494.667710376205,6.2962652107424715,25.0,60.0,2000.0,-0.0028062360862188412,2.1364920147736357e-09,7.213728679217786e-08,0.0002713019178735574
k_io,1,0,0,1,2,64494.667710376205,6.2962652107424715,25.0,60.0,2500.0,-0.002325364224181257,2.188224719855177e-09,7.244958835841744e-08,0.000404678327812079
k_io,1,0,0,1,2,64494.667710376205,6.2962652107424715,25.0,60.0,3000.0,-0.0019333188815625242,2.2037218680130515e-09,6.811674096613462e-08,0.0005895895757537529
k_io,1,0,0,1,2,64494.667710376205,6.2962652107424715,25.0,60.0,3500.0,-0.0016170128681360224,2.2199970368107136e-09,6.131670876474955e-08,0.0008490347049390185
k_io,1,0,0,1,2,64494.667710376205,6.2962652107424715,25.0,60.0,4000.0,-0.0013598060630279785,2.275046542027087e-09,5.6534899269189976e-08,0.0012303717167864857
k_io,1,0,0,1,2,64494.667710376205,6.2962652107424715,25.0,60.0,4500.0,-0.001150092620860516,2.4051209231465066e-09,5.4510069305784904e-08,0.0018183240481287786
k_io,1,0,0,1,2,64494.667710376205,6.2962652107424715,25.0,60.0,5000.0,-0.0009800281581101413,2.5906590655638775e-09,5.296995411082973e-08,0.0026973242382146733
k_io,1,0,0,1,2,64494.667710376205,6.2962652107424715,25.0,60.0,5500.0,-0.0008431340585508887,2.747816382434767e-09,5.037920550243068e-08,0.0038654000002215083
k_io,1,0,0,1,2,64494.667710376205,6.2962652107424715,25.0,60.0,6000.0,-0.0007332774260618413,2.7975496092743044e-09,4.724589778165445e-08,0.00520284832938499
k_io,1,0,0,1,2,64494.667710376205,6.2962652107424715,25.0,60.0,6500.0,-0.0006447747719530959,2.7318307016824075e-09,4.4927995310690175e-08,0.0065710944332509225
k_io,1,0,0,1,2,64494.667710376205,6.2962652107424715,25.0,60.0,7000.0,-0.0005727895234152684,2.6105735538149552e-09,4.4197247957374094e-08,0.007956934852142909
k_io,1,0,0,1,2,64494.667710376205,6.2962652107424715,25.0,60.0,7500.0,-0.0005135213210634877,2.5074855601397245e-09,4.4793381166793475e-08,0.009508707340744235
k_io,1,0,0,1,2,64494.667710376205,6.2962652107424715,25.0,60.0,8000.0,-0.00046411297748069017,2.4617697007404724e-09,4.582568231240513e-08,0.011428783283349743
k_io,1,0,0,1,2,64494.667710376205,6.2962652107424715,25.0,60.0,8500.0,-0.00042242164885891243,2.4679913904497034e-09,4.6410548157290563e-08,0.013830927521074338
k_io,1,0,0,1,2,64494.667710376205,6.2962652107424715,25.0,60.0,9000.0,-0.0003868123026779533,2.4963172778916872e-09,4.609908296759378e-08,0.016683963292669565
k_io,1,0,0,1,2,64494.667710376205,6.2962652107424715,25.0,60.0,9500.0,-0.00035604232040121987,2.517880061541865e-09,4.495470853042092e-08,0.019862403180937134
k_io,1,0,0,1,2,64494.667710376205,6.2962652107424715,25.0,60.0,10000.0,-0.0003292173651281904,2.517688968638625e-09,4.3365222923254745e-08,0.023229325926685793
k_io,1,0,0,1,2,64494.667710376205,6.2962652107424715,25.0,60.0,10500.0,-0.0003057602877363122,2.4937231936263187e-09,4.177072214980064e-08,0.026673873534880953
k_io,1,0,0,1,2,64494.667710376205,6.2962652107424715,25.0,60.0,11000.0,-0.0002853472449812185,2.4506923343107994e-09,4.04689944295092e-08,0.03009826244212414
k_io,1,0,0,1,2,64494.667710376205,6.2962652107424715,25.0,60.0,11500.0,-0.00026780219362108914,2.3962774041103824e-09,3.956706019526564e-08,0.0334124892772813
k_io,1,0,0,1,2,64494.667710376205,6.2962652107424715,25.0,60.0,12000.0,-0.00025297399480960045,2.341475204454725e-09,3.904609628589759e-08,0.03658792711295168
k_io,1,0,0,1,2,64494.667710376205,6.2962652107424715,30.0,80.0,0.0,0.0,0.0,0.0,
k_io,1,0,0,1,2,64494.667710376205,6.2962652107424715,30.0,80.0,500.0,-0.0035439073254404374,9.520994537500137e-10,3.286776169225538e-08,7.580844758648777e-05
k_io,1,0,0,1,2,64494.667710376205,6.2962652107424715,30.0,80.0,1000.0,-0.004020655078516497,1.9211205733491934e-09,4.7305887785556236e-08,0.00011883954694868554
k_io,1,0,0,1,2,64494.667710376205,6.2962652107424715,30.0,80.0,1500.0,-0.0036500677316207916,2.5374223425478765e-09,4.718569858558111e-08,0.0001904543571599462
k_io,1,0,0,1,2,64494.667710376205,6.2962652107424715,30.0,80.0,2000.0,-0.0031211094731883257,2.953047855841516e-09,4.2714492022011236e-08,0.0003031464461784192
k_io,1,0,0,1,2,64494.667710376205,6.2962652107424715,30.0,80.0,2500.0,-0.0026296532179377885,3.306437824594747e-09,3.944689332745782e-08,0.0004781491631195295
k_io,1,0,0,1,2,64494.667710376205,6.2962652107424715,30.0,80.0,3000.0,-0.0022176817494066955,3.508558409975312e-09,3.822190992696209e-08,0.0007133953367151248
k_io,1,0,0,1,2,64494.667710376205,6.2962652107424715,30.0,80.0,3500.0,-0.001880930746543297,3.4332942822807933e-09,3.8739125129823897e-08,0.0009704326925528806
k_io,1,0,0,1,2,64494.667710376205,6.2962652107424715,30.0,80.0,4000.0,-0.0016036033001625392,3.123032909295551e-09,4.0555448667514484e-08,0.0012144584975927993
k_io,1,0,0,1,2,64494.667710376205,6.2962652107424715,30.0,80.0,4500.0,-0.0013707572071883882,2.785034979146925e-09,4.234881987561505e-08,0.0014822094510413256
k_io,1,0,0,1,2,64494.667710376205,6.2962652107424715,30.0,80.0,5000.0,-0.0011723766568561894,2.602066017172849e-09,4.301038052586167e-08,0.001893145465711044
k_io,1,0,0,1,2,64494.667710376205,6.2962652107424715,30.0,80.0,5500.0,-0.0010032683475704506,2.6062389805881824e-09,4.2778395536206926e-08,0.0025892859487081934
k_io,1,0,0,1,2,64494.667710376205,6.2962652107424715,30.0,80.0,6000.0,-0.0008610678721861454,2.7219180886673393e-09,4.2634449708487286e-08,0.003671134373105867
k_io,1,0,0,1,2,64494.667710376205,6.2962652107424715,30.0,80.0,6500.0,-0.0007440816635999074,2.871366516685754e-09,4.308235884727282e-08,0.005186178101158469
k_io,1,0,0,1,2,64494.667710376205,6.2962652107424715,30.0,80.0,7000.0,-0.0006499476398015985,3.027947555000103e-09,4.3829802596031144e-08,0.007167894535959061
k_io,1,0,0,1,2,64494.667710376205,6.2962652107424715,30.0,80.0,7500.0,-0.000575324933412006,3.2039138320907323e-09,4.4355384636171724e-08,0.009679533688059959
k_io,1,0,0,1,2,64494.667710376205,6.2962652107424715,30.0,80.0,8000.0,-0.0005163118633167226,3.41410807449419e-09,4.443837588925764e-08,0.012807166534156745
k_io,1,0,0,1,2,64494.667710376205,6.2962652107424715,30.0,80.0,8500.0,-0.0004691201126990731,3.648217507799786e-09,4.4134708772650184e-08,0.016577254969785626
k_io,1,0,0,1,2,64494.667710376205,6.2962652107424715,30.0,80.0,9000.0,-0.0004306159320987299,3.864534047646079e-09,4.34437834609105e-08,0.020840923043764642
k_io,1,0,0,1,2,64494.667710376205,6.2962652107424715,30.0,80.0,9500.0,-0.0003985373942224533,4.0060526904566434e-09,4.214316797580903e-08,0.025221940877779712
k_io,1,0,0,1,2,64494.667710376205,6.2962652107424715,30.0,80.0,10000.0,-0.0003713923022545585,4.0286260827578875e-09,3.995804837003748e-08,0.029207283367999867
k_io,1,0,0,1,2,64494.667710376205,6.2962652107424715,30.0,80.0,10500.0,-0.0003481660935999364,3.923864491866526e-09,3.686188516053406e-08,0.032369877163383715
k_io,1,0,0,1,2,64494.667710376205,6.2962652107424715,30.0,80.0,11000.0,-0.00032800487980614657,3.723637915090689e-09,3.321879734536234e-08,0.0346104171719919
k_io,1,0,0,1,2,64494.667710376205,6.2962652107424715,30.0,80.0,11500.0,-0.00031000337221138703,3.4858692255953904e-09,2.9655444968377828e-08,0.036272563866348626
k_io,1,0,0,1,2,64494.667710376205,6.2962652107424715,30.0,80.0,12000.0,-0.0002931556529774538,3.2717541485611637e-09,2.6773721211489157e-08,0.03807010857335517
k_io,1,1,3,4,5,71968.56730011514,6.2962652107424715,5.0,15.0,0.0,0.0,0.0,0.0,
k_io,1,1,3,4,5,71968.56730011514,6.2962652107424715,5.0,15.0,500.0,-0.0016689344336806577,2.4150944689973674e-10,3.4802566049012944e-08,8.67072820574253e-05
k_io,1,1,3,4,5,71968.56730011514,6.2962652107424715,5.0,15.0,1000.0,-0.001564459797114226,4.1280308106979324e-10,4.3044038465963244e-08,0.00016866078429463805
k_io,1,1,3,4,5,71968.56730011514,6.2962652107424715,5.0,15.0,1500.0,-0.0011939395088785346,5.774074252294189e-10,4.292676904378105e-08,0.0004050584690457242
k_io,1,1,3,4,5,71968.56730011514,6.2962652107424715,5.0,15.0,2000.0,-0.0008782435185547485,6.283610153442136e-10,4.710572410601872e-08,0.0008146655021074157
k_io,1,1,3,4,5,71968.56730011514,6.2962652107424715,5.0,15.0,2500.0,-0.0006528381002251383,5.744744565249187e-10,5.443339870033115e-08,0.0013479064091426593
k_io,1,1,3,4,5,71968.56730011514,6.2962652107424715,5.0,15.0,3000.0,-0.0004988579429865258,5.123825597468812e-10,5.992210056808958e-08,0.0020589251367816057
k_io,1,1,3,4,5,71968.56730011514,6.2962652107424715,5.0,15.0,3500.0,-0.000393917897026458,4.932572100671511e-10,5.960943410545372e-08,0.0031787913071419506
k_io,1,1,3,4,5,71968.56730011514,6.2962652107424715,5.0,15.0,4000.0,-0.00031991198468252734,5.089044921088483e-10,5.4070853536357175e-08,0.0049725054085873995
k_io,1,1,3,4,5,71968.56730011514,6.2962652107424715,5.0,15.0,4500.0,-0.00026397283545027657,5.327184506502228e-10,4.7048123168095596e-08,0.007645031232662631
k_io,1,1,3,4,5,71968.56730011514,6.2962652107424715,5.0,15.0,5000.0,-0.0002184688856821989,5.427045831150157e-10,4.1858079954031776e-08,0.011370624090665077
k_io,1,1,3,4,5,71968.56730011514,6.2962652107424715,5.0,15.0,5500.0,-0.00017983733979389828,5.262753102905116e-10,3.961853898667716e-08,0.016272461643686842
k_io,1,1,3,4,5,71968.56730011514,6.2962652107424715,5.0,15.0,6000.0,-0.00014677549671238133,4.806261875996323e-10,3.9628067974027645e-08,0.022310038139038296
k_io,1,1,3,4,5,71968.56730011514,6.2962652107424715,5.0,15.0,6500.0,-0.00011881595036494384,4.13153955305871e-10,4.052982163253464e-08,0.02926593627198796
k_io,1,1,3,4,5,71968.56730011514,6.2962652107424715,5.0,15.0,7000.0,-9.566400730741235e-05,3.420210121283082e-10,4.113940863402824e-08,0.0373728010829683
k_io,1,1,3,4,5,71968.56730011514,6.2962652107424715,5.0,15.0,7500.0,-7.701267453060759e-05,2.931540541973742e-10,4.073907625057529e-08,0.04942782411684609
k_io,1,1,3,4,5,71968.56730011514,6.2962652107424715,5.0,15.0,8000.0,-6.246838706577742e-05,2.9028336187388796e-10,3.910160655690516e-08,0.07438777331340878
k_io,1,1,3,4,5,71968.56730011514,6.2962652107424715,5.0,15.0,8500.0,-5.1473054338570115e-05,3.429936164232738e-10,3.64134541527886e-08,0.12945718476912987
k_io,1,1,3,4,5,71968.56730011514,6.2962652107424715,5.0,15.0,9000.0,-4.32896792529479e-05,4.424181707831561e-10,3.315309240067023e-08,0.23608273065557034
k_io,1,1,3,4,5,71968.56730011514,6.2962652107424715,5.0,15.0,9500.0,-3.710406492856127e-05,5.673961458727599e-10,2.996807199234829e-08,0.4121387019388682
k_io,1,1,3,4,5,71968.56730011514,6.2962652107424715,5.0,15.0,10000.0,-3.219522351506198e-05,6.949940080700025e-10,2.7553821111073166e-08,0.6704990568047949
k_io,1,1,3,4,5,71968.56730011514,6.2962652107424715,5.0,15.0,10500.0,-2.807506831506608e-05,8.081620235370687e-10,2.6503671884700474e-08,1.025313782225818
k_io,1,1,3,4,5,71968.56730011514,6.2962652107424715,5.0,15.0,11000.0,-2.452873643893469e-05,8.980760937572252e-10,2.7142360554146363e-08,1.4926664874465287
k_io,1,1,3,4,5,71968.56730011514,6.2962652107424715,5.0,15.0,11500.0,-2.1554712149965318e-05,9.628216060114469e-10,2.941677771326149e-08,2.0723417305512744
k_io,1,1,3,4,5,71968.56730011514,6.2962652107424715,5.0,15.0,12000.0,-1.9252480601596807e-05,1.004822979018929e-09,3.29121709468603e-08,2.710916677279638
k_io,1,1,3,4,5,71968.56730011514,6.2962652107424715,7.0,25.0,0.0,0.0,0.0,0.0,
k_io,1,1,3,4,5,71968.56730011514,6.2962652107424715,7.0,25.0,500.0,-0.0022845186302862253,3.5870686531501425e-10,3.948189255310911e-08,6.873062300691057e-05
k_io,1,1,3,4,5,71968.56730011514,6.2962652107424715,7.0,25.0,1000.0,-0.0022534100035417753,6.424459844969644e-10,6.52421443552659e-08,0.00012651912598757916
k_io,1,1,3,4,5,71968.56730011514,6.2962652107424715,7.0,25.0,1500.0,-0.001779594353480081,8.736444249730303e-10,6.556894729092251e-08,0.0002758625025452657
k_io,1,1,3,4,5,71968.56730011514,6.2962652107424715,7.0,25.0,2000.0,-0.001337161697071241,1.0095923366162462e-09,5.692199508589856e-08,0.0005646485144212042
k_io,1,1,3,4,5,71968.56730011514,6.2962652107424715,7.0,25.0,2500.0,-0.0010055778575620566,1.0611484792163308e-09,5.028297249883476e-08,0.0010494089224984
k_io,1,1,3,4,5,71968.56730011514,6.2962652107424715,7.0,25.0,3000.0,-0.0007708903938314828,1.0551594422692202e-09,4.910535850343395e-08,0.0017755496532045258
k_io,1,1,3,4,5,71968.56730011514,6.2962652107424715,7.0,25.0,3500.0,-0.0006064433458994236,1.0307598131675645e-09,5.119980603463418e-08,0.002802702544043375
k_io,1,1,3,4,5,71968.56730011514,6.2962652107424715,7.0,25.0,4000.0,-0.0004900948529246926,1.0268600562754346e-09,5.3281600213315763e-08,0.004275146263588316
k_io,1,1,3,4,5,71968.56730011514,6.2962652107424715,7.0,25.0,4500.0,-0.00040600225909640485,1.0545871014598423e-09,5.393974987681271e-08,0.00639772480240109
k_io,1,1,3,4,5,71968.56730011514,6.2962652107424715,7.0,25.0,5000.0,-0.00034346737400469535,1.102575225090969e-09,5.323898807458088e-08,0.009346246914267334
k_io,1,1,3,4,5,71968.56730011514,6.2962652107424715,7.0,25.0,5500.0,-0.00029545865494337966,1.149380535716163e-09,5.160199905047315e-08,0.013166501879468875
k_io,1,1,3,4,5,71968.56730011514,6.2962652107424715,7.0,25.0,6000.0,-0.0002573744633033205,1.1721082968074587e-09,4.930141162485138e-08,0.017694440392493526
k_io,1,1,3,4,5,71968.56730011514,6.2962652107424715,7.0,25.0,6500.0,-0.00022619891059997514,1.1591877366865116e-09,4.6275551275790046e-08,0.022655453501883107
k_io,1,1,3,4,5,71968.56730011514,6.2962652107424715,7.0,25.0,7000.0,-0.00019998149240829871,1.118564161488312e-09,4.221557914757812e-08,0.027969280237887414
k_io,1,1,3,4,5,71968.56730011514,6.2962652107424715,7.0,25.0,7500.0,-0.00017747958917039143,1.0713976980457225e-09,3.703734959895207e-08,0.034013700197847316
k_io,1,1,3,4,5,71968.56730011514,6.2962652107424715,7.0,25.0,8000.0,-0.00015786016437299689,1.0381710506821873e-09,3.131434189418452e-08,0.04166043622141914
k_io,1,1,3,4,5,71968.56730011514,6.2962652107424715,7.0,25.0,8500.0,-0.00014046139114321171,1.029564673048689e-09,2.615570840896102e-08,0.05218428070331481
k_io,1,1,3,4,5,71968.56730011514,6.2962652107424715,7.0,25.0,9000.0,-0.00012466350414522677,1.045466356176256e-09,2.2616787601801846e-08,0.06727154483525476
k_io,1,1,3,4,5,71968.56730011514,6.2962652107424715,7.0,25.0,9500.0,-0.0001098904071652751,1.0781360391699883e-09,2.1166179802518375e-08,0.08927996236199016
k_io,1,1,3,4,5,71968.56730011514,6.2962652107424715,7.0,25.0,10000.0,-9.570389550843492e-05,1.1157250897355058e-09,2.156993734808455e-08,0.12181421426135967
k_io,1,1,3,4,5,71968.56730011514,6.2962652107424715,7.0,25.0,10500.0,-8.19134932113167e-05,1.1455496917476503e-09,2.3150440335899922e-08,0.17072732630157117
k_io,1,1,3,4,5,71968.56730011514,6.2962652107424715,7.0,25.0,11000.0,-6.862987745123684e-05,1.1576764631018376e-09,2.5161381561459957e-08,0.24578804594665807
k_io,1,1,3,4,5,71968.56730011514,6.2962652107424715,7.0,25.0,11500.0,-5.6228373581310165e-05,1.1482910171254113e-09,2.7058403963292004e-08,0.3631958890583967
k_io,1,1,3,4,5,71968.56730011514,6.2962652107424715,7.0,25.0,12000.0,-4.523489041649174e-05,1.1210374603770785e-09,2.858928245749289e-08,0.5478643482149258
k_io,1,1,3,4,5,71968.56730011514,6.2962652107424715,10.0,30.0,0.0,0.0,0.0,0.0,
k_io,1,1,3,4,5,71968.56730011514,6.2962652107424715,10.0,30.0,500.0,-0.002582492921769819,3.5250771095565995e-10,4.433399780814134e-08,5.2855519013097326e-05
k_io,1,1,3,4,5,71968.56730011514,6.2962652107424715,10.0,30.0,1000.0,-0.0026425992870637433,6.33748540145714e-10,7.244102309600516e-08,9.075161135461747e-05
k_io,1,1,3,4,5,71968.56730011514,6.2962652107424715,10.0,30.0,1500.0,-0.0021490585127321438,7.932465656103516e-10,8.005521111029892e-08,0.0001717559219524275
k_io,1,1,3,4,5,71968.56730011514,6.2962652107424715,10.0,30.0,2000.0,-0.00163922358186009,8.467538899386186e-10,7.687835625738068e-08,0.0003151235164149549
k_io,1,1,3,4,5,71968.56730011514,6.2962652107424715,10.0,30.0,2500.0,-0.0012332764995799383,9.21746842190981e-10,7.000675260159406e-08,0.0006060252877909626
k_io,1,1,3,4,5,71968.56730011514,6.2962652107424715,10.0,30.0,3000.0,-0.0009358982392815678,1.0397393116434333e-09,6.0747318297203e-08,0.001187045057577738
k_io,1,1,3,4,5,71968.56730011514,6.2962652107424715,10.0,30.0,3500.0,-0.0007231798131691492,1.1414015227332797e-09,5.069045153739994e-08,0.002182457815914529
k_io,1,1,3,4,5,71968.56730011514,6.2962652107424715,10.0,30.0,4000.0,-0.0005691199189905294,1.1902882510896511e-09,4.253138458129209e-08,0.0036748919535745436
k_io,1,1,3,4,5,71968.56730011514,6.2962652107424715,10.0,30.0,4500.0,-0.000453866805790756,1.1851284704365913e-09,3.7389071333284996e-08,0.005753188306256335
k_io,1,1,3,4,5,71968.56730011514,6.2962652107424715,10.0,30.0,5000.0,-0.00036486971159345634,1.1422652874333908e-09,3.4446215869524334e-08,0.0085800802989586
k_io,1,1,3,4,5,71968.56730011514,6.2962652107424715,10.0,30.0,5500.0,-0.0002951032026432686,1.0893649453613006e-09,3.2568903146845845e-08,0.012509085198987024
k_io,1,1,3,4,5,71968.56730011514,6.2962652107424715,10.0,30.0,6000.0,-0.00024072531554217682,1.0521308232751159e-09,3.1245595984487363e-08,0.01815625253046655
k_io,1,1,3,4,5,71968.56730011514,6.2962652107424715,10.0,30.0,6500.0,-0.0001993453813837363,1.0377071416496126e-09,3.038373681698441e-08,0.026113341580715887
k_io,1,1,3,4,5,71968.56730011514,6.2962652107424715,10.0,30.0,7000.0,-0.00016912338058164408,1.0347363129720045e-09,2.99060631931847e-08,0.03617615354106164
k_io,1,1,3,4,5,71968.56730011514,6.2962652107424715,10.0,30.0,7500.0,-0.00014842781905662246,1.0289023016623145e-09,2.9671910429855047e-08,0.04670286534159779
k_io,1,1,3,4,5,71968.56730011514,6.2962652107424715,10.0,30.0,8000.0,-0.00013571786427798212,1.0162886798796422e-09,2.9577955498180404e-08,0.055175090555921534
k_io,1,1,3,4,5,71968.56730011514,6.2962652107424715,10.0,30.0,8500.0,-0.00012946777721740185,1.0044418411148772e-09,2.958788027857637e-08,0.05992408505379426
k_io,1,1,3,4,5,71968.56730011514,6.2962652107424715,10.0,30.0,9000.0,-0.00012810874403825705,1.004565979396642e-09,2.965874454009319e-08,0.06120979420913923
k_io,1,1,3,4,5,71968.56730011514,6.2962652107424715,10.0,30.0,9500.0,-0.00013002926776624867,1.0228795416622022e-09,2.9677357850011006e-08,0.06049817288638374
k_io,1,1,3,4,5,71968.56730011514,6.2962652107424715,10.0,30.0,10000.0,-0.00013365757050990508,1.056603064812741e-09,2.9492078659667885e-08,0.05914591307558512
k_io,1,1,3,4,5,71968.56730011514,6.2962652107424715,10.0,30.0,10500.0,-0.00013760070268070647,1.0957880720804729e-09,2.902128441868494e-08,0.05787423525298904
k_io,1,1,3,4,5,71968.56730011514,6.2962652107424715,10.0,30.0,11000.0,-0.0001407823628315826,1.1287841325701013e-09,2.8348048264870388e-08,0.05695271024850897
k_io,1,1,3,4,5,71968.56730011514,6.2962652107424715,10.0,30.0,11500.0,-0.0001425234278190704,1.1476993983947566e-09,2.772013188636892e-08,0.056500935164439194
k_io,1,1,3,4,5,71968.56730011514,6.2962652107424715,10.0,30.0,12000.0,-0.0001425382541185129,1.1510792675844134e-09,2.7448362444918632e-08,0.05665553718684112
k_io,1,1,3,4,5,71968.56730011514,6.2962652107424715,12.0,36.0,0.0,0.0,0.0,0.0,
k_io,1,1,3,4,5,71968.56730011514,6.2962652107424715,12.0,36.0,500.0,-0.0028471573437749143,7.382060298229606e-10,3.7930724338848995e-08,9.106566250192249e-05
k_io,1,1,3,4,5,71968.56730011514,6.2962652107424715,12.0,36.0,1000.0,-0.0029852585006215904,1.1494502360971235e-09,6.394285578582884e-08,0.00012898116236859515
k_io,1,1,3,4,5,71968.56730011514,6.2962652107424715,12.0,36.0,1500.0,-0.0024802612632381163,1.3065471878273434e-09,7.98318045321972e-08,0.00021238812871475596
k_io,1,1,3,4,5,71968.56730011514,6.2962652107424715,12.0,36.0,2000.0,-0.0019293377201584742,1.5824149445959427e-09,8.958586328108186e-08,0.00042511249047923644
k_io,1,1,3,4,5,71968.56730011514,6.2962652107424715,12.0,36.0,2500.0,-0.0014789086499924255,1.9138077499432593e-09,9.147636751660604e-08,0.0008750152271138216
k_io,1,1,3,4,5,71968.56730011514,6.2962652107424715,12.0,36.0,3000.0,-0.0011410056954298513,2.1226831270065753e-09,8.586947484631737e-08,0.0016304577268905704
k_io,1,1,3,4,5,71968.56730011514,6.2962652107424715,12.0,36.0,3500.0,-0.0008921628596304538,2.169618442979123e-09,7.563285108809795e-08,0.002725806886374537
k_io,1,1,3,4,5,71968.56730011514,6.2962652107424715,12.0,36.0,4000.0,-0.0007065533185795763,2.109872426961849e-09,6.433269922296218e-08,0.004226358327091061
k_io,1,1,3,4,5,71968.56730011514,6.2962652107424715,12.0,36.0,4500.0,-0.0005653816551318578,1.994732789532992e-09,5.449775126835888e-08,0.006240240113887951
k_io,1,1,3,4,5,71968.56730011514,6.2962652107424715,12.0,36.0,5000.0,-0.0004566765165646006,1.8392955099612901e-09,4.717912630645765e-08,0.008819300717688086
k_io,1,1,3,4,5,71968.56730011514,6.2962652107424715,12.0,36.0,5500.0,-0.0003725593745878184,1.6462724623219623e-09,4.2571871695489926e-08,0.011860710944662615
k_io,1,1,3,4,5,71968.56730011514,6.2962652107424715,12.0,36.0,6000.0,-0.0003072323001658641,1.4356203827213304e-09,4.0440258332865896e-08,0.015209182498210056
k_io,1,1,3,4,5,71968.56730011514,6.2962652107424715,12.0,36.0,6500.0,-0.0002562211567473816,1.242679884636535e-09,4.0178742526202386e-08,0.018929070700924755
k_io,1,1,3,4,5,71968.56730011514,6.2962652107424715,12.0,36.0,7000.0,-0.00021623594016730464,1.0965719514199034e-09,4.0965038547202854e-08,0.023452080452068765
k_io,1,1,3,4,5,71968.56730011514,6.2962652107424715,12.0,36.0,7500.0,-0.00018502970319076622,1.0098914777747726e-09,4.201735222731213e-08,0.029497947815222927
k_io,1,1,3,4,5,71968.56730011514,6.2962652107424715,12.0,36.0,8000.0,-0.00016107507729040986,9.845429349520503e-10,4.2716177974808506e-08,0.037947045079801615
k_io,1,1,3,4,5,71968.56730011514,6.2962652107424715,12.0,36.0,8500.0,-0.00014318627318230534,1.0182046713786545e-09,4.2592275404992194e-08,0.049662927230719946
k_io,1,1,3,4,5,71968.56730011514,6.2962652107424715,12.0,36.0,9000.0,-0.00013025795278027953,1.1033174896042061e-09,4.134541125686437e-08,0.06502674361704612
k_io,1,1,3,4,5,71968.56730011514,6.2962652107424715,12.0,36.0,9500.0,-0.00012118190967515133,1.2244073860043943e-09,3.893877476130611e-08,0.08337778555256894
k_io,1,1,3,4,5,71968.56730011514,6.2962652107424715,12.0,36.0,10000.0,-0.00011488780637696513,1.3606255729605158e-09,3.5664779918953225e-08,0.10308387953144922
k_io,1,1,3,4,5,71968.56730011514,6.2962652107424715,12.0,36.0,10500.0,-0.0001104124793002573,1.4925389930755495e-09,3.207983654138725e-08,0.12243042638108968
k_io,1,1,3,4,5,71968.56730011514,6.2962652107424715,12.0,36.0,11000.0,-0.0001069302221908563,1.6074144903251439e-09,2.8811958286008794e-08,0.14058110108038
k_io,1,1,3,4,5,71968.56730011514,6.2962652107424715,12.0,36.0,11500.0,-0.00010373141324533804,1.699773041409908e-09,2.63410571417619e-08,0.15796844656883013
k_io,1,1,3,4,5,71968.56730011514,6.2962652107424715,12.0,36.0,12000.0,-0.00010017866189042423,1.7685840810873977e-09,2.487005188076159e-08,0.1762281405325924
k_io,1,1,3,4,5,71968.56730011514,6.2962652107424715,15.0,40.0,0.0,0.0,0.0,0.0,
k_io,1,1,3,4,5,71968.56730011514,6.2962652107424715,15.0,40.0,500.0,-0.0030259474515219598,9.332787099688932e-10,4.336499441739473e-08,0.00010192684821535107
k_io,1,1,3,4,5,71968.56730011514,6.2962652107424715,15.0,40.0,1000.0,-0.0032248004331128094,1.295961230069704e-09,6.517619896547598e-08,0.00012461959125001604
k_io,1,1,3,4,5,71968.56730011514,6.2962652107424715,15.0,40.0,1500.0,-0.0027312614699533666,1.3504938810336013e-09,6.50425034101558e-08,0.00018103646654122504
k_io,1,1,3,4,5,71968.56730011514,6.2962652107424715,15.0,40.0,2000.0,-0.0021774911168773656,1.4984745513690661e-09,6.370516779378391e-08,0.0003160360228383996
k_io,1,1,3,4,5,71968.56730011514,6.2962652107424715,15.0,40.0,2500.0,-0.0017145230047596917,1.6727678824621646e-09,6.222023855600603e-08,0.000569048192211547
k_io,1,1,3,4,5,71968.56730011514,6.2962652107424715,15.0,40.0,3000.0,-0.0013536947635700274,1.7521825073535744e-09,5.8728327229217104e-08,0.0009561760081041298
k_io,1,1,3,4,5,71968.56730011514,6.2962652107424715,15.0,40.0,3500.0,-0.001075436136207088,1.7600632827567444e-09,5.417251307787839e-08,0.0015218050903552899
k_io,1,1,3,4,5,71968.56730011514,6.2962652107424715,15.0,40.0,4000.0,-0.0008605558652915006,1.7803232894112731e-09,4.937560009619463e-08,0.002404034717587977
k_io,1,1,3,4,5,71968.56730011514,6.2962652107424715,15.0,40.0,4500.0,-0.0006955976483641454,1.8563781854855495e-09,4.4020528331673495e-08,0.0038366328955099734
k_io,1,1,3,4,5,71968.56730011514,6.2962652107424715,15.0,40.0,5000.0,-0.0005707270054825329,1.9721052016170718e-09,3.7819880093819836e-08,0.006054429589508416
k_io,1,1,3,4,5,71968.56730011514,6.2962652107424715,15.0,40.0,5500.0,-0.00047732535399708665,2.080844106248081e-09,3.1500050949200295e-08,0.00913293860365339
k_io,1,1,3,4,5,71968.56730011514,6.2962652107424715,15.0,40.0,6000.0,-0.00040732068947997796,2.1413690617229196e-09,2.6379483083066347e-08,0.01290680008517412
k_io,1,1,3,4,5,71968.56730011514,6.2962652107424715,15.0,40.0,6500.0,-0.0003537708247235132,2.1390255227954963e-09,2.3317460607953243e-08,0.017091175688528585
k_io,1,1,3,4,5,71968.56730011514,6.2962652107424715,15.0,40.0,7000.0,-0.0003115626853584896,2.0849460959370372e-09,2.2251782256455136e-08,0.021478500314387455
k_io,1,1,3,4,5,71968.56730011514,6.2962652107424715,15.0,40.0,7500.0,-0.00027752362438266537,2.001035901219088e-09,2.2539831450580795e-08,0.025980946179066673
k_io,1,1,3,4,5,71968.56730011514,6.2962652107424715,15.0,40.0,8000.0,-0.0002499191157915412,1.9065129135801074e-09,2.3522145810172466e-08,0.03052395466945348
k_io,1,1,3,4,5,71968.56730011514,6.2962652107424715,15.0,40.0,8500.0,-0.00022771386519831495,1.815026595967814e-09,2.4790000673894058e-08,0.03500290128034632
k_io,1,1,3,4,5,71968.56730011514,6.2962652107424715,15.0,40.0,9000.0,-0.00020999410130244172,1.7382059900094878e-09,2.610545173413752e-08,0.03941731617199939
k_io,1,1,3,4,5,71968.56730011514,6.2962652107424715,15.0,40.0,9500.0,-0.00019574043269879457,1.6868703414668839e-09,2.723274413029993e-08,0.0440271541776452
k_io,1,1,3,4,5,71968.56730011514,6.2962652107424715,15.0,40.0,10000.0,-0.00018390774389680188,1.667138379661305e-09,2.7910195849837244e-08,0.04929145253634881
k_io,1,1,3,4,5,71968.56730011514,6.2962652107424715,15.0,40.0,10500.0,-0.00017363901283365033,1.6755794038550648e-09,2.797368329029155e-08,0.055573838814753404
k_io,1,1,3,4,5,71968.56730011514,6.2962652107424715,15.0,40.0,11000.0,-0.00016443717983026605,1.6985564129209136e-09,2.7483046048582696e-08,0.06281739690754244
k_io,1,1,3,4,5,71968.56730011514,6.2962652107424715,15.0,40.0,11500.0,-0.0001561976228913488,1.7172002745671317e-09,2.6720713412293296e-08,0.07038370247123228
k_io,1,1,3,4,5,71968.56730011514,6.2962652107424715,15.0,40.0,12000.0,-0.00014909914008055282,1.7155009870762112e-09,2.6062480171273817e-08,0.07716861307395692
k_io,1,1,3,4,5,71968.56730011514,6.2962652107424715,20.0,50.0,0.0,0.0,0.0,0.0,
k_io,1,1,3,4,5,71968.56730011514,6.2962652107424715,20.0,50.0,500.0,-0.0033971750401852185,1.2255776145722703e-09,4.861615657234473e-08,0.00010619522043753495
k_io,1,1,3,4,5,71968.56730011514,6.2962652107424715,20.0,50.0,1000.0,-0.0037724009817317605,1.5260321848270097e-09,6.679380054433258e-08,0.00010723288608153183
k_io,1,1,3,4,5,71968.56730011514,6.2962652107424715,20.0,50.0,1500.0,-0.0033195449923329526,1.545321071556865e-09,6.77318893407136e-08,0.00014023667556130524
k_io,1,1,3,4,5,71968.56730011514,6.2962652107424715,20.0,50.0,2000.0,-0.002736669031207277,1.5344838238061367e-09,6.490587339720328e-08,0.0002048885831779076
k_io,1,1,3,4,5,71968.56730011514,6.2962652107424715,20.0,50.0,2500.0,-0.0022206214055231037,1.3444582762536571e-09,5.96645850095218e-08,0.0002726454693358544
k_io,1,1,3,4,5,71968.56730011514,6.2962652107424715,20.0,50.0,3000.0,-0.0018041754512691834,1.1223605135952155e-09,5.1255659631798004e-08,0.00034480602082015915
k_io,1,1,3,4,5,71968.56730011514,6.2962652107424715,20.0,50.0,3500.0,-0.0014739601344009381,1.0424941084138072e-09,4.1802014970309835e-08,0.00047984628218979787
k_io,1,1,3,4,5,71968.56730011514,6.2962652107424715,20.0,50.0,4000.0,-0.0012108572701389035,1.1129501551515465e-09,3.395360139534345e-08,0.0007590839467866695
k_io,1,1,3,4,5,71968.56730011514,6.2962652107424715,20.0,50.0,4500.0,-0.0010008831364129557,1.25342389570808e-09,2.8860005856380068e-08,0.0012512129364406056
k_io,1,1,3,4,5,71968.56730011514,6.2962652107424715,20.0,50.0,5000.0,-0.0008351783968952005,1.3840250829421336e-09,2.6410047638676555e-08,0.0019842000521052075
k_io,1,1,3,4,5,71968.56730011514,6.2962652107424715,20.0,50.0,5500.0,-0.0007072220757226343,1.449326465066664e-09,2.604585537113183e-08,0.002897707904193032
k_io,1,1,3,4,5,71968.56730011514,6.2962652107424715,20.0,50.0,6000.0,-0.000610640662391632,1.4288698885748017e-09,2.7116732904565666e-08,0.003831962436991429
k_io,1,1,3,4,5,71968.56730011514,6.2962652107424715,20.0,50.0,6500.0,-0.0005384980309689653,1.3444940882788034e-09,2.8931553386357996e-08,0.004636504202056797
k_io,1,1,3,4,5,71968.56730011514,6.2962652107424715,20.0,50.0,7000.0,-0.00048373667584200456,1.2471910506667076e-09,3.089004627596985e-08,0.0053298496002414705
k_io,1,1,3,4,5,71968.56730011514,6.2962652107424715,20.0,50.0,7500.0,-0.0004400607543720374,1.1897578867315895e-09,3.268456741907433e-08,0.006143746878661686
k_io,1,1,3,4,5,71968.56730011514,6.2962652107424715,20.0,50.0,8000.0,-0.00040266447945516877,1.204733589560697e-09,3.436729969717944e-08,0.007430266282907768
k_io,1,1,3,4,5,71968.56730011514,6.2962652107424715,20.0,50.0,8500.0,-0.00036851699243753335,1.2965358677540224e-09,3.621372994771411e-08,0.009547056648192472
k_io,1,1,3,4,5,71968.56730011514,6.2962652107424715,20.0,50.0,9000.0,-0.00033620308250056777,1.4459509314293505e-09,3.849148694180238e-08,0.012792345291712777
k_io,1,1,3,4,5,71968.56730011514,6.2962652107424715,20.0,50.0,9500.0,-0.0003054844147056717,1.6223950363865632e-09,4.1285339555355505e-08,0.017385152019524307
k_io,1,1,3,4,5,71968.56730011514,6.2962652107424715,20.0,50.0,10000.0,-0.0002767802568892032,1.798377348500713e-09,4.445514305269989e-08,0.02347527062795689
k_io,1,1,3,4,5,71968.56730011514,6.2962652107424715,20.0,50.0,10500.0,-0.00025071631630453443,1.9596409038846903e-09,4.7705425190385196e-08,0.031175347244266318
k_io,1,1,3,4,5,71968.56730011514,6.2962652107424715,20.0,50.0,11000.0,-0.00022781262558630084,2.1064509615967775e-09,5.069249741497407e-08,0.04058782454665598
k_io,1,1,3,4,5,71968.56730011514,6.2962652107424715,20.0,50.0,11500.0,-0.00020831724275531516,2.2467682099407447e-09,5.310348975081557e-08,0.05177353668305496
k_io,1,1,3,4,5,71968.56730011514,6.2962652107424715,20.0,50.0,12000.0,-0.0001921577004095731,2.3865104532474453e-09,5.468632640594562e-08,0.06463202384927424
k_io,1,1,3,4,5,71968.56730011514,6.2962652107424715,25.0,60.0,0.0,0.0,0.0,0.0,
k_io,1,1,3,4,5,71968.56730011514,6.2962652107424715,25.0,60.0,500.0,-0.003686212779218323,1.2058488040283422e-09,4.2101080566464685e-08,8.87425811183733e-05
k_io,1,1,3,4,5,71968.56730011514,6.2962652107424715,25.0,60.0,1000.0,-0.004211717138536478,1.4789121174989625e-09,5.118776049194105e-08,8.337272094593388e-05
k_io,1,1,3,4,5,71968.56730011514,6.2962652107424715,25.0,60.0,1500.0,-0.0038106750126344555,1.4009699465898056e-09,5.803886450132229e-08,9.647726748349062e-05
k_io,1,1,3,4,5,71968.56730011514,6.2962652107424715,25.0,60.0,2000.0,-0.0032157768304849135,1.4883473318591257e-09,6.398641026399037e-08,0.0001439237577505385
k_io,1,1,3,4,5,71968.56730011514,6.2962652107424715,25.0,60.0,2500.0,-0.002652727545426444,1.5532166212656823e-09,6.508528818260571e-08,0.0002207225654443064
k_io,1,1,3,4,5,71968.56730011514,6.2962652107424715,25.0,60.0,3000.0,-0.0021808938361193506,1.5701529098807693e-09,6.075827660551981e-08,0.0003301208071550994
k_io,1,1,3,4,5,71968.56730011514,6.2962652107424715,25.0,60.0,3500.0,-0.0018043953551273063,1.678043316834405e-09,5.483308595781412e-08,0.0005153944843859393
k_io,1,1,3,4,5,71968.56730011514,6.2962652107424715,25.0,60.0,4000.0,-0.0015092774518783714,1.9140347876805122e-09,5.032227863007849e-08,0.0008402560711590671
k_io,1,1,3,4,5,71968.56730011514,6.2962652107424715,25.0,60.0,4500.0,-0.0012773774687874703,2.1783773209072324e-09,4.752281266697349e-08,0.0013350410015129485
k_io,1,1,3,4,5,71968.56730011514,6.2962652107424715,25.0,60.0,5000.0,-0.001092025613420062,2.349946386798476e-09,4.5491115198392216e-08,0.0019705719856376617
k_io,1,1,3,4,5,71968.56730011514,6.2962652107424715,25.0,60.0,5500.0,-0.00094027113865319,2.3784416377204765e-09,4.3491105795219015e-08,0.0026902106498107826
k_io,1,1,3,4,5,71968.56730011514,6.2962652107424715,25.0,60.0,6000.0,-0.0008133124405818081,2.2957846696904136e-09,4.13061305235815e-08,0.0034706939657238945
k_io,1,1,3,4,5,71968.56730011514,6.2962652107424715,25.0,60.0,6500.0,-0.0007058998126887629,2.1653189401438367e-09,3.901033453070021e-08,0.0043454598479225155
k_io,1,1,3,4,5,71968.56730011514,6.2962652107424715,25.0,60.0,7000.0,-0.000615239061207134,2.0291782711754093e-09,3.67568965016512e-08,0.00536083452095703
k_io,1,1,3,4,5,71968.56730011514,6.2962652107424715,25.0,60.0,7500.0,-0.0005398394141885067,1.899605446610698e-09,3.464265604091436e-08,0.006518298231914011
k_io,1,1,3,4,5,71968.56730011514,6.2962652107424715,25.0,60.0,8000.0,-0.0004786128551827547,1.7839490685994695e-09,3.261713443310276e-08,0.007787781043781415
k_io,1,1,3,4,5,71968.56730011514,6.2962652107424715,25.0,60.0,8500.0,-0.00043034152744803565,1.7052809697025526e-09,3.053256050668444e-08,0.009208087372211715
k_io,1,1,3,4,5,71968.56730011514,6.2962652107424715,25.0,60.0,9000.0,-0.0003934689431733104,1.6995848384774679e-09,2.835774208997869e-08,0.010977967242913628
k_io,1,1,3,4,5,71968.56730011514,6.2962652107424715,25.0,60.0,9500.0,-0.00036609765485747696,1.7976602217558177e-09,2.6357098412771113e-08,0.013412622910155046
k_io,1,1,3,4,5,71968.56730011514,6.2962652107424715,25.0,60.0,10000.0,-0.00034608527717131443,2.0076572415462386e-09,2.5019043368195016e-08,0.01676190291644505
k_io,1,1,3,4,5,71968.56730011514,6.2962652107424715,25.0,60.0,10500.0,-0.0003311775079742796,2.307549332537932e-09,2.477031277241221e-08,0.021039205070733952
k_io,1,1,3,4,5,71968.56730011514,6.2962652107424715,25.0,60.0,11000.0,-0.00031915745219909634,2.6496783969748324e-09,2.5728391754290535e-08,0.026012565450001517
k_io,1,1,3,4,5,71968.56730011514,6.2962652107424715,25.0,60.0,11500.0,-0.00030800564247063624,2.9749132030221315e-09,2.768633873602598e-08,0.031358620835341564
k_io,1,1,3,4,5,71968.56730011514,6.2962652107424715,25.0,60.0,12000.0,-0.0002960591007511817,3.230513666107548e-09,3.029594240238198e-08,0.03685655603182109
k_io,1,1,3,4,5,71968.56730011514,6.2962652107424715,30.0,80.0,0.0,0.0,0.0,0.0,
k_io,1,1,3,4,5,71968.56730011514,6.2962652107424715,30.0,80.0,500.0,-0.003917186823403168,1.1645389311270193e-09,4.4738547668162954e-08,7.589365030690998e-05
k_io,1,1,3,4,5,71968.56730011514,6.2962652107424715,30.0,80.0,1000.0,-0.004530468723971226,2.0851628509349804e-09,4.781597649451293e-08,0.00010159064221422155
k_io,1,1,3,4,5,71968.56730011514,6.2962652107424715,30.0,80.0,1500.0,-0.004174163816311173,2.2472417872207787e-09,4.868444755088901e-08,0.00012897657018668473
k_io,1,1,3,4,5,71968.56730011514,6.2962652107424715,30.0,80.0,2000.0,-0.0036117813963267367,2.2316273144980327e-09,5.367630218433421e-08,0.0001710719299997199
k_io,1,1,3,4,5,71968.56730011514,6.2962652107424715,30.0,80.0,2500.0,-0.003067559980108405,2.2690169963801625e-09,5.7185656699145755e-08,0.00024113020897335678
k_io,1,1,3,4,5,71968.56730011514,6.2962652107424715,30.0,80.0,3000.0,-0.0025930369449582123,2.362528748545162e-09,5.711531852288228e-08,0.00035136596624206544
k_io,1,1,3,4,5,71968.56730011514,6.2962652107424715,30.0,80.0,3500.0,-0.0021909029728924626,2.568970803413945e-09,5.4598758957089216e-08,0.0005351960249733417
k_io,1,1,3,4,5,71968.56730011514,6.2962652107424715,30.0,80.0,4000.0,-0.0018533175592604437,2.881488371510465e-09,5.124032275984594e-08,0.0008389135137079317
k_io,1,1,3,4,5,71968.56730011514,6.2962652107424715,30.0,80.0,4500.0,-0.0015719520617208278,3.203589926627715e-09,4.7927952096045855e-08,0.0012964576183248527
k_io,1,1,3,4,5,71968.56730011514,6.2962652107424715,30.0,80.0,5000.0,-0.0013394637771148507,3.4309568993530428e-09,4.492540516778361e-08,0.0019122880682439498
k_io,1,1,3,4,5,71968.56730011514,6.2962652107424715,30.0,80.0,5500.0,-0.0011489455105233607,3.5134754891850113e-09,4.2191268566030174e-08,0.0026615710446650236
k_io,1,1,3,4,5,71968.56730011514,6.2962652107424715,30.0,80.0,6000.0,-0.000993464101174184,3.472830425698473e-09,3.9585061534854054e-08,0.003518675529534407
k_io,1,1,3,4,5,71968.56730011514,6.2962652107424715,30.0,80.0,6500.0,-0.0008661691776982059,3.3766879780466936e-09,3.7025789581123225e-08,0.0045007561199526935
k_io,1,1,3,4,5,71968.56730011514,6.2962652107424715,30.0,80.0,7000.0,-0.0007607909463286898,3.2872456328857205e-09,3.460427117858903e-08,0.005679387296184034
k_io,1,1,3,4,5,71968.56730011514,6.2962652107424715,30.0,80.0,7500.0,-0.0006721660063988919,3.2248364988690786e-09,3.259060876519834e-08,0.007137639519684555
k_io,1,1,3,4,5,71968.56730011514,6.2962652107424715,30.0,80.0,8000.0,-0.00059652223368796,3.170501647949836e-09,3.132473780796533e-08,0.008909938624363694
k_io,1,1,3,4,5,71968.56730011514,6.2962652107424715,30.0,80.0,8500.0,-0.0005314405469980694,3.0947485715431058e-09,3.1038669006730174e-08,0.010957614016069114
k_io,1,1,3,4,5,71968.56730011514,6.2962652107424715,30.0,80.0,9000.0,-0.0004755650274132655,2.9848110351126416e-09,3.171451640615402e-08,0.013197662637375568
k_io,1,1,3,4,5,71968.56730011514,6.2962652107424715,30.0,80.0,9500.0,-0.0004282010462618945,2.8538531280859067e-09,3.3079852508680476e-08,0.015564535717408567
k_io,1,1,3,4,5,71968.56730011514,6.2962652107424715,30.0,80.0,10000.0,-0.0003889325237037399,2.732424871497691e-09,3.474396076037728e-08,0.018063408621680543
k_io,1,1,3,4,5,71968.56730011514,6.2962652107424715,30.0,80.0,10500.0,-0.0003573400544798241,2.6518133596401634e-09,3.6372475849719013e-08,0.02076727699857567
k_io,1,1,3,4,5,71968.56730011514,6.2962652107424715,30.0,80.0,11000.0,-0.0003328461209604642,2.6295767566223163e-09,3.778700334799262e-08,0.02373552555177825
k_io,1,1,3,4,5,71968.56730011514,6.2962652107424715,30.0,80.0,11500.0,-0.0003146725459473097,2.663591268487999e-09,3.895109237629152e-08,0.02689985101755417
k_io,1,1,3,4,5,71968.56730011514,6.2962652107424715,30.0,80.0,12000.0,-0.0003018747244327097,2.7355780510138695e-09,3.988561468162778e-08,0.03001895758551899
k_io,1,2,9,10,11,80308.5722139152,6.2962652107424715,5.0,15.0,0.0,0.0,0.0,0.0,
k_io,1,2,9,10,11,80308.5722139152,6.2962652107424715,5.0,15.0,500.0,-0.001812531014090235,2.516335556163506e-10,3.6234907346918053e-08,7.659451337269278e-05
k_io,1,2,9,10,11,80308.5722139152,6.2962652107424715,5.0,15.0,1000.0,-0.001712036499796385,3.8386697323660697e-10,4.8179204644670195e-08,0.00013096483784468836
k_io,1,2,9,10,11,80308.5722139152,6.2962652107424715,5.0,15.0,1500.0,-0.0013087832020909976,5.342173477303014e-10,5.244198451129865e-08,0.0003118764357120354
k_io,1,2,9,10,11,80308.5722139152,6.2962652107424715,5.0,15.0,2000.0,-0.0009641167701462811,6.479529775448573e-10,5.441797448736424e-08,0.0006970825569708361
k_io,1,2,9,10,11,80308.5722139152,6.2962652107424715,5.0,15.0,2500.0,-0.0007234771430755186,7.103727311122803e-10,5.428606081675217e-08,0.0013571775031072776
k_io,1,2,9,10,11,80308.5722139152,6.2962652107424715,5.0,15.0,3000.0,-0.000563252557184259,7.34719934799225e-10,5.287083640910974e-08,0.0023158769450923084
k_io,1,2,9,10,11,80308.5722139152,6.2962652107424715,5.0,15.0,3500.0,-0.0004535592743082342,7.591639785442416e-10,5.05602311081055e-08,0.0036903494236775803
k_io,1,2,9,10,11,80308.5722139152,6.2962652107424715,5.0,15.0,4000.0,-0.000372705994767626,8.003786738794036e-10,4.854405397772218e-08,0.005761860666351653
k_io,1,2,9,10,11,80308.5722139152,6.2962652107424715,5.0,15.0,4500.0,-0.00030818374103754563,8.39938458283791e-10,4.757744663675244e-08,0.008843578216433367
k_io,1,2,9,10,11,80308.5722139152,6.2962652107424715,5.0,15.0,5000.0,-0.00025412763526619147,8.470234034094483e-10,4.7413588129444016e-08,0.013115704388412508
k_io,1,2,9,10,11,80308.5722139152,6.2962652107424715,5.0,15.0,5500.0,-0.00020854442560491954,8.115471587994957e-10,4.781367254038083e-08,0.018660212724777723
k_io,1,2,9,10,11,80308.5722139152,6.2962652107424715,5.0,15.0,6000.0,-0.00017115627674009048,7.532160006713228e-10,4.891518403662293e-08,0.025711882591598536
k_io,1,2,9,10,11,80308.5722139152,6.2962652107424715,5.0,15.0,6500.0,-0.0001419377273882039,7.012948609284948e-10,5.064667508742708e-08,0.03481007522320664
k_io,1,2,9,10,11,80308.5722139152,6.2962652107424715,5.0,15.0,7000.0,-0.00012033815158842996,6.726584985949915e-10,5.2397168309239464e-08,0.046450239847211285
k_io,1,2,9,10,11,80308.5722139152,6.2962652107424715,5.0,15.0,7500.0,-0.00010513668843504208,6.663216686218191e-10,5.3397615743071954e-08,0.06028029228207488
k_io,1,2,9,10,11,80308.5722139152,6.2962652107424715,5.0,15.0,8000.0,-9.473157172724391e-05,6.707730733393521e-10,5.325548332851093e-08,0.07474568644653153
k_io,1,2,9,10,11,80308.5722139152,6.2962652107424715,5.0,15.0,8500.0,-8.75662911285996e-05,6.746054850021925e-10,5.209722812665608e-08,0.08797837920930235
k_io,1,2,9,10,11,80308.5722139152,6.2962652107424715,5.0,15.0,9000.0,-8.244207340437357e-05,6.742928199519047e-10,5.035316124383282e-08,0.09920892045329306
k_io,1,2,9,10,11,80308.5722139152,6.2962652107424715,5.0,15.0,9500.0,-7.861485003220745e-05,6.754608638184359e-10,4.849747674802349e-08,0.10929266362742147
k_io,1,2,9,10,11,80308.5722139152,6.2962652107424715,5.0,15.0,10000.0,-7.571652074775089e-05,6.873433669402859e-10,4.6896079494716926e-08,0.11989261893105091
k_io,1,2,9,10,11,80308.5722139152,6.2962652107424715,5.0,15.0,10500.0,-7.36040963730904e-05,7.145729605546315e-10,4.572337951863276e-08,0.13189933558174252
k_io,1,2,9,10,11,80308.5722139152,6.2962652107424715,5.0,15.0,11000.0,-7.222569059986905e-05,7.524965275587862e-10,4.491469850215809e-08,0.14425175113130814
k_io,1,2,9,10,11,80308.5722139152,6.2962652107424715,5.0,15.0,11500.0,-7.154145438724381e-05,7.892592446594262e-10,4.419459907361171e-08,0.1542070211603953
k_io,1,2,9,10,11,80308.5722139152,6.2962652107424715,5.0,15.0,12000.0,-7.149319883521929e-05,8.125925705911397e-10,4.3206154921318835e-08,0.15898032807251813
k_io,1,2,9,10,11,80308.5722139152,6.2962652107424715,7.0,25.0,0.0,0.0,0.0,0.0,
k_io,1,2,9,10,11,80308.5722139152,6.2962652107424715,7.0,25.0,500.0,-0.0024812092503178895,3.51808805769784e-10,5.804328271060901e-08,5.714522176351029e-05
k_io,1,2,9,10,11,80308.5722139152,6.2962652107424715,7.0,25.0,1000.0,-0.002455600619631987,5.64019872297095e-10,8.061058252608311e-08,9.353603093301236e-05
k_io,1,2,9,10,11,80308.5722139152,6.2962652107424715,7.0,25.0,1500.0,-0.001931713130830827,8.481325062353665e-10,7.779697684327295e-08,0.00022728901407501433
k_io,1,2,9,10,11,80308.5722139152,6.2962652107424715,7.0,25.0,2000.0,-0.0014390787508107294,1.0537075803685061e-09,7.292007981160916e-08,0.0005088045464799214
k_io,1,2,9,10,11,80308.5722139152,6.2962652107424715,7.0,25.0,2500.0,-0.001072477482618902,1.1917819595394315e-09,6.868111200258268e-08,0.0010361447760717222
k_io,1,2,9,10,11,80308.5722139152,6.2962652107424715,7.0,25.0,3000.0,-0.000817146694941517,1.3128857698731953e-09,6.389174066968332e-08,0.0019661963436305835
k_io,1,2,9,10,11,80308.5722139152,6.2962652107424715,7.0,25.0,3500.0,-0.000642623860737033,1.3646041315781763e-09,5.847061348052852e-08,0.0033044028491968375
k_io,1,2,9,10,11,80308.5722139152,6.2962652107424715,7.0,25.0,4000.0,-0.0005236897870780129,1.3178477469759758e-09,5.2755922553954427e-08,0.004805261531156584
k_io,1,2,9,10,11,80308.5722139152,6.2962652107424715,7.0,25.0,4500.0,-0.00044197166053219685,1.209813408944475e-09,4.7145523743758946e-08,0.006193405958779599
k_io,1,2,9,10,11,80308.5722139152,6.2962652107424715,7.0,25.0,5000.0,-0.0003843708643506598,1.1033680132131993e-09,4.2465479411486714e-08,0.007468260684402402
k_io,1,2,9,10,11,80308.5722139152,6.2962652107424715,7.0,25.0,5500.0,-0.0003417021446470293,1.046372311335504e-09,3.949063354039711e-08,0.008961708839042357
k_io,1,2,9,10,11,80308.5722139152,6.2962652107424715,7.0,25.0,6000.0,-0.00030775771816360766,1.0549901830875599e-09,3.818258465163253e-08,0.011138597529545997
k_io,1,2,9,10,11,80308.5722139152,6.2962652107424715,7.0,25.0,6500.0,-0.00027864777337151,1.1209568427775164e-09,3.787159314175559e-08,0.014437025992123697
k_io,1,2,9,10,11,80308.5722139152,6.2962652107424715,7.0,25.0,7000.0,-0.0002522859801066561,1.2252621904669224e-09,3.8014881578432915e-08,0.019250534769400484
k_io,1,2,9,10,11,80308.5722139152,6.2962652107424715,7.0,25.0,7500.0,-0.0002278962889072022,1.3427665955146256e-09,3.8542498286628824e-08,0.025853897480541378
k_io,1,2,9,10,11,80308.5722139152,6.2962652107424715,7.0,25.0,8000.0,-0.00020548546436629546,1.4420438517185493e-09,3.963542482965307e-08,0.03415200889342073
k_io,1,2,9,10,11,80308.5722139152,6.2962652107424715,7.0,25.0,8500.0,-0.00018533108201147113,1.492189263702663e-09,4.1407360113164783e-08,0.043443758254512695
k_io,1,2,9,10,11,80308.5722139152,6.2962652107424715,7.0,25.0,9000.0,-0.00016759041346179888,1.4765586686228297e-09,4.3788847983261346e-08,0.052571741382801594
k_io,1,2,9,10,11,80308.5722139152,6.2962652107424715,7.0,25.0,9500.0,-0.0001521076650022686,1.402159555626994e-09,4.655788054986422e-08,0.060603155389370195
k_io,1,2,9,10,11,80308.5722139152,6.2962652107424715,7.0,25.0,10000.0,-0.00013842148815585396,1.2962741691405733e-09,4.938917227854157e-08,0.0676534329470953
k_io,1,2,9,10,11,80308.5722139152,6.2962652107424715,7.0,25.0,10500.0,-0.0001259081717524071,1.1929710511767316e-09,5.1897090011390946e-08,0.0752526970322639
k_io,1,2,9,10,11,80308.5722139152,6.2962652107424715,7.0,25.0,11000.0,-0.00011397085317788437,1.1190412375946622e-09,5.369622253475213e-08,0.08615063683809937
k_io,1,2,9,10,11,80308.5722139152,6.2962652107424715,7.0,25.0,11500.0,-0.00010219975913070261,1.086858008726166e-09,5.4473701050781725e-08,0.10405742278966842
k_io,1,2,9,10,11,80308.5722139152,6.2962652107424715,7.0,25.0,12000.0,-9.046231964047601e-05,1.0954050105655921e-09,5.4046132192996155e-08,0.1338564440502345
k_io,1,2,9,10,11,80308.5722139152,6.2962652107424715,10.0,30.0,0.0,0.0,0.0,0.0,
k_io,1,2,9,10,11,80308.5722139152,6.2962652107424715,10.0,30.0,500.0,-0.002789750603369695,4.1430715638851513e-10,4.4284950482197056e-08,5.32343155558335e-05
k_io,1,2,9,10,11,80308.5722139152,6.2962652107424715,10.0,30.0,1000.0,-0.0028595906089888545,6.749096340735633e-10,7.071451638628437e-08,8.253495204002079e-05
k_io,1,2,9,10,11,80308.5722139152,6.2962652107424715,10.0,30.0,1500.0,-0.002330580915318778,8.709376813381469e-10,8.393841168035659e-08,0.0001603462136975259
k_io,1,2,9,10,11,80308.5722139152,6.2962652107424715,10.0,30.0,2000.0,-0.0017911444192382983,1.08989226898601e-09,8.238648802439769e-08,0.00033972097628792117
k_io,1,2,9,10,11,80308.5722139152,6.2962652107424715,10.0,30.0,2500.0,-0.0013702433579770266,1.268349547912153e-09,6.627745492366767e-08,0.0006755282993533471
k_io,1,2,9,10,11,80308.5722139152,6.2962652107424715,10.0,30.0,3000.0,-0.0010673683306598354,1.3598708166403448e-09,4.6392996420910454e-08,0.0011936280824756578
k_io,1,2,9,10,11,80308.5722139152,6.2962652107424715,10.0,30.0,3500.0,-0.0008531991509993404,1.4076318895959756e-09,3.226134343960606e-08,0.0019336963073294277
k_io,1,2,9,10,11,80308.5722139152,6.2962652107424715,10.0,30.0,4000.0,-0.0006994813083127807,1.4654048517807257e-09,2.5602197719886545e-08,0.002995059108477645
k_io,1,2,9,10,11,80308.5722139152,6.2962652107424715,10.0,30.0,4500.0,-0.0005859666307778243,1.528850532889312e-09,2.3744870474195825e-08,0.004452657182062699
k_io,1,2,9,10,11,80308.5722139152,6.2962652107424715,10.0,30.0,5000.0,-0.0004999445529417544,1.5619962715403148e-09,2.3901670941811363e-08,0.00624937104627119
k_io,1,2,9,10,11,80308.5722139152,6.2962652107424715,10.0,30.0,5500.0,-0.0004338535319961499,1.5504984456138945e-09,2.469251602214883e-08,0.008237303362241632
k_io,1,2,9,10,11,80308.5722139152,6.2962652107424715,10.0,30.0,6000.0,-0.00038299987287538804,1.5126724521724417e-09,2.586358332304365e-08,0.010312112403380713
k_io,1,2,9,10,11,80308.5722139152,6.2962652107424715,10.0,30.0,6500.0,-0.000344039567336273,1.4737922170486031e-09,2.7481008899811586e-08,0.012451436929276102
k_io,1,2,9,10,11,80308.5722139152,6.2962652107424715,10.0,30.0,7000.0,-0.00031423676179578777,1.442250352871604e-09,2.9508307019302508e-08,0.014605844492417771
k_io,1,2,9,10,11,80308.5722139152,6.2962652107424715,10.0,30.0,7500.0,-0.0002912332476026724,1.4084277878301739e-09,3.19109177924436e-08,0.01660552759538838
k_io,1,2,9,10,11,80308.5722139152,6.2962652107424715,10.0,30.0,8000.0,-0.0002730324689765983,1.3599067026553576e-09,3.479105069844066e-08,0.01824233898376882
k_io,1,2,9,10,11,80308.5722139152,6.2962652107424715,10.0,30.0,8500.0,-0.00025800778147125857,1.2947397155890069e-09,3.825032570651546e-08,0.01944987708826042
k_io,1,2,9,10,11,80308.5722139152,6.2962652107424715,10.0,30.0,9000.0,-0.0002448720728439157,1.2211626874329944e-09,4.217758985443876e-08,0.020365496896184027
k_io,1,2,9,10,11,80308.5722139152,6.2962652107424715,10.0,30.0,9500.0,-0.00023262366093185932,1.1477662935034274e-09,4.623556228911843e-08,0.02121024544899635
k_io,1,2,9,10,11,80308.5722139152,6.2962652107424715,10.0,30.0,10000.0,-0.00022050119342377278,1.0763572265457484e-09,5.004098948351788e-08,0.022137804215125026
k_io,1,2,9,10,11,80308.5722139152,6.2962652107424715,10.0,30.0,10500.0,-0.00020796384578776407,1.0041002109231474e-09,5.333896891468187e-08,0.023216747503560554
k_io,1,2,9,10,11,80308.5722139152,6.2962652107424715,10.0,30.0,11000.0,-0.00019469202023198622,9.311020034481086e-10,5.603240883022095e-08,0.024564105721544577
k_io,1,2,9,10,11,80308.5722139152,6.2962652107424715,10.0,30.0,11500.0,-0.00018059341636782254,8.655918417842427e-10,5.80933285938048e-08,0.026540513846014357
k_io,1,2,9,10,11,80308.5722139152,6.2962652107424715,10.0,30.0,12000.0,-0.00016580035535181657,8.227418903660414e-10,5.947039444415009e-08,0.02992903376270746
k_io,1,2,9,10,11,80308.5722139152,6.2962652107424715,12.0,36.0,0.0,0.0,0.0,0.0,
k_io,1,2,9,10,11,80308.5722139152,6.2962652107424715,12.0,36.0,500.0,-0.0030642634991625006,5.943364208902081e-10,3.4280006174268143e-08,6.329656301849212e-05
k_io,1,2,9,10,11,80308.5722139152,6.2962652107424715,12.0,36.0,1000.0,-0.0032400117355704944,9.06526398968523e-10,5.369544100348904e-08,8.635496036850444e-05
k_io,1,2,9,10,11,80308.5722139152,6.2962652107424715,12.0,36.0,1500.0,-0.0027202576016078783,9.952180566324839e-10,6.38496219145235e-08,0.00013449253571358604
k_io,1,2,9,10,11,80308.5722139152,6.2962652107424715,12.0,36.0,2000.0,-0.0021300220477813783,9.202485691328364e-10,6.733676979873821e-08,0.000202832224274714
k_io,1,2,9,10,11,80308.5722139152,6.2962652107424715,12.0,36.0,2500.0,-0.0016320382997036462,8.234078290423918e-10,6.394049094991005e-08,0.00030913935708545056
k_io,1,2,9,10,11,80308.5722139152,6.2962652107424715,12.0,36.0,3000.0,-0.001252357140135411,8.652342244057059e-10,5.634471035048805e-08,0.0005516673702603079
k_io,1,2,9,10,11,80308.5722139152,6.2962652107424715,12.0,36.0,3500.0,-0.000975573335421755,1.1453416588658097e-09,4.793738940552574e-08,0.0012034144284606477
k_io,1,2,9,10,11,80308.5722139152,6.2962652107424715,12.0,36.0,4000.0,-0.000776201415705861,1.5704278612484868e-09,4.1164961248294086e-08,0.0026065684277955365
k_io,1,2,9,10,11,80308.5722139152,6.2962652107424715,12.0,36.0,4500.0,-0.0006303242230759612,1.946129036865029e-09,3.708042708206338e-08,0.0048982803507100995
k_io,1,2,9,10,11,80308.5722139152,6.2962652107424715,12.0,36.0,5000.0,-0.0005196885066764013,2.1651322388709365e-09,3.537235822284624e-08,0.00801674745141144
k_io,1,2,9,10,11,80308.5722139152,6.2962652107424715,12.0,36.0,5500.0,-0.00043236003194293843,2.2364593773288606e-09,3.492275090516749e-08,0.011963821744475954
k_io,1,2,9,10,11,80308.5722139152,6.2962652107424715,12.0,36.0,6000.0,-0.0003616570054703946,2.205750168789691e-09,3.456127702328897e-08,0.016864076247693375
k_io,1,2,9,10,11,80308.5722139152,6.2962652107424715,12.0,36.0,6500.0,-0.0003043349824853412,2.1054489667470272e-09,3.3605958557241466e-08,0.022732173745023843
k_io,1,2,9,10,11,80308.5722139152,6.2962652107424715,12.0,36.0,7000.0,-0.0002587612428107534,1.9563363706517998e-09,3.207894583306779e-08,0.029217635872757098
k_io,1,2,9,10,11,80308.5722139152,6.2962652107424715,12.0,36.0,7500.0,-0.00022359304150489827,1.7797409026817048e-09,3.0578015290435196e-08,0.0355991980298623
k_io,1,2,9,10,11,80308.5722139152,6.2962652107424715,12.0,36.0,8000.0,-0.0001971555156138078,1.5997963711389263e-09,2.98415624917814e-08,0.041157296978490354
k_io,1,2,9,10,11,80308.5722139152,6.2962652107424715,12.0,36.0,8500.0,-0.00017741260381185127,1.4392018694809764e-09,3.02578775354754e-08,0.04572490108663033
k_io,1,2,9,10,11,80308.5722139152,6.2962652107424715,12.0,36.0,9000.0,-0.0001622589627269344,1.314802315070844e-09,3.1655348557438265e-08,0.04993937116570486
k_io,1,2,9,10,11,80308.5722139152,6.2962652107424715,12.0,36.0,9500.0,-0.0001498584469007266,1.2352704646549787e-09,3.3476232450836664e-08,0.05500467498562363
k_io,1,2,9,10,11,80308.5722139152,6.2962652107424715,12.0,36.0,10000.0,-0.00013885713690740906,1.2011113315327894e-09,3.512982556180974e-08,0.06229409080666474
k_io,1,2,9,10,11,80308.5722139152,6.2962652107424715,12.0,36.0,10500.0,-0.00012842354054810163,1.2063690846895664e-09,3.6250134556201975e-08,0.07314605719309537
k_io,1,2,9,10,11,80308.5722139152,6.2962652107424715,12.0,36.0,11000.0,-0.00011815688494322689,1.2408631590636127e-09,3.674413783870604e-08,0.08888036409185618
k_io,1,2,9,10,11,80308.5722139152,6.2962652107424715,12.0,36.0,11500.0,-0.00010793776048664155,1.2921322181426335e-09,3.669400508948125e-08,0.11090730426183454
k_io,1,2,9,10,11,80308.5722139152,6.2962652107424715,12.0,36.0,12000.0,-9.778557302018271e-05,1.3472642519012923e-09,3.623105460855658e-08,0.14089747696733695
k_io,1,2,9,10,11,80308.5722139152,6.2962652107424715,15.0,40.0,0.0,0.0,0.0,0.0,
k_io,1,2,9,10,11,80308.5722139152,6.2962652107424715,15.0,40.0,500.0,-0.003258950604280497,5.827683015716232e-10,3.7070933742366347e-08,5.48706829063941e-05
k_io,1,2,9,10,11,80308.5722139152,6.2962652107424715,15.0,40.0,1000.0,-0.0035084067805049024,9.58936748036658e-10,5.648885307024464e-08,7.790585145868763e-05
k_io,1,2,9,10,11,80308.5722139152,6.2962652107424715,15.0,40.0,1500.0,-0.0030029475983560164,1.2613152734221212e-09,5.938776235431016e-08,0.0001398711504816973
k_io,1,2,9,10,11,80308.5722139152,6.2962652107424715,15.0,40.0,2000.0,-0.002402533320770693,1.2801584491682771e-09,5.428720321514227e-08,0.0002217812810478187
k_io,1,2,9,10,11,80308.5722139152,6.2962652107424715,15.0,40.0,2500.0,-0.0018811094344465921,1.1831103089798084e-09,4.662765500522263e-08,0.000334346757245012
k_io,1,2,9,10,11,80308.5722139152,6.2962652107424715,15.0,40.0,3000.0,-0.0014714989455644062,1.2833335518808452e-09,4.0452035807251256e-08,0.0005926791348843199
k_io,1,2,9,10,11,80308.5722139152,6.2962652107424715,15.0,40.0,3500.0,-0.0011652971443429343,1.6581830347994448e-09,3.714813323723704e-08,0.0012211221334462394
k_io,1,2,9,10,11,80308.5722139152,6.2962652107424715,15.0,40.0,4000.0,-0.0009421687726229363,2.146936269157003e-09,3.600611622999686e-08,0.0024185871501004193
k_io,1,2,9,10,11,80308.5722139152,6.2962652107424715,15.0,40.0,4500.0,-0.0007803231005188583,2.5561387426798257e-09,3.6071094960270435e-08,0.004197932925251885
k_io,1,2,9,10,11,80308.5722139152,6.2962652107424715,15.0,40.0,5000.0,-0.0006611614060083012,2.786360254242324e-09,3.676469839554133e-08,0.006374149972363375
k_io,1,2,9,10,11,80308.5722139152,6.2962652107424715,15.0,40.0,5500.0,-0.0005709233858068605,2.8357253678623043e-09,3.7649858115593856e-08,0.0086997846608575
k_io,1,2,9,10,11,80308.5722139152,6.2962652107424715,15.0,40.0,6000.0,-0.0005003922871594031,2.7516988544238326e-09,3.829946584969202e-08,0.01098954442434441
k_io,1,2,9,10,11,80308.5722139152,6.2962652107424715,15.0,40.0,6500.0,-0.0004436637068059692,2.5879804458529872e-09,3.835133714088028e-08,0.013147802865461923
k_io,1,2,9,10,11,80308.5722139152,6.2962652107424715,15.0,40.0,7000.0,-0.00039684767121478826,2.3865669564229055e-09,3.761583770883051e-08,0.015153953525211171
k_io,1,2,9,10,11,80308.5722139152,6.2962652107424715,15.0,40.0,7500.0,-0.00035718801833780007,2.1784443486576512e-09,3.619535979521606e-08,0.017074685186609456
k_io,1,2,9,10,11,80308.5722139152,6.2962652107424715,15.0,40.0,8000.0,-0.00032267137861308887,1.9875304462773607e-09,3.4516322343750686e-08,0.019089427370710548
k_io,1,2,9,10,11,80308.5722139152,6.2962652107424715,15.0,40.0,8500.0,-0.000291943495798962,1.8303894294655322e-09,3.316531673625717e-08,0.021475628910674352
k_io,1,2,9,10,11,80308.5722139152,6.2962652107424715,15.0,40.0,9000.0,-0.0002642952865688486,1.7141759220367296e-09,3.258616468050053e-08,0.024540112792551503
k_io,1,2,9,10,11,80308.5722139152,6.2962652107424715,15.0,40.0,9500.0,-0.00023956277675480872,1.637224163150694e-09,3.2846423656046646e-08,0.02852787802637245
k_io,1,2,9,10,11,80308.5722139152,6.2962652107424715,15.0,40.0,10000.0,-0.00021790908293888565,1.5930188081600664e-09,3.364002955715867e-08,0.033548278326585766
k_io,1,2,9,10,11,80308.5722139152,6.2962652107424715,15.0,40.0,10500.0,-0.00019954976107620882,1.5749995623552278e-09,3.4505780169999196e-08,0.0395528710306438
k_io,1,2,9,10,11,80308.5722139152,6.2962652107424715,15.0,40.0,11000.0,-0.00018451491683473984,1.5794474905056664e-09,3.509140394722162e-08,0.046391907364065295
k_io,1,2,9,10,11,80308.5722139152,6.2962652107424715,15.0,40.0,11500.0,-0.00017251978411003828,1.6052911219887258e-09,3.5293307965562806e-08,0.05393565930069483
k_io,1,2,9,10,11,80308.5722139152,6.2962652107424715,15.0,40.0,12000.0,-0.0001629667788675209,1.6516528375712174e-09,3.521811646585997e-08,0.062190006859743185
k_io,1,2,9,10,11,80308.5722139152,6.2962652107424715,20.0,50.0,0.0,0.0,0.0,0.0,
k_io,1,2,9,10,11,80308.5722139152,6.2962652107424715,20.0,50.0,500.0,-0.0036363237513936386,1.0444323198322605e-09,5.1262847741635355e-08,7.898692689297731e-05
k_io,1,2,9,10,11,80308.5722139152,6.2962652107424715,20.0,50.0,1000.0,-0.004076065058708986,1.710445433917879e-09,7.467021995440687e-08,0.00010295015612235926
k_io,1,2,9,10,11,80308.5722139152,6.2962652107424715,20.0,50.0,1500.0,-0.0036219643427760073,2.2432515933523363e-09,7.488701221806344e-08,0.00017099745389443152
k_io,1,2,9,10,11,80308.5722139152,6.2962652107424715,20.0,50.0,2000.0,-0.003005818450898576,2.5532376623561827e-09,6.556774599496522e-08,0.0002825958306072165
k_io,1,2,9,10,11,80308.5722139152,6.2962652107424715,20.0,50.0,2500.0,-0.0024400468353776503,2.5884553458337412e-09,5.459493331596032e-08,0.0004347547666605275
k_io,1,2,9,10,11,80308.5722139152,6.2962652107424715,20.0,50.0,3000.0,-0.001969941708201889,2.440992601633949e-09,4.641427909962346e-08,0.0006290131321972374
k_io,1,2,9,10,11,80308.5722139152,6.2962652107424715,20.0,50.0,3500.0,-0.001593653700241053,2.239924368843638e-09,4.1218353462441154e-08,0.0008819530038128271
k_io,1,2,9,10,11,80308.5722139152,6.2962652107424715,20.0,50.0,4000.0,-0.0012987879123690389,2.033476898412747e-09,3.7588832934273e-08,0.0012054876536781028
k_io,1,2,9,10,11,80308.5722139152,6.2962652107424715,20.0,50.0,4500.0,-0.0010711151030616088,1.8626136039227394e-09,3.460217839698669e-08,0.001623493239496051
k_io,1,2,9,10,11,80308.5722139152,6.2962652107424715,20.0,50.0,5000.0,-0.00089647024106104,1.7904205522910412e-09,3.1934794838701917e-08,0.0022278364212045716
k_io,1,2,9,10,11,80308.5722139152,6.2962652107424715,20.0,50.0,5500.0,-0.000761973447638821,1.8436012317667135e-09,2.9349722199077117e-08,0.0031753186484875895
k_io,1,2,9,10,11,80308.5722139152,6.2962652107424715,20.0,50.0,6000.0,-0.000657169762157666,1.9860260514340843e-09,2.6712339458085205e-08,0.004598644062617124
k_io,1,2,9,10,11,80308.5722139152,6.2962652107424715,20.0,50.0,6500.0,-0.0005745662461908328,2.1516072746665124e-09,2.423756336947325e-08,0.006517526201989065
k_io,1,2,9,10,11,80308.5722139152,6.2962652107424715,20.0,50.0,7000.0,-0.0005093699635157775,2.2878258198766913e-09,2.2403171446911832e-08,0.00881771977927841
k_io,1,2,9,10,11,80308.5722139152,6.2962652107424715,20.0,50.0,7500.0,-0.0004586591544311373,2.376692206470832e-09,2.1610513673914687e-08,0.011297772102218271
k_io,1,2,9,10,11,80308.5722139152,6.2962652107424715,20.0,50.0,8000.0,-0.00042039660434154205,2.430834985964888e-09,2.1962257640510682e-08,0.013754255242179866
k_io,1,2,9,10,11,80308.5722139152,6.2962652107424715,20.0,50.0,8500.0,-0.00039264494972249524,2.4758456628454347e-09,2.3293456761389584e-08,0.016059186319112632
k_io,1,2,9,10,11,80308.5722139152,6.2962652107424715,20.0,50.0,9000.0,-0.0003731761451346411,2.5322874013831897e-09,2.533574319351558e-08,0.018183825118545546
k_io,1,2,9,10,11,80308.5722139152,6.2962652107424715,20.0,50.0,9500.0,-0.00035947964647954633,2.6065962899523084e-09,2.7847904746576486e-08,0.020170894640976503
k_io,1,2,9,10,11,80308.5722139152,6.2962652107424715,20.0,50.0,10000.0,-0.000349035873655919,2.6920634945024623e-09,3.063780049630304e-08,0.02209760302660011
k_io,1,2,9,10,11,80308.5722139152,6.2962652107424715,20.0,50.0,10500.0,-0.00033966726154229985,2.775136206668059e-09,3.351067477452723e-08,0.02405342494176378
k_io,1,2,9,10,11,80308.5722139152,6.2962652107424715,20.0,50.0,11000.0,-0.00032980527618128473,2.8419351705520715e-09,3.623000824898996e-08,0.02612756689806843
k_io,1,2,9,10,11,80308.5722139152,6.2962652107424715,20.0,50.0,11500.0,-0.0003185870053214468,2.88259838024983e-09,3.854708757027228e-08,0.02840063321048056
k_io,1,2,9,10,11,80308.5722139152,6.2962652107424715,20.0,50.0,12000.0,-0.0003057788012808013,2.8934784588005426e-09,4.028383399796335e-08,0.03094607016604929
k_io,1,2,9,10,11,80308.5722139152,6.2962652107424715,25.0,60.0,0.0,0.0,0.0,0.0,
k_io,1,2,9,10,11,80308.5722139152,6.2962652107424715,25.0,60.0,500.0,-0.003938654487755211,1.4759699457505604e-09,5.0182633471921414e-08,9.514407428271276e-05
k_io,1,2,9,10,11,80308.5722139152,6.2962652107424715,25.0,60.0,1000.0,-0.004527758903353066,2.486251485496161e-09,7.344892495825046e-08,0.00012127700663355411
k_io,1,2,9,10,11,80308.5722139152,6.2962652107424715,25.0,60.0,1500.0,-0.004105042992429947,2.6288361168682895e-09,7.700541584105995e-08,0.00015600125530359634
k_io,1,2,9,10,11,80308.5722139152,6.2962652107424715,25.0,60.0,2000.0,-0.0034599838222181545,2.32270624755005e-09,7.706483638305282e-08,0.00019401984430397087
k_io,1,2,9,10,11,80308.5722139152,6.2962652107424715,25.0,60.0,2500.0,-0.0028497338757991764,1.9778508057233536e-09,7.504350556446487e-08,0.00024354819681987483
k_io,1,2,9,10,11,80308.5722139152,6.2962652107424715,25.0,60.0,3000.0,-0.002341689040782649,1.901760908836232e-09,6.918718250742079e-08,0.00034681467778363735
k_io,1,2,9,10,11,80308.5722139152,6.2962652107424715,25.0,60.0,3500.0,-0.001938414132286355,2.15277236363043e-09,6.121708543875415e-08,0.0005729345000045096
k_io,1,2,9,10,11,80308.5722139152,6.2962652107424715,25.0,60.0,4000.0,-0.0016234795504469109,2.4993520779601724e-09,5.45765099393551e-08,0.0009482738913205742
k_io,1,2,9,10,11,80308.5722139152,6.2962652107424715,25.0,60.0,4500.0,-0.001377132046024963,2.7071427528070182e-09,5.088490309433683e-08,0.0014274469880669132
k_io,1,2,9,10,11,80308.5722139152,6.2962652107424715,25.0,60.0,5000.0,-0.0011814438271187423,2.7195652734438786e-09,4.9158077985071283e-08,0.0019483785151403132
k_io,1,2,9,10,11,80308.5722139152,6.2962652107424715,25.0,60.0,5500.0,-0.001022168140001999,2.6169635883402022e-09,4.740236246135017e-08,0.002504684334289942
k_io,1,2,9,10,11,80308.5722139152,6.2962652107424715,25.0,60.0,6000.0,-0.0008892522622972656,2.5150895963969982e-09,4.439070561395611e-08,0.0031805593448739925
k_io,1,2,9,10,11,80308.5722139152,6.2962652107424715,25.0,60.0,6500.0,-0.0007764143094235931,2.4931781316443635e-09,4.031025428801545e-08,0.004135863978565044
k_io,1,2,9,10,11,80308.5722139152,6.2962652107424715,25.0,60.0,7000.0,-0.0006801234353096628,2.565482851909956e-09,3.629637727447529e-08,0.005546175864305677
k_io,1,2,9,10,11,80308.5722139152,6.2962652107424715,25.0,60.0,7500.0,-0.0005984433496964833,2.6946193670014556e-09,3.3540758269830794e-08,0.007524044171693244
k_io,1,2,9,10,11,80308.5722139152,6.2962652107424715,25.0,60.0,8000.0,-0.0005301071545661326,2.8283654408273566e-09,3.2639500371188716e-08,0.01006487048281219
k_io,1,2,9,10,11,80308.5722139152,6.2962652107424715,25.0,60.0,8500.0,-0.00047396515854115613,2.9313275615892496e-09,3.346157230673698e-08,0.01304882828905445
k_io,1,2,9,10,11,80308.5722139152,6.2962652107424715,25.0,60.0,9000.0,-0.000428754726516236,2.9949288404328085e-09,3.5419629358479934e-08,0.01629178487013057
k_io,1,2,9,10,11,80308.5722139152,6.2962652107424715,25.0,60.0,9500.0,-0.00039306214031081506,3.0292365186855016e-09,3.7842731056883345e-08,0.019606982195909672
k_io,1,2,9,10,11,80308.5722139152,6.2962652107424715,25.0,60.0,10000.0,-0.0003653632567005077,3.0494914039944064e-09,4.0216412444361035e-08,0.022844290487573755
k_io,1,2,9,10,11,80308.5722139152,6.2962652107424715,25.0,60.0,10500.0,-0.00034408462175558987,3.067205378239634e-09,4.2236999587382236e-08,0.025906714016445332
k_io,1,2,9,10,11,80308.5722139152,6.2962652107424715,25.0,60.0,11000.0,-0.00032767192334413973,3.088200347006567e-09,4.3761273213139074e-08,0.028762524840839455
k_io,1,2,9,10,11,80308.5722139152,6.2962652107424715,25.0,60.0,11500.0,-0.0003146698288304102,3.1148168746486493e-09,4.475066214659984e-08,0.03145736279541381
k_io,1,2,9,10,11,80308.5722139152,6.2962652107424715,25.0,60.0,12000.0,-0.0003038119029877982,3.1484455816013815e-09,4.525001993189892e-08,0.03411038499993004
k_io,1,2,9,10,11,80308.5722139152,6.2962652107424715,30.0,80.0,0.0,0.0,0.0,0.0,
k_io,1,2,9,10,11,80308.5722139152,6.2962652107424715,30.0,80.0,500.0,-0.004276482343800875,1.153046521524699e-09,4.3518734978018846e-08,6.30483119559492e-05
k_io,1,2,9,10,11,80308.5722139152,6.2962652107424715,30.0,80.0,1000.0,-0.004982136913557367,1.7589695809581034e-09,6.788038773326168e-08,7.086422023285107e-05
k_io,1,2,9,10,11,80308.5722139152,6.2962652107424715,30.0,80.0,1500.0,-0.0045877313397189035,2.1210417847075213e-09,7.78850776800306e-08,0.00010077510733256408
k_io,1,2,9,10,11,80308.5722139152,6.2962652107424715,30.0,80.0,2000.0,-0.003944701270586118,2.4983197060020536e-09,8.445869865836143e-08,0.00016055349858198035
k_io,1,2,9,10,11,80308.5722139152,6.2962652107424715,30.0,80.0,2500.0,-0.003326635175072038,2.614528568878917e-09,8.608754478676034e-08,0.00023625610569718916
k_io,1,2,9,10,11,80308.5722139152,6.2962652107424715,30.0,80.0,3000.0,-0.0028022985661767114,2.4037315331828383e-09,8.3632293429607e-08,0.0003060956456386306
k_io,1,2,9,10,11,80308.5722139152,6.2962652107424715,30.0,80.0,3500.0,-0.002372334410195222,2.091422332905684e-09,8.004939607213563e-08,0.0003716121669284373
k_io,1,2,9,10,11,80308.5722139152,6.2962652107424715,30.0,80.0,4000.0,-0.0020199553198967136,1.9116951844614515e-09,7.724285099524649e-08,0.0004685275356129808
k_io,1,2,9,10,11,80308.5722139152,6.2962652107424715,30.0,80.0,4500.0,-0.0017285082810246481,1.9310236123614004e-09,7.572478163583333e-08,0.0006463156249117027
k_io,1,2,9,10,11,80308.5722139152,6.2962652107424715,30.0,80.0,5000.0,-0.0014858600623838588,2.0788352218141908e-09,7.5234444127791e-08,0.0009415952242192089
k_io,1,2,9,10,11,80308.5722139152,6.2962652107424715,30.0,80.0,5500.0,-0.0012838664899243006,2.2664991875441313e-09,7.500187560062907e-08,0.0013750416104861825
k_io,1,2,9,10,11,80308.5722139152,6.2962652107424715,30.0,80.0,6000.0,-0.0011165921855192966,2.463232349214189e-09,7.402730469061681e-08,0.001975678215635803
k_io,1,2,9,10,11,80308.5722139152,6.2962652107424715,30.0,80.0,6500.0,-0.0009788645904118846,2.688770805296932e-09,7.160305912775836e-08,0.0028061349106843158
k_io,1,2,9,10,11,80308.5722139152,6.2962652107424715,30.0,80.0,7000.0,-0.000865650321235879,2.96773867381463e-09,6.769343646272371e-08,0.003960414730285216
k_io,1,2,9,10,11,80308.5722139152,6.2962652107424715,30.0,80.0,7500.0,-0.0007721396615110801,3.2999827622401026e-09,6.2885105683484e-08,0.005535029623327863
k_io,1,2,9,10,11,80308.5722139152,6.2962652107424715,30.0,80.0,8000.0,-0.0006941650303173693,3.661194501685195e-09,5.802897194161699e-08,0.007597965868176701
k_io,1,2,9,10,11,80308.5722139152,6.2962652107424715,30.0,80.0,8500.0,-0.0006285765693486373,4.016700734735082e-09,5.384040700730542e-08,0.010166070076465453
k_io,1,2,9,10,11,80308.5722139152,6.2962652107424715,30.0,80.0,9000.0,-0.0005733480109043985,4.330002978305416e-09,5.064592096832436e-08,0.013171995532611098
k_io,1,2,9,10,11,80308.5722139152,6.2962652107424715,30.0,80.0,9500.0,-0.0005273750854905756,4.564807903315798e-09,4.836053052575244e-08,0.01641282310082176
k_io,1,2,9,10,11,80308.5722139152,6.2962652107424715,30.0,80.0,10000.0,-0.0004900707180702625,4.689840736428731e-09,4.6672189938142855e-08,0.01952722752803326
k_io,1,2,9,10,11,80308.5722139152,6.2962652107424715,30.0,80.0,10500.0,-0.0004609187947798945,4.690932864438356e-09,4.529520496441082e-08,0.022080575182118128
k_io,1,2,9,10,11,80308.5722139152,6.2962652107424715,30.0,80.0,11000.0,-0.00043912895367787886,4.583369361695722e-09,4.4125421650138906e-08,0.02376844179864242
k_io,1,2,9,10,11,80308.5722139152,6.2962652107424715,30.0,80.0,11500.0,-0.00042347146664220873,4.413271275344909e-09,4.3226670034034136e-08,0.02461003987794686
k_io,1,2,9,10,11,80308.5722139152,6.2962652107424715,30.0,80.0,12000.0,-0.00041230017000608776,4.243972699179226e-09,4.2709301932133794e-08,0.02496580383204848
k_io,1,3,15,16,17,89615.05019466049,6.2962652107424715,5.0,15.0,0.0,0.0,0.0,0.0,
k_io,1,3,15,16,17,89615.05019466049,6.2962652107424715,5.0,15.0,500.0,-0.001954684371885257,4.130886168314978e-10,5.2126622244926445e-08,0.00010811599417854672
k_io,1,3,15,16,17,89615.05019466049,6.2962652107424715,5.0,15.0,1000.0,-0.0018465321024798143,6.656000309584444e-10,6.367839551151177e-08,0.00019520889752701657
k_io,1,3,15,16,17,89615.05019466049,6.2962652107424715,5.0,15.0,1500.0,-0.001410398870915229,7.524395988241067e-10,7.299549254074697e-08,0.0003782576673079636
k_io,1,3,15,16,17,89615.05019466049,6.2962652107424715,5.0,15.0,2000.0,-0.0010365024848810606,6.965736106966953e-10,8.054531093046003e-08,0.0006483750914206181
k_io,1,3,15,16,17,89615.05019466049,6.2962652107424715,5.0,15.0,2500.0,-0.0007703433790957007,6.599285778189279e-10,7.859242869960581e-08,0.001112060018763469
k_io,1,3,15,16,17,89615.05019466049,6.2962652107424715,5.0,15.0,3000.0,-0.000589337493515257,7.083761112556497e-10,7.000459057296332e-08,0.0020395566074361583
k_io,1,3,15,16,17,89615.05019466049,6.2962652107424715,5.0,15.0,3500.0,-0.000467073756255024,7.615028738023091e-10,6.034524628497732e-08,0.0034906042618959316
k_io,1,3,15,16,17,89615.05019466049,6.2962652107424715,5.0,15.0,4000.0,-0.00038286576782612953,7.45418426619958e-10,5.352230350103648e-08,0.0050851884152840286
k_io,1,3,15,16,17,89615.05019466049,6.2962652107424715,5.0,15.0,4500.0,-0.00032192058888899384,6.749440927360719e-10,5.0385109256127116e-08,0.006512838269499399
k_io,1,3,15,16,17,89615.05019466049,6.2962652107424715,5.0,15.0,5000.0,-0.0002748768596027517,6.059704864141121e-10,4.9560640544038695e-08,0.008020013725937922
k_io,1,3,15,16,17,89615.05019466049,6.2962652107424715,5.0,15.0,5500.0,-0.00023683128023999165,5.722600508997288e-10,4.923868115369998e-08,0.010202704392822446
k_io,1,3,15,16,17,89615.05019466049,6.2962652107424715,5.0,15.0,6000.0,-0.00020574478226477975,5.755687408225952e-10,4.8442005621620714e-08,0.013596888585731265
k_io,1,3,15,16,17,89615.05019466049,6.2962652107424715,5.0,15.0,6500.0,-0.00018081308284124964,6.047050082179001e-10,4.7308343709282854e-08,0.018496257531116268
k_io,1,3,15,16,17,89615.05019466049,6.2962652107424715,5.0,15.0,7000.0,-0.00016135945415135348,6.509118064179045e-10,4.6534889111511504e-08,0.024999614789283905
k_io,1,3,15,16,17,89615.05019466049,6.2962652107424715,5.0,15.0,7500.0,-0.00014639650349706742,7.118722222539401e-10,4.6592759750439744e-08,0.03321548806461265
k_io,1,3,15,16,17,89615.05019466049,6.2962652107424715,5.0,15.0,8000.0,-0.00013467713697259119,7.878588010552556e-10,4.736497958164198e-08,0.04343708173567106
k_io,1,3,15,16,17,89615.05019466049,6.2962652107424715,5.0,15.0,8500.0,-0.00012495686875409868,8.757651542845882e-10,4.8344243620546065e-08,0.05608766929334609
k_io,1,3,15,16,17,89615.05019466049,6.2962652107424715,5.0,15.0,9000.0,-0.00011624962108865893,9.661892693151488e-10,4.904664406468436e-08,0.07149556751286312
k_io,1,3,15,16,17,89615.05019466049,6.2962652107424715,5.0,15.0,9500.0,-0.0001079672645187507,1.0453077903859834e-09,4.927217115412672e-08,0.08967264723768545
k_io,1,3,15,16,17,89615.05019466049,6.2962652107424715,5.0,15.0,10000.0,-9.9922961219601e-05,1.0996420369666072e-09,4.909589878291432e-08,0.11013382985117064
k_io,1,3,15,16,17,89615.05019466049,6.2962652107424715,5.0,15.0,10500.0,-9.223101158604649e-05,1.1207691169884714e-09,4.869595456751801e-08,0.1317535152992871
k_io,1,3,15,16,17,89615.05019466049,6.2962652107424715,5.0,15.0,11000.0,-8.515664939146982e-05,1.1080655620221927e-09,4.818964833742657e-08,0.15280174965099952
k_io,1,3,15,16,17,89615.05019466049,6.2962652107424715,5.0,15.0,11500.0,-7.896853987040446e-05,1.0690622136203009e-09,4.758381449448012e-08,0.17143313358513754
k_io,1,3,15,16,17,89615.05019466049,6.2962652107424715,5.0,15.0,12000.0,-7.38330481461786e-05,1.0176900997055387e-09,4.683523046997151e-08,0.18668694676923664
k_io,1,3,15,16,17,89615.05019466049,6.2962652107424715,7.0,25.0,0.0,0.0,0.0,0.0,
k_io,1,3,15,16,17,89615.05019466049,6.2962652107424715,7.0,25.0,500.0,-0.002677998916882751,4.4625009448368285e-10,7.51995697004878e-08,6.222394286413803e-05
k_io,1,3,15,16,17,89615.05019466049,6.2962652107424715,7.0,25.0,1000.0,-0.0026558935504909092,6.163128628384999e-10,1.0507709014920903e-07,8.737353424460536e-05
k_io,1,3,15,16,17,89615.05019466049,6.2962652107424715,7.0,25.0,1500.0,-0.002084143606686753,7.886890941543674e-10,1.0156242464341113e-07,0.00018157270124645293
k_io,1,3,15,16,17,89615.05019466049,6.2962652107424715,7.0,25.0,2000.0,-0.001537573115800838,9.319888492012796e-10,8.397233316071947e-08,0.0003942204620333756
k_io,1,3,15,16,17,89615.05019466049,6.2962652107424715,7.0,25.0,2500.0,-0.0011242762931368104,1.0134558154408616e-09,6.70840190363116e-08,0.0008017864508110624
k_io,1,3,15,16,17,89615.05019466049,6.2962652107424715,7.0,25.0,3000.0,-0.000832557646152551,1.0679786176417142e-09,5.692726534414177e-08,0.0015407562220801994
k_io,1,3,15,16,17,89615.05019466049,6.2962652107424715,7.0,25.0,3500.0,-0.0006312553304745668,1.1174620277555138e-09,5.189209276865707e-08,0.0028042882838040747
k_io,1,3,15,16,17,89615.05019466049,6.2962652107424715,7.0,25.0,4000.0,-0.0004941145484016717,1.1569216192608872e-09,4.818547206868465e-08,0.004738584771674192
k_io,1,3,15,16,17,89615.05019466049,6.2962652107424715,7.0,25.0,4500.0,-0.0004024626529310852,1.1800156352315675e-09,4.41450717869073e-08,0.007285117998240345
k_io,1,3,15,16,17,89615.05019466049,6.2962652107424715,7.0,25.0,5000.0,-0.00034293774033791486,1.188540438804906e-09,4.051915004529659e-08,0.01010609552368756
k_io,1,3,15,16,17,89615.05019466049,6.2962652107424715,7.0,25.0,5500.0,-0.00030531414154837426,1.1974693778671464e-09,3.8335124477506505e-08,0.012846078613995563
k_io,1,3,15,16,17,89615.05019466049,6.2962652107424715,7.0,25.0,6000.0,-0.00028148119124059593,1.2307641198437805e-09,3.7456334908587945e-08,0.015533741233804804
k_io,1,3,15,16,17,89615.05019466049,6.2962652107424715,7.0,25.0,6500.0,-0.0002652119616895457,1.299345342940474e-09,3.6946850911027205e-08,0.018473040331266233
k_io,1,3,15,16,17,89615.05019466049,6.2962652107424715,7.0,25.0,7000.0,-0.0002521138400969408,1.3855177460348445e-09,3.620949815330222e-08,0.02179810387406675
k_io,1,3,15,16,17,89615.05019466049,6.2962652107424715,7.0,25.0,7500.0,-0.0002394233533819382,1.45454734370357e-09,3.5513677121247806e-08,0.02537434515182451
k_io,1,3,15,16,17,89615.05019466049,6.2962652107424715,7.0,25.0,8000.0,-0.0002256308933311405,1.4809662165747086e-09,3.560660579666124e-08,0.02909028833308586
k_io,1,3,15,16,17,89615.05019466049,6.2962652107424715,7.0,25.0,8500.0,-0.00021007542096660066,1.4646995064575298e-09,3.704552640138386e-08,0.0331892967517586
k_io,1,3,15,16,17,89615.05019466049,6.2962652107424715,7.0,25.0,9000.0,-0.0001926327079057957,1.4273784113096782e-09,3.986734991854714e-08,0.038466180438134635
k_io,1,3,15,16,17,89615.05019466049,6.2962652107424715,7.0,25.0,9500.0,-0.00017353152387887451,1.397118145574173e-09,4.3665923517099784e-08,0.046395554765004364
k_io,1,3,15,16,17,89615.05019466049,6.2962652107424715,7.0,25.0,10000.0,-0.0001532595878993145,1.3942756355120657e-09,4.781376146898713e-08,0.059359923339049527
k_io,1,3,15,16,17,89615.05019466049,6.2962652107424715,7.0,25.0,10500.0,-0.00013249979581277755,1.42473519936088e-09,5.163098175089718e-08,0.08115284246387885
k_io,1,3,15,16,17,89615.05019466049,6.2962652107424715,7.0,25.0,11000.0,-0.0001120562822103248,1.4806024943261324e-09,5.449310725248191e-08,0.1179141861687659
k_io,1,3,15,16,17,89615.05019466049,6.2962652107424715,7.0,25.0,11500.0,-9.276153170176976e-05,1.5452541001780637e-09,5.5935956582262734e-08,0.1795825285548389
k_io,1,3,15,16,17,89615.05019466049,6.2962652107424715,7.0,25.0,12000.0,-7.537841408038128e-05,1.5996485211710557e-09,5.575953259834522e-08,0.2815338225648135
k_io,1,3,15,16,17,89615.05019466049,6.2962652107424715,10.0,30.0,0.0,0.0,0.0,0.0,
k_io,1,3,15,16,17,89615.05019466049,6.2962652107424715,10.0,30.0,500.0,-0.003059171002446487,5.555193588469018e-10,6.154577648520565e-08,5.9359698984318375e-05
k_io,1,3,15,16,17,89615.05019466049,6.2962652107424715,10.0,30.0,1000.0,-0.0031675419026631763,7.347737209983325e-10,9.83569718755063e-08,7.323334610340075e-05
k_io,1,3,15,16,17,89615.05019466049,6.2962652107424715,10.0,30.0,1500.0,-0.0025902216768535005,9.9314969876413e-10,1.1066707381012131e-07,0.0001480269695112341
k_io,1,3,15,16,17,89615.05019466049,6.2962652107424715,10.0,30.0,2000.0,-0.0019819451516875156,1.3146946979276172e-09,1.0215476280364443e-07,0.00033468916123178123
k_io,1,3,15,16,17,89615.05019466049,6.2962652107424715,10.0,30.0,2500.0,-0.0014954204174613822,1.5034499455753884e-09,8.525178473621175e-08,0.0006722988399203631
k_io,1,3,15,16,17,89615.05019466049,6.2962652107424715,10.0,30.0,3000.0,-0.001136058628763469,1.612005027931017e-09,6.805865753495977e-08,0.0012490070873602053
k_io,1,3,15,16,17,89615.05019466049,6.2962652107424715,10.0,30.0,3500.0,-0.0008761880397551401,1.7267818388271659e-09,5.3620139241642586e-08,0.0022492764237601872
k_io,1,3,15,16,17,89615.05019466049,6.2962652107424715,10.0,30.0,4000.0,-0.0006888957942684584,1.8331624206107e-09,4.273223659617822e-08,0.0038627257877772033
k_io,1,3,15,16,17,89615.05019466049,6.2962652107424715,10.0,30.0,4500.0,-0.0005544366925427039,1.886059963375037e-09,3.5301715085254494e-08,0.006135522709530669
k_io,1,3,15,16,17,89615.05019466049,6.2962652107424715,10.0,30.0,5000.0,-0.0004588412767684621,1.873397426416695e-09,3.098449428072711e-08,0.008898257312549604
k_io,1,3,15,16,17,89615.05019466049,6.2962652107424715,10.0,30.0,5500.0,-0.000391774308715499,1.8037767864798396e-09,2.9218219104865036e-08,0.011751975775621593
k_io,1,3,15,16,17,89615.05019466049,6.2962652107424715,10.0,30.0,6000.0,-0.00034527952833627315,1.6829244700457287e-09,2.9094674928757663e-08,0.014116367812894355
k_io,1,3,15,16,17,89615.05019466049,6.2962652107424715,10.0,30.0,6500.0,-0.0003131584688949975,1.519288308231833e-09,2.9572470046614347e-08,0.015492156433079983
k_io,1,3,15,16,17,89615.05019466049,6.2962652107424715,10.0,30.0,7000.0,-0.00029054872183079637,1.3397633382065557e-09,2.9930113112048096e-08,0.01587048324509441
k_io,1,3,15,16,17,89615.05019466049,6.2962652107424715,10.0,30.0,7500.0,-0.00027357097104782234,1.1880532569385019e-09,2.9998713111270206e-08,0.015874347581037763
k_io,1,3,15,16,17,89615.05019466049,6.2962652107424715,10.0,30.0,8000.0,-0.0002591087441126687,1.1043128017281606e-09,2.997216611683688e-08,0.01644856321006526
k_io,1,3,15,16,17,89615.05019466049,6.2962652107424715,10.0,30.0,8500.0,-0.0002447691012312898,1.103799576484946e-09,3.002573862371824e-08,0.01842370778585471
k_io,1,3,15,16,17,89615.05019466049,6.2962652107424715,10.0,30.0,9000.0,-0.00022896740430360086,1.170412318795847e-09,3.008682099778834e-08,0.022325004886544226
k_io,1,3,15,16,17,89615.05019466049,6.2962652107424715,10.0,30.0,9500.0,-0.00021101125135799485,1.2676718368535133e-09,2.9890592395850765e-08,0.028470534198973826
k_io,1,3,15,16,17,89615.05019466049,6.2962652107424715,10.0,30.0,10000.0,-0.0001910727109076867,1.3578237318541775e-09,2.9208753436898642e-08,0.03719170293027809
k_io,1,3,15,16,17,89615.05019466049,6.2962652107424715,10.0,30.0,10500.0,-0.00017000852372428283,1.4170945980724085e-09,2.805535452673363e-08,0.04902949840053129
k_io,1,3,15,16,17,89615.05019466049,6.2962652107424715,10.0,30.0,11000.0,-0.0001490645279861771,1.4405387634965143e-09,2.6740936114990328e-08,0.06483004614933209
k_io,1,3,15,16,17,89615.05019466049,6.2962652107424715,10.0,30.0,11500.0,-0.0001295455241140213,1.4374789674765921e-09,2.576293838606225e-08,0.08565577999460253
k_io,1,3,15,16,17,89615.05019466049,6.2962652107424715,10.0,30.0,12000.0,-0.00011253430444345142,1.4229051492707171e-09,2.5606163989149538e-08,0.11235854045853562
k_io,1,3,15,16,17,89615.05019466049,6.2962652107424715,12.0,36.0,0.0,0.0,0.0,0.0,
k_io,1,3,15,16,17,89615.05019466049,6.2962652107424715,12.0,36.0,500.0,-0.0033931037194039615,6.303658153153918e-10,4.625562863804267e-08,5.4751797660771444e-05
k_io,1,3,15,16,17,89615.05019466049,6.2962652107424715,12.0,36.0,1000.0,-0.003648022560729991,1.0846398115664537e-09,6.85910651604607e-08,8.150242111567207e-05
k_io,1,3,15,16,17,89615.05019466049,6.2962652107424715,12.0,36.0,1500.0,-0.003091168054686469,1.5288397806370504e-09,7.761798214538986e-08,0.00015999880588684847
k_io,1,3,15,16,17,89615.05019466049,6.2962652107424715,12.0,36.0,2000.0,-0.0024298944029354716,1.8550140286157279e-09,7.26089834976836e-08,0.00031417555937512346
k_io,1,3,15,16,17,89615.05019466049,6.2962652107424715,12.0,36.0,2500.0,-0.0018612139323103023,1.9120551963498855e-09,5.981071856906743e-08,0.0005519602916858554
k_io,1,3,15,16,17,89615.05019466049,6.2962652107424715,12.0,36.0,3000.0,-0.0014194549309852408,1.8678824871293885e-09,4.7409501891856206e-08,0.000927056780346226
k_io,1,3,15,16,17,89615.05019466049,6.2962652107424715,12.0,36.0,3500.0,-0.0010903724958062789,1.903642198737931e-09,3.891979756392643e-08,0.001601163005463601
k_io,1,3,15,16,17,89615.05019466049,6.2962652107424715,12.0,36.0,4000.0,-0.0008497259016691256,2.020357912480151e-09,3.440359537618648e-08,0.0027981474700241545
k_io,1,3,15,16,17,89615.05019466049,6.2962652107424715,12.0,36.0,4500.0,-0.0006751922374622181,2.1545393256286813e-09,3.2515774915228766e-08,0.004726063408038358
k_io,1,3,15,16,17,89615.05019466049,6.2962652107424715,12.0,36.0,5000.0,-0.0005490033058975097,2.272206704438059e-09,3.174699167222528e-08,0.007538725285323249
k_io,1,3,15,16,17,89615.05019466049,6.2962652107424715,12.0,36.0,5500.0,-0.000457837476209093,2.3642928509725944e-09,3.131551497997491e-08,0.011279207628101324
k_io,1,3,15,16,17,89615.05019466049,6.2962652107424715,12.0,36.0,6000.0,-0.00039203780520964595,2.4290559713899396e-09,3.1328587560779916e-08,0.015804531404890174
k_io,1,3,15,16,17,89615.05019466049,6.2962652107424715,12.0,36.0,6500.0,-0.0003446612179038959,2.4707094671525e-09,3.220928242537335e-08,0.020798731225105796
k_io,1,3,15,16,17,89615.05019466049,6.2962652107424715,12.0,36.0,7000.0,-0.00031056838303634114,2.498370526517158e-09,3.4060366361884986e-08,0.025902540773168108
k_io,1,3,15,16,17,89615.05019466049,6.2962652107424715,12.0,36.0,7500.0,-0.00028574651694801643,2.5198550260882827e-09,3.649555868333871e-08,0.030861260801272068
k_io,1,3,15,16,17,89615.05019466049,6.2962652107424715,12.0,36.0,8000.0,-0.0002669517725488145,2.536224983560787e-09,3.889541014117443e-08,0.035589522283720615
k_io,1,3,15,16,17,89615.05019466049,6.2962652107424715,12.0,36.0,8500.0,-0.00025160198669240807,2.540893185837141e-09,4.0731331905108635e-08,0.04013823547324824
k_io,1,3,15,16,17,89615.05019466049,6.2962652107424715,12.0,36.0,9000.0,-0.0002377679294092083,2.5236517235616837e-09,4.1710126125484716e-08,0.04463986457315096
k_io,1,3,15,16,17,89615.05019466049,6.2962652107424715,12.0,36.0,9500.0,-0.00022413905430629486,2.477659167622981e-09,4.174452459079971e-08,0.0493181177515735
k_io,1,3,15,16,17,89615.05019466049,6.2962652107424715,12.0,36.0,10000.0,-0.00020992579989250718,2.4053597176074207e-09,4.087829971059663e-08,0.05458186868295404
k_io,1,3,15,16,17,89615.05019466049,6.2962652107424715,12.0,36.0,10500.0,-0.0001947321678306261,2.3190623544544354e-09,3.9252490877497186e-08,0.061155712285911275
k_io,1,3,15,16,17,89615.05019466049,6.2962652107424715,12.0,36.0,11000.0,-0.000178451619532773,2.2350937570636583e-09,3.71075176757385e-08,0.07018668942473365
k_io,1,3,15,16,17,89615.05019466049,6.2962652107424715,12.0,36.0,11500.0,-0.00016121340815191407,2.1647611761596918e-09,3.477136444272104e-08,0.08329284029364785
k_io,1,3,15,16,17,89615.05019466049,6.2962652107424715,12.0,36.0,12000.0,-0.00014336674862819483,2.107992835755106e-09,3.260260943455934e-08,0.10255864121627252
k_io,1,3,15,16,17,89615.05019466049,6.2962652107424715,15.0,40.0,0.0,0.0,0.0,0.0,
k_io,1,3,15,16,17,89615.05019466049,6.2962652107424715,15.0,40.0,500.0,-0.003615404412285056,5.65169695032332e-10,3.788557786246262e-08,4.323795040888099e-05
k_io,1,3,15,16,17,89615.05019466049,6.2962652107424715,15.0,40.0,1000.0,-0.003967668644689906,1.04185715407854e-09,5.456163365963045e-08,6.61816190539243e-05
k_io,1,3,15,16,17,89615.05019466049,6.2962652107424715,15.0,40.0,1500.0,-0.003435443673246802,1.4374457265014305e-09,6.324933251001267e-08,0.00012179397123240238
k_io,1,3,15,16,17,89615.05019466049,6.2962652107424715,15.0,40.0,2000.0,-0.002768599093878124,1.7388009012812607e-09,6.500883569634218e-08,0.00022684526146316336
k_io,1,3,15,16,17,89615.05019466049,6.2962652107424715,15.0,40.0,2500.0,-0.002183619513427333,1.9321296784297604e-09,6.221703645623235e-08,0.0004052120374561866
k_io,1,3,15,16,17,89615.05019466049,6.2962652107424715,15.0,40.0,3000.0,-0.0017206816089368783,2.0800747451505934e-09,5.823440438882922e-08,0.0007025510826189199
k_io,1,3,15,16,17,89615.05019466049,6.2962652107424715,15.0,40.0,3500.0,-0.0013663813967811998,2.2124159055493848e-09,5.523902391154821e-08,0.0011850123897327342
k_io,1,3,15,16,17,89615.05019466049,6.2962652107424715,15.0,40.0,4000.0,-0.0010963921255200404,2.276759208955144e-09,5.409666851138851e-08,0.0018940231654281452
k_io,1,3,15,16,17,89615.05019466049,6.2962652107424715,15.0,40.0,4500.0,-0.0008891376677158834,2.242495737706944e-09,5.419495582582949e-08,0.0028365706687166394
k_io,1,3,15,16,17,89615.05019466049,6.2962652107424715,15.0,40.0,5000.0,-0.0007287584944385113,2.141173024756981e-09,5.387396536152553e-08,0.004031665603486287
k_io,1,3,15,16,17,89615.05019466049,6.2962652107424715,15.0,40.0,5500.0,-0.0006043217290849431,2.021324328828225e-09,5.185448928286287e-08,0.005534770060923382
k_io,1,3,15,16,17,89615.05019466049,6.2962652107424715,15.0,40.0,6000.0,-0.0005081218212123024,1.9141487128230656e-09,4.829536120807202e-08,0.00741378493718758
k_io,1,3,15,16,17,89615.05019466049,6.2962652107424715,15.0,40.0,6500.0,-0.0004342575391181481,1.836367495665531e-09,4.4456741235346006e-08,0.009737889970870507
k_io,1,3,15,16,17,89615.05019466049,6.2962652107424715,15.0,40.0,7000.0,-0.0003778333513782036,1.7975528191408571e-09,4.154447212624854e-08,0.012591604657364962
k_io,1,3,15,16,17,89615.05019466049,6.2962652107424715,15.0,40.0,7500.0,-0.00033468322334901084,1.7957188592902794e-09,3.990858257837987e-08,0.016031363358010954
k_io,1,3,15,16,17,89615.05019466049,6.2962652107424715,15.0,40.0,8000.0,-0.0003013532030795847,1.8126540077130257e-09,3.909436014307132e-08,0.019960126607549956
k_io,1,3,15,16,17,89615.05019466049,6.2962652107424715,15.0,40.0,8500.0,-0.00027511785101094755,1.820692445999608e-09,3.8406996595803326e-08,0.024054650396442334
k_io,1,3,15,16,17,89615.05019466049,6.2962652107424715,15.0,40.0,9000.0,-0.0002539264462507367,1.7976479345394055e-09,3.741570317211229e-08,0.02787974330099556
k_io,1,3,15,16,17,89615.05019466049,6.2962652107424715,15.0,40.0,9500.0,-0.0002362803486424174,1.738690656158136e-09,3.610146484370243e-08,0.031143478192344223
k_io,1,3,15,16,17,89615.05019466049,6.2962652107424715,15.0,40.0,10000.0,-0.00022109010869502538,1.6576493866290967e-09,3.470945257436243e-08,0.03391205054489977
k_io,1,3,15,16,17,89615.05019466049,6.2962652107424715,15.0,40.0,10500.0,-0.00020755628031051462,1.5788092682049615e-09,3.352323075490517e-08,0.036648643909810937
k_io,1,3,15,16,17,89615.05019466049,6.2962652107424715,15.0,40.0,11000.0,-0.00019509013560734196,1.5257780701065334e-09,3.2725839483668535e-08,0.0400885868468578
k_io,1,3,15,16,17,89615.05019466049,6.2962652107424715,15.0,40.0,11500.0,-0.00018326588102819414,1.513564435901683e-09,3.238280247085255e-08,0.04506482371695732
k_io,1,3,15,16,17,89615.05019466049,6.2962652107424715,15.0,40.0,12000.0,-0.00017178668446413484,1.5458553172083557e-09,3.2492199939260996e-08,0.05238293746842423
k_io,1,3,15,16,17,89615.05019466049,6.2962652107424715,20.0,50.0,0.0,0.0,0.0,0.0,
k_io,1,3,15,16,17,89615.05019466049,6.2962652107424715,20.0,50.0,500.0,-0.004024290782422696,6.234333545703416e-10,3.437969348170829e-08,3.8495620660472056e-05
k_io,1,3,15,16,17,89615.05019466049,6.2962652107424715,20.0,50.0,1000.0,-0.004583893165410122,1.1728966944403588e-09,5.5702813954272264e-08,5.5820122849050645e-05
k_io,1,3,15,16,17,89615.05019466049,6.2962652107424715,20.0,50.0,1500.0,-0.004117644554560457,1.6475436191460575e-09,5.949267530646604e-08,9.71715683856694e-05
k_io,1,3,15,16,17,89615.05019466049,6.2962652107424715,20.0,50.0,2000.0,-0.0034334284005592755,1.9141499515304004e-09,5.231637691574262e-08,0.00016237529993950043
k_io,1,3,15,16,17,89615.05019466049,6.2962652107424715,20.0,50.0,2500.0,-0.0027881620654891005,2.0358217401870814e-09,4.3352212650616156e-08,0.0002618808366014412
k_io,1,3,15,16,17,89615.05019466049,6.2962652107424715,20.0,50.0,3000.0,-0.0022490860426345287,2.061720835165535e-09,3.752131885859389e-08,0.00040758455541371253
k_io,1,3,15,16,17,89615.05019466049,6.2962652107424715,20.0,50.0,3500.0,-0.0018191358774850563,2.0125182756269676e-09,3.442841649273113e-08,0.000608148380344937
k_io,1,3,15,16,17,89615.05019466049,6.2962652107424715,20.0,50.0,4000.0,-0.001481790699871097,1.9533087054623254e-09,3.186777545935563e-08,0.0008896048792165984
k_io,1,3,15,16,17,89615.05019466049,6.2962652107424715,20.0,50.0,4500.0,-0.0012175796423542686,1.956302051490653e-09,2.8901814101925963e-08,0.0013195964969563362
k_io,1,3,15,16,17,89615.05019466049,6.2962652107424715,20.0,50.0,5000.0,-0.0010098851686658732,2.0254959950350213e-09,2.613765816739992e-08,0.001986037298949365
k_io,1,3,15,16,17,89615.05019466049,6.2962652107424715,20.0,50.0,5500.0,-0.0008462034855135237,2.0963099682541123e-09,2.43511792100105e-08,0.0029275605062673554
k_io,1,3,15,16,17,89615.05019466049,6.2962652107424715,20.0,50.0,6000.0,-0.0007174547240090265,2.1058952312928916e-09,2.3614509734789745e-08,0.0040911722238208366
k_io,1,3,15,16,17,89615.05019466049,6.2962652107424715,20.0,50.0,6500.0,-0.000616756978134265,2.0485147882394123e-09,2.35375477166775e-08,0.0053853131197795995
k_io,1,3,15,16,17,89615.05019466049,6.2962652107424715,20.0,50.0,7000.0,-0.0005384350085895538,1.9675602568752666e-09,2.380433572937493e-08,0.0067867439177156045
k_io,1,3,15,16,17,89615.05019466049,6.2962652107424715,20.0,50.0,7500.0,-0.0004775218692214876,1.9123691369068842e-09,2.432595168306021e-08,0.008386585798232071
k_io,1,3,15,16,17,89615.05019466049,6.2962652107424715,20.0,50.0,8000.0,-0.00042966271781835286,1.9092631955654073e-09,2.5075823277331566e-08,0.010342141093425385
k_io,1,3,15,16,17,89615.05019466049,6.2962652107424715,20.0,50.0,8500.0,-0.0003911923761170319,1.961991446982097e-09,2.594339820770278e-08,0.012820836009641816
k_io,1,3,15,16,17,89615.05019466049,6.2962652107424715,20.0,50.0,9000.0,-0.0003591917223562881,2.0637467332103137e-09,2.6759451091130405e-08,0.015995718749558546
k_io,1,3,15,16,17,89615.05019466049,6.2962652107424715,20.0,50.0,9500.0,-0.00033143962957403765,2.2024269765993575e-09,2.7431190958216514e-08,0.020048996871991485
k_io,1,3,15,16,17,89615.05019466049,6.2962652107424715,20.0,50.0,10000.0,-0.0003062803171780758,2.3586588847329395e-09,2.805130595612165e-08,0.025143571126134027
k_io,1,3,15,16,17,89615.05019466049,6.2962652107424715,20.0,50.0,10500.0,-0.0002824751017319084,2.505875207767017e-09,2.8883960355969186e-08,0.03140502127476735
k_io,1,3,15,16,17,89615.05019466049,6.2962652107424715,20.0,50.0,11000.0,-0.0002591004868785485,2.616886206679963e-09,3.022547059515773e-08,0.038980587463126076
k_io,1,3,15,16,17,89615.05019466049,6.2962652107424715,20.0,50.0,11500.0,-0.00023551554764499462,2.67289737084961e-09,3.2227146638704573e-08,0.04818846791897975
k_io,1,3,15,16,17,89615.05019466049,6.2962652107424715,20.0,50.0,12000.0,-0.00021138024005229027,2.6689632557350562e-09,3.4791476577924945e-08,0.05973293042847196
k_io,1,3,15,16,17,89615.05019466049,6.2962652107424715,25.0,60.0,0.0,0.0,0.0,0.0,
k_io,1,3,15,16,17,89615.05019466049,6.2962652107424715,25.0,60.0,500.0,-0.004360395463588296,9.210862019827583e-10,3.265869766798628e-08,4.844495069754092e-05
k_io,1,3,15,16,17,89615.05019466049,6.2962652107424715,25.0,60.0,1000.0,-0.005069029595371796,1.4623796832294462e-09,5.32904743460055e-08,5.691287057165495e-05
k_io,1,3,15,16,17,89615.05019466049,6.2962652107424715,25.0,60.0,1500.0,-0.00463398309870032,2.023201231013551e-09,6.069809245886041e-08,9.421719916377104e-05
k_io,1,3,15,16,17,89615.05019466049,6.2962652107424715,25.0,60.0,2000.0,-0.003934408718158276,2.4650713212853296e-09,5.700641244211443e-08,0.00015924673675817187
k_io,1,3,15,16,17,89615.05019466049,6.2962652107424715,25.0,60.0,2500.0,-0.003260704229631879,2.7432445586873795e-09,4.807872856625178e-08,0.00025801307386252083
k_io,1,3,15,16,17,89615.05019466049,6.2962652107424715,25.0,60.0,3000.0,-0.002688547078639504,2.932681829272438e-09,4.010418912802846e-08,0.0004057230268857428
k_io,1,3,15,16,17,89615.05019466049,6.2962652107424715,25.0,60.0,3500.0,-0.002222393432201566,3.0306032602099656e-09,3.6511281236877563e-08,0.0006136026071495371
k_io,1,3,15,16,17,89615.05019466049,6.2962652107424715,25.0,60.0,4000.0,-0.0018484989156965954,2.9939108478434995e-09,3.750091234045862e-08,0.0008761943805964285
k_io,1,3,15,16,17,89615.05019466049,6.2962652107424715,25.0,60.0,4500.0,-0.001551137867909903,2.858701779746357e-09,4.0882046783417414e-08,0.0011881411876985138
k_io,1,3,15,16,17,89615.05019466049,6.2962652107424715,25.0,60.0,5000.0,-0.0013158655816786751,2.7410532522314115e-09,4.397532862061478e-08,0.001583049219486571
k_io,1,3,15,16,17,89615.05019466049,6.2962652107424715,25.0,60.0,5500.0,-0.001129829894497527,2.7488772453971155e-09,4.5299286749208496e-08,0.0021534223834428637
k_io,1,3,15,16,17,89615.05019466049,6.2962652107424715,25.0,60.0,6000.0,-0.0009820015604993272,2.9166266515162517e-09,4.485008546730842e-08,0.0030245201632407236
k_io,1,3,15,16,17,89615.05019466049,6.2962652107424715,25.0,60.0,6500.0,-0.0008633959902141827,3.201571954362044e-09,4.3429251723441485e-08,0.004294802647548117
k_io,1,3,15,16,17,89615.05019466049,6.2962652107424715,25.0,60.0,7000.0,-0.0007669816830538296,3.5195734454958807e-09,4.196796898552864e-08,0.0059830143949593136
k_io,1,3,15,16,17,89615.05019466049,6.2962652107424715,25.0,60.0,7500.0,-0.0006873167862834224,3.789173582175218e-09,4.113680101770425e-08,0.008021038468866835
k_io,1,3,15,16,17,89615.05019466049,6.2962652107424715,25.0,60.0,8000.0,-0.0006201518634215411,3.962191999093123e-09,4.115659421680189e-08,0.010302423791487594
k_io,1,3,15,16,17,89615.05019466049,6.2962652107424715,25.0,60.0,8500.0,-0.0005621628381679818,4.032236358600052e-09,4.17994369063819e-08,0.012759149174641016
k_io,1,3,15,16,17,89615.05019466049,6.2962652107424715,25.0,60.0,9000.0,-0.0005108202522157413,4.024735681641204e-09,4.2579732577106426e-08,0.015424146788440039
k_io,1,3,15,16,17,89615.05019466049,6.2962652107424715,25.0,60.0,9500.0,-0.0004643142429768261,3.9781490658372725e-09,4.301627274359941e-08,0.018452577611481752
k_io,1,3,15,16,17,89615.05019466049,6.2962652107424715,25.0,60.0,10000.0,-0.0004214637609625924,3.9256459071095375e-09,4.281295751498292e-08,0.022099917228879096
k_io,1,3,15,16,17,89615.05019466049,6.2962652107424715,25.0,60.0,10500.0,-0.0003815904700027223,3.884056751420227e-09,4.190480791771112e-08,0.026674146193335867
k_io,1,3,15,16,17,89615.05019466049,6.2962652107424715,25.0,60.0,11000.0,-0.00034437770393901243,3.85302132710657e-09,4.041833755996306e-08,0.03248862719320553
k_io,1,3,15,16,17,89615.05019466049,6.2962652107424715,25.0,60.0,11500.0,-0.0003097426502634351,3.82192307116852e-09,3.861066128190005e-08,0.039836385020054724
k_io,1,3,15,16,17,89615.05019466049,6.2962652107424715,25.0,60.0,12000.0,-0.0002777356988366759,3.778899131350128e-09,3.680719412821037e-08,0.04898937384914908
k_io,1,3,15,16,17,89615.05019466049,6.2962652107424715,30.0,80.0,0.0,0.0,0.0,0.0,
k_io,1,3,15,16,17,89615.05019466049,6.2962652107424715,30.0,80.0,500.0,-0.004692141270719957,1.3140085484797078e-09,2.835489052031243e-08,5.9683740289423815e-05
k_io,1,3,15,16,17,89615.05019466049,6.2962652107424715,30.0,80.0,1000.0,-0.005505223332387579,2.5456993486009177e-09,3.65890253927164e-08,8.399573365065977e-05
k_io,1,3,15,16,17,89615.05019466049,6.2962652107424715,30.0,80.0,1500.0,-0.005094931687562185,3.037332665382317e-09,4.22737802718771e-08,0.00011700801992974422
k_io,1,3,15,16,17,89615.05019466049,6.2962652107424715,30.0,80.0,2000.0,-0.004399723032480936,3.056089042626046e-09,4.391017262080611e-08,0.00015787571400980078
k_io,1,3,15,16,17,89615.05019466049,6.2962652107424715,30.0,80.0,2500.0,-0.003723778331784257,2.9201784383238664e-09,4.2444139879775596e-08,0.00021059194172945108
k_io,1,3,15,16,17,89615.05019466049,6.2962652107424715,30.0,80.0,3000.0,-0.0031402085482885485,2.683074257282425e-09,4.0994241145984266e-08,0.00027209196023825964
k_io,1,3,15,16,17,89615.05019466049,6.2962652107424715,30.0,80.0,3500.0,-0.00265040382199885,2.4540342761506684e-09,4.019749411038261e-08,0.00034934660417355727
k_io,1,3,15,16,17,89615.05019466049,6.2962652107424715,30.0,80.0,4000.0,-0.0022420087657618742,2.4191780699194303e-09,3.966262702526889e-08,0.00048127491325018946
k_io,1,3,15,16,17,89615.05019466049,6.2962652107424715,30.0,80.0,4500.0,-0.0019039433031648526,2.642627236227023e-09,3.947816623102123e-08,0.0007290005964447551
k_io,1,3,15,16,17,89615.05019466049,6.2962652107424715,30.0,80.0,5000.0,-0.0016268143346782372,2.998333669353574e-09,3.9996036351282716e-08,0.0011329323569040108
k_io,1,3,15,16,17,89615.05019466049,6.2962652107424715,30.0,80.0,5500.0,-0.0014013034221248884,3.2925430736840066e-09,4.1370244581287085e-08,0.0016767453089959082
k_io,1,3,15,16,17,89615.05019466049,6.2962652107424715,30.0,80.0,6000.0,-0.0012180217680355255,3.4071890572105766e-09,4.3555337039953565e-08,0.002296604082069459
k_io,1,3,15,16,17,89615.05019466049,6.2962652107424715,30.0,80.0,6500.0,-0.0010683590760424315,3.346867841730558e-09,4.643015964372841e-08,0.00293227080243075
k_io,1,3,15,16,17,89615.05019466049,6.2962652107424715,30.0,80.0,7000.0,-0.0009452111884540341,3.1989175340653817e-09,4.9767697601052686e-08,0.0035805136765742597
k_io,1,3,15,16,17,89615.05019466049,6.2962652107424715,30.0,80.0,7500.0,-0.0008431218718300904,3.0627089913496783e-09,5.318991937022824e-08,0.004308489333847574
k_io,1,3,15,16,17,89615.05019466049,6.2962652107424715,30.0,80.0,8000.0,-0.0007579924154544927,2.9956209904477455e-09,5.628921010355561e-08,0.0052138333409247365
k_io,1,3,15,16,17,89615.05019466049,6.2962652107424715,30.0,80.0,8500.0,-0.0006866874320988481,3.000198173657501e-09,5.8832052395575845e-08,0.006362557856397065
k_io,1,3,15,16,17,89615.05019466049,6.2962652107424715,30.0,80.0,9000.0,-0.0006267352183580962,3.0487414759535006e-09,6.08249561939486e-08,0.007761620411049078
k_io,1,3,15,16,17,89615.05019466049,6.2962652107424715,30.0,80.0,9500.0,-0.0005761433504963176,3.1190932368165977e-09,6.237281200902121e-08,0.009396524473792765
k_io,1,3,15,16,17,89615.05019466049,6.2962652107424715,30.0,80.0,10000.0,-0.0005332680939645544,3.2139342026058443e-09,6.347386790517319e-08,0.011301752208852498
k_io,1,3,15,16,17,89615.05019466049,6.2962652107424715,30.0,80.0,10500.0,-0.0004966929433954815,3.354553363857646e-09,6.393560148888978e-08,0.013597489279865005
k_io,1,3,15,16,17,89615.05019466049,6.2962652107424715,30.0,80.0,11000.0,-0.0004651231779544307,3.5601175853162053e-09,6.346350279490255e-08,0.016456155359297057
k_io,1,3,15,16,17,89615.05019466049,6.2962652107424715,30.0,80.0,11500.0,-0.00043733245171272226,3.830308693566314e-09,6.183240905730115e-08,0.020026744932981854
k_io,1,3,15,16,17,89615.05019466049,6.2962652107424715,30.0,80.0,12000.0,-0.0004121862784092654,4.141688668175483e-09,5.901678632783471e-08,0.02437756872790546
k_io,1,4,18,19,20,100000.0,6.2962652107424715,5.0,15.0,0.0,0.0,0.0,0.0,
k_io,1,4,18,19,20,100000.0,6.2962652107424715,5.0,15.0,500.0,-0.001982671211464143,4.767482877849733e-10,6.003252285892471e-08,0.00012127959574580923
k_io,1,4,18,19,20,100000.0,6.2962652107424715,5.0,15.0,1000.0,-0.00186522956017722,6.344858123476826e-10,5.386201650556327e-08,0.00018237165372658664
k_io,1,4,18,19,20,100000.0,6.2962652107424715,5.0,15.0,1500.0,-0.0014183865595112158,6.789597698016006e-10,3.9785518983191695e-08,0.0003374852740005412
k_io,1,4,18,19,20,100000.0,6.2962652107424715,5.0,15.0,2000.0,-0.0010417020504023718,7.107007891161621e-10,3.45464834476792e-08,0.0006549373521638238
k_io,1,4,18,19,20,100000.0,6.2962652107424715,5.0,15.0,2500.0,-0.0007820636336496965,7.228174049620586e-10,3.2030727849788206e-08,0.0011818011782771505
k_io,1,4,18,19,20,100000.0,6.2962652107424715,5.0,15.0,3000.0,-0.0006115128786612755,7.503416535666297e-10,2.920391608922513e-08,0.0020065400858525874
k_io,1,4,18,19,20,100000.0,6.2962652107424715,5.0,15.0,3500.0,-0.0004969322577982197,8.034172561369941e-10,2.624917774014009e-08,0.0032534697765249565
k_io,1,4,18,19,20,100000.0,6.2962652107424715,5.0,15.0,4000.0,-0.00041504097151055536,8.683624066948703e-10,2.4929456627370087e-08,0.005041027558520549
k_io,1,4,18,19,20,100000.0,6.2962652107424715,5.0,15.0,4500.0,-0.0003526334628107834,9.315048579109914e-10,2.6158556151853255e-08,0.007490970389618323
k_io,1,4,18,19,20,100000.0,6.2962652107424715,5.0,15.0,5000.0,-0.00030308249580048583,9.735914949259581e-10,2.9246093594110956e-08,0.010598760086242344
k_io,1,4,18,19,20,100000.0,6.2962652107424715,5.0,15.0,5500.0,-0.00026298697773924394,9.729095027049442e-10,3.275247678675832e-08,0.014067079988522002
k_io,1,4,18,19,20,100000.0,6.2962652107424715,5.0,15.0,6000.0,-0.000230148859047671,9.280657619972129e-10,3.542146424177785e-08,0.017521089117818685
k_io,1,4,18,19,20,100000.0,6.2962652107424715,5.0,15.0,6500.0,-0.0002027454612166927,8.679337650283856e-10,3.6567071246212234e-08,0.021114670217931827
k_io,1,4,18,19,20,100000.0,6.2962652107424715,5.0,15.0,7000.0,-0.00017917704404330674,8.339209587306629e-10,3.6110280046576966e-08,0.025975274982255877
k_io,1,4,18,19,20,100000.0,6.2962652107424715,5.0,15.0,7500.0,-0.00015816935864731464,8.534292204813979e-10,3.448036117987958e-08,0.034113226771842996
k_io,1,4,18,19,20,100000.0,6.2962652107424715,5.0,15.0,8000.0,-0.00013890066244913912,9.273546948352211e-10,3.243072554588436e-08,0.04806591797433137
k_io,1,4,18,19,20,100000.0,6.2962652107424715,5.0,15.0,8500.0,-0.00012104570142475613,1.035650183577541e-09,3.079570084236937e-08,0.07068289742102644
k_io,1,4,18,19,20,100000.0,6.2962652107424715,5.0,15.0,9000.0,-0.00010469736025120946,1.1506728174568062e-09,3.024019573775235e-08,0.1049736722038349
k_io,1,4,18,19,20,100000.0,6.2962652107424715,5.0,15.0,9500.0,-9.018095474441269e-05,1.2482190588895448e-09,3.105729980368657e-08,0.15348330829981602
k_io,1,4,18,19,20,100000.0,6.2962652107424715,5.0,15.0,10000.0,-7.782249905990003e-05,1.312894489742313e-09,3.306997381057097e-08,0.21678013370070187
k_io,1,4,18,19,20,100000.0,6.2962652107424715,5.0,15.0,10500.0,-6.775262027220786e-05,1.3391002624485778e-09,3.568569144941629e-08,0.29171643903170497
k_io,1,4,18,19,20,100000.0,6.2962652107424715,5.0,15.0,11000.0,-5.981093314974572e-05,1.3294981445126995e-09,3.810430471230878e-08,0.3716435323026651
k_io,1,4,18,19,20,100000.0,6.2962652107424715,5.0,15.0,11500.0,-5.3571489585793435e-05,1.2918369760460938e-09,3.960265940785818e-08,0.4501323920876867
k_io,1,4,18,19,20,100000.0,6.2962652107424715,5.0,15.0,12000.0,-4.846203106881038e-05,1.234971999174383e-09,3.977298409050489e-08,0.5258403247220184
k_io,1,4,18,19,20,100000.0,6.2962652107424715,7.0,25.0,0.0,0.0,0.0,0.0,
k_io,1,4,18,19,20,100000.0,6.2962652107424715,7.0,25.0,500.0,-0.00281660734358552,4.0938979279240713e-10,7.552675226639974e-08,5.1604122295365006e-05
k_io,1,4,18,19,20,100000.0,6.2962652107424715,7.0,25.0,1000.0,-0.002834621236915774,5.902512917890972e-10,1.0235284997428259e-07,7.345931481289688e-05
k_io,1,4,18,19,20,100000.0,6.2962652107424715,7.0,25.0,1500.0,-0.0022634143813424767,7.972816268075613e-10,9.158554215575881e-08,0.00015562652279279264
k_io,1,4,18,19,20,100000.0,6.2962652107424715,7.0,25.0,2000.0,-0.00170333563324062,1.0278624501660724e-09,7.561893682448149e-08,0.0003542701303251665
k_io,1,4,18,19,20,100000.0,6.2962652107424715,7.0,25.0,2500.0,-0.0012750656810415276,1.2249973963749523e-09,6.15688938863794e-08,0.0007534770908212026
k_io,1,4,18,19,20,100000.0,6.2962652107424715,7.0,25.0,3000.0,-0.0009726942915537461,1.3478101065011604e-09,5.128549092363385e-08,0.001424544349125073
k_io,1,4,18,19,20,100000.0,6.2962652107424715,7.0,25.0,3500.0,-0.0007665900444245727,1.375248687769141e-09,4.514970518442013e-08,0.002340210316464301
k_io,1,4,18,19,20,100000.0,6.2962652107424715,7.0,25.0,4000.0,-0.0006286204600140276,1.3473395542573897e-09,4.14675101747552e-08,0.0034095733314535325
k_io,1,4,18,19,20,100000.0,6.2962652107424715,7.0,25.0,4500.0,-0.000536103253946393,1.3450297840987226e-09,3.821204595656747e-08,0.004679883208305342
k_io,1,4,18,19,20,100000.0,6.2962652107424715,7.0,25.0,5000.0,-0.00047171689506656303,1.4167257181939755e-09,3.4875826041982544e-08,0.0063668250351216074
k_io,1,4,18,19,20,100000.0,6.2962652107424715,7.0,25.0,5500.0,-0.000423189185430258,1.5453439207181086e-09,3.214716852472973e-08,0.008628911730437897
k_io,1,4,18,19,20,100000.0,6.2962652107424715,7.0,25.0,6000.0,-0.0003828265456968772,1.6756690058066375e-09,3.0661136247657395e-08,0.011433630350582098
k_io,1,4,18,19,20,100000.0,6.2962652107424715,7.0,25.0,6500.0,-0.0003466425139450049,1.758837188343057e-09,3.035675706096656e-08,0.014637334185040185
k_io,1,4,18,19,20,100000.0,6.2962652107424715,7.0,25.0,7000.0,-0.0003132097779147995,1.7798806168221488e-09,3.0669923097777296e-08,0.01814346579810307
k_io,1,4,18,19,20,100000.0,6.2962652107424715,7.0,25.0,7500.0,-0.00028251042989950155,1.7578938153438273e-09,3.110923131022709e-08,0.02202539299439373
k_io,1,4,18,19,20,100000.0,6.2962652107424715,7.0,25.0,8000.0,-0.00025499957082675273,1.7255077934251188e-09,3.167630448808445e-08,0.026536156887514463
k_io,1,4,18,19,20,100000.0,6.2962652107424715,7.0,25.0,8500.0,-0.0002309919762336942,1.7057185631397882e-09,3.282958763268549e-08,0.03196786164626788
k_io,1,4,18,19,20,100000.0,6.2962652107424715,7.0,25.0,9000.0,-0.00021039344314170705,1.7020435674973258e-09,3.5085113314026506e-08,0.03845087884074235
k_io,1,4,18,19,20,100000.0,6.2962652107424715,7.0,25.0,9500.0,-0.00019272376098883933,1.7042451598476723e-09,3.8595367139199e-08,0.04588402890321079
k_io,1,4,18,19,20,100000.0,6.2962652107424715,7.0,25.0,10000.0,-0.0001773191763529687,1.700416465620783e-09,4.2987265053831255e-08,0.05408089758860084
k_io,1,4,18,19,20,100000.0,6.2962652107424715,7.0,25.0,10500.0,-0.00016357856348521026,1.6853898155635952e-09,4.750500679702342e-08,0.06298651579462287
k_io,1,4,18,19,20,100000.0,6.2962652107424715,7.0,25.0,11000.0,-0.0001511409423680236,1.6621389683729047e-09,5.131424439204127e-08,0.07276174066688486
k_io,1,4,18,19,20,100000.0,6.2962652107424715,7.0,25.0,11500.0,-0.00013993962226540669,1.6388033185739808e-09,5.378496065639413e-08,0.08368457986750345
k_io,1,4,18,19,20,100000.0,6.2962652107424715,7.0,25.0,12000.0,-0.00013014068521936448,1.625207302029277e-09,5.4643956648528455e-08,0.09595830915323476
k_io,1,4,18,19,20,100000.0,6.2962652107424715,10.0,30.0,0.0,0.0,0.0,0.0,
k_io,1,4,18,19,20,100000.0,6.2962652107424715,10.0,30.0,500.0,-0.0032722008798607982,5.939290451189163e-10,6.720466839636694e-08,5.546955094918913e-05
k_io,1,4,18,19,20,100000.0,6.2962652107424715,10.0,30.0,1000.0,-0.0034050343664998595,8.972549747916608e-10,1.0075553672711377e-07,7.738786686797489e-05
k_io,1,4,18,19,20,100000.0,6.2962652107424715,10.0,30.0,1500.0,-0.0027786597247862477,1.1354744613168827e-09,1.006088805329262e-07,0.0001470640893933429
k_io,1,4,18,19,20,100000.0,6.2962652107424715,10.0,30.0,2000.0,-0.002118718883233922,1.412585891922369e-09,8.671699176665974e-08,0.0003146793104841338
k_io,1,4,18,19,20,100000.0,6.2962652107424715,10.0,30.0,2500.0,-0.0015938131121522071,1.7585222856843633e-09,7.020360314834182e-08,0.0006922661331155186
k_io,1,4,18,19,20,100000.0,6.2962652107424715,10.0,30.0,3000.0,-0.001207896037005829,2.0890232214136485e-09,5.5656393537650036e-08,0.001431805923540681
k_io,1,4,18,19,20,100000.0,6.2962652107424715,10.0,30.0,3500.0,-0.0009299490656334147,2.2844767878639226e-09,4.419926930651718e-08,0.0026416083263891233
k_io,1,4,18,19,20,100000.0,6.2962652107424715,10.0,30.0,4000.0,-0.0007299007947394603,2.3204126128332203e-09,3.622713019413238e-08,0.004355495249592223
k_io,1,4,18,19,20,100000.0,6.2962652107424715,10.0,30.0,4500.0,-0.000585095852362055,2.2707650426295855e-09,3.175098486359549e-08,0.006633124683772835
k_io,1,4,18,19,20,100000.0,6.2962652107424715,10.0,30.0,5000.0,-0.00047944120080150796,2.2146917462019345e-09,3.0247230798725355e-08,0.009634797300356487
k_io,1,4,18,19,20,100000.0,6.2962652107424715,10.0,30.0,5500.0,-0.00040147978201971694,2.162610089928822e-09,3.0989872181685424e-08,0.013416859303560184
k_io,1,4,18,19,20,100000.0,6.2962652107424715,10.0,30.0,6000.0,-0.00034281712896906203,2.0767465432319127e-09,3.3348635604894116e-08,0.017670891867467
k_io,1,4,18,19,20,100000.0,6.2962652107424715,10.0,30.0,6500.0,-0.0002971733609210708,1.9385094663851625e-09,3.6738517601235186e-08,0.02195068988357217
k_io,1,4,18,19,20,100000.0,6.2962652107424715,10.0,30.0,7000.0,-0.0002599762164815682,1.7810347400420109e-09,4.05011355157527e-08,0.026351488540164315
k_io,1,4,18,19,20,100000.0,6.2962652107424715,10.0,30.0,7500.0,-0.0002282233289481266,1.6677201037517047e-09,4.395763911188479e-08,0.032018655565913386
k_io,1,4,18,19,20,100000.0,6.2962652107424715,10.0,30.0,8000.0,-0.00020033255447556627,1.6499165169477658e-09,4.656496618919164e-08,0.04111108251442522
k_io,1,4,18,19,20,100000.0,6.2962652107424715,10.0,30.0,8500.0,-0.00017583858710728292,1.7391289710369935e-09,4.803196641049492e-08,0.05624752518790922
k_io,1,4,18,19,20,100000.0,6.2962652107424715,10.0,30.0,9000.0,-0.00015495934574574093,1.9067161693933618e-09,4.834749284033657e-08,0.07940548474889139
k_io,1,4,18,19,20,100000.0,6.2962652107424715,10.0,30.0,9500.0,-0.0001381463401215954,2.103759985696009e-09,4.7732145041986527e-08,0.11023447115235475
k_io,1,4,18,19,20,100000.0,6.2962652107424715,10.0,30.0,10000.0,-0.00012573046613590668,2.285086425418954e-09,4.65312222646003e-08,0.14455115929639867
k_io,1,4,18,19,20,100000.0,6.2962652107424715,10.0,30.0,10500.0,-0.00011771845830838403,2.4244209981106774e-09,4.508085393709373e-08,0.17495199747238036
k_io,1,4,18,19,20,100000.0,6.2962652107424715,10.0,30.0,11000.0,-0.00011373554028137347,2.516627074477227e-09,4.360077279004398e-08,0.19454786741613175
k_io,1,4,18,19,20,100000.0,6.2962652107424715,10.0,30.0,11500.0,-0.00011307507392376644,2.5707825398259e-09,4.215801002142672e-08,0.20106273272681005
k_io,1,4,18,19,20,100000.0,6.2962652107424715,10.0,30.0,12000.0,-0.0001148087507152765,2.6005876420700607e-09,4.070407622701787e-08,0.19729746809683635
k_io,1,4,18,19,20,100000.0,6.2962652107424715,12.0,36.0,0.0,0.0,0.0,0.0,
k_io,1,4,18,19,20,100000.0,6.2962652107424715,12.0,36.0,500.0,-0.0036545536541112977,5.391289133147479e-10,5.595562343558449e-08,4.0366764302400685e-05
k_io,1,4,18,19,20,100000.0,6.2962652107424715,12.0,36.0,1000.0,-0.003932933766774796,8.906747968382445e-10,9.270028252432771e-08,5.7581887681786106e-05
k_io,1,4,18,19,20,100000.0,6.2962652107424715,12.0,36.0,1500.0,-0.003309037473341117,1.1709242206783937e-09,1.0845508123405953e-07,0.00010693636533662024
k_io,1,4,18,19,20,100000.0,6.2962652107424715,12.0,36.0,2000.0,-0.002587462438868794,1.3690634926503043e-09,1.1085813643270261e-07,0.00020449160409145845
k_io,1,4,18,19,20,100000.0,6.2962652107424715,12.0,36.0,2500.0,-0.0019866949066149574,1.5971778839342333e-09,1.0524694283956277e-07,0.0004046606093677586
k_io,1,4,18,19,20,100000.0,6.2962652107424715,12.0,36.0,3000.0,-0.0015326852980784705,1.8636360470869643e-09,9.589246791853908e-08,0.0007933322677801579
k_io,1,4,18,19,20,100000.0,6.2962652107424715,12.0,36.0,3500.0,-0.001199319138279831,2.058282338054755e-09,8.623708983770998e-08,0.0014309861135340285
k_io,1,4,18,19,20,100000.0,6.2962652107424715,12.0,36.0,4000.0,-0.0009549172095113731,2.1168445296509674e-09,7.83099610779659e-08,0.0023214403143653676
k_io,1,4,18,19,20,100000.0,6.2962652107424715,12.0,36.0,4500.0,-0.0007745037009059116,2.0694390844545064e-09,7.217185414204897e-08,0.0034498932145034314
k_io,1,4,18,19,20,100000.0,6.2962652107424715,12.0,36.0,5000.0,-0.0006406731322146277,1.98185593804282e-09,6.675870697844404e-08,0.004828353506621917
k_io,1,4,18,19,20,100000.0,6.2962652107424715,12.0,36.0,5500.0,-0.0005415664610317426,1.9114178668366573e-09,6.107299057907639e-08,0.006517066004549424
k_io,1,4,18,19,20,100000.0,6.2962652107424715,12.0,36.0,6000.0,-0.00046879621086414,1.892394168361203e-09,5.4799767181159704e-08,0.008610798282845705
k_io,1,4,18,19,20,100000.0,6.2962652107424715,12.0,36.0,6500.0,-0.0004160025135004808,1.925592428152486e-09,4.837330547595942e-08,0.011126855811071604
k_io,1,4,18,19,20,100000.0,6.2962652107424715,12.0,36.0,7000.0,-0.0003780119199716086,1.9782793614458323e-09,4.265987927574502e-08,0.013844479437673524
k_io,1,4,18,19,20,100000.0,6.2962652107424715,12.0,36.0,7500.0,-0.0003504180191108465,2.004322529858776e-09,3.8437411565349736e-08,0.01632280332245336
k_io,1,4,18,19,20,100000.0,6.2962652107424715,12.0,36.0,8000.0,-0.0003294237581312402,1.9716083899366136e-09,3.597830708457691e-08,0.018168154849468605
k_io,1,4,18,19,20,100000.0,6.2962652107424715,12.0,36.0,8500.0,-0.0003118326638421394,1.877047968878067e-09,3.496970014307452e-08,0.019303326743770333
k_io,1,4,18,19,20,100000.0,6.2962652107424715,12.0,36.0,9000.0,-0.00029510959163317626,1.7431539928503278e-09,3.4754390089086703e-08,0.020015622649110387
k_io,1,4,18,19,20,100000.0,6.2962652107424715,12.0,36.0,9500.0,-0.00027745147720252463,1.60371413054449e-09,3.468625921566428e-08,0.02083305080732027
k_io,1,4,18,19,20,100000.0,6.2962652107424715,12.0,36.0,10000.0,-0.0002578239460379666,1.4887463625551148e-09,3.438287416395074e-08,0.02239619350855721
k_io,1,4,18,19,20,100000.0,6.2962652107424715,12.0,36.0,10500.0,-0.0002359363457663311,1.4147860159256167e-09,3.377774887608194e-08,0.025415640633820378
k_io,1,4,18,19,20,100000.0,6.2962652107424715,12.0,36.0,11000.0,-0.00021214630275221877,1.3823440531710234e-09,3.3012740202505403e-08,0.030714624752289525
k_io,1,4,18,19,20,100000.0,6.2962652107424715,12.0,36.0,11500.0,-0.00018730251137657572,1.3797414338428938e-09,3.2279438585492984e-08,0.039328782795149536
k_io,1,4,18,19,20,100000.0,6.2962652107424715,12.0,36.0,12000.0,-0.00016254779278681848,1.3908953832692882e-09,3.1701949541139514e-08,0.0526419916911305
k_io,1,4,18,19,20,100000.0,6.2962652107424715,15.0,40.0,0.0,0.0,0.0,0.0,
k_io,1,4,18,19,20,100000.0,6.2962652107424715,15.0,40.0,500.0,-0.0039002482053102916,5.749257248340279e-10,4.364346889212801e-08,3.7794382151751986e-05
k_io,1,4,18,19,20,100000.0,6.2962652107424715,15.0,40.0,1000.0,-0.004304599987569865,9.55629857796039e-10,6.779793656642746e-08,5.157320368244464e-05
k_io,1,4,18,19,20,100000.0,6.2962652107424715,15.0,40.0,1500.0,-0.003734160041790821,1.1552008999008829e-09,8.085577188129115e-08,8.284602275672835e-05
k_io,1,4,18,19,20,100000.0,6.2962652107424715,15.0,40.0,2000.0,-0.0030168993035568706,1.2115692355624131e-09,8.528328676246646e-08,0.0001331148807871763
k_io,1,4,18,19,20,100000.0,6.2962652107424715,15.0,40.0,2500.0,-0.002391657356751755,1.3063987166057219e-09,8.26006999806493e-08,0.00022839038932174994
k_io,1,4,18,19,20,100000.0,6.2962652107424715,15.0,40.0,3000.0,-0.0019009550287097873,1.4936993637021237e-09,7.700263471398629e-08,0.00041335149280600597
k_io,1,4,18,19,20,100000.0,6.2962652107424715,15.0,40.0,3500.0,-0.0015280964266649825,1.7222619981519772e-09,7.152467805000046e-08,0.0007375605824881811
k_io,1,4,18,19,20,100000.0,6.2962652107424715,15.0,40.0,4000.0,-0.0012441564171695695,1.9075241176663893e-09,6.666381646457494e-08,0.0012323102754034974
k_io,1,4,18,19,20,100000.0,6.2962652107424715,15.0,40.0,4500.0,-0.0010235866860165786,1.982060924072986e-09,6.217715229835687e-08,0.0018917674252265898
k_io,1,4,18,19,20,100000.0,6.2962652107424715,15.0,40.0,5000.0,-0.0008482516358335511,1.937675044356673e-09,5.8297562773765944e-08,0.0026929701172584437
k_io,1,4,18,19,20,100000.0,6.2962652107424715,15.0,40.0,5500.0,-0.0007068178911979403,1.8262026601457592e-09,5.5443885918055955e-08,0.0036553915462293135
k_io,1,4,18,19,20,100000.0,6.2962652107424715,15.0,40.0,6000.0,-0.0005925298764973197,1.7165361555642835e-09,5.3744492060939884e-08,0.004889139725647587
k_io,1,4,18,19,20,100000.0,6.2962652107424715,15.0,40.0,6500.0,-0.00050098302220105,1.6504778984860875e-09,5.296110268177881e-08,0.006576028646801467
k_io,1,4,18,19,20,100000.0,6.2962652107424715,15.0,40.0,7000.0,-0.0004286227218320911,1.6275351858880875e-09,5.263304936034087e-08,0.008858904230990203
k_io,1,4,18,19,20,100000.0,6.2962652107424715,15.0,40.0,7500.0,-0.0003720648921318316,1.6187012545618061e-09,5.226135117248067e-08,0.011693090717652057
k_io,1,4,18,19,20,100000.0,6.2962652107424715,15.0,40.0,8000.0,-0.00032799657784889557,1.5942550257277948e-09,5.145742465915093e-08,0.01481900926912357
k_io,1,4,18,19,20,100000.0,6.2962652107424715,15.0,40.0,8500.0,-0.000293343045491834,1.5476578368565494e-09,5.0013436566691914e-08,0.017985534884646784
k_io,1,4,18,19,20,100000.0,6.2962652107424715,15.0,40.0,9000.0,-0.00026546912731281345,1.5028575819285169e-09,4.7899698054203824e-08,0.02132503646092424
k_io,1,4,18,19,20,100000.0,6.2962652107424715,15.0,40.0,9500.0,-0.00024230259754326293,1.5032059715774486e-09,4.523043439632288e-08,0.025603677753162093
k_io,1,4,18,19,20,100000.0,6.2962652107424715,15.0,40.0,10000.0,-0.00022235826581639426,1.5903711479175113e-09,4.222524351987019e-08,0.03216562035075315
k_io,1,4,18,19,20,100000.0,6.2962652107424715,15.0,40.0,10500.0,-0.0002046855160160576,1.7848957913202406e-09,3.916678465079704e-08,0.04260284883948659
k_io,1,4,18,19,20,100000.0,6.2962652107424715,15.0,40.0,11000.0,-0.00018877102604426908,2.076770852635245e-09,3.6349615389647204e-08,0.058279780456520644
k_io,1,4,18,19,20,100000.0,6.2962652107424715,15.0,40.0,11500.0,-0.00017442172217148333,2.4283793185381437e-09,3.4025109044007974e-08,0.07982067297928833
k_io,1,4,18,19,20,100000.0,6.2962652107424715,15.0,40.0,12000.0,-0.00016164458950645218,2.7869287420578585e-09,3.2357656445718465e-08,0.10666047640974943
k_io,1,4,18,19,20,100000.0,6.2962652107424715,20.0,50.0,0.0,0.0,0.0,0.0,
k_io,1,4,18,19,20,100000.0,6.2962652107424715,20.0,50.0,500.0,-0.004358900564811502,8.810031607376381e-10,3.5628270153504777e-08,4.6368552914131445e-05
k_io,1,4,18,19,20,100000.0,6.2962652107424715,20.0,50.0,1000.0,-0.00501098535276831,1.6111074708950842e-09,4.711559968591986e-08,6.416205200768467e-05
k_io,1,4,18,19,20,100000.0,6.2962652107424715,20.0,50.0,1500.0,-0.004535782322600768,2.451892325169784e-09,5.813882683636819e-08,0.00011917824506972562
k_io,1,4,18,19,20,100000.0,6.2962652107424715,20.0,50.0,2000.0,-0.0038100048571012846,3.035424570172701e-09,6.49790787562927e-08,0.00020910691100836374
k_io,1,4,18,19,20,100000.0,6.2962652107424715,20.0,50.0,2500.0,-0.003115130886795117,3.2023939846634074e-09,6.32855931410498e-08,0.0003300062488247388
k_io,1,4,18,19,20,100000.0,6.2962652107424715,20.0,50.0,3000.0,-0.002526508381405425,3.024383766796978e-09,5.690339754719342e-08,0.00047380038768613355
k_io,1,4,18,19,20,100000.0,6.2962652107424715,20.0,50.0,3500.0,-0.0020498989847486868,2.697601556145932e-09,5.1376473669571926e-08,0.0006419672643383387
k_io,1,4,18,19,20,100000.0,6.2962652107424715,20.0,50.0,4000.0,-0.0016703406039036972,2.4356806343381964e-09,4.871595571511776e-08,0.0008729920049060134
k_io,1,4,18,19,20,100000.0,6.2962652107424715,20.0,50.0,4500.0,-0.0013695243975282278,2.3442884139166027e-09,4.762170727651781e-08,0.0012498891391080522
k_io,1,4,18,19,20,100000.0,6.2962652107424715,20.0,50.0,5000.0,-0.001131167557611966,2.3960870445812284e-09,4.6263055643647945e-08,0.0018726159114379154
k_io,1,4,18,19,20,100000.0,6.2962652107424715,20.0,50.0,5500.0,-0.0009418952323116021,2.498850685136648e-09,4.396878851478729e-08,0.0028166644285700956
k_io,1,4,18,19,20,100000.0,6.2962652107424715,20.0,50.0,6000.0,-0.0007908207780155056,2.5667554037398462e-09,4.1108795176898925e-08,0.004104198356515969
k_io,1,4,18,19,20,100000.0,6.2962652107424715,20.0,50.0,6500.0,-0.0006690560455187245,2.555136840349198e-09,3.832468790229037e-08,0.005708068354100217
k_io,1,4,18,19,20,100000.0,6.2962652107424715,20.0,50.0,7000.0,-0.0005694293249989069,2.4666812639826313e-09,3.603968642570889e-08,0.007607349634209716
k_io,1,4,18,19,20,100000.0,6.2962652107424715,20.0,50.0,7500.0,-0.00048632612577152474,2.3403101315994585e-09,3.436009493080639e-08,0.00989505496982556
k_io,1,4,18,19,20,100000.0,6.2962652107424715,20.0,50.0,8000.0,-0.0004155296175433884,2.22852426708629e-09,3.315862062310341e-08,0.012906646017300492
k_io,1,4,18,19,20,100000.0,6.2962652107424715,20.0,50.0,8500.0,-0.00035401215022029964,2.1720364944259454e-09,3.220574369547622e-08,0.017331285725510702
k_io,1,4,18,19,20,100000.0,6.2962652107424715,20.0,50.0,9000.0,-0.00029969553279531264,2.183495597413624e-09,3.1292776921320214e-08,0.02431038191389075
k_io,1,4,18,19,20,100000.0,6.2962652107424715,20.0,50.0,9500.0,-0.00025121955068822333,2.246858230678082e-09,3.0301574098585184e-08,0.03560154141123876
k_io,1,4,18,19,20,100000.0,6.2962652107424715,20.0,50.0,10000.0,-0.00020774724757961207,2.329697952202033e-09,2.9212589845152123e-08,0.05397952527139668
k_io,1,4,18,19,20,100000.0,6.2962652107424715,20.0,50.0,10500.0,-0.00016881491103779055,2.4000163325329823e-09,2.8090349663721423e-08,0.0842156080582328
k_io,1,4,18,19,20,100000.0,6.2962652107424715,20.0,50.0,11000.0,-0.00013421973901628923,2.4392545664981393e-09,2.7079763339824403e-08,0.13540177158782266
k_io,1,4,18,19,20,100000.0,6.2962652107424715,20.0,50.0,11500.0,-0.0001039328672918058,2.4471135727219377e-09,2.640064852321986e-08,0.22654177988993926
k_io,1,4,18,19,20,100000.0,6.2962652107424715,20.0,50.0,12000.0,-7.802706448190315e-05,2.4382134040598854e-09,2.630624847822556e-08,0.4004803187226757
k_io,1,4,18,19,20,100000.0,6.2962652107424715,25.0,60.0,0.0,0.0,0.0,0.0,
k_io,1,4,18,19,20,100000.0,6.2962652107424715,25.0,60.0,500.0,-0.004731801719469658,1.0475844006223678e-09,3.3547291914945084e-08,4.6788157946476515e-05
k_io,1,4,18,19,20,100000.0,6.2962652107424715,25.0,60.0,1000.0,-0.0055809883401337634,1.3846458168931243e-09,4.3046897608700625e-08,4.4454575513495236e-05
k_io,1,4,18,19,20,100000.0,6.2962652107424715,25.0,60.0,1500.0,-0.005176345293470955,1.8194006585787405e-09,5.0525374049919924e-08,6.790189116910302e-05
k_io,1,4,18,19,20,100000.0,6.2962652107424715,25.0,60.0,2000.0,-0.004453069098032433,2.4018516243096897e-09,5.632100844355376e-08,0.00012112319185724485
k_io,1,4,18,19,20,100000.0,6.2962652107424715,25.0,60.0,2500.0,-0.0037334411905420722,2.884139376489786e-09,5.641549120250212e-08,0.00020691768675410086
k_io,1,4,18,19,20,100000.0,6.2962652107424715,25.0,60.0,3000.0,-0.0031108600666671198,3.215476133374194e-09,5.202918437593118e-08,0.0003322648027760218
k_io,1,4,18,19,20,100000.0,6.2962652107424715,25.0,60.0,3500.0,-0.002596598846495903,3.3799408007693992e-09,4.59148782412913e-08,0.000501301927037908
k_io,1,4,18,19,20,100000.0,6.2962652107424715,25.0,60.0,4000.0,-0.002177629533495852,3.389837944095098e-09,3.9746462076329685e-08,0.0007148434478552069
k_io,1,4,18,19,20,100000.0,6.2962652107424715,25.0,60.0,4500.0,-0.0018374357637045164,3.2841748839818486e-09,3.413424246202714e-08,0.0009727515804306601
k_io,1,4,18,19,20,100000.0,6.2962652107424715,25.0,60.0,5000.0,-0.0015615833579777968,3.1017426838124784e-09,2.9444365525758336e-08,0.0012719657652379428
k_io,1,4,18,19,20,100000.0,6.2962652107424715,25.0,60.0,5500.0,-0.0013381015997646437,2.8868440703174157e-09,2.6013005314525447e-08,0.0016122973743802971
k_io,1,4,18,19,20,100000.0,6.2962652107424715,25.0,60.0,6000.0,-0.0011568839253222624,2.70025732282639e-09,2.38954891993946e-08,0.0020175559125011526
k_io,1,4,18,19,20,100000.0,6.2962652107424715,25.0,60.0,6500.0,-0.001009352469056357,2.604727693967913e-09,2.2809958956335528e-08,0.002556681495275805
k_io,1,4,18,19,20,100000.0,6.2962652107424715,25.0,60.0,7000.0,-0.0008884138513515433,2.6375982514267215e-09,2.2420210353911305e-08,0.0033417811433838944
k_io,1,4,18,19,20,100000.0,6.2962652107424715,25.0,60.0,7500.0,-0.0007884532691306376,2.793815201336559e-09,2.2638097130353538e-08,0.004494131331691044
k_io,1,4,18,19,20,100000.0,6.2962652107424715,25.0,60.0,8000.0,-0.0007052017125177739,3.028943187527963e-09,2.3648944753295114e-08,0.0060906607646728
k_io,1,4,18,19,20,100000.0,6.2962652107424715,25.0,60.0,8500.0,-0.0006354591961358859,3.2791737220142175e-09,2.5660036250242892e-08,0.008120618104023238
k_io,1,4,18,19,20,100000.0,6.2962652107424715,25.0,60.0,9000.0,-0.0005767497040092143,3.4882161899408855e-09,2.860418269658749e-08,0.010486453438104757
k_io,1,4,18,19,20,100000.0,6.2962652107424715,25.0,60.0,9500.0,-0.0005270065107449264,3.6272720286438756e-09,3.20330747897959e-08,0.01306015002068303
k_io,1,4,18,19,20,100000.0,6.2962652107424715,25.0,60.0,10000.0,-0.00048436165481700834,3.6980020497974426e-09,3.526524607733923e-08,0.015762592166316144
k_io,1,4,18,19,20,100000.0,6.2962652107424715,25.0,60.0,10500.0,-0.0004470677482623772,3.719281120071323e-09,3.767613515995223e-08,0.018608541017431042
k_io,1,4,18,19,20,100000.0,6.2962652107424715,25.0,60.0,11000.0,-0.00041353541905083877,3.709256626310239e-09,3.894983448656916e-08,0.021690095097504945
k_io,1,4,18,19,20,100000.0,6.2962652107424715,25.0,60.0,11500.0,-0.00038243887497664596,3.674982324799739e-09,3.9167008734714564e-08,0.025126453313036316
k_io,1,4,18,19,20,100000.0,6.2962652107424715,25.0,60.0,12000.0,-0.0003528309505709008,3.614009013375856e-09,3.87143565001788e-08,0.02903059131201417
k_io,1,4,18,19,20,100000.0,6.2962652107424715,30.0,80.0,0.0,0.0,0.0,0.0,
k_io,1,4,18,19,20,100000.0,6.2962652107424715,30.0,80.0,500.0,-0.005135902202193093,1.8179643527039322e-09,2.1205959840826394e-08,6.892104798875608e-05
k_io,1,4,18,19,20,100000.0,6.2962652107424715,30.0,80.0,1000.0,-0.006164593257331097,3.07878600917052e-09,2.6370640993687533e-08,8.10159726730412e-05
k_io,1,4,18,19,20,100000.0,6.2962652107424715,30.0,80.0,1500.0,-0.005818349252512803,3.4852034273871227e-09,3.098071663348144e-08,0.00010295052344535596
k_io,1,4,18,19,20,100000.0,6.2962652107424715,30.0,80.0,2000.0,-0.0050958330685591455,3.4244804873161555e-09,3.500966723341456e-08,0.00013187555805044152
k_io,1,4,18,19,20,100000.0,6.2962652107424715,30.0,80.0,2500.0,-0.0043511303107784186,3.2421754503780355e-09,3.648847510797979e-08,0.00017125069113596559
k_io,1,4,18,19,20,100000.0,6.2962652107424715,30.0,80.0,3000.0,-0.003695609094677768,3.2404369239095992e-09,3.752046419201488e-08,0.0002372638196799915
k_io,1,4,18,19,20,100000.0,6.2962652107424715,30.0,80.0,3500.0,-0.0031503964186326873,3.466780147707124e-09,3.935054976028008e-08,0.00034929783253715894
k_io,1,4,18,19,20,100000.0,6.2962652107424715,30.0,80.0,4000.0,-0.002705552614677212,3.742638743195869e-09,4.139665354985697e-08,0.000511288401507109
k_io,1,4,18,19,20,100000.0,6.2962652107424715,30.0,80.0,4500.0,-0.0023429558819598323,3.903297269003053e-09,4.275722383875261e-08,0.000711055346009369
k_io,1,4,18,19,20,100000.0,6.2962652107424715,30.0,80.0,5000.0,-0.002044780260157312,3.943544500565491e-09,4.3199704461087356e-08,0.0009431775569508751
k_io,1,4,18,19,20,100000.0,6.2962652107424715,30.0,80.0,5500.0,-0.0017962875331616317,3.971917576127337e-09,4.324985520130236e-08,0.0012309729682462682
k_io,1,4,18,19,20,100000.0,6.2962652107424715,30.0,80.0,6000.0,-0.0015863672392601204,4.098499174956192e-09,4.371152925969968e-08,0.001628611087102811
k_io,1,4,18,19,20,100000.0,6.2962652107424715,30.0,80.0,6500.0,-0.0014071318889333287,4.367086611111947e-09,4.503174578363092e-08,0.0022055768497200724
k_io,1,4,18,19,20,100000.0,6.2962652107424715,30.0,80.0,7000.0,-0.0012531148544283992,4.740116209269365e-09,4.69862463631195e-08,0.0030186115729125594
k_io,1,4,18,19,20,100000.0,6.2962652107424715,30.0,80.0,7500.0,-0.0011203933078573472,5.1135738127061974e-09,4.885809325230854e-08,0.004073648165980616
k_io,1,4,18,19,20,100000.0,6.2962652107424715,30.0,80.0,8000.0,-0.0010058660194134286,5.356015108851479e-09,4.986815847000591e-08,0.0052937267430532104
k_io,1,4,18,19,20,100000.0,6.2962652107424715,30.0,80.0,8500.0,-0.0009068110570553869,5.362575562850862e-09,4.9523404529860364e-08,0.0065213845585397065
k_io,1,4,18,19,20,100000.0,6.2962652107424715,30.0,80.0,9000.0,-0.0008207277652661753,5.098425266572661e-09,4.7740403394630277e-08,0.007568987813162727
k_io,1,4,18,19,20,100000.0,6.2962652107424715,30.0,80.0,9500.0,-0.0007453734628629352,4.609048790860648e-09,4.479233623253423e-08,0.008295898924645398
k_io,1,4,18,19,20,100000.0,6.2962652107424715,30.0,80.0,10000.0,-0.0006788687110093981,3.997353247311352e-09,4.117662433464468e-08,0.008673631029297722
k_io,1,4,18,19,20,100000.0,6.2962652107424715,30.0,80.0,10500.0,-0.0006197654057005083,3.3858362654689553e-09,3.746383907832063e-08,0.00881477620109233
k_io,1,4,18,19,20,100000.0,6.2962652107424715,30.0,80.0,11000.0,-0.000567025597352379,2.8832623394496953e-09,3.415648137769754e-08,0.008967653717308826
k_io,1,4,18,19,20,100000.0,6.2962652107424715,30.0,80.0,11500.0,-0.0005199158046709333,2.5649576269727417e-09,3.158353942242818e-08,0.009488862552991525
k_io,1,4,18,19,20,100000.0,6.2962652107424715,30.0,80.0,12000.0,-0.00047785950140850604,2.466435059451039e-09,2.9855322119109034e-08,0.010801131011403035
k_io,1,5,21,22,23,111588.3992507748,6.2962652107424715,5.0,15.0,0.0,0.0,0.0,0.0,
k_io,1,5,21,22,23,111588.3992507748,6.2962652107424715,5.0,15.0,500.0,-0.0020370673442559883,4.679353981219399e-10,9.310112357291825e-08,0.00011276520822605426
k_io,1,5,21,22,23,111588.3992507748,6.2962652107424715,5.0,15.0,1000.0,-0.001939945939192056,7.80660388850515e-10,9.258043601242157e-08,0.00020743540733660635
k_io,1,5,21,22,23,111588.3992507748,6.2962652107424715,5.0,15.0,1500.0,-0.0014802410356954468,9.329890059135462e-10,6.670543755610358e-08,0.00042580587258386727
k_io,1,5,21,22,23,111588.3992507748,6.2962652107424715,5.0,15.0,2000.0,-0.0010801433504314013,9.76363167005815e-10,5.195003467623774e-08,0.0008368518771959941
k_io,1,5,21,22,23,111588.3992507748,6.2962652107424715,5.0,15.0,2500.0,-0.000798386874042413,8.678465775987635e-10,4.472122515709007e-08,0.001361495400725404
k_io,1,5,21,22,23,111588.3992507748,6.2962652107424715,5.0,15.0,3000.0,-0.000611087722638775,7.009927908341359e-10,3.996837897464632e-08,0.0018771822318160243
k_io,1,5,21,22,23,111588.3992507748,6.2962652107424715,5.0,15.0,3500.0,-0.00048633415041149115,6.179863683121351e-10,3.641317719436074e-08,0.0026128192181335596
k_io,1,5,21,22,23,111588.3992507748,6.2962652107424715,5.0,15.0,4000.0,-0.0004004505573914144,6.667649694803439e-10,3.4564136411632087e-08,0.004157908900913549
k_io,1,5,21,22,23,111588.3992507748,6.2962652107424715,5.0,15.0,4500.0,-0.0003386195657547886,7.947905864275122e-10,3.4623812000201805e-08,0.006931522188024769
k_io,1,5,21,22,23,111588.3992507748,6.2962652107424715,5.0,15.0,5000.0,-0.00029206290126083034,9.36962271273546e-10,3.579058732238505e-08,0.01098422229425891
k_io,1,5,21,22,23,111588.3992507748,6.2962652107424715,5.0,15.0,5500.0,-0.00025543175171145044,1.0720542998276424e-09,3.678058775536965e-08,0.016431114408458968
k_io,1,5,21,22,23,111588.3992507748,6.2962652107424715,5.0,15.0,6000.0,-0.0002252991577854661,1.210495767428716e-09,3.6668115882709566e-08,0.023847570357131385
k_io,1,5,21,22,23,111588.3992507748,6.2962652107424715,5.0,15.0,6500.0,-0.0001995340651076709,1.3566343866020492e-09,3.5395765732646914e-08,0.034074439432697085
k_io,1,5,21,22,23,111588.3992507748,6.2962652107424715,5.0,15.0,7000.0,-0.00017702741160059167,1.4883134620305161e-09,3.372675794066143e-08,0.047491224917255145
k_io,1,5,21,22,23,111588.3992507748,6.2962652107424715,5.0,15.0,7500.0,-0.00015740137099247474,1.5650972278578108e-09,3.2733215208500685e-08,0.06317195256200984
k_io,1,5,21,22,23,111588.3992507748,6.2962652107424715,5.0,15.0,8000.0,-0.0001406256651376328,1.5523977461154737e-09,3.315882026247488e-08,0.07850075330423589
k_io,1,5,21,22,23,111588.3992507748,6.2962652107424715,5.0,15.0,8500.0,-0.00012665143333501867,1.4417096957648244e-09,3.504210608412755e-08,0.08987886943712095
k_io,1,5,21,22,23,111588.3992507748,6.2962652107424715,5.0,15.0,9000.0,-0.00011519194640634126,1.2556607742589756e-09,3.7777898234089734e-08,0.09462983747505295
k_io,1,5,21,22,23,111588.3992507748,6.2962652107424715,5.0,15.0,9500.0,-0.00010569492937663699,1.0389630848936836e-09,4.049886605540337e-08,0.09300189787650945
k_io,1,5,21,22,23,111588.3992507748,6.2962652107424715,5.0,15.0,10000.0,-9.745760331633614e-05,8.428548288728846e-10,4.250107293069434e-08,0.08874038842954138
k_io,1,5,21,22,23,111588.3992507748,6.2962652107424715,5.0,15.0,10500.0,-8.979091115892323e-05,7.099682818057381e-10,4.3488325434377553e-08,0.08805908927803152
k_io,1,5,21,22,23,111588.3992507748,6.2962652107424715,5.0,15.0,11000.0,-8.215099453784153e-05,6.637736403452571e-10,4.357296553822232e-08,0.09835452625567248
k_io,1,5,21,22,23,111588.3992507748,6.2962652107424715,5.0,15.0,11500.0,-7.419887149972323e-05,7.045055922886914e-10,4.311110405423345e-08,0.1279646003526974
k_io,1,5,21,22,23,111588.3992507748,6.2962652107424715,5.0,15.0,12000.0,-6.579264225669884e-05,8.117938028567755e-10,4.2499827360466e-08,0.18753877517882594
k_io,1,5,21,22,23,111588.3992507748,6.2962652107424715,7.0,25.0,0.0,0.0,0.0,0.0,
k_io,1,5,21,22,23,111588.3992507748,6.2962652107424715,7.0,25.0,500.0,-0.002977947738406872,6.991949834211477e-10,1.0412417529668492e-07,7.884318500522065e-05
k_io,1,5,21,22,23,111588.3992507748,6.2962652107424715,7.0,25.0,1000.0,-0.0030357377711141276,1.3542671816358286e-09,1.348714169792874e-07,0.00014695211660731834
k_io,1,5,21,22,23,111588.3992507748,6.2962652107424715,7.0,25.0,1500.0,-0.002426494773823902,1.6036777115032274e-09,1.1306075331776264e-07,0.000272369436755127
k_io,1,5,21,22,23,111588.3992507748,6.2962652107424715,7.0,25.0,2000.0,-0.001803416620005091,1.553560956679457e-09,8.571232872540736e-08,0.00047767901510747083
k_io,1,5,21,22,23,111588.3992507748,6.2962652107424715,7.0,25.0,2500.0,-0.001319331074625011,1.4041736855064602e-09,6.287407248759076e-08,0.0008067022100467321
k_io,1,5,21,22,23,111588.3992507748,6.2962652107424715,7.0,25.0,3000.0,-0.000976792628479396,1.2631511457116514e-09,4.528092290938996e-08,0.001323885950661404
k_io,1,5,21,22,23,111588.3992507748,6.2962652107424715,7.0,25.0,3500.0,-0.0007417911325881526,1.1660742168903854e-09,3.304370812143903e-08,0.002119155949911157
k_io,1,5,21,22,23,111588.3992507748,6.2962652107424715,7.0,25.0,4000.0,-0.0005801551868862588,1.11766383705463e-09,2.5974792077183693e-08,0.003320647992561432
k_io,1,5,21,22,23,111588.3992507748,6.2962652107424715,7.0,25.0,4500.0,-0.0004666251778050988,1.1046879299819541e-09,2.2913583497340446e-08,0.005073448684063836
k_io,1,5,21,22,23,111588.3992507748,6.2962652107424715,7.0,25.0,5000.0,-0.0003844141342098555,1.1163802903105936e-09,2.201912098900458e-08,0.007554634635180173
k_io,1,5,21,22,23,111588.3992507748,6.2962652107424715,7.0,25.0,5500.0,-0.00032259008625557667,1.1548036139780252e-09,2.1700586782814596e-08,0.011097013159548617
k_io,1,5,21,22,23,111588.3992507748,6.2962652107424715,7.0,25.0,6000.0,-0.0002739897046542387,1.22422106905014e-09,2.1246529535548698e-08,0.01630764921711112
k_io,1,5,21,22,23,111588.3992507748,6.2962652107424715,7.0,25.0,6500.0,-0.00023406029078495245,1.3169544338183048e-09,2.075653768977757e-08,0.024038937498663673
k_io,1,5,21,22,23,111588.3992507748,6.2962652107424715,7.0,25.0,7000.0,-0.00020019413111107848,1.4123622858699893e-09,2.0641973879362297e-08,0.03524061095442885
k_io,1,5,21,22,23,111588.3992507748,6.2962652107424715,7.0,25.0,7500.0,-0.0001711465458148556,1.4872441720086254e-09,2.1144556550615428e-08,0.05077454017422989
k_io,1,5,21,22,23,111588.3992507748,6.2962652107424715,7.0,25.0,8000.0,-0.0001464269761608421,1.5262089302044987e-09,2.2136586444184258e-08,0.07118226492049533
k_io,1,5,21,22,23,111588.3992507748,6.2962652107424715,7.0,25.0,8500.0,-0.00012576123428566948,1.525712487023921e-09,2.321597430386493e-08,0.09646707679592344
k_io,1,5,21,22,23,111588.3992507748,6.2962652107424715,7.0,25.0,9000.0,-0.00010875086406842544,1.4935541493280474e-09,2.3952514145277235e-08,0.12628609671415586
k_io,1,5,21,22,23,111588.3992507748,6.2962652107424715,7.0,25.0,9500.0,-9.477080409875903e-05,1.4465395401386879e-09,2.410833642321407e-08,0.16105758336573672
k_io,1,5,21,22,23,111588.3992507748,6.2962652107424715,7.0,25.0,10000.0,-8.30501373759885e-05,1.406004592081841e-09,2.3718182903484493e-08,0.20384780001282699
k_io,1,5,21,22,23,111588.3992507748,6.2962652107424715,7.0,25.0,10500.0,-7.28331388831539e-05,1.390700596673372e-09,2.3020031263881912e-08,0.26216552848483005
k_io,1,5,21,22,23,111588.3992507748,6.2962652107424715,7.0,25.0,11000.0,-6.352669747826411e-05,1.4095872329905683e-09,2.230866205666147e-08,0.34928456986798806
k_io,1,5,21,22,23,111588.3992507748,6.2962652107424715,7.0,25.0,11500.0,-5.4781376155599564e-05,1.4588418268379917e-09,2.1803715318684493e-08,0.4861187033037226
k_io,1,5,21,22,23,111588.3992507748,6.2962652107424715,7.0,25.0,12000.0,-4.649747075549367e-05,1.5250946025702147e-09,2.1587637151725413e-08,0.7054043348739921
k_io,1,5,21,22,23,111588.3992507748,6.2962652107424715,10.0,30.0,0.0,0.0,0.0,0.0,
k_io,1,5,21,22,23,111588.3992507748,6.2962652107424715,10.0,30.0,500.0,-0.0034475136158677866,7.609178156652718e-10,1.1095016159541796e-07,6.402148924856584e-05
k_io,1,5,21,22,23,111588.3992507748,6.2962652107424715,10.0,30.0,1000.0,-0.0036388492193103195,1.4958235660332565e-09,1.506883215298241e-07,0.00011296717030106546
k_io,1,5,21,22,23,111588.3992507748,6.2962652107424715,10.0,30.0,1500.0,-0.0029925196409388566,1.569092187224783e-09,1.3371438721168283e-07,0.00017521627408042433
k_io,1,5,21,22,23,111588.3992507748,6.2962652107424715,10.0,30.0,2000.0,-0.0022737549229975423,1.3727465950564415e-09,1.0620313861499296e-07,0.0002655235649957881
k_io,1,5,21,22,23,111588.3992507748,6.2962652107424715,10.0,30.0,2500.0,-0.0016903994444934858,1.2576892394320544e-09,8.321977951639511e-08,0.0004401438749011112
k_io,1,5,21,22,23,111588.3992507748,6.2962652107424715,10.0,30.0,3000.0,-0.001265229195298586,1.2578613771314365e-09,6.714354226862934e-08,0.0007857680620914339
k_io,1,5,21,22,23,111588.3992507748,6.2962652107424715,10.0,30.0,3500.0,-0.000967317130317568,1.2874262030275013e-09,5.702934046415568e-08,0.0013758927634653733
k_io,1,5,21,22,23,111588.3992507748,6.2962652107424715,10.0,30.0,4000.0,-0.0007591808635202535,1.2766177202587593e-09,5.207149951702487e-08,0.002214982827836945
k_io,1,5,21,22,23,111588.3992507748,6.2962652107424715,10.0,30.0,4500.0,-0.0006113366583269742,1.2317760119647825e-09,5.1615437795643034e-08,0.00329587600654951
k_io,1,5,21,22,23,111588.3992507748,6.2962652107424715,10.0,30.0,5000.0,-0.0005039380389388936,1.2205332066738503e-09,5.439836203945629e-08,0.004806127816136894
k_io,1,5,21,22,23,111588.3992507748,6.2962652107424715,10.0,30.0,5500.0,-0.00042432201759731985,1.304716373843404e-09,5.855865047307714e-08,0.007246444626100391
k_io,1,5,21,22,23,111588.3992507748,6.2962652107424715,10.0,30.0,6000.0,-0.0003642944139463245,1.4848085859879491e-09,6.226290976371203e-08,0.011188334613245686
k_io,1,5,21,22,23,111588.3992507748,6.2962652107424715,10.0,30.0,6500.0,-0.0003183106413437902,1.698293580083298e-09,6.431353976735605e-08,0.016761406262545957
k_io,1,5,21,22,23,111588.3992507748,6.2962652107424715,10.0,30.0,7000.0,-0.0002824897909071097,1.8642459059500623e-09,6.437261551923094e-08,0.023361336423093293
k_io,1,5,21,22,23,111588.3992507748,6.2962652107424715,10.0,30.0,7500.0,-0.00025409002328268763,1.934237057115877e-09,6.278775024807304e-08,0.029959493953527466
k_io,1,5,21,22,23,111588.3992507748,6.2962652107424715,10.0,30.0,8000.0,-0.00023117159505540432,1.9127208456932674e-09,6.02216526921815e-08,0.03579172680620106
k_io,1,5,21,22,23,111588.3992507748,6.2962652107424715,10.0,30.0,8500.0,-0.0002123422260501117,1.8402345719244053e-09,5.732399313789525e-08,0.040813181788992944
k_io,1,5,21,22,23,111588.3992507748,6.2962652107424715,10.0,30.0,9000.0,-0.00019657555897159302,1.761291615633752e-09,5.457931481706748e-08,0.04557978047396156
k_io,1,5,21,22,23,111588.3992507748,6.2962652107424715,10.0,30.0,9500.0,-0.00018310866716491334,1.70208760623212e-09,5.23198603067692e-08,0.05076496680265894
k_io,1,5,21,22,23,111588.3992507748,6.2962652107424715,10.0,30.0,10000.0,-0.00017140235222306665,1.667299310752675e-09,5.080196221268947e-08,0.05675184897234012
k_io,1,5,21,22,23,111588.3992507748,6.2962652107424715,10.0,30.0,10500.0,-0.0001611285290491508,1.6492111111925973e-09,5.02481607674533e-08,0.06352305367209382
k_io,1,5,21,22,23,111588.3992507748,6.2962652107424715,10.0,30.0,11000.0,-0.00015214921182414316,1.6382127670921508e-09,5.0822684013494085e-08,0.07076701747274944
k_io,1,5,21,22,23,111588.3992507748,6.2962652107424715,10.0,30.0,11500.0,-0.00014446826324201589,1.62842598719802e-09,5.257239218663592e-08,0.07802308546823353
k_io,1,5,21,22,23,111588.3992507748,6.2962652107424715,10.0,30.0,12000.0,-0.0001381582768751196,1.6182192438255893e-09,5.53853125213625e-08,0.08477807389331048
k_io,1,5,21,22,23,111588.3992507748,6.2962652107424715,12.0,36.0,0.0,0.0,0.0,0.0,
k_io,1,5,21,22,23,111588.3992507748,6.2962652107424715,12.0,36.0,500.0,-0.0038590150496738973,9.889360098489046e-10,9.175301769672793e-08,6.640721184996997e-05
k_io,1,5,21,22,23,111588.3992507748,6.2962652107424715,12.0,36.0,1000.0,-0.004204126852574208,1.6506400678204561e-09,1.2937724509749103e-07,9.339008263252007e-05
k_io,1,5,21,22,23,111588.3992507748,6.2962652107424715,12.0,36.0,1500.0,-0.003575110588060759,1.9144181207534213e-09,1.18963998858465e-07,0.00014978138284223757
k_io,1,5,21,22,23,111588.3992507748,6.2962652107424715,12.0,36.0,2000.0,-0.002812297950176533,2.1498642078211142e-09,9.756715700016001e-08,0.00027182435660863167
k_io,1,5,21,22,23,111588.3992507748,6.2962652107424715,12.0,36.0,2500.0,-0.0021583048120695676,2.351030052792356e-09,7.956393141231089e-08,0.0005046992073212194
k_io,1,5,21,22,23,111588.3992507748,6.2962652107424715,12.0,36.0,3000.0,-0.0016544557606131306,2.442841288627598e-09,6.716221964478364e-08,0.0008924521376973167
k_io,1,5,21,22,23,111588.3992507748,6.2962652107424715,12.0,36.0,3500.0,-0.0012810038373691334,2.4194083375067805e-09,5.843319211284887e-08,0.0014743761993074665
k_io,1,5,21,22,23,111588.3992507748,6.2962652107424715,12.0,36.0,4000.0,-0.0010054509978137446,2.289534133697662e-09,5.188005213369137e-08,0.002264776258677153
k_io,1,5,21,22,23,111588.3992507748,6.2962652107424715,12.0,36.0,4500.0,-0.0007981869473142316,2.0770198450891675e-09,4.7209014208788996e-08,0.0032601036124743905
k_io,1,5,21,22,23,111588.3992507748,6.2962652107424715,12.0,36.0,5000.0,-0.0006367455728086965,1.8407345468006444e-09,4.455700438874138e-08,0.004540035984195304
k_io,1,5,21,22,23,111588.3992507748,6.2962652107424715,12.0,36.0,5500.0,-0.0005061221376285781,1.6569094032990482e-09,4.398849472618404e-08,0.006468269335177307
k_io,1,5,21,22,23,111588.3992507748,6.2962652107424715,12.0,36.0,6000.0,-0.0003975911034682575,1.5773408214259376e-09,4.530132307695828e-08,0.00997820051366834
k_io,1,5,21,22,23,111588.3992507748,6.2962652107424715,12.0,36.0,6500.0,-0.0003068840192321544,1.6051568971949335e-09,4.786694844757098e-08,0.017043898622798957
k_io,1,5,21,22,23,111588.3992507748,6.2962652107424715,12.0,36.0,7000.0,-0.00023223665164827248,1.7068787330203414e-09,5.064506715069104e-08,0.03164762651984134
k_io,1,5,21,22,23,111588.3992507748,6.2962652107424715,12.0,36.0,7500.0,-0.00017273669857394277,1.8438320290198211e-09,5.2518883980022825e-08,0.06179482760688364
k_io,1,5,21,22,23,111588.3992507748,6.2962652107424715,12.0,36.0,8000.0,-0.00012726018680953542,1.9947094693375734e-09,5.277630917940486e-08,0.12316704911171983
k_io,1,5,21,22,23,111588.3992507748,6.2962652107424715,12.0,36.0,8500.0,-9.406107066027569e-05,2.157392335807747e-09,5.139956472904407e-08,0.2438424402474957
k_io,1,5,21,22,23,111588.3992507748,6.2962652107424715,12.0,36.0,9000.0,-7.087238764758811e-05,2.3375198383061485e-09,4.897412294690242e-08,0.46537299392644804
k_io,1,5,21,22,23,111588.3992507748,6.2962652107424715,12.0,36.0,9500.0,-5.5269354290286496e-05,2.537494488003547e-09,4.6300793585528646e-08,0.8306849190813616
k_io,1,5,21,22,23,111588.3992507748,6.2962652107424715,12.0,36.0,10000.0,-4.50518667839757e-05,2.753220143610309e-09,4.396379455469897e-08,1.3564861248832907
k_io,1,5,21,22,23,111588.3992507748,6.2962652107424715,12.0,36.0,10500.0,-3.848978344670904e-05,2.9767740973796605e-09,4.2089480560514234e-08,2.0093469994278923
k_io,1,5,21,22,23,111588.3992507748,6.2962652107424715,12.0,36.0,11000.0,-3.4383206655805775e-05,3.199249143529982e-09,4.038453214031756e-08,2.7061714460019513
k_io,1,5,21,22,23,111588.3992507748,6.2962652107424715,12.0,36.0,11500.0,-3.197576739012763e-05,3.4104241250779324e-09,3.838142069995051e-08,3.3355422026651804
k_io,1,5,21,22,23,111588.3992507748,6.2962652107424715,12.0,36.0,12000.0,-3.079982656685508e-05,3.59661118064187e-09,3.5730900206172186e-08,3.7913767979766515
k_io,1,5,21,22,23,111588.3992507748,6.2962652107424715,15.0,40.0,0.0,0.0,0.0,0.0,
k_io,1,5,21,22,23,111588.3992507748,6.2962652107424715,15.0,40.0,500.0,-0.004165114600935771,1.176254463389284e-09,7.633806406425731e-08,6.780276016682665e-05
k_io,1,5,21,22,23,111588.3992507748,6.2962652107424715,15.0,40.0,1000.0,-0.004632471038156172,2.1095575313310803e-09,1.1331834701166197e-07,9.830281358131963e-05
k_io,1,5,21,22,23,111588.3992507748,6.2962652107424715,15.0,40.0,1500.0,-0.004025522160022499,2.5943701192874403e-09,1.0837508264028447e-07,0.00016009858379793603
k_io,1,5,21,22,23,111588.3992507748,6.2962652107424715,15.0,40.0,2000.0,-0.003234155690971234,2.855820290017144e-09,9.007583834643359e-08,0.00027302915762877287
k_io,1,5,21,22,23,111588.3992507748,6.2962652107424715,15.0,40.0,2500.0,-0.0025265413836362965,3.005172669638567e-09,7.261314104881922e-08,0.0004707784754325238
k_io,1,5,21,22,23,111588.3992507748,6.2962652107424715,15.0,40.0,3000.0,-0.0019610460230676634,3.0407956706654987e-09,6.056371908455251e-08,0.0007906998676409448
k_io,1,5,21,22,23,111588.3992507748,6.2962652107424715,15.0,40.0,3500.0,-0.0015302571943118862,2.9974455268678934e-09,5.385088918880428e-08,0.0012800367527827246
k_io,1,5,21,22,23,111588.3992507748,6.2962652107424715,15.0,40.0,4000.0,-0.001208628489511648,2.964233955022909e-09,5.078771832632605e-08,0.0020292092041027648
k_io,1,5,21,22,23,111588.3992507748,6.2962652107424715,15.0,40.0,4500.0,-0.0009684967925506719,2.996246987499794e-09,4.941733386213885e-08,0.003194340713753943
k_io,1,5,21,22,23,111588.3992507748,6.2962652107424715,15.0,40.0,5000.0,-0.0007860760668128141,3.0765499346747715e-09,4.811322027924979e-08,0.004978916247191279
k_io,1,5,21,22,23,111588.3992507748,6.2962652107424715,15.0,40.0,5500.0,-0.0006435268289090058,3.1466646737219996e-09,4.601287624160375e-08,0.00759831247166876
k_io,1,5,21,22,23,111588.3992507748,6.2962652107424715,15.0,40.0,6000.0,-0.0005288666354113323,3.149517048499806e-09,4.31608708746275e-08,0.01126034312216751
k_io,1,5,21,22,23,111588.3992507748,6.2962652107424715,15.0,40.0,6500.0,-0.00043472298525784776,3.052386208521731e-09,4.021959272680262e-08,0.01615155259035862
k_io,1,5,21,22,23,111588.3992507748,6.2962652107424715,15.0,40.0,7000.0,-0.0003567698192511069,2.850714723744984e-09,3.793051021379168e-08,0.022396365280050085
k_io,1,5,21,22,23,111588.3992507748,6.2962652107424715,15.0,40.0,7500.0,-0.000292399904812998,2.565183199677574e-09,3.6651815936836764e-08,0.03000294826206185
k_io,1,5,21,22,23,111588.3992507748,6.2962652107424715,15.0,40.0,8000.0,-0.00023983442749121687,2.236697931542038e-09,3.6203805832787116e-08,0.03888519546579668
k_io,1,5,21,22,23,111588.3992507748,6.2962652107424715,15.0,40.0,8500.0,-0.000197624486511267,1.91559937828772e-09,3.604764849007947e-08,0.04904821178885332
k_io,1,5,21,22,23,111588.3992507748,6.2962652107424715,15.0,40.0,9000.0,-0.0001644084814301631,1.645195102680062e-09,3.5633750505245445e-08,0.060865188605213755
k_io,1,5,21,22,23,111588.3992507748,6.2962652107424715,15.0,40.0,9500.0,-0.00013880761235364816,1.4481208577692976e-09,3.468803992692793e-08,0.0751585237202172
k_io,1,5,21,22,23,111588.3992507748,6.2962652107424715,15.0,40.0,10000.0,-0.00011939605993221709,1.3242353966979593e-09,3.3289305694630514e-08,0.09289347334295327
k_io,1,5,21,22,23,111588.3992507748,6.2962652107424715,15.0,40.0,10500.0,-0.00010472338447374378,1.2599581104220796e-09,3.174979156179733e-08,0.11488643882344535
k_io,1,5,21,22,23,111588.3992507748,6.2962652107424715,15.0,40.0,11000.0,-9.337976137797086e-05,1.2410715075122415e-09,3.042034269872384e-08,0.14232830770907612
k_io,1,5,21,22,23,111588.3992507748,6.2962652107424715,15.0,40.0,11500.0,-8.408873953042037e-05,1.2608795012722866e-09,2.954181021937387e-08,0.17831911461263006
k_io,1,5,21,22,23,111588.3992507748,6.2962652107424715,15.0,40.0,12000.0,-7.580278636378011e-05,1.3209091696484701e-09,2.9193734876545148e-08,0.22988075537309724
k_io,1,5,21,22,23,111588.3992507748,6.2962652107424715,20.0,50.0,0.0,0.0,0.0,0.0,
k_io,1,5,21,22,23,111588.3992507748,6.2962652107424715,20.0,50.0,500.0,-0.004728583802623809,1.775864201674768e-09,5.5916006155543894e-08,7.942323496303152e-05
k_io,1,5,21,22,23,111588.3992507748,6.2962652107424715,20.0,50.0,1000.0,-0.0054403705469551755,2.868188920954985e-09,8.570360840758748e-08,9.690602785967738e-05
k_io,1,5,21,22,23,111588.3992507748,6.2962652107424715,20.0,50.0,1500.0,-0.004907213933808316,3.805671989209888e-09,9.432739720316442e-08,0.00015803794365630778
k_io,1,5,21,22,23,111588.3992507748,6.2962652107424715,20.0,50.0,2000.0,-0.004098355693223643,4.298626704519625e-09,9.289377763691345e-08,0.00025592365925198695
k_io,1,5,21,22,23,111588.3992507748,6.2962652107424715,20.0,50.0,2500.0,-0.0033283902518865816,4.236262237497804e-09,8.609736273513188e-08,0.00038239689184806227
k_io,1,5,21,22,23,111588.3992507748,6.2962652107424715,20.0,50.0,3000.0,-0.0026824624312583104,3.9970507963821194e-09,7.759889385409503e-08,0.0005554850447936911
k_io,1,5,21,22,23,111588.3992507748,6.2962652107424715,20.0,50.0,3500.0,-0.0021681020975901563,3.892087802701497e-09,6.94492447648455e-08,0.0008279863360841152
k_io,1,5,21,22,23,111588.3992507748,6.2962652107424715,20.0,50.0,4000.0,-0.0017679778509523784,3.956053828413581e-09,6.278404953818883e-08,0.0012656352216627053
k_io,1,5,21,22,23,111588.3992507748,6.2962652107424715,20.0,50.0,4500.0,-0.001458678021876745,4.041665752577051e-09,5.823904293166833e-08,0.0018995096992516377
k_io,1,5,21,22,23,111588.3992507748,6.2962652107424715,20.0,50.0,5000.0,-0.0012180416412886277,3.993105615663441e-09,5.5680702998216296e-08,0.0026914512977732064
k_io,1,5,21,22,23,111588.3992507748,6.2962652107424715,20.0,50.0,5500.0,-0.0010280728449467563,3.758726497537207e-09,5.419641231188157e-08,0.0035562554515349578
k_io,1,5,21,22,23,111588.3992507748,6.2962652107424715,20.0,50.0,6000.0,-0.0008755927601162639,3.393732661906569e-09,5.263665612195933e-08,0.004426630829304923
k_io,1,5,21,22,23,111588.3992507748,6.2962652107424715,20.0,50.0,6500.0,-0.0007515874211650566,2.998483894233011e-09,5.023719762464997e-08,0.00530814422661336
k_io,1,5,21,22,23,111588.3992507748,6.2962652107424715,20.0,50.0,7000.0,-0.000649978444486882,2.662359844413246e-09,4.688376637885764e-08,0.006301861380585804
k_io,1,5,21,22,23,111588.3992507748,6.2962652107424715,20.0,50.0,7500.0,-0.0005663917184199315,2.44076207615105e-09,4.297036860705199e-08,0.007608370578547472
k_io,1,5,21,22,23,111588.3992507748,6.2962652107424715,20.0,50.0,8000.0,-0.0004972711991184549,2.354194285214305e-09,3.9072385635541765e-08,0.00952041079290915
k_io,1,5,21,22,23,111588.3992507748,6.2962652107424715,20.0,50.0,8500.0,-0.00043944177825642724,2.3937820903787577e-09,3.567035123708887e-08,0.012396010244820092
k_io,1,5,21,22,23,111588.3992507748,6.2962652107424715,20.0,50.0,9000.0,-0.00039004345577548644,2.528658800041236e-09,3.302209153694376e-08,0.016621271415300422
k_io,1,5,21,22,23,111588.3992507748,6.2962652107424715,20.0,50.0,9500.0,-0.00034667122394298677,2.715629095942211e-09,3.1161478115854536e-08,0.02259617167417542
k_io,1,5,21,22,23,111588.3992507748,6.2962652107424715,20.0,50.0,10000.0,-0.0003075519039498595,2.9098444797043984e-09,2.9968884922791784e-08,0.03076330124838349
k_io,1,5,21,22,23,111588.3992507748,6.2962652107424715,20.0,50.0,10500.0,-0.00027163936885405814,3.0737328367228578e-09,2.9270958075988e-08,0.04165629989330876
k_io,1,5,21,22,23,111588.3992507748,6.2962652107424715,20.0,50.0,11000.0,-0.00023857835459766084,3.182668070600022e-09,2.8935610735559507e-08,0.05591512100284838
k_io,1,5,21,22,23,111588.3992507748,6.2962652107424715,20.0,50.0,11500.0,-0.0002085476284483705,3.227694740710112e-09,2.8928189252251815e-08,0.0742133341765408
k_io,1,5,21,22,23,111588.3992507748,6.2962652107424715,20.0,50.0,12000.0,-0.00018203117550971877,3.215478565729652e-09,2.930712842610911e-08,0.09704073373613191
k_io,1,5,21,22,23,111588.3992507748,6.2962652107424715,25.0,60.0,0.0,0.0,0.0,0.0,
k_io,1,5,21,22,23,111588.3992507748,6.2962652107424715,25.0,60.0,500.0,-0.005087623687799858,1.909833687578457e-09,4.30707843240983e-08,7.378457637385709e-05
k_io,1,5,21,22,23,111588.3992507748,6.2962652107424715,25.0,60.0,1000.0,-0.006003101309499659,2.5275930329162567e-09,6.483694370676489e-08,7.013839188844696e-05
k_io,1,5,21,22,23,111588.3992507748,6.2962652107424715,25.0,60.0,1500.0,-0.0055679117502183545,2.935328633996291e-09,7.492768674742772e-08,9.468300757199533e-05
k_io,1,5,21,22,23,111588.3992507748,6.2962652107424715,25.0,60.0,2000.0,-0.004795404468713904,3.384606119552851e-09,7.833631678497082e-08,0.00014718299906022158
k_io,1,5,21,22,23,111588.3992507748,6.2962652107424715,25.0,60.0,2500.0,-0.004028309880196278,3.717902347839376e-09,7.394829938241839e-08,0.00022911432078389886
k_io,1,5,21,22,23,111588.3992507748,6.2962652107424715,25.0,60.0,3000.0,-0.0033629855848572726,3.945764237616689e-09,6.475471041590525e-08,0.0003488840544872132
k_io,1,5,21,22,23,111588.3992507748,6.2962652107424715,25.0,60.0,3500.0,-0.002811062045299677,4.132551639015261e-09,5.485078221775975e-08,0.0005229707825708725
k_io,1,5,21,22,23,111588.3992507748,6.2962652107424715,25.0,60.0,4000.0,-0.002359163400153585,4.281716899497401e-09,4.659169288908307e-08,0.0007693109341046382
k_io,1,5,21,22,23,111588.3992507748,6.2962652107424715,25.0,60.0,4500.0,-0.001989246858565767,4.352057187356346e-09,4.062562485206505e-08,0.001099808904803207
k_io,1,5,21,22,23,111588.3992507748,6.2962652107424715,25.0,60.0,5000.0,-0.0016847735594743701,4.3334679868860904e-09,3.6840616241668044e-08,0.0015266958191629708
k_io,1,5,21,22,23,111588.3992507748,6.2962652107424715,25.0,60.0,5500.0,-0.0014322871336099417,4.267005759497352e-09,3.489773414757201e-08,0.002079998624697124
k_io,1,5,21,22,23,111588.3992507748,6.2962652107424715,25.0,60.0,6000.0,-0.0012215521543895037,4.204737172681112e-09,3.430990817495537e-08,0.0028178302455693477
k_io,1,5,21,22,23,111588.3992507748,6.2962652107424715,25.0,60.0,6500.0,-0.001045141210001965,4.173016343487605e-09,3.4457800679658415e-08,0.0038203235085450733
k_io,1,5,21,22,23,111588.3992507748,6.2962652107424715,25.0,60.0,7000.0,-0.0008977684030490518,4.1684798198303305e-09,3.473677764840785e-08,0.005171887514612746
k_io,1,5,21,22,23,111588.3992507748,6.2962652107424715,25.0,60.0,7500.0,-0.0007755670444095936,4.1726188965044006e-09,3.4750139784620024e-08,0.006936973368480925
k_io,1,5,21,22,23,111588.3992507748,6.2962652107424715,25.0,60.0,8000.0,-0.0006754642046645047,4.166656999697275e-09,3.439443160892294e-08,0.009132361037263432
k_io,1,5,21,22,23,111588.3992507748,6.2962652107424715,25.0,60.0,8500.0,-0.0005947332337348536,4.139552724349184e-09,3.3791956563229637e-08,0.011703317933720231
k_io,1,5,21,22,23,111588.3992507748,6.2962652107424715,25.0,60.0,9000.0,-0.0005307351178123866,4.0890000128037776e-09,3.3140320117483556e-08,0.014516484734886505
k_io,1,5,21,22,23,111588.3992507748,6.2962652107424715,25.0,60.0,9500.0,-0.00048081704661325723,4.0176162258526235e-09,3.257640320268094e-08,0.017378357870494146
k_io,1,5,21,22,23,111588.3992507748,6.2962652107424715,25.0,60.0,10000.0,-0.00044232299216860876,3.9280253869401204e-09,3.21132798269173e-08,0.02007683530485758
k_io,1,5,21,22,23,111588.3992507748,6.2962652107424715,25.0,60.0,10500.0,-0.00041267367800003644,3.820207797893741e-09,3.165724322015246e-08,0.022432281660813902
k_io,1,5,21,22,23,111588.3992507748,6.2962652107424715,25.0,60.0,11000.0,-0.000389479877494236,3.6922060890128763e-09,3.107654419724894e-08,0.024339737196744662
k_io,1,5,21,22,23,111588.3992507748,6.2962652107424715,25.0,60.0,11500.0,-0.0003706583124880396,3.542977738940019e-09,3.027903136004885e-08,0.025788194390565025
k_io,1,5,21,22,23,111588.3992507748,6.2962652107424715,25.0,60.0,12000.0,-0.0003545241512558162,3.3751654945996755e-09,2.926191321970568e-08,0.026853655955411514
k_io,1,5,21,22,23,111588.3992507748,6.2962652107424715,30.0,80.0,0.0,0.0,0.0,0.0,
k_io,1,5,21,22,23,111588.3992507748,6.2962652107424715,30.0,80.0,500.0,-0.005502410222662069,2.4901308757720534e-09,2.5374716512769e-08,8.22462759593097e-05
k_io,1,5,21,22,23,111588.3992507748,6.2962652107424715,30.0,80.0,1000.0,-0.00664398370210964,3.951797767012609e-09,4.020921136007092e-08,8.952361164908705e-05
k_io,1,5,21,22,23,111588.3992507748,6.2962652107424715,30.0,80.0,1500.0,-0.0063315006980443345,4.573145271785219e-09,4.863704561678481e-08,0.00011407794240945576
k_io,1,5,21,22,23,111588.3992507748,6.2962652107424715,30.0,80.0,2000.0,-0.0056060329763625155,4.911071048232186e-09,5.2052428082123966e-08,0.00015626615307896886
k_io,1,5,21,22,23,111588.3992507748,6.2962652107424715,30.0,80.0,2500.0,-0.004833977578868817,5.05920621372764e-09,5.1581037388477625e-08,0.00021650758622023588
k_io,1,5,21,22,23,111588.3992507748,6.2962652107424715,30.0,80.0,3000.0,-0.004133783433507926,5.209235752720209e-09,5.0066626669027154e-08,0.00030484464586308293
k_io,1,5,21,22,23,111588.3992507748,6.2962652107424715,30.0,80.0,3500.0,-0.003533028718130913,5.539186977586857e-09,4.892331357444683e-08,0.0004437636142220933
k_io,1,5,21,22,23,111588.3992507748,6.2962652107424715,30.0,80.0,4000.0,-0.003028016527424956,5.98898019796659e-09,4.816936565715063e-08,0.000653185288301785
k_io,1,5,21,22,23,111588.3992507748,6.2962652107424715,30.0,80.0,4500.0,-0.002606259020129273,6.374001556396625e-09,4.756067866906886e-08,0.0009383762651399109
k_io,1,5,21,22,23,111588.3992507748,6.2962652107424715,30.0,80.0,5000.0,-0.0022543927602279926,6.58383872342836e-09,4.696264389747489e-08,0.0012954481101840468
k_io,1,5,21,22,23,111588.3992507748,6.2962652107424715,30.0,80.0,5500.0,-0.001960526812834278,6.634314125592661e-09,4.6233797846238854e-08,0.0017260384198587533
k_io,1,5,21,22,23,111588.3992507748,6.2962652107424715,30.0,80.0,6000.0,-0.0017146448108939834,6.604713288580846e-09,4.517713762848633e-08,0.002246495901555246
k_io,1,5,21,22,23,111588.3992507748,6.2962652107424715,30.0,80.0,6500.0,-0.001508425119044492,6.562156097624636e-09,4.3651516998362296e-08,0.0028840251626502463
k_io,1,5,21,22,23,111588.3992507748,6.2962652107424715,30.0,80.0,7000.0,-0.0013349419055159427,6.523619089625632e-09,4.168953942012219e-08,0.003660697665224331
k_io,1,5,21,22,23,111588.3992507748,6.2962652107424715,30.0,80.0,7500.0,-0.0011883918146323082,6.4593206873680155e-09,3.9516664145057444e-08,0.004573698611630578
k_io,1,5,21,22,23,111588.3992507748,6.2962652107424715,30.0,80.0,8000.0,-0.0010638885918424828,6.322139256601928e-09,3.7479644276931256e-08,0.0055856247243740945
k_io,1,5,21,22,23,111588.3992507748,6.2962652107424715,30.0,80.0,8500.0,-0.0009573286479071337,6.0807868392799335e-09,3.593990147998637e-08,0.0066349502221535635
k_io,1,5,21,22,23,111588.3992507748,6.2962652107424715,30.0,80.0,9000.0,-0.0008653090372557461,5.738137315103164e-09,3.517348782273751e-08,0.007663522870596668
k_io,1,5,21,22,23,111588.3992507748,6.2962652107424715,30.0,80.0,9500.0,-0.0007850700003652483,5.3286682013535e-09,3.529848869821145e-08,0.008645734898398821
k_io,1,5,21,22,23,111588.3992507748,6.2962652107424715,30.0,80.0,10000.0,-0.0007144370607147597,4.902509799932598e-09,3.624415376350647e-08,0.009604848529981487
k_io,1,5,21,22,23,111588.3992507748,6.2962652107424715,30.0,80.0,10500.0,-0.0006517486882022753,4.507818436443253e-09,3.777313189762502e-08,0.010612216073550042
k_io,1,5,21,22,23,111588.3992507748,6.2962652107424715,30.0,80.0,11000.0,-0.0005957683465286851,4.1790637336332756e-09,3.955283555188221e-08,0.011774003052524932
k_io,1,5,21,22,23,111588.3992507748,6.2962652107424715,30.0,80.0,11500.0,-0.0005455891086771341,3.932562093543181e-09,4.125105289394586e-08,0.013211258928586753
k_io,1,5,21,22,23,111588.3992507748,6.2962652107424715,30.0,80.0,12000.0,-0.0005005427149268201,3.7674359711271515e-09,4.2620586155579315e-08,0.01503708277134638
k_io,1,6,27,28,29,124519.70847350318,6.2962652107424715,5.0,15.0,0.0,0.0,0.0,0.0,
k_io,1,6,27,28,29,124519.70847350318,6.2962652107424715,5.0,15.0,500.0,-0.0021254852304369576,5.491716657990635e-10,8.352647511002726e-08,0.00012156034920018292
k_io,1,6,27,28,29,124519.70847350318,6.2962652107424715,5.0,15.0,1000.0,-0.0020203751242406087,5.525302431291417e-10,7.991523434244593e-08,0.00013536052468992275
k_io,1,6,27,28,29,124519.70847350318,6.2962652107424715,5.0,15.0,1500.0,-0.0015288254989142894,5.847964650648156e-10,5.501984523885573e-08,0.000250200920739374
k_io,1,6,27,28,29,124519.70847350318,6.2962652107424715,5.0,15.0,2000.0,-0.0011029383919829196,6.751156833459756e-10,3.708455998288111e-08,0.0005549778990451344
k_io,1,6,27,28,29,124519.70847350318,6.2962652107424715,5.0,15.0,2500.0,-0.0008038558430229284,7.347355354878942e-10,2.747598083104246e-08,0.0011370372672120017
k_io,1,6,27,28,29,124519.70847350318,6.2962652107424715,5.0,15.0,3000.0,-0.0006025595695618117,8.407774123763087e-10,2.314586849246704e-08,0.0023156934092037665
k_io,1,6,27,28,29,124519.70847350318,6.2962652107424715,5.0,15.0,3500.0,-0.00046408069397226373,9.986542249428358e-10,2.1275837449452817e-08,0.0046369043771047665
k_io,1,6,27,28,29,124519.70847350318,6.2962652107424715,5.0,15.0,4000.0,-0.0003647136731848863,1.122932560578585e-09,2.072715676365182e-08,0.00844208234560448
k_io,1,6,27,28,29,124519.70847350318,6.2962652107424715,5.0,15.0,4500.0,-0.00029056372674122425,1.1596392402568647e-09,2.1619005763227052e-08,0.013735361957681672
k_io,1,6,27,28,29,124519.70847350318,6.2962652107424715,5.0,15.0,5000.0,-0.00023344887571289785,1.1286345869171467e-09,2.4078048042018844e-08,0.020709508011206648
k_io,1,6,27,28,29,124519.70847350318,6.2962652107424715,5.0,15.0,5500.0,-0.00018824945739078685,1.0788579806153172e-09,2.7369501332204028e-08,0.030443656450265682
k_io,1,6,27,28,29,124519.70847350318,6.2962652107424715,5.0,15.0,6000.0,-0.00015166290812986547,1.041158705393408e-09,3.01435014026715e-08,0.0452645467624425
k_io,1,6,27,28,29,124519.70847350318,6.2962652107424715,5.0,15.0,6500.0,-0.00012159051334592998,1.0194964791078184e-09,3.1424874096945606e-08,0.06895826820198414
k_io,1,6,27,28,29,124519.70847350318,6.2962652107424715,5.0,15.0,7000.0,-9.672867362771646e-05,1.009035340341174e-09,3.130652147175709e-08,0.10784398116935867
k_io,1,6,27,28,29,124519.70847350318,6.2962652107424715,5.0,15.0,7500.0,-7.627433747007042e-05,1.0138527038574073e-09,3.075928442650664e-08,0.17426813191394294
k_io,1,6,27,28,29,124519.70847350318,6.2962652107424715,5.0,15.0,8000.0,-5.97458607118264e-05,1.0475929634643785e-09,3.085704914700654e-08,0.29347893105604866
k_io,1,6,27,28,29,124519.70847350318,6.2962652107424715,5.0,15.0,8500.0,-4.68854161210805e-05,1.12012690496337e-09,3.210394158878995e-08,0.5095557177964232
k_io,1,6,27,28,29,124519.70847350318,6.2962652107424715,5.0,15.0,9000.0,-3.758165070783578e-05,1.2253393217333732e-09,3.4280448651830734e-08,0.867570281397172
k_io,1,6,27,28,29,124519.70847350318,6.2962652107424715,5.0,15.0,9500.0,-3.1772095546999356e-05,1.3412158865035817e-09,3.674416070667833e-08,1.328638916846796
k_io,1,6,27,28,29,124519.70847350318,6.2962652107424715,5.0,15.0,10000.0,-2.9328047425791932e-05,1.4409073614004403e-09,3.885979562317913e-08,1.6752119420834382
k_io,1,6,27,28,29,124519.70847350318,6.2962652107424715,5.0,15.0,10500.0,-2.9954468033581514e-05,1.5056132195695178e-09,4.02806090995001e-08,1.6779932006945102
k_io,1,6,27,28,29,124519.70847350318,6.2962652107424715,5.0,15.0,11000.0,-3.313917692251175e-05,1.5312474602699396e-09,4.099463493490609e-08,1.3943183600469893
k_io,1,6,27,28,29,124519.70847350318,6.2962652107424715,5.0,15.0,11500.0,-3.8166573157441715e-05,1.527047538589982e-09,4.120274276174968e-08,1.0483015343716486
k_io,1,6,27,28,29,124519.70847350318,6.2962652107424715,5.0,15.0,12000.0,-4.4187441858001904e-05,1.5091432440930807e-09,4.1146283113248614e-08,0.7729167952430446
k_io,1,6,27,28,29,124519.70847350318,6.2962652107424715,7.0,25.0,0.0,0.0,0.0,0.0,
k_io,1,6,27,28,29,124519.70847350318,6.2962652107424715,7.0,25.0,500.0,-0.0030992859440274745,1.042229616107745e-09,1.2409004769920471e-07,0.00010850259289456065
k_io,1,6,27,28,29,124519.70847350318,6.2962652107424715,7.0,25.0,1000.0,-0.0031716076561747325,1.7646741291879016e-09,1.5170837450700203e-07,0.00017543070299173125
k_io,1,6,27,28,29,124519.70847350318,6.2962652107424715,7.0,25.0,1500.0,-0.0025393512745245234,1.749601883386034e-09,1.21557642178665e-07,0.0002713274126702948
k_io,1,6,27,28,29,124519.70847350318,6.2962652107424715,7.0,25.0,2000.0,-0.0018943456840750314,1.5133351966199177e-09,9.071200402939889e-08,0.00042171268743109184
k_io,1,6,27,28,29,124519.70847350318,6.2962652107424715,7.0,25.0,2500.0,-0.0013947177092723667,1.2431135111708175e-09,6.989916310398664e-08,0.0006390548806934424
k_io,1,6,27,28,29,124519.70847350318,6.2962652107424715,7.0,25.0,3000.0,-0.0010399481056066664,1.0285779493311839e-09,5.5693230973950215e-08,0.00095107304541053
k_io,1,6,27,28,29,124519.70847350318,6.2962652107424715,7.0,25.0,3500.0,-0.0007936743226903704,9.292003656938212e-10,4.510454906428264e-08,0.0014751110352552656
k_io,1,6,27,28,29,124519.70847350318,6.2962652107424715,7.0,25.0,4000.0,-0.0006206625590709121,9.390621174021572e-10,3.768711786999553e-08,0.0024377166609978185
k_io,1,6,27,28,29,124519.70847350318,6.2962652107424715,7.0,25.0,4500.0,-0.0004953835017938047,1.0176584731186467e-09,3.357331483030299e-08,0.004146856197135479
k_io,1,6,27,28,29,124519.70847350318,6.2962652107424715,7.0,25.0,5000.0,-0.00040152612430587997,1.1299450509931005e-09,3.2411061163539015e-08,0.007008574766212381
k_io,1,6,27,28,29,124519.70847350318,6.2962652107424715,7.0,25.0,5500.0,-0.0003292256567357429,1.2596369935978862e-09,3.351101232285568e-08,0.01162138961315581
k_io,1,6,27,28,29,124519.70847350318,6.2962652107424715,7.0,25.0,6000.0,-0.00027248589293158137,1.3993670038381439e-09,3.615746354899584e-08,0.018847058704342286
k_io,1,6,27,28,29,124519.70847350318,6.2962652107424715,7.0,25.0,6500.0,-0.0002274894440804343,1.535077147175897e-09,3.9654092601534816e-08,0.029662497015626527
k_io,1,6,27,28,29,124519.70847350318,6.2962652107424715,7.0,25.0,7000.0,-0.000191685991082274,1.6417646317652114e-09,4.3292314007526816e-08,0.0446817471088681
k_io,1,6,27,28,29,124519.70847350318,6.2962652107424715,7.0,25.0,7500.0,-0.0001633167852191546,1.6944186482247385e-09,4.644124338748299e-08,0.06352710688747103
k_io,1,6,27,28,29,124519.70847350318,6.2962652107424715,7.0,25.0,8000.0,-0.00014111117023777155,1.6835019530353852e-09,4.869049467243528e-08,0.084545566322188
k_io,1,6,27,28,29,124519.70847350318,6.2962652107424715,7.0,25.0,8500.0,-0.00012404965226799525,1.6222329515320975e-09,4.988592094255924e-08,0.10541978261405341
k_io,1,6,27,28,29,124519.70847350318,6.2962652107424715,7.0,25.0,9000.0,-0.00011119409513510791,1.5414034522461535e-09,5.0032939918603525e-08,0.12466739285861808
k_io,1,6,27,28,29,124519.70847350318,6.2962652107424715,7.0,25.0,9500.0,-0.00010160977159843782,1.4762447419588984e-09,4.917334056840084e-08,0.14298399049225466
k_io,1,6,27,28,29,124519.70847350318,6.2962652107424715,7.0,25.0,10000.0,-9.437835672435296e-05,1.4528532132281692e-09,4.73342977304199e-08,0.16310862084990854
k_io,1,6,27,28,29,124519.70847350318,6.2962652107424715,7.0,25.0,10500.0,-8.866850350433531e-05,1.4799894152655957e-09,4.455795457975923e-08,0.18824344053559916
k_io,1,6,27,28,29,124519.70847350318,6.2962652107424715,7.0,25.0,11000.0,-8.381677785466112e-05,1.5483704166222281e-09,4.095517079635009e-08,0.22040068620112235
k_io,1,6,27,28,29,124519.70847350318,6.2962652107424715,7.0,25.0,11500.0,-7.937987863004077e-05,1.6363117609966663e-09,3.6729507152572376e-08,0.25968399921204455
k_io,1,6,27,28,29,124519.70847350318,6.2962652107424715,7.0,25.0,12000.0,-7.51395759645624e-05,1.7184089900288545e-09,3.2158060531289195e-08,0.30436103783464924
k_io,1,6,27,28,29,124519.70847350318,6.2962652107424715,10.0,30.0,0.0,0.0,0.0,0.0,
k_io,1,6,27,28,29,124519.70847350318,6.2962652107424715,10.0,30.0,500.0,-0.0036196801867395267,8.158577661033262e-10,1.2703029919895567e-07,6.226930962754418e-05
k_io,1,6,27,28,29,124519.70847350318,6.2962652107424715,10.0,30.0,1000.0,-0.00386785964997885,1.6320492107045577e-09,1.723742839944456e-07,0.00010909173182041415
k_io,1,6,27,28,29,124519.70847350318,6.2962652107424715,10.0,30.0,1500.0,-0.0032238727956722113,1.7393780899680491e-09,1.4952257027285907e-07,0.0001673548104184324
k_io,1,6,27,28,29,124519.70847350318,6.2962652107424715,10.0,30.0,2000.0,-0.002482716218646243,1.51363149459494e-09,1.1633922135210904e-07,0.0002455647316665229
k_io,1,6,27,28,29,124519.70847350318,6.2962652107424715,10.0,30.0,2500.0,-0.001860140495591616,1.330118202266932e-09,8.977730637123568e-08,0.0003844135979222941
k_io,1,6,27,28,29,124519.70847350318,6.2962652107424715,10.0,30.0,3000.0,-0.0013877930314365322,1.3029123355770964e-09,7.045757954449109e-08,0.0006764968691663445
k_io,1,6,27,28,29,124519.70847350318,6.2962652107424715,10.0,30.0,3500.0,-0.0010456699027766147,1.3625964203766058e-09,5.723552763689434e-08,0.0012461721110262978
k_io,1,6,27,28,29,124519.70847350318,6.2962652107424715,10.0,30.0,4000.0,-0.0008029866736974662,1.4081306289499222e-09,4.927269446860379e-08,0.0021838674208704703
k_io,1,6,27,28,29,124519.70847350318,6.2962652107424715,10.0,30.0,4500.0,-0.000630643048809186,1.400560597158164e-09,4.487944265842034e-08,0.0035215566379990767
k_io,1,6,27,28,29,124519.70847350318,6.2962652107424715,10.0,30.0,5000.0,-0.0005053908200130823,1.3613233984357174e-09,4.188353364135108e-08,0.005329747212134883
k_io,1,6,27,28,29,124519.70847350318,6.2962652107424715,10.0,30.0,5500.0,-0.0004109178730194816,1.3314267615643589e-09,3.880216811535837e-08,0.00788510024631928
k_io,1,6,27,28,29,124519.70847350318,6.2962652107424715,10.0,30.0,6000.0,-0.0003371780651508678,1.336340182543007e-09,3.535314105989466e-08,0.011754344068593036
k_io,1,6,27,28,29,124519.70847350318,6.2962652107424715,10.0,30.0,6500.0,-0.0002787336354118904,1.3748696001389884e-09,3.2134228514171705e-08,0.01769631136326062
k_io,1,6,27,28,29,124519.70847350318,6.2962652107424715,10.0,30.0,7000.0,-0.00023284746502430986,1.4313338417435987e-09,2.998299734876786e-08,0.02639963432366837
k_io,1,6,27,28,29,124519.70847350318,6.2962652107424715,10.0,30.0,7500.0,-0.00019789633533826142,1.4943971871025081e-09,2.9459466948110364e-08,0.03815843349541047
k_io,1,6,27,28,29,124519.70847350318,6.2962652107424715,10.0,30.0,8000.0,-0.00017238689510116036,1.5658523124342218e-09,3.062323199874051e-08,0.05269171120835961
k_io,1,6,27,28,29,124519.70847350318,6.2962652107424715,10.0,30.0,8500.0,-0.00015457647047794742,1.6564151907485325e-09,3.308142433952014e-08,0.06932381130659901
k_io,1,6,27,28,29,124519.70847350318,6.2962652107424715,10.0,30.0,9000.0,-0.00014252072116214317,1.7762973139793153e-09,3.620011849332962e-08,0.08744996431825472
k_io,1,6,27,28,29,124519.70847350318,6.2962652107424715,10.0,30.0,9500.0,-0.000134313013887112,1.9279586764131806e-09,3.9355881230971284e-08,0.10687140824469045
k_io,1,6,27,28,29,124519.70847350318,6.2962652107424715,10.0,30.0,10000.0,-0.0001283205713572648,2.103617499742587e-09,4.2122314264161014e-08,0.12775391139667
k_io,1,6,27,28,29,124519.70847350318,6.2962652107424715,10.0,30.0,10500.0,-0.0001233109898151636,2.2872129787730377e-09,4.433426411813137e-08,0.15041911843702668
k_io,1,6,27,28,29,124519.70847350318,6.2962652107424715,10.0,30.0,11000.0,-0.00011845165284000091,2.4598249989554734e-09,4.6037857371364896e-08,0.1753161644554057
k_io,1,6,27,28,29,124519.70847350318,6.2962652107424715,10.0,30.0,11500.0,-0.00011322301401569678,2.606714704330901e-09,4.73847367694243e-08,0.20334058955378642
k_io,1,6,27,28,29,124519.70847350318,6.2962652107424715,10.0,30.0,12000.0,-0.00010730572197327698,2.7230424376240364e-09,4.8535941440431764e-08,0.23648774921736856
k_io,1,6,27,28,29,124519.70847350318,6.2962652107424715,12.0,36.0,0.0,0.0,0.0,0.0,
k_io,1,6,27,28,29,124519.70847350318,6.2962652107424715,12.0,36.0,500.0,-0.004062171654533042,7.211977507500804e-10,1.1727737557907747e-07,4.370567388174068e-05
k_io,1,6,27,28,29,124519.70847350318,6.2962652107424715,12.0,36.0,1000.0,-0.004480366874578756,1.5284567483755245e-09,1.7694177410268533e-07,7.614230127160643e-05
k_io,1,6,27,28,29,124519.70847350318,6.2962652107424715,12.0,36.0,1500.0,-0.0038480311910821102,1.9256198855398007e-09,1.7177292610571803e-07,0.00013004492090933802
k_io,1,6,27,28,29,124519.70847350318,6.2962652107424715,12.0,36.0,2000.0,-0.0030435363549628017,1.882708082269495e-09,1.4504706190898438e-07,0.0002032478683685136
k_io,1,6,27,28,29,124519.70847350318,6.2962652107424715,12.0,36.0,2500.0,-0.0023325476102163192,1.6229139393439903e-09,1.1614191590126488e-07,0.0002982870894148732
k_io,1,6,27,28,29,124519.70847350318,6.2962652107424715,12.0,36.0,3000.0,-0.0017724977712213798,1.3838288280856995e-09,9.103584952784902e-08,0.0004404645676134046
k_io,1,6,27,28,29,124519.70847350318,6.2962652107424715,12.0,36.0,3500.0,-0.0013554145339144952,1.314355031599694e-09,7.136333655986209e-08,0.0007154320892243914
k_io,1,6,27,28,29,124519.70847350318,6.2962652107424715,12.0,36.0,4000.0,-0.001055244391450794,1.4444047441942397e-09,5.731964881950919e-08,0.0012971279010036683
k_io,1,6,27,28,29,124519.70847350318,6.2962652107424715,12.0,36.0,4500.0,-0.0008434160326065386,1.7144943823144419e-09,4.8010772485920176e-08,0.0024101960025540987
k_io,1,6,27,28,29,124519.70847350318,6.2962652107424715,12.0,36.0,5000.0,-0.0006945671686486698,2.0330650698079887e-09,4.197803247638311e-08,0.004214274080051348
k_io,1,6,27,28,29,124519.70847350318,6.2962652107424715,12.0,36.0,5500.0,-0.0005886862681352282,2.3280543440888575e-09,3.7948366281998227e-08,0.006717772666813185
k_io,1,6,27,28,29,124519.70847350318,6.2962652107424715,12.0,36.0,6000.0,-0.0005113278992455381,2.5697063184176394e-09,3.517520478531942e-08,0.009828438248831516
k_io,1,6,27,28,29,124519.70847350318,6.2962652107424715,12.0,36.0,6500.0,-0.0004527277481106767,2.7611588193287377e-09,3.3307505629203305e-08,0.013471537374407289
k_io,1,6,27,28,29,124519.70847350318,6.2962652107424715,12.0,36.0,7000.0,-0.00040653313464845877,2.914387430391413e-09,3.21284493474021e-08,0.017634184798904246
k_io,1,6,27,28,29,124519.70847350318,6.2962652107424715,12.0,36.0,7500.0,-0.0003686537498366316,3.0333685215557822e-09,3.141755418340785e-08,0.022319674875180072
k_io,1,6,27,28,29,124519.70847350318,6.2962652107424715,12.0,36.0,8000.0,-0.00033644292393838126,3.112527370311109e-09,3.095456144514515e-08,0.02749732088723439
k_io,1,6,27,28,29,124519.70847350318,6.2962652107424715,12.0,36.0,8500.0,-0.0003081948851405402,3.143571227938072e-09,3.0574851179408166e-08,0.03309576708814665
k_io,1,6,27,28,29,124519.70847350318,6.2962652107424715,12.0,36.0,9000.0,-0.000282848219210206,3.120505232595406e-09,3.0208446320967596e-08,0.03900479660435561
k_io,1,6,27,28,29,124519.70847350318,6.2962652107424715,12.0,36.0,9500.0,-0.0002597901044385578,3.0398249405019506e-09,2.988254938193607e-08,0.04504051678343855
k_io,1,6,27,28,29,124519.70847350318,6.2962652107424715,12.0,36.0,10000.0,-0.00023870124584254252,2.899712289324831e-09,2.9689961073804413e-08,0.05089153352358107
k_io,1,6,27,28,29,124519.70847350318,6.2962652107424715,12.0,36.0,10500.0,-0.00021942382020411584,2.7021546432015486e-09,2.9734645215286927e-08,0.0561232298040368
k_io,1,6,27,28,29,124519.70847350318,6.2962652107424715,12.0,36.0,11000.0,-0.00020185677301620924,2.457238076884039e-09,3.007683609394383e-08,0.060306008446155177
k_io,1,6,27,28,29,124519.70847350318,6.2962652107424715,12.0,36.0,11500.0,-0.00018588632620865288,2.185623650323041e-09,3.070459963742467e-08,0.06325290746240747
k_io,1,6,27,28,29,124519.70847350318,6.2962652107424715,12.0,36.0,12000.0,-0.00017135371311061934,1.916183340215479e-09,3.154568971509876e-08,0.06526044345352554
k_io,1,6,27,28,29,124519.70847350318,6.2962652107424715,15.0,40.0,0.0,0.0,0.0,0.0,
k_io,1,6,27,28,29,124519.70847350318,6.2962652107424715,15.0,40.0,500.0,-0.004382523873624811,7.272005421479193e-10,1.0134500630225984e-07,3.786217973991398e-05
k_io,1,6,27,28,29,124519.70847350318,6.2962652107424715,15.0,40.0,1000.0,-0.004948437067313682,1.436619570890263e-09,1.6443026097861654e-07,5.866859335549382e-05
k_io,1,6,27,28,29,124519.70847350318,6.2962652107424715,15.0,40.0,1500.0,-0.004358515463742621,1.762396427981813e-09,1.6953116461933514e-07,9.277402984946339e-05
k_io,1,6,27,28,29,124519.70847350318,6.2962652107424715,15.0,40.0,2000.0,-0.0035462621069557096,1.753154817752347e-09,1.4690091055415864e-07,0.0001394050820981468
k_io,1,6,27,28,29,124519.70847350318,6.2962652107424715,15.0,40.0,2500.0,-0.0028053039924446008,1.6637425190051097e-09,1.1869009677817039e-07,0.00021141035529918052
k_io,1,6,27,28,29,124519.70847350318,6.2962652107424715,15.0,40.0,3000.0,-0.002204118557534506,1.6549498790472102e-09,9.590074385341925e-08,0.00034065513769200166
k_io,1,6,27,28,29,124519.70847350318,6.2962652107424715,15.0,40.0,3500.0,-0.00173912684791961,1.7441136499450616e-09,8.02282162553139e-08,0.0005766499541296743
k_io,1,6,27,28,29,124519.70847350318,6.2962652107424715,15.0,40.0,4000.0,-0.0013875290640564183,1.8917017651503735e-09,6.932635933559647e-08,0.0009825812925213634
k_io,1,6,27,28,29,124519.70847350318,6.2962652107424715,15.0,40.0,4500.0,-0.001124297593167952,2.060196634155902e-09,6.091015763147989e-08,0.0016298442753404758
k_io,1,6,27,28,29,124519.70847350318,6.2962652107424715,15.0,40.0,5000.0,-0.0009272968158475711,2.2230384348209075e-09,5.4014108089943786e-08,0.002585291000604115
k_io,1,6,27,28,29,124519.70847350318,6.2962652107424715,15.0,40.0,5500.0,-0.0007785214455187286,2.3686140263731804e-09,4.8477542848175944e-08,0.003907987231102848
k_io,1,6,27,28,29,124519.70847350318,6.2962652107424715,15.0,40.0,6000.0,-0.000663972466884581,2.499013603971313e-09,4.418318584969372e-08,0.005668504279321737
k_io,1,6,27,28,29,124519.70847350318,6.2962652107424715,15.0,40.0,6500.0,-0.0005730908120007219,2.617063142190395e-09,4.078847562284439e-08,0.007968329961632383
k_io,1,6,27,28,29,124519.70847350318,6.2962652107424715,15.0,40.0,7000.0,-0.0004981669126256638,2.7159311625081683e-09,3.7880648586147945e-08,0.01094382147983556
k_io,1,6,27,28,29,124519.70847350318,6.2962652107424715,15.0,40.0,7500.0,-0.00043387364783611417,2.7812682336815733e-09,3.5202742684947394e-08,0.014774620318767865
k_io,1,6,27,28,29,124519.70847350318,6.2962652107424715,15.0,40.0,8000.0,-0.0003768943957090237,2.800010077066957e-09,3.273981994857405e-08,0.019711525445032074
k_io,1,6,27,28,29,124519.70847350318,6.2962652107424715,15.0,40.0,8500.0,-0.0003255527696976869,2.767742422495004e-09,3.06633493074111e-08,0.02611457013113374
k_io,1,6,27,28,29,124519.70847350318,6.2962652107424715,15.0,40.0,9000.0,-0.00027937981195351545,2.692180523495941e-09,2.9214565343580278e-08,0.03449166319513035
k_io,1,6,27,28,29,124519.70847350318,6.2962652107424715,15.0,40.0,9500.0,-0.00023862417404740517,2.593055152220724e-09,2.8593543258773655e-08,0.04553893582621033
k_io,1,6,27,28,29,124519.70847350318,6.2962652107424715,15.0,40.0,10000.0,-0.00020376842382240426,2.4981391956658366e-09,2.888887655728909e-08,0.06016485317755645
k_io,1,6,27,28,29,124519.70847350318,6.2962652107424715,15.0,40.0,10500.0,-0.00017513310218457336,2.4361680036446306e-09,3.005825041605364e-08,0.07942747450977763
k_io,1,6,27,28,29,124519.70847350318,6.2962652107424715,15.0,40.0,11000.0,-0.0001526301911026957,2.4291031057207575e-09,3.1951775695585155e-08,0.10427136366294955
k_io,1,6,27,28,29,124519.70847350318,6.2962652107424715,15.0,40.0,11500.0,-0.00013568633078559975,2.4865721311334424e-09,3.435775374285191e-08,0.13506065914825385
k_io,1,6,27,28,29,124519.70847350318,6.2962652107424715,15.0,40.0,12000.0,-0.00012331369936209417,2.604042194907732e-09,3.704889255000965e-08,0.17124794313658429
k_io,1,6,27,28,29,124519.70847350318,6.2962652107424715,20.0,50.0,0.0,0.0,0.0,0.0,
k_io,1,6,27,28,29,124519.70847350318,6.2962652107424715,20.0,50.0,500.0,-0.005019474004404889,9.634152013197304e-10,6.583780367922881e-08,3.823816789985253e-05
k_io,1,6,27,28,29,124519.70847350318,6.2962652107424715,20.0,50.0,1000.0,-0.005880733144697614,2.1124183270481893e-09,1.1187714151071011e-07,6.108252504810022e-05
k_io,1,6,27,28,29,124519.70847350318,6.2962652107424715,20.0,50.0,1500.0,-0.005370389550273982,2.9502763146465136e-09,1.2240669664041713e-07,0.00010229422453944419
k_io,1,6,27,28,29,124519.70847350318,6.2962652107424715,20.0,50.0,2000.0,-0.0045285144998843535,3.428836542753286e-09,1.1213465650416674e-07,0.00016719960877144388
k_io,1,6,27,28,29,124519.70847350318,6.2962652107424715,20.0,50.0,2500.0,-0.0037118345009558365,3.752933322073686e-09,9.456569771211792e-08,0.0002723915557358781
k_io,1,6,27,28,29,124519.70847350318,6.2962652107424715,20.0,50.0,3000.0,-0.0030195046720022656,3.991969264010409e-09,7.835313727172643e-08,0.0004378403446183248
k_io,1,6,27,28,29,124519.70847350318,6.2962652107424715,20.0,50.0,3500.0,-0.002460678286060017,4.053266929931779e-09,6.656213703092376e-08,0.0006694151417070574
k_io,1,6,27,28,29,124519.70847350318,6.2962652107424715,20.0,50.0,4000.0,-0.002018120397706248,3.908060251928004e-09,5.8863500609651874e-08,0.0009595488888134408
k_io,1,6,27,28,29,124519.70847350318,6.2962652107424715,20.0,50.0,4500.0,-0.0016704113030207822,3.6664330672945345e-09,5.376821006402176e-08,0.0013140047073369164
k_io,1,6,27,28,29,124519.70847350318,6.2962652107424715,20.0,50.0,5000.0,-0.0013982418593731123,3.462354225249786e-09,4.981984833622572e-08,0.0017709524411993354
k_io,1,6,27,28,29,124519.70847350318,6.2962652107424715,20.0,50.0,5500.0,-0.0011853033781974824,3.3493373576519434e-09,4.604663917901625e-08,0.0023839648577808
k_io,1,6,27,28,29,124519.70847350318,6.2962652107424715,20.0,50.0,6000.0,-0.0010179186568742716,3.2981899132193853e-09,4.211820418468372e-08,0.0031830943402511116
k_io,1,6,27,28,29,124519.70847350318,6.2962652107424715,20.0,50.0,6500.0,-0.0008847340820789702,3.2528180665726845e-09,3.828845017371984e-08,0.004155604980601653
k_io,1,6,27,28,29,124519.70847350318,6.2962652107424715,20.0,50.0,7000.0,-0.0007766166648079491,3.1796749583943488e-09,3.508420054130919e-08,0.005271926121363653
k_io,1,6,27,28,29,124519.70847350318,6.2962652107424715,20.0,50.0,7500.0,-0.0006865680787553853,3.084016082935952e-09,3.2888499709431426e-08,0.006542585686572332
k_io,1,6,27,28,29,124519.70847350318,6.2962652107424715,20.0,50.0,8000.0,-0.000609514663006969,2.998562384896144e-09,3.168535387875628e-08,0.008071323849440665
k_io,1,6,27,28,29,124519.70847350318,6.2962652107424715,20.0,50.0,8500.0,-0.0005419684392881504,2.96102907755189e-09,3.110200175169458e-08,0.01008079257392805
k_io,1,6,27,28,29,124519.70847350318,6.2962652107424715,20.0,50.0,9000.0,-0.0004816389317002694,2.993949957966229e-09,3.066210897847971e-08,0.012906288481380104
k_io,1,6,27,28,29,124519.70847350318,6.2962652107424715,20.0,50.0,9500.0,-0.0004270817403479576,3.0942706149783927e-09,3.004892228881665e-08,0.01696431333694764
k_io,1,6,27,28,29,124519.70847350318,6.2962652107424715,20.0,50.0,10000.0,-0.00037742903224136006,3.2350827772092175e-09,2.9222431057206617e-08,0.02270987744751026
k_io,1,6,27,28,29,124519.70847350318,6.2962652107424715,20.0,50.0,10500.0,-0.0003322012211227593,3.37768966498216e-09,2.836001641677884e-08,0.030606755623379348
k_io,1,6,27,28,29,124519.70847350318,6.2962652107424715,20.0,50.0,11000.0,-0.0002911734896773009,3.4880148380772272e-09,2.7696874160808635e-08,0.04114098267554773
k_io,1,6,27,28,29,124519.70847350318,6.2962652107424715,20.0,50.0,11500.0,-0.0002542694665672897,3.5494417714592243e-09,2.7376982530161947e-08,0.05489990995090464
k_io,1,6,27,28,29,124519.70847350318,6.2962652107424715,20.0,50.0,12000.0,-0.0002214676655182585,3.566243965542073e-09,2.7390947557069915e-08,0.072709372100201
k_io,1,6,27,28,29,124519.70847350318,6.2962652107424715,25.0,60.0,0.0,0.0,0.0,0.0,
k_io,1,6,27,28,29,124519.70847350318,6.2962652107424715,25.0,60.0,500.0,-0.00548165812844037,1.3976851585792907e-09,5.8571866663755155e-08,4.65141897624906e-05
k_io,1,6,27,28,29,124519.70847350318,6.2962652107424715,25.0,60.0,1000.0,-0.006625965934464184,2.543505354412307e-09,9.02185269751738e-08,5.793409921053287e-05
k_io,1,6,27,28,29,124519.70847350318,6.2962652107424715,25.0,60.0,1500.0,-0.006247129430772241,2.971381369558218e-09,9.381827580202983e-08,7.613728535115252e-05
k_io,1,6,27,28,29,124519.70847350318,6.2962652107424715,25.0,60.0,2000.0,-0.0054380097683033035,3.1151504762828873e-09,8.79283184377619e-08,0.00010534139449660478
k_io,1,6,27,28,29,124519.70847350318,6.2962652107424715,25.0,60.0,2500.0,-0.004598313090464941,3.2863295151663545e-09,7.919954950533998e-08,0.00015542255026845627
k_io,1,6,27,28,29,124519.70847350318,6.2962652107424715,25.0,60.0,3000.0,-0.0038570457507883307,3.4904532773524838e-09,6.972153091345188e-08,0.0002346238993609186
k_io,1,6,27,28,29,124519.70847350318,6.2962652107424715,25.0,60.0,3500.0,-0.0032412331776651253,3.6108836809409673e-09,6.07023977750192e-08,0.000343710616685105
k_io,1,6,27,28,29,124519.70847350318,6.2962652107424715,25.0,60.0,4000.0,-0.0027416308509572336,3.639048046097269e-09,5.303636098102382e-08,0.0004841387367382061
k_io,1,6,27,28,29,124519.70847350318,6.2962652107424715,25.0,60.0,4500.0,-0.00233837231673225,3.6607966861546362e-09,4.710572154935858e-08,0.0006694964643810761
k_io,1,6,27,28,29,124519.70847350318,6.2962652107424715,25.0,60.0,5000.0,-0.002011078113836332,3.735788055467539e-09,4.290487072531823e-08,0.0009236859757293323
k_io,1,6,27,28,29,124519.70847350318,6.2962652107424715,25.0,60.0,5500.0,-0.0017425469533413705,3.857420136463997e-09,4.033820713491977e-08,0.0012703633769030583
k_io,1,6,27,28,29,124519.70847350318,6.2962652107424715,25.0,60.0,6000.0,-0.0015195766415427633,3.984914021382289e-09,3.93234118592819e-08,0.0017257335300748936
k_io,1,6,27,28,29,124519.70847350318,6.2962652107424715,25.0,60.0,6500.0,-0.0013325187040447838,4.0776087287909455e-09,3.9674729478835506e-08,0.0022964601983130584
k_io,1,6,27,28,29,124519.70847350318,6.2962652107424715,25.0,60.0,7000.0,-0.001174399654486992,4.110135970143758e-09,4.098393143810708e-08,0.002980055550266294
k_io,1,6,27,28,29,124519.70847350318,6.2962652107424715,25.0,60.0,7500.0,-0.0010400461857052925,4.079538715494907e-09,4.2662989124166384e-08,0.0037714278850330945
k_io,1,6,27,28,29,124519.70847350318,6.2962652107424715,25.0,60.0,8000.0,-0.0009254126635025025,4.008586733553723e-09,4.412400715047455e-08,0.004680803485693515
k_io,1,6,27,28,29,124519.70847350318,6.2962652107424715,25.0,60.0,8500.0,-0.0008271621891600871,3.940902099634838e-09,4.495791382400902e-08,0.00575989144286168
k_io,1,6,27,28,29,124519.70847350318,6.2962652107424715,25.0,60.0,9000.0,-0.0007424669835615011,3.92788007104991e-09,4.500287252880481e-08,0.007125312679055922
k_io,1,6,27,28,29,124519.70847350318,6.2962652107424715,25.0,60.0,9500.0,-0.0006689525803147784,4.013694110622232e-09,4.4295785128333237e-08,0.00896919786126003
k_io,1,6,27,28,29,124519.70847350318,6.2962652107424715,25.0,60.0,10000.0,-0.0006047028176979549,4.22443684036633e-09,4.297428929150904e-08,0.011552735673914311
k_io,1,6,27,28,29,124519.70847350318,6.2962652107424715,25.0,60.0,10500.0,-0.0005482595489376034,4.563548852322948e-09,4.119941360922366e-08,0.01518204572462434
k_io,1,6,27,28,29,124519.70847350318,6.2962652107424715,25.0,60.0,11000.0,-0.0004985810887582669,5.01296372549631e-09,3.912528507125446e-08,0.0201661483978808
k_io,1,6,27,28,29,124519.70847350318,6.2962652107424715,25.0,60.0,11500.0,-0.0004549546215111334,5.538230708429416e-09,3.690106666686141e-08,0.026756843674930007
k_io,1,6,27,28,29,124519.70847350318,6.2962652107424715,25.0,60.0,12000.0,-0.0004168805122601606,6.095740409446492e-09,3.467814345169162e-08,0.035075452011290295
k_io,1,6,27,28,29,124519.70847350318,6.2962652107424715,30.0,80.0,0.0,0.0,0.0,0.0,
k_io,1,6,27,28,29,124519.70847350318,6.2962652107424715,30.0,80.0,500.0,-0.005959013645164157,2.1641866905686326e-09,4.375749825893168e-08,6.0946105917275177e-05
k_io,1,6,27,28,29,124519.70847350318,6.2962652107424715,30.0,80.0,1000.0,-0.007395597288076761,3.4098133081399838e-09,6.714398692866732e-08,6.234248254878825e-05
k_io,1,6,27,28,29,124519.70847350318,6.2962652107424715,30.0,80.0,1500.0,-0.007171307651234346,3.8729197869284505e-09,6.849204789583095e-08,7.530811788450572e-05
k_io,1,6,27,28,29,124519.70847350318,6.2962652107424715,30.0,80.0,2000.0,-0.006424748610571643,3.745462770087726e-09,6.169455527085382e-08,9.073883651061055e-05
k_io,1,6,27,28,29,124519.70847350318,6.2962652107424715,30.0,80.0,2500.0,-0.005587130942098291,3.399472072522896e-09,5.455992264244069e-08,0.00010890147904277154
k_io,1,6,27,28,29,124519.70847350318,6.2962652107424715,30.0,80.0,3000.0,-0.004808970496407522,3.2608514442864633e-09,5.021212186067145e-08,0.00014100249215666708
k_io,1,6,27,28,29,124519.70847350318,6.2962652107424715,30.0,80.0,3500.0,-0.004133888807602432,3.445214364870828e-09,4.8949166617864865e-08,0.0002016037785318235
k_io,1,6,27,28,29,124519.70847350318,6.2962652107424715,30.0,80.0,4000.0,-0.0035658770587812423,3.783449911281213e-09,4.9944761743860425e-08,0.00029754678154594736
k_io,1,6,27,28,29,124519.70847350318,6.2962652107424715,30.0,80.0,4500.0,-0.003094776709362767,4.090834092012693e-09,5.202411848318582e-08,0.0004271232643479931
k_io,1,6,27,28,29,124519.70847350318,6.2962652107424715,30.0,80.0,5000.0,-0.00270620800756273,4.315696081619098e-09,5.403299742522446e-08,0.0005892892299057277
k_io,1,6,27,28,29,124519.70847350318,6.2962652107424715,30.0,80.0,5500.0,-0.0023855635061217143,4.498141409212903e-09,5.513819695295695e-08,0.0007904076583388241
k_io,1,6,27,28,29,124519.70847350318,6.2962652107424715,30.0,80.0,6000.0,-0.0021195506707318464,4.6797862055670025e-09,5.498178045667984e-08,0.001041689786601387
k_io,1,6,27,28,29,124519.70847350318,6.2962652107424715,30.0,80.0,6500.0,-0.00189672561983667,4.865272182221925e-09,5.3630850699577214e-08,0.0013523780726767262
k_io,1,6,27,28,29,124519.70847350318,6.2962652107424715,30.0,80.0,7000.0,-0.0017076680054043634,5.034704452574101e-09,5.1412560832394184e-08,0.0017265020502423014
k_io,1,6,27,28,29,124519.70847350318,6.2962652107424715,30.0,80.0,7500.0,-0.0015450189700481273,5.168985705631014e-09,4.875200168107907e-08,0.0021653978382107615
k_io,1,6,27,28,29,124519.70847350318,6.2962652107424715,30.0,80.0,8000.0,-0.0014033841544446937,5.263849187090303e-09,4.60673886426502e-08,0.0026727005357506223
k_io,1,6,27,28,29,124519.70847350318,6.2962652107424715,30.0,80.0,8500.0,-0.0012790594465976694,5.329104648511792e-09,4.3712967064177346e-08,0.0032574127317374505
k_io,1,6,27,28,29,124519.70847350318,6.2962652107424715,30.0,80.0,9000.0,-0.0011695960367694488,5.379367209300292e-09,4.1939608337629395e-08,0.003932415645914193
k_io,1,6,27,28,29,124519.70847350318,6.2962652107424715,30.0,80.0,9500.0,-0.0010732944007197523,5.424524617581834e-09,4.085908684885292e-08,0.0047089486769453974
k_io,1,6,27,28,29,124519.70847350318,6.2962652107424715,30.0,80.0,10000.0,-0.000988746561688316,5.4656502224487605e-09,4.042455139290015e-08,0.005590773046850175
k_io,1,6,27,28,29,124519.70847350318,6.2962652107424715,30.0,80.0,10500.0,-0.0009145215594393375,5.4973231805491655e-09,4.044914224567701e-08,0.0065729960737687596
k_io,1,6,27,28,29,124519.70847350318,6.2962652107424715,30.0,80.0,11000.0,-0.0008490321187204549,5.512981601173665e-09,4.066927510992974e-08,0.007647831369563649
k_io,1,6,27,28,29,124519.70847350318,6.2962652107424715,30.0,80.0,11500.0,-0.0007905617089494325,5.509069301576008e-09,4.083253519582899e-08,0.008814682724309344
k_io,1,6,27,28,29,124519.70847350318,6.2962652107424715,30.0,80.0,12000.0,-0.0007373927883504569,5.4858515468658475e-09,4.077465734729785e-08,0.01008895718732731
k_io,1,7,33,34,35,138949.5494373136,6.2962652107424715,5.0,15.0,0.0,0.0,0.0,0.0,
k_io,1,7,33,34,35,138949.5494373136,6.2962652107424715,5.0,15.0,500.0,-0.002180527073524563,5.288207629059855e-10,1.1746210324813636e-07,0.00011122067637024662
k_io,1,7,33,34,35,138949.5494373136,6.2962652107424715,5.0,15.0,1000.0,-0.002068005839186704,8.749672315292619e-10,1.177452718002507e-07,0.00020459182066287618
k_io,1,7,33,34,35,138949.5494373136,6.2962652107424715,5.0,15.0,1500.0,-0.0015446147413280265,1.0676208646029365e-09,7.456561833407759e-08,0.00044748316595161046
k_io,1,7,33,34,35,138949.5494373136,6.2962652107424715,5.0,15.0,2000.0,-0.0010828850394956832,1.1739128716219261e-09,4.633208946671544e-08,0.0010010854677043647
k_io,1,7,33,34,35,138949.5494373136,6.2962652107424715,5.0,15.0,2500.0,-0.0007560037541653498,1.1802919711639661e-09,3.436527538912663e-08,0.0020651021965359564
k_io,1,7,33,34,35,138949.5494373136,6.2962652107424715,5.0,15.0,3000.0,-0.0005407239367002693,1.1770815983794944e-09,3.166119586601887e-08,0.004025829516838466
k_io,1,7,33,34,35,138949.5494373136,6.2962652107424715,5.0,15.0,3500.0,-0.0004008745465111357,1.2458288619283639e-09,3.3802104938041926e-08,0.007752493746806686
k_io,1,7,33,34,35,138949.5494373136,6.2962652107424715,5.0,15.0,4000.0,-0.00030794122111852014,1.343504339632461e-09,3.829970116904695e-08,0.014167832651022958
k_io,1,7,33,34,35,138949.5494373136,6.2962652107424715,5.0,15.0,4500.0,-0.0002435342671305487,1.3895522103145393e-09,4.3150018484279505e-08,0.023429051800494243
k_io,1,7,33,34,35,138949.5494373136,6.2962652107424715,5.0,15.0,5000.0,-0.0001968163561933819,1.3759064616055783e-09,4.662684290766726e-08,0.0355194748317933
k_io,1,7,33,34,35,138949.5494373136,6.2962652107424715,5.0,15.0,5500.0,-0.0001614084168355995,1.3563354396725385e-09,4.773883627042846e-08,0.05206126949455147
k_io,1,7,33,34,35,138949.5494373136,6.2962652107424715,5.0,15.0,6000.0,-0.00013329295970568398,1.3740618729245467e-09,4.6530570090791645e-08,0.07733780937975239
k_io,1,7,33,34,35,138949.5494373136,6.2962652107424715,5.0,15.0,6500.0,-0.00010980411826654306,1.4273401299115236e-09,4.39227553540531e-08,0.11838323906490264
k_io,1,7,33,34,35,138949.5494373136,6.2962652107424715,5.0,15.0,7000.0,-8.925041573259974e-05,1.4886715209125425e-09,4.1223012333953514e-08,0.18688669536420938
k_io,1,7,33,34,35,138949.5494373136,6.2962652107424715,5.0,15.0,7500.0,-7.0732088044239e-05,1.5354227412061057e-09,3.958991299894876e-08,0.3068986732737268
k_io,1,7,33,34,35,138949.5494373136,6.2962652107424715,5.0,15.0,8000.0,-5.3940277954683726e-05,1.5604749891367342e-09,3.9676705929815456e-08,0.5363279771636739
k_io,1,7,33,34,35,138949.5494373136,6.2962652107424715,5.0,15.0,8500.0,-3.89185144118666e-05,1.5653263424780878e-09,4.153308029377743e-08,1.0334569391538808
k_io,1,7,33,34,35,138949.5494373136,6.2962652107424715,5.0,15.0,9000.0,-2.5845611453918565e-05,1.551975608070803e-09,4.4717454996591955e-08,2.3233319726291906
k_io,1,7,33,34,35,138949.5494373136,6.2962652107424715,5.0,15.0,9500.0,-1.4888986286909576e-05,1.5221931363466824e-09,4.8524204902361825e-08,6.866564430710898
k_io,1,7,33,34,35,138949.5494373136,6.2962652107424715,5.0,15.0,10000.0,-6.135910968121027e-06,1.4813593795253382e-09,5.2234941017189794e-08,39.34615811688307
k_io,1,7,33,34,35,138949.5494373136,6.2962652107424715,5.0,15.0,10500.0,4.2082566538382757e-07,1.4406461750201208e-09,5.531816605808555e-08,8134.912630512841
k_io,1,7,33,34,35,138949.5494373136,6.2962652107424715,5.0,15.0,11000.0,4.873515752390738e-06,1.4147786222089345e-09,5.75230616580527e-08,59.5667273958955
k_io,1,7,33,34,35,138949.5494373136,6.2962652107424715,5.0,15.0,11500.0,7.3868358890388265e-06,1.416906137070073e-09,5.88538539010629e-08,25.967143638708073
k_io,1,7,33,34,35,138949.5494373136,6.2962652107424715,5.0,15.0,12000.0,8.18755996345559e-06,1.4539432496471184e-09,5.9460198241843624e-08,21.688947031546
k_io,1,7,33,34,35,138949.5494373136,6.2962652107424715,7.0,25.0,0.0,0.0,0.0,0.0,
k_io,1,7,33,34,35,138949.5494373136,6.2962652107424715,7.0,25.0,500.0,-0.0032872635984491083,8.626949429752981e-10,1.3675226683330968e-07,7.983405539893274e-05
k_io,1,7,33,34,35,138949.5494373136,6.2962652107424715,7.0,25.0,1000.0,-0.0033607707456973224,1.2777820750204871e-09,1.8310026007520941e-07,0.0001131303198857853
k_io,1,7,33,34,35,138949.5494373136,6.2962652107424715,7.0,25.0,1500.0,-0.0026722157617826148,1.3418676288926682e-09,1.5098768983825047e-07,0.00018791724360180592
k_io,1,7,33,34,35,138949.5494373136,6.2962652107424715,7.0,25.0,2000.0,-0.0019725399459819964,1.3244755852807563e-09,1.0888289001428053e-07,0.0003404021883438
k_io,1,7,33,34,35,138949.5494373136,6.2962652107424715,7.0,25.0,2500.0,-0.0014347146503186463,1.2957989348569254e-09,7.756513742399885e-08,0.0006295156807647754
k_io,1,7,33,34,35,138949.5494373136,6.2962652107424715,7.0,25.0,3000.0,-0.0010580002412341576,1.2400105510995438e-09,5.8474896455665886e-08,0.001107780834144314
k_io,1,7,33,34,35,138949.5494373136,6.2962652107424715,7.0,25.0,3500.0,-0.0008033648357848415,1.1709993358005117e-09,4.846032047984293e-08,0.0018143915401729416
k_io,1,7,33,34,35,138949.5494373136,6.2962652107424715,7.0,25.0,4000.0,-0.0006322881992525675,1.1391344234481328e-09,4.4073165133011334e-08,0.002849343597066247
k_io,1,7,33,34,35,138949.5494373136,6.2962652107424715,7.0,25.0,4500.0,-0.0005151004811620079,1.1869248939370376e-09,4.2804812090379406e-08,0.004473416419526709
k_io,1,7,33,34,35,138949.5494373136,6.2962652107424715,7.0,25.0,5000.0,-0.0004312371795134563,1.3173842229927436e-09,4.31134389097148e-08,0.007084024658391031
k_io,1,7,33,34,35,138949.5494373136,6.2962652107424715,7.0,25.0,5500.0,-0.0003676254176735727,1.4899293143595984e-09,4.402480570988209e-08,0.011024390879058259
k_io,1,7,33,34,35,138949.5494373136,6.2962652107424715,7.0,25.0,6000.0,-0.00031670110530115144,1.6395519659249064e-09,4.489995254584313e-08,0.01634654702284498
k_io,1,7,33,34,35,138949.5494373136,6.2962652107424715,7.0,25.0,6500.0,-0.00027454170452411667,1.7089973415372216e-09,4.542394416583475e-08,0.022673822146216677
k_io,1,7,33,34,35,138949.5494373136,6.2962652107424715,7.0,25.0,7000.0,-0.00023935218216726084,1.675592317615948e-09,4.5590345304606905e-08,0.02924782516217976
k_io,1,7,33,34,35,138949.5494373136,6.2962652107424715,7.0,25.0,7500.0,-0.00021037039952728548,1.5582562162473844e-09,4.557019556601839e-08,0.035210290206506
k_io,1,7,33,34,35,138949.5494373136,6.2962652107424715,7.0,25.0,8000.0,-0.0001871458084317366,1.4048629916277718e-09,4.553594708163125e-08,0.04011194886527799
k_io,1,7,33,34,35,138949.5494373136,6.2962652107424715,7.0,25.0,8500.0,-0.00016911773333182006,1.2703516473003815e-09,4.5551932712312616e-08,0.0444166353416703
k_io,1,7,33,34,35,138949.5494373136,6.2962652107424715,7.0,25.0,9000.0,-0.00015543688277634,1.196516075238759e-09,4.55681804509442e-08,0.049523391826666235
k_io,1,7,33,34,35,138949.5494373136,6.2962652107424715,7.0,25.0,9500.0,-0.00014498536245643448,1.200261304824137e-09,4.547381761581395e-08,0.05709886662844864
k_io,1,7,33,34,35,138949.5494373136,6.2962652107424715,7.0,25.0,10000.0,-0.00013653864245168675,1.272736326104597e-09,4.514777296727532e-08,0.06826958750044537
k_io,1,7,33,34,35,138949.5494373136,6.2962652107424715,7.0,25.0,10500.0,-0.0001289917521131135,1.3873817748727382e-09,4.447990240826206e-08,0.08338196035362191
k_io,1,7,33,34,35,138949.5494373136,6.2962652107424715,7.0,25.0,11000.0,-0.00012156409314848611,1.5121572482386498e-09,4.3375783134317036e-08,0.10232607743228311
k_io,1,7,33,34,35,138949.5494373136,6.2962652107424715,7.0,25.0,11500.0,-0.00011391439041432382,1.6205133647756573e-09,4.1769019094249877e-08,0.12488073212746377
k_io,1,7,33,34,35,138949.5494373136,6.2962652107424715,7.0,25.0,12000.0,-0.00010613480163160151,1.6976160937571171e-09,3.964763912411286e-08,0.15070368045756893
k_io,1,7,33,34,35,138949.5494373136,6.2962652107424715,10.0,30.0,0.0,0.0,0.0,0.0,
k_io,1,7,33,34,35,138949.5494373136,6.2962652107424715,10.0,30.0,500.0,-0.0038399762094279977,7.921301576782601e-10,1.2275676782505019e-07,5.372043002612306e-05
k_io,1,7,33,34,35,138949.5494373136,6.2962652107424715,10.0,30.0,1000.0,-0.004097059298911909,1.2480474602145308e-09,1.871132914047445e-07,7.435096357619345e-05
k_io,1,7,33,34,35,138949.5494373136,6.2962652107424715,10.0,30.0,1500.0,-0.0033810991281599673,1.5280032154271565e-09,1.7536790246114602e-07,0.00013366215555477346
k_io,1,7,33,34,35,138949.5494373136,6.2962652107424715,10.0,30.0,2000.0,-0.002563002367194714,1.8776557176557497e-09,1.4012169132088714e-07,0.0002858366737981741
k_io,1,7,33,34,35,138949.5494373136,6.2962652107424715,10.0,30.0,2500.0,-0.0018879779724602988,2.242761318658727e-09,1.0684941862893264e-07,0.0006292007204136643
k_io,1,7,33,34,35,138949.5494373136,6.2962652107424715,10.0,30.0,3000.0,-0.0013891946600237855,2.4875184898670533e-09,8.287166644292189e-08,0.0012889619792644362
k_io,1,7,33,34,35,138949.5494373136,6.2962652107424715,10.0,30.0,3500.0,-0.001038454044673575,2.5950638326934484e-09,6.739185826724242e-08,0.002406431371116029
k_io,1,7,33,34,35,138949.5494373136,6.2962652107424715,10.0,30.0,4000.0,-0.0007973967219059349,2.642096720190229e-09,5.7431477438407475e-08,0.004155275468461212
k_io,1,7,33,34,35,138949.5494373136,6.2962652107424715,10.0,30.0,4500.0,-0.0006325493066757729,2.664707147829355e-09,5.073367800622473e-08,0.006659792818505427
k_io,1,7,33,34,35,138949.5494373136,6.2962652107424715,10.0,30.0,5000.0,-0.000518328536119321,2.6240577012911076e-09,4.622497314444493e-08,0.009767043956541481
k_io,1,7,33,34,35,138949.5494373136,6.2962652107424715,10.0,30.0,5500.0,-0.00043652363245171195,2.475698696193788e-09,4.3368959034824085e-08,0.012992187125443068
k_io,1,7,33,34,35,138949.5494373136,6.2962652107424715,10.0,30.0,6000.0,-0.0003749181698735997,2.2295585477524492e-09,4.161378981632662e-08,0.015861560225062
k_io,1,7,33,34,35,138949.5494373136,6.2962652107424715,10.0,30.0,6500.0,-0.00032579417107523635,1.9458572512066262e-09,4.03158386712786e-08,0.018332612438729728
k_io,1,7,33,34,35,138949.5494373136,6.2962652107424715,10.0,30.0,7000.0,-0.00028455504223404236,1.6943118636090495e-09,3.8941199474962606e-08,0.02092477421997506
k_io,1,7,33,34,35,138949.5494373136,6.2962652107424715,10.0,30.0,7500.0,-0.00024858791544297857,1.5209138456402526e-09,3.724291140883548e-08,0.02461186863693499
k_io,1,7,33,34,35,138949.5494373136,6.2962652107424715,10.0,30.0,8000.0,-0.00021642771856819707,1.4399454049511664e-09,3.527019032870807e-08,0.030741160855058364
k_io,1,7,33,34,35,138949.5494373136,6.2962652107424715,10.0,30.0,8500.0,-0.000187223693002721,1.4438920209764912e-09,3.3238618805050204e-08,0.04119202112068541
k_io,1,7,33,34,35,138949.5494373136,6.2962652107424715,10.0,30.0,9000.0,-0.0001604570917408464,1.5164886159520577e-09,3.136424170792594e-08,0.05890081738072759
k_io,1,7,33,34,35,138949.5494373136,6.2962652107424715,10.0,30.0,9500.0,-0.00013583072468145892,1.6398252624597767e-09,2.9749586065290066e-08,0.08887948658200176
k_io,1,7,33,34,35,138949.5494373136,6.2962652107424715,10.0,30.0,10000.0,-0.00011324803517490231,1.7948951324612574e-09,2.8359815007607366e-08,0.13995155494857836
k_io,1,7,33,34,35,138949.5494373136,6.2962652107424715,10.0,30.0,10500.0,-9.281430669417839e-05,1.9602767504381e-09,2.7077077982966068e-08,0.22755560604408726
k_io,1,7,33,34,35,138949.5494373136,6.2962652107424715,10.0,30.0,11000.0,-7.481640149530804e-05,2.1133262671358862e-09,2.5788687723433472e-08,0.37754864811685696
k_io,1,7,33,34,35,138949.5494373136,6.2962652107424715,10.0,30.0,11500.0,-5.966267539298095e-05,2.2347221320099563e-09,2.445856807709184e-08,0.6277953317028059
k_io,1,7,33,34,35,138949.5494373136,6.2962652107424715,10.0,30.0,12000.0,-4.778628152420279e-05,2.3137599314217175e-09,2.3151030441603545e-08,1.0132388217787942
k_io,1,7,33,34,35,138949.5494373136,6.2962652107424715,12.0,36.0,0.0,0.0,0.0,0.0,
k_io,1,7,33,34,35,138949.5494373136,6.2962652107424715,12.0,36.0,500.0,-0.0043651405233944285,9.235568833915053e-10,1.0657982619304398e-07,4.8469349505275645e-05
k_io,1,7,33,34,35,138949.5494373136,6.2962652107424715,12.0,36.0,1000.0,-0.004853165332121379,1.7660535870748807e-09,1.714276785073446e-07,7.498142743925342e-05
k_io,1,7,33,34,35,138949.5494373136,6.2962652107424715,12.0,36.0,1500.0,-0.004168336238552631,2.164185379146176e-09,1.7025848798942383e-07,0.00012455723835371542
k_io,1,7,33,34,35,138949.5494373136,6.2962652107424715,12.0,36.0,2000.0,-0.0032773038863560464,2.4562833304392654e-09,1.4094792466870725e-07,0.00022868887335576388
k_io,1,7,33,34,35,138949.5494373136,6.2962652107424715,12.0,36.0,2500.0,-0.0024891982119991662,2.7140623061614553e-09,1.0762879707884518e-07,0.000438026971229845
k_io,1,7,33,34,35,138949.5494373136,6.2962652107424715,12.0,36.0,3000.0,-0.0018736643466338715,2.88999778190967e-09,8.056358312304559e-08,0.0008232162294175881
k_io,1,7,33,34,35,138949.5494373136,6.2962652107424715,12.0,36.0,3500.0,-0.0014197282960058122,2.966754761310927e-09,6.165095081665426e-08,0.0014718758232228153
k_io,1,7,33,34,35,138949.5494373136,6.2962652107424715,12.0,36.0,4000.0,-0.0010947756583504532,2.975152238364644e-09,4.9279667940962606e-08,0.0024823266411426867
k_io,1,7,33,34,35,138949.5494373136,6.2962652107424715,12.0,36.0,4500.0,-0.0008654194846529351,2.9600588161769333e-09,4.1117318358306146e-08,0.0039522736106804915
k_io,1,7,33,34,35,138949.5494373136,6.2962652107424715,12.0,36.0,5000.0,-0.0007038205826667508,2.953239159847237e-09,3.529150146349737e-08,0.005961762788321218
k_io,1,7,33,34,35,138949.5494373136,6.2962652107424715,12.0,36.0,5500.0,-0.0005886405090685925,2.965645417931887e-09,3.0753156643865214e-08,0.008558919309280178
k_io,1,7,33,34,35,138949.5494373136,6.2962652107424715,12.0,36.0,6000.0,-0.0005043096119723856,2.9894085122979976e-09,2.719976427998662e-08,0.01175413773152276
k_io,1,7,33,34,35,138949.5494373136,6.2962652107424715,12.0,36.0,6500.0,-0.000439985585565213,3.006945294189171e-09,2.475041145080955e-08,0.015532759914267056
k_io,1,7,33,34,35,138949.5494373136,6.2962652107424715,12.0,36.0,7000.0,-0.0003885681567018535,3.005202032803643e-09,2.358688126808615e-08,0.019903949433066316
k_io,1,7,33,34,35,138949.5494373136,6.2962652107424715,12.0,36.0,7500.0,-0.0003457783726028398,2.9858597857550757e-09,2.373250528608612e-08,0.024973174838818994
k_io,1,7,33,34,35,138949.5494373136,6.2962652107424715,12.0,36.0,8000.0,-0.0003092779088576785,2.9640245191673684e-09,2.5009112416523408e-08,0.030987318168987275
k_io,1,7,33,34,35,138949.5494373136,6.2962652107424715,12.0,36.0,8500.0,-0.0002778706203736248,2.9572906565731713e-09,2.7108142442347296e-08,0.038300879768196634
k_io,1,7,33,34,35,138949.5494373136,6.2962652107424715,12.0,36.0,9000.0,-0.0002508687647344355,2.973850678875226e-09,2.9689268284177408e-08,0.04725262889686144
k_io,1,7,33,34,35,138949.5494373136,6.2962652107424715,12.0,36.0,9500.0,-0.00022768604041723244,3.007160901847834e-09,3.245199632706307e-08,0.05800746105007265
k_io,1,7,33,34,35,138949.5494373136,6.2962652107424715,12.0,36.0,10000.0,-0.00020766192362051301,3.038865543153288e-09,3.5166297550504405e-08,0.07046894010405061
k_io,1,7,33,34,35,138949.5494373136,6.2962652107424715,12.0,36.0,10500.0,-0.00019006486682172615,3.046832996729891e-09,3.7672982622923676e-08,0.08434220658473587
k_io,1,7,33,34,35,138949.5494373136,6.2962652107424715,12.0,36.0,11000.0,-0.00017419155615943207,3.0139347056175527e-09,3.9870865001950485e-08,0.09932981839822194
k_io,1,7,33,34,35,138949.5494373136,6.2962652107424715,12.0,36.0,11500.0,-0.00015948128705681793,2.9342155548584652e-09,4.170321791031149e-08,0.11536459646481674
k_io,1,7,33,34,35,138949.5494373136,6.2962652107424715,12.0,36.0,12000.0,-0.00014558934717826813,2.8147500193187325e-09,4.314824553735222e-08,0.13279466676394078
k_io,1,7,33,34,35,138949.5494373136,6.2962652107424715,15.0,40.0,0.0,0.0,0.0,0.0,
k_io,1,7,33,34,35,138949.5494373136,6.2962652107424715,15.0,40.0,500.0,-0.004715110692739111,1.186979942939357e-09,9.580951177813637e-08,5.3389959937350644e-05
k_io,1,7,33,34,35,138949.5494373136,6.2962652107424715,15.0,40.0,1000.0,-0.005386647855652432,2.2786488130554353e-09,1.6340634785488432e-07,7.85308370154207e-05
k_io,1,7,33,34,35,138949.5494373136,6.2962652107424715,15.0,40.0,1500.0,-0.004766029541686395,3.08061111283914e-09,1.7133140956644168e-07,0.0001356198993874109
k_io,1,7,33,34,35,138949.5494373136,6.2962652107424715,15.0,40.0,2000.0,-0.0038717364889905154,3.692166603631463e-09,1.467789011487566e-07,0.00024630300288750286
k_io,1,7,33,34,35,138949.5494373136,6.2962652107424715,15.0,40.0,2500.0,-0.003046500591801754,3.982718789592612e-09,1.130340899738821e-07,0.00042911837278319297
k_io,1,7,33,34,35,138949.5494373136,6.2962652107424715,15.0,40.0,3000.0,-0.002379835831824516,3.988029084632397e-09,8.281309367164394e-08,0.0007041485975386036
k_io,1,7,33,34,35,138949.5494373136,6.2962652107424715,15.0,40.0,3500.0,-0.0018721265321193156,3.868294262591668e-09,6.031692096916463e-08,0.0011036950815169872
k_io,1,7,33,34,35,138949.5494373136,6.2962652107424715,15.0,40.0,4000.0,-0.001496877681724764,3.7340433407610794e-09,4.5560144013895574e-08,0.0016665054111632367
k_io,1,7,33,34,35,138949.5494373136,6.2962652107424715,15.0,40.0,4500.0,-0.001223475671022753,3.613259729532481e-09,3.7089787964676855e-08,0.0024138401417056325
k_io,1,7,33,34,35,138949.5494373136,6.2962652107424715,15.0,40.0,5000.0,-0.0010247239039278874,3.489787816245174e-09,3.313594487293342e-08,0.0033234204485275394
k_io,1,7,33,34,35,138949.5494373136,6.2962652107424715,15.0,40.0,5500.0,-0.0008787647303846267,3.336121988298025e-09,3.209815233901669e-08,0.0043201287164659034
k_io,1,7,33,34,35,138949.5494373136,6.2962652107424715,15.0,40.0,6000.0,-0.0007691046503705713,3.1342916620166857e-09,3.273932042752002e-08,0.005298690254789898
k_io,1,7,33,34,35,138949.5494373136,6.2962652107424715,15.0,40.0,6500.0,-0.0006839862782419747,2.8899327559210538e-09,3.4204314011047355e-08,0.0061772184381087775
k_io,1,7,33,34,35,138949.5494373136,6.2962652107424715,15.0,40.0,7000.0,-0.0006154599522262428,2.633483974049501e-09,3.5973390024939045e-08,0.00695234127062004
k_io,1,7,33,34,35,138949.5494373136,6.2962652107424715,15.0,40.0,7500.0,-0.0005583313447172873,2.4066959713381706e-09,3.7803987904666477e-08,0.007720353945237553
k_io,1,7,33,34,35,138949.5494373136,6.2962652107424715,15.0,40.0,8000.0,-0.0005091788103989813,2.24383355487071e-09,3.964241843164145e-08,0.008654659659452089
k_io,1,7,33,34,35,138949.5494373136,6.2962652107424715,15.0,40.0,8500.0,-0.00046560694180056064,2.15939681769971e-09,4.1497306078702744e-08,0.009960784945242263
k_io,1,7,33,34,35,138949.5494373136,6.2962652107424715,15.0,40.0,9000.0,-0.00042580385990810977,2.1472124926517866e-09,4.332267603244594e-08,0.011842839328687594
k_io,1,7,33,34,35,138949.5494373136,6.2962652107424715,15.0,40.0,9500.0,-0.00038836152789574864,2.1876964872885736e-09,4.49730477370058e-08,0.014504897608524064
k_io,1,7,33,34,35,138949.5494373136,6.2962652107424715,15.0,40.0,10000.0,-0.0003522558331658888,2.257207452942446e-09,4.62453839471657e-08,0.018190937784985668
k_io,1,7,33,34,35,138949.5494373136,6.2962652107424715,15.0,40.0,10500.0,-0.00031687867586501243,2.335023759845108e-09,4.6965476781073575e-08,0.023254407298010198
k_io,1,7,33,34,35,138949.5494373136,6.2962652107424715,15.0,40.0,11000.0,-0.0002820477859434038,2.407007417485088e-09,4.705812019680173e-08,0.030257430111173933
k_io,1,7,33,34,35,138949.5494373136,6.2962652107424715,15.0,40.0,11500.0,-0.00024796323034539805,2.466641655794176e-09,4.656699060050897e-08,0.04011728099707277
k_io,1,7,33,34,35,138949.5494373136,6.2962652107424715,15.0,40.0,12000.0,-0.00021511308964211693,2.514381708651925e-09,4.562809910961718e-08,0.054337234678127934
k_io,1,7,33,34,35,138949.5494373136,6.2962652107424715,20.0,50.0,0.0,0.0,0.0,0.0,
k_io,1,7,33,34,35,138949.5494373136,6.2962652107424715,20.0,50.0,500.0,-0.005367694943802792,1.2578078076237254e-09,7.057390246702248e-08,4.365546656027392e-05
k_io,1,7,33,34,35,138949.5494373136,6.2962652107424715,20.0,50.0,1000.0,-0.006428749051439225,2.42348991942908e-09,1.157276545269084e-07,5.8639231649492644e-05
k_io,1,7,33,34,35,138949.5494373136,6.2962652107424715,20.0,50.0,1500.0,-0.005985637823000489,3.4226459936026943e-09,1.21560694301066e-07,9.553029344904793e-05
k_io,1,7,33,34,35,138949.5494373136,6.2962652107424715,20.0,50.0,2000.0,-0.005125890953245019,4.004029400774314e-09,1.0872978689966052e-07,0.00015239072386265563
k_io,1,7,33,34,35,138949.5494373136,6.2962652107424715,20.0,50.0,2500.0,-0.004245884237189836,4.0860545864729055e-09,9.045703479013461e-08,0.000226656337089083
k_io,1,7,33,34,35,138949.5494373136,6.2962652107424715,20.0,50.0,3000.0,-0.0034713561001522147,3.88239103986281e-09,7.334275034390427e-08,0.00032218175443099006
k_io,1,7,33,34,35,138949.5494373136,6.2962652107424715,20.0,50.0,3500.0,-0.002827138550318492,3.661773882345738e-09,5.999289585465593e-08,0.0004581390780772925
k_io,1,7,33,34,35,138949.5494373136,6.2962652107424715,20.0,50.0,4000.0,-0.0023039789237797766,3.5888909843018903e-09,5.101621947131137e-08,0.0006760880543551868
k_io,1,7,33,34,35,138949.5494373136,6.2962652107424715,20.0,50.0,4500.0,-0.0018836576336824819,3.69746567201931e-09,4.602854727465849e-08,0.0010420779601866546
k_io,1,7,33,34,35,138949.5494373136,6.2962652107424715,20.0,50.0,5000.0,-0.001547634637299341,3.936051159319518e-09,4.4169318098842245e-08,0.0016433264769120288
k_io,1,7,33,34,35,138949.5494373136,6.2962652107424715,20.0,50.0,5500.0,-0.0012796515262634284,4.213000615480923e-09,4.44734819629071e-08,0.0025728121888398195
k_io,1,7,33,34,35,138949.5494373136,6.2962652107424715,20.0,50.0,6000.0,-0.0010662971239122736,4.422599518962529e-09,4.60998230053595e-08,0.003889745067420211
k_io,1,7,33,34,35,138949.5494373136,6.2962652107424715,20.0,50.0,6500.0,-0.0008968327480974817,4.476583020829219e-09,4.8382229767218925e-08,0.005565750405554745
k_io,1,7,33,34,35,138949.5494373136,6.2962652107424715,20.0,50.0,7000.0,-0.0007626757226351349,4.3432149876862985e-09,5.07883020083826e-08,0.007466747803811502
k_io,1,7,33,34,35,138949.5494373136,6.2962652107424715,20.0,50.0,7500.0,-0.000656782401993611,4.063667838047548e-09,5.290154369622061e-08,0.009420526734947634
k_io,1,7,33,34,35,138949.5494373136,6.2962652107424715,20.0,50.0,8000.0,-0.0005731494029553403,3.727727278107586e-09,5.4460767637543424e-08,0.011347715604642324
k_io,1,7,33,34,35,138949.5494373136,6.2962652107424715,20.0,50.0,8500.0,-0.0005065574415806205,3.4264217704122714e-09,5.540707385856309e-08,0.01335314058218601
k_io,1,7,33,34,35,138949.5494373136,6.2962652107424715,20.0,50.0,9000.0,-0.00045254528432033155,3.214138280905764e-09,5.5879565524017646e-08,0.015694246511390352
k_io,1,7,33,34,35,138949.5494373136,6.2962652107424715,20.0,50.0,9500.0,-0.000407504924809717,3.0986203696743725e-09,5.614655196673896e-08,0.0186596136836685
k_io,1,7,33,34,35,138949.5494373136,6.2962652107424715,20.0,50.0,10000.0,-0.00036877091698089316,3.054483941436646e-09,5.650481400977759e-08,0.022460763749098663
k_io,1,7,33,34,35,138949.5494373136,6.2962652107424715,20.0,50.0,10500.0,-0.00033461905242251986,3.045072421819875e-09,5.7192067337908195e-08,0.02719545291391445
k_io,1,7,33,34,35,138949.5494373136,6.2962652107424715,20.0,50.0,11000.0,-0.00030415133305618323,3.0401229833348375e-09,5.833948260706945e-08,0.03286334031331444
k_io,1,7,33,34,35,138949.5494373136,6.2962652107424715,20.0,50.0,11500.0,-0.000277092567173288,3.0243769852764487e-09,5.996345435125552e-08,0.03939001733969157
k_io,1,7,33,34,35,138949.5494373136,6.2962652107424715,20.0,50.0,12000.0,-0.00025354624148871694,2.997789633243817e-09,6.197976768475579e-08,0.04663229603240133
k_io,1,7,33,34,35,138949.5494373136,6.2962652107424715,25.0,60.0,0.0,0.0,0.0,0.0,
k_io,1,7,33,34,35,138949.5494373136,6.2962652107424715,25.0,60.0,500.0,-0.005867265388290133,1.527800347487466e-09,6.466540322074674e-08,4.4380801290971345e-05
k_io,1,7,33,34,35,138949.5494373136,6.2962652107424715,25.0,60.0,1000.0,-0.007252104157047995,2.7335857068673975e-09,9.992184307934989e-08,5.1976212472652237e-05
k_io,1,7,33,34,35,138949.5494373136,6.2962652107424715,25.0,60.0,1500.0,-0.006965712499700641,3.3263392765179075e-09,1.0215678919401498e-07,6.855441871085975e-05
k_io,1,7,33,34,35,138949.5494373136,6.2962652107424715,25.0,60.0,2000.0,-0.006144979262269354,3.643706457639297e-09,9.360053787827036e-08,9.649449533831045e-05
k_io,1,7,33,34,35,138949.5494373136,6.2962652107424715,25.0,60.0,2500.0,-0.005236198107234101,3.990242630337305e-09,8.36577225169033e-08,0.0001455349045661751
k_io,1,7,33,34,35,138949.5494373136,6.2962652107424715,25.0,60.0,3000.0,-0.004400419989710601,4.572326234928546e-09,7.50505490963602e-08,0.00023612879559037453
k_io,1,7,33,34,35,138949.5494373136,6.2962652107424715,25.0,60.0,3500.0,-0.003683336010437452,5.401325256079604e-09,6.787836425799523e-08,0.0003981233524373331
k_io,1,7,33,34,35,138949.5494373136,6.2962652107424715,25.0,60.0,4000.0,-0.003086552597980567,6.31878908703298e-09,6.194613738506295e-08,0.0006632641058816568
k_io,1,7,33,34,35,138949.5494373136,6.2962652107424715,25.0,60.0,4500.0,-0.002596874273393217,7.1142027492856776e-09,5.750880764899995e-08,0.0010549318151374303
k_io,1,7,33,34,35,138949.5494373136,6.2962652107424715,25.0,60.0,5000.0,-0.0021977648614924447,7.646682573962303e-09,5.485493517611091e-08,0.0015831082471697711
k_io,1,7,33,34,35,138949.5494373136,6.2962652107424715,25.0,60.0,5500.0,-0.001873470841436197,7.89170797719844e-09,5.3807881392563454e-08,0.0022484183966113144
k_io,1,7,33,34,35,138949.5494373136,6.2962652107424715,25.0,60.0,6000.0,-0.0016102783393481587,7.908322035674077e-09,5.372612320675978e-08,0.0030498778357869153
k_io,1,7,33,34,35,138949.5494373136,6.2962652107424715,25.0,60.0,6500.0,-0.0013967034225259977,7.779275562835802e-09,5.383474922471278e-08,0.003987776051814811
k_io,1,7,33,34,35,138949.5494373136,6.2962652107424715,25.0,60.0,7000.0,-0.001223285663730915,7.570095954299428e-09,5.3532257152015016e-08,0.005058777896243686
k_io,1,7,33,34,35,138949.5494373136,6.2962652107424715,25.0,60.0,7500.0,-0.0010822367775218372,7.316681680777717e-09,5.25157758652299e-08,0.006246972357182924
k_io,1,7,33,34,35,138949.5494373136,6.2962652107424715,25.0,60.0,8000.0,-0.0009670694402228609,7.0302733919752514e-09,5.0753734802272425e-08,0.007517213670082832
k_io,1,7,33,34,35,138949.5494373136,6.2962652107424715,25.0,60.0,8500.0,-0.0008722898787958087,6.708020491934888e-09,4.8391110057778687e-08,0.008816022986902705
k_io,1,7,33,34,35,138949.5494373136,6.2962652107424715,25.0,60.0,9000.0,-0.000793201159692127,6.344278637867481e-09,4.5649977083146625e-08,0.010083599028927408
k_io,1,7,33,34,35,138949.5494373136,6.2962652107424715,25.0,60.0,9500.0,-0.0007258201924724749,5.940420634439149e-09,4.275407008172564e-08,0.011276104852630624
k_io,1,7,33,34,35,138949.5494373136,6.2962652107424715,25.0,60.0,10000.0,-0.0006668738106376526,5.510652549097377e-09,3.988444918037927e-08,0.012391266710585689
k_io,1,7,33,34,35,138949.5494373136,6.2962652107424715,25.0,60.0,10500.0,-0.0006138211385006836,5.081720883092452e-09,3.7164198351870666e-08,0.013487365495870433
k_io,1,7,33,34,35,138949.5494373136,6.2962652107424715,25.0,60.0,11000.0,-0.0005648536193491715,4.687077949968433e-09,3.466501001406361e-08,0.014690289162550706
k_io,1,7,33,34,35,138949.5494373136,6.2962652107424715,25.0,60.0,11500.0,-0.0005188438038911166,4.358466469548054e-09,3.242508734039821e-08,0.01619050666824251
k_io,1,7,33,34,35,138949.5494373136,6.2962652107424715,25.0,60.0,12000.0,-0.00047523848707319623,4.118562587380408e-09,3.046651138757085e-08,0.018235700920606866
k_io,1,7,33,34,35,138949.5494373136,6.2962652107424715,30.0,80.0,0.0,0.0,0.0,0.0,
k_io,1,7,33,34,35,138949.5494373136,6.2962652107424715,30.0,80.0,500.0,-0.006436708551739945,2.2874254458093144e-09,4.488215506564658e-08,5.5210192037351734e-05
k_io,1,7,33,34,35,138949.5494373136,6.2962652107424715,30.0,80.0,1000.0,-0.008181871061031798,3.8679804565841425e-09,6.705259559016742e-08,5.778019575209014e-05
k_io,1,7,33,34,35,138949.5494373136,6.2962652107424715,30.0,80.0,1500.0,-0.008098432659732091,4.370606371504263e-09,6.812971430299365e-08,6.664072971687448e-05
k_io,1,7,33,34,35,138949.5494373136,6.2962652107424715,30.0,80.0,2000.0,-0.007376248828012938,4.4871534858888414e-09,6.50764986933602e-08,8.247072411743041e-05
k_io,1,7,33,34,35,138949.5494373136,6.2962652107424715,30.0,80.0,2500.0,-0.0065022670747199585,4.46143770434582e-09,6.175678582617094e-08,0.0001055225373917034
k_io,1,7,33,34,35,138949.5494373136,6.2962652107424715,30.0,80.0,3000.0,-0.005664513238199151,4.421182910177217e-09,5.797479078725813e-08,0.00013778860092149438
k_io,1,7,33,34,35,138949.5494373136,6.2962652107424715,30.0,80.0,3500.0,-0.004923259666099307,4.470829726335013e-09,5.376594534498156e-08,0.00018445169282940848
k_io,1,7,33,34,35,138949.5494373136,6.2962652107424715,30.0,80.0,4000.0,-0.004286082232451173,4.613988880260091e-09,4.9726170824623955e-08,0.0002511629326026057
k_io,1,7,33,34,35,138949.5494373136,6.2962652107424715,30.0,80.0,4500.0,-0.00374181726811864,4.783869793627976e-09,4.6346565065759325e-08,0.00034167578496343014
k_io,1,7,33,34,35,138949.5494373136,6.2962652107424715,30.0,80.0,5000.0,-0.0032755342584756854,4.918289007277589e-09,4.375450768790945e-08,0.0004584054295833851
k_io,1,7,33,34,35,138949.5494373136,6.2962652107424715,30.0,80.0,5500.0,-0.0028741984838067357,4.993745865872568e-09,4.186508916393865e-08,0.0006044952953882824
k_io,1,7,33,34,35,138949.5494373136,6.2962652107424715,30.0,80.0,6000.0,-0.002527912757934535,5.024174622222014e-09,4.0564746692125125e-08,0.0007862136182083679
k_io,1,7,33,34,35,138949.5494373136,6.2962652107424715,30.0,80.0,6500.0,-0.002229394356348162,5.046849372214302e-09,3.975805775620096e-08,0.0010154219525360573
k_io,1,7,33,34,35,138949.5494373136,6.2962652107424715,30.0,80.0,7000.0,-0.001973034962460034,5.1051526789224345e-09,3.932945751185432e-08,0.0013114120588571586
k_io,1,7,33,34,35,138949.5494373136,6.2962652107424715,30.0,80.0,7500.0,-0.0017541000358273842,5.232109133577068e-09,3.911964372689727e-08,0.0017004664949556469
k_io,1,7,33,34,35,138949.5494373136,6.2962652107424715,30.0,80.0,8000.0,-0.0015682094026151297,5.439108397270911e-09,3.895395430611925e-08,0.002211666333950639
k_io,1,7,33,34,35,138949.5494373136,6.2962652107424715,30.0,80.0,8500.0,-0.001411074219213531,5.712097210608548e-09,3.86978482728392e-08,0.002868770955966605
k_io,1,7,33,34,35,138949.5494373136,6.2962652107424715,30.0,80.0,9000.0,-0.0012784250299099544,6.0151568426141034e-09,3.82974979218478e-08,0.0036804118970953023
k_io,1,7,33,34,35,138949.5494373136,6.2962652107424715,30.0,80.0,9500.0,-0.0011660687320827444,6.300053339021963e-09,3.7782696673523486e-08,0.004633358734388462
k_io,1,7,33,34,35,138949.5494373136,6.2962652107424715,30.0,80.0,10000.0,-0.0010700209786532293,6.518577769248692e-09,3.723899534843244e-08,0.005693355024414866
k_io,1,7,33,34,35,138949.5494373136,6.2962652107424715,30.0,80.0,10500.0,-0.0009866666109254255,6.633918434278334e-09,3.677080374026157e-08,0.006814425750381667
k_io,1,7,33,34,35,138949.5494373136,6.2962652107424715,30.0,80.0,11000.0,-0.0009129072064444693,6.628267058608338e-09,3.647296071595612e-08,0.007953288334273143
k_io,1,7,33,34,35,138949.5494373136,6.2962652107424715,30.0,80.0,11500.0,-0.0008462648541173092,6.50486934211969e-09,3.641680914811474e-08,0.009082930020820824
k_io,1,7,33,34,35,138949.5494373136,6.2962652107424715,30.0,80.0,12000.0,-0.0007849245180390962,6.284554580010304e-09,3.664663627457368e-08,0.010200435460456715
k_io,1,8,36,37,38,155051.57798326254,6.2962652107424715,5.0,15.0,0.0,0.0,0.0,0.0,
k_io,1,8,36,37,38,155051.57798326254,6.2962652107424715,5.0,15.0,500.0,-0.0020201974440517967,4.491895763823264e-10,1.3663117481463243e-07,0.00011006317458147953
k_io,1,8,36,37,38,155051.57798326254,6.2962652107424715,5.0,15.0,1000.0,-0.0019101846093732694,7.727771575961325e-10,1.247735679581517e-07,0.0002117890943383403
k_io,1,8,36,37,38,155051.57798326254,6.2962652107424715,5.0,15.0,1500.0,-0.0014322042305444788,9.385155140646731e-10,7.993588274882808e-08,0.00045754261671349247
k_io,1,8,36,37,38,155051.57798326254,6.2962652107424715,5.0,15.0,2000.0,-0.0010193079351202214,1.0958614080603664e-09,5.823944516470265e-08,0.00105473855807059
k_io,1,8,36,37,38,155051.57798326254,6.2962652107424715,5.0,15.0,2500.0,-0.000729817389035211,1.2509289209762924e-09,4.9536905145696954e-08,0.002348573842462787
k_io,1,8,36,37,38,155051.57798326254,6.2962652107424715,5.0,15.0,3000.0,-0.0005378657413368793,1.3652877568267688e-09,4.3282188218852314e-08,0.0047192874303073175
k_io,1,8,36,37,38,155051.57798326254,6.2962652107424715,5.0,15.0,3500.0,-0.000411077158053403,1.404639122212798e-09,3.692664333093118e-08,0.008312239910305766
k_io,1,8,36,37,38,155051.57798326254,6.2962652107424715,5.0,15.0,4000.0,-0.00032552305347586206,1.359832318165824e-09,3.144001702476287e-08,0.012832812748383453
k_io,1,8,36,37,38,155051.57798326254,6.2962652107424715,5.0,15.0,4500.0,-0.0002655083461051179,1.260565562657905e-09,2.8046568002143682e-08,0.017881711492985883
k_io,1,8,36,37,38,155051.57798326254,6.2962652107424715,5.0,15.0,5000.0,-0.00022127959133663028,1.1524318188485656e-09,2.7052766999908195e-08,0.023535992626060064
k_io,1,8,36,37,38,155051.57798326254,6.2962652107424715,5.0,15.0,5500.0,-0.00018718093948564152,1.0640440096081226e-09,2.782116892189237e-08,0.03036940935902175
k_io,1,8,36,37,38,155051.57798326254,6.2962652107424715,5.0,15.0,6000.0,-0.00016027697439512968,9.98273031592133e-10,2.9260035615278413e-08,0.038860382209019016
k_io,1,8,36,37,38,155051.57798326254,6.2962652107424715,5.0,15.0,6500.0,-0.0001392479774614797,9.446563064325378e-10,3.0366221097802735e-08,0.048718738735772524
k_io,1,8,36,37,38,155051.57798326254,6.2962652107424715,5.0,15.0,7000.0,-0.00012352277416115796,8.932809947158813e-10,3.054017520878656e-08,0.05854556755766572
k_io,1,8,36,37,38,155051.57798326254,6.2962652107424715,5.0,15.0,7500.0,-0.00011268128611536827,8.403912932741666e-10,2.963275761869835e-08,0.06618780119924413
k_io,1,8,36,37,38,155051.57798326254,6.2962652107424715,5.0,15.0,8000.0,-0.00010613026593965557,7.882012825565606e-10,2.7832689840672364e-08,0.06997753372955665
k_io,1,8,36,37,38,155051.57798326254,6.2962652107424715,5.0,15.0,8500.0,-0.00010300630573071602,7.435205733242434e-10,2.5517374268273333e-08,0.07007536469070594
k_io,1,8,36,37,38,155051.57798326254,6.2962652107424715,5.0,15.0,9000.0,-0.00010223220551184567,7.158557715855055e-10,2.3135063382289767e-08,0.06849361218941026
k_io,1,8,36,37,38,155051.57798326254,6.2962652107424715,5.0,15.0,9500.0,-0.00010265141880770254,7.137793617941486e-10,2.1129217989556858e-08,0.06773826579311179
k_io,1,8,36,37,38,155051.57798326254,6.2962652107424715,5.0,15.0,10000.0,-0.00010317989500596269,7.401948332411359e-10,1.9886232938063864e-08,0.06952738350388439
k_io,1,8,36,37,38,155051.57798326254,6.2962652107424715,5.0,15.0,10500.0,-0.00010293417668477624,7.893185191751106e-10,1.9687489954363685e-08,0.07449602534919185
k_io,1,8,36,37,38,155051.57798326254,6.2962652107424715,5.0,15.0,11000.0,-0.00010131297944548944,8.47749179479773e-10,2.066396276809324e-08,0.08259185174056206
k_io,1,8,36,37,38,155051.57798326254,6.2962652107424715,5.0,15.0,11500.0,-9.802467823437767e-05,8.994021168159824e-10,2.2767973533999756e-08,0.09360155302818776
k_io,1,8,36,37,38,155051.57798326254,6.2962652107424715,5.0,15.0,12000.0,-9.306487144279283e-05,9.316751320731014e-10,2.577900889305217e-08,0.10757043877498651
k_io,1,8,36,37,38,155051.57798326254,6.2962652107424715,7.0,25.0,0.0,0.0,0.0,0.0,
k_io,1,8,36,37,38,155051.57798326254,6.2962652107424715,7.0,25.0,500.0,-0.0031822165550521864,8.474473788523083e-10,1.8971678037455347e-07,8.368609040350366e-05
k_io,1,8,36,37,38,155051.57798326254,6.2962652107424715,7.0,25.0,1000.0,-0.003310397910679358,1.3524018736085232e-09,2.5245396894122927e-07,0.00012340858289380712
k_io,1,8,36,37,38,155051.57798326254,6.2962652107424715,7.0,25.0,1500.0,-0.002678505490574537,1.3944162442591617e-09,2.0438494289096943e-07,0.00019436020637723404
k_io,1,8,36,37,38,155051.57798326254,6.2962652107424715,7.0,25.0,2000.0,-0.0020073870244098554,1.221665011721955e-09,1.4249149465170304e-07,0.00030317257383707805
k_io,1,8,36,37,38,155051.57798326254,6.2962652107424715,7.0,25.0,2500.0,-0.0014734052349613669,1.0642382727890173e-09,9.845453204315023e-08,0.0004902238722655731
k_io,1,8,36,37,38,155051.57798326254,6.2962652107424715,7.0,25.0,3000.0,-0.001084742531554033,1.002934590588764e-09,7.533787573856697e-08,0.0008523525655916675
k_io,1,8,36,37,38,155051.57798326254,6.2962652107424715,7.0,25.0,3500.0,-0.0008102036836814853,1.0073034318567415e-09,6.73744614941367e-08,0.0015345176453966883
k_io,1,8,36,37,38,155051.57798326254,6.2962652107424715,7.0,25.0,4000.0,-0.000617723360514676,1.032433844292916e-09,6.779703843820327e-08,0.0027056659855636198
k_io,1,8,36,37,38,155051.57798326254,6.2962652107424715,7.0,25.0,4500.0,-0.000482686473931666,1.06602920931864e-09,7.162089341601185e-08,0.004575503022793233
k_io,1,8,36,37,38,155051.57798326254,6.2962652107424715,7.0,25.0,5000.0,-0.00038772116549785386,1.1193698562573215e-09,7.577024373815789e-08,0.007446198139542712
k_io,1,8,36,37,38,155051.57798326254,6.2962652107424715,7.0,25.0,5500.0,-0.00032087456737784487,1.1971857913551656e-09,7.848119137506143e-08,0.011627623515851853
k_io,1,8,36,37,38,155051.57798326254,6.2962652107424715,7.0,25.0,6000.0,-0.0002739291414853356,1.281758916490291e-09,7.895788299686202e-08,0.01708165218231435
k_io,1,8,36,37,38,155051.57798326254,6.2962652107424715,7.0,25.0,6500.0,-0.00024112329376636214,1.342903245786733e-09,7.723023671365691e-08,0.023097575133398288
k_io,1,8,36,37,38,155051.57798326254,6.2962652107424715,7.0,25.0,7000.0,-0.00021824239369854122,1.3595831102045944e-09,7.391210612950489e-08,0.028544834414160093
k_io,1,8,36,37,38,155051.57798326254,6.2962652107424715,7.0,25.0,7500.0,-0.00020202836508142683,1.3321467780817606e-09,6.982118077775299e-08,0.032638288736001234
k_io,1,8,36,37,38,155051.57798326254,6.2962652107424715,7.0,25.0,8000.0,-0.00018985429357081408,1.2777178255244835e-09,6.564049218708382e-08,0.035448193468952977
k_io,1,8,36,37,38,155051.57798326254,6.2962652107424715,7.0,25.0,8500.0,-0.00017959394002737064,1.216778809087207e-09,6.176966005746577e-08,0.03772491595767108
k_io,1,8,36,37,38,155051.57798326254,6.2962652107424715,7.0,25.0,9000.0,-0.00016960498169660016,1.1627757106325778e-09,5.8358257134685086e-08,0.0404220879291921
k_io,1,8,36,37,38,155051.57798326254,6.2962652107424715,7.0,25.0,9500.0,-0.00015875143488132577,1.1202148078581977e-09,5.5412547532165356e-08,0.044449408949749
k_io,1,8,36,37,38,155051.57798326254,6.2962652107424715,7.0,25.0,10000.0,-0.00014641207623638857,1.0889947414473742e-09,5.2877095630159046e-08,0.0508009675648728
k_io,1,8,36,37,38,155051.57798326254,6.2962652107424715,7.0,25.0,10500.0,-0.00013244804172516658,1.0696216667439438e-09,5.0661391997153055e-08,0.06097321688141266
k_io,1,8,36,37,38,155051.57798326254,6.2962652107424715,7.0,25.0,11000.0,-0.00011712552791998251,1.0654621296128277e-09,4.863785443291948e-08,0.0776667075884757
k_io,1,8,36,37,38,155051.57798326254,6.2962652107424715,7.0,25.0,11500.0,-0.00010100440429833919,1.0814618808035383e-09,4.664985725559746e-08,0.10600603553980814
k_io,1,8,36,37,38,155051.57798326254,6.2962652107424715,7.0,25.0,12000.0,-8.481032977788149e-05,1.121105432408772e-09,4.454729687013917e-08,0.15586512534167776
k_io,1,8,36,37,38,155051.57798326254,6.2962652107424715,10.0,30.0,0.0,0.0,0.0,0.0,
k_io,1,8,36,37,38,155051.57798326254,6.2962652107424715,10.0,30.0,500.0,-0.003791511402133352,9.610808939569613e-10,1.8720568119872218e-07,6.685520286044874e-05
k_io,1,8,36,37,38,155051.57798326254,6.2962652107424715,10.0,30.0,1000.0,-0.004133862682978023,1.7175002701523196e-09,2.7519612509833513e-07,0.00010050431812358551
k_io,1,8,36,37,38,155051.57798326254,6.2962652107424715,10.0,30.0,1500.0,-0.003484897563012304,2.0631425079927062e-09,2.3964794458643713e-07,0.00016988271522817638
k_io,1,8,36,37,38,155051.57798326254,6.2962652107424715,10.0,30.0,2000.0,-0.002703521914742324,2.0172466400461825e-09,1.7392058246182778e-07,0.00027599372760093386
k_io,1,8,36,37,38,155051.57798326254,6.2962652107424715,10.0,30.0,2500.0,-0.0020426148248518447,1.8156031677878007e-09,1.2020377895276465e-07,0.00043515900254897347
k_io,1,8,36,37,38,155051.57798326254,6.2962652107424715,10.0,30.0,3000.0,-0.0015429398322958435,1.7221521863781148e-09,8.627219225905246e-08,0.0007233917402382564
k_io,1,8,36,37,38,155051.57798326254,6.2962652107424715,10.0,30.0,3500.0,-0.0011816651144645543,1.8129190607285847e-09,6.75686113254636e-08,0.0012983434354413776
k_io,1,8,36,37,38,155051.57798326254,6.2962652107424715,10.0,30.0,4000.0,-0.0009241387705198993,2.0160823661647456e-09,5.800682787748467e-08,0.0023606624380762263
k_io,1,8,36,37,38,155051.57798326254,6.2962652107424715,10.0,30.0,4500.0,-0.0007398201984088401,2.2366169659092987e-09,5.318622905015518e-08,0.0040863846726299745
k_io,1,8,36,37,38,155051.57798326254,6.2962652107424715,10.0,30.0,5000.0,-0.0006056851496309152,2.4225490396034355e-09,5.051277771526373e-08,0.006603569089137821
k_io,1,8,36,37,38,155051.57798326254,6.2962652107424715,10.0,30.0,5500.0,-0.0005055947951956869,2.565390052000086e-09,4.859379384114623e-08,0.010035712639750302
k_io,1,8,36,37,38,155051.57798326254,6.2962652107424715,10.0,30.0,6000.0,-0.0004286698356529258,2.6762064465211702e-09,4.6717315547031624e-08,0.014563768388359542
k_io,1,8,36,37,38,155051.57798326254,6.2962652107424715,10.0,30.0,6500.0,-0.00036771727159695157,2.7664104292837933e-09,4.456478484972044e-08,0.0204591956308497
k_io,1,8,36,37,38,155051.57798326254,6.2962652107424715,10.0,30.0,7000.0,-0.00031799877679899655,2.840122868218856e-09,4.2087262967617506e-08,0.028085763198254458
k_io,1,8,36,37,38,155051.57798326254,6.2962652107424715,10.0,30.0,7500.0,-0.000276353801665327,2.8948117102754013e-09,3.943256630569534e-08,0.0379043832132923
k_io,1,8,36,37,38,155051.57798326254,6.2962652107424715,10.0,30.0,8000.0,-0.0002406158419268273,2.925295637180802e-09,3.685636527459302e-08,0.05052674583087394
k_io,1,8,36,37,38,155051.57798326254,6.2962652107424715,10.0,30.0,8500.0,-0.00020925477425076233,2.927859910322418e-09,3.4617392685233975e-08,0.06686510675097576
k_io,1,8,36,37,38,155051.57798326254,6.2962652107424715,10.0,30.0,9000.0,-0.00018118327786808153,2.9023678275002083e-09,3.2892280070119436e-08,0.08841302021886283
k_io,1,8,36,37,38,155051.57798326254,6.2962652107424715,10.0,30.0,9500.0,-0.00015566762742051784,2.851809967296313e-09,3.173780993302027e-08,0.11768577457269193
k_io,1,8,36,37,38,155051.57798326254,6.2962652107424715,10.0,30.0,10000.0,-0.00013228796179719747,2.7805012850757444e-09,3.110239294940239e-08,0.15888483589442937
k_io,1,8,36,37,38,155051.57798326254,6.2962652107424715,10.0,30.0,10500.0,-0.00011090568989096132,2.6928330945006132e-09,3.086879493309707e-08,0.21892823745361714
k_io,1,8,36,37,38,155051.57798326254,6.2962652107424715,10.0,30.0,11000.0,-9.161426345651556e-05,2.59353428266358e-09,3.090468111245301e-08,0.30900521169289713
k_io,1,8,36,37,38,155051.57798326254,6.2962652107424715,10.0,30.0,11500.0,-7.466799359100466e-05,2.4887765301079216e-09,3.110281656510839e-08,0.4463925516886923
k_io,1,8,36,37,38,155051.57798326254,6.2962652107424715,10.0,30.0,12000.0,-6.039638733157252e-05,2.386730716382066e-09,3.140197312626293e-08,0.654306898311031
k_io,1,8,36,37,38,155051.57798326254,6.2962652107424715,12.0,36.0,0.0,0.0,0.0,0.0,
k_io,1,8,36,37,38,155051.57798326254,6.2962652107424715,12.0,36.0,500.0,-0.0043943885695443274,9.615030219305592e-10,1.8076398873244323e-07,4.9791331576684286e-05
k_io,1,8,36,37,38,155051.57798326254,6.2962652107424715,12.0,36.0,1000.0,-0.005008097690379132,1.6585390211850058e-09,2.8681369860548666e-07,6.612719637737855e-05
k_io,1,8,36,37,38,155051.57798326254,6.2962652107424715,12.0,36.0,1500.0,-0.004410772912409211,2.060175269625337e-09,2.7414137245758027e-07,0.00010589483353252131
k_io,1,8,36,37,38,155051.57798326254,6.2962652107424715,12.0,36.0,2000.0,-0.003564675946309895,2.295277463730495e-09,2.2119398316073078e-07,0.00018063216253401453
k_io,1,8,36,37,38,155051.57798326254,6.2962652107424715,12.0,36.0,2500.0,-0.002788810292547267,2.432581084849707e-09,1.7000501554630281e-07,0.0003127730896885367
k_io,1,8,36,37,38,155051.57798326254,6.2962652107424715,12.0,36.0,3000.0,-0.0021605187616797333,2.5334756725516406e-09,1.325928308949039e-07,0.0005427510275317057
k_io,1,8,36,37,38,155051.57798326254,6.2962652107424715,12.0,36.0,3500.0,-0.0016756841010870313,2.6185021612721204e-09,1.0791254940399943e-07,0.0009325425105426564
k_io,1,8,36,37,38,155051.57798326254,6.2962652107424715,12.0,36.0,4000.0,-0.0013084231949408512,2.6674356795905376e-09,9.184269916467315e-08,0.0015581077477740965
k_io,1,8,36,37,38,155051.57798326254,6.2962652107424715,12.0,36.0,4500.0,-0.0010314045440376132,2.666186060562616e-09,8.086880811715149e-08,0.0025062960672023542
k_io,1,8,36,37,38,155051.57798326254,6.2962652107424715,12.0,36.0,5000.0,-0.0008218089550223982,2.6296725235812856e-09,7.272813738032585e-08,0.003893677073240902
k_io,1,8,36,37,38,155051.57798326254,6.2962652107424715,12.0,36.0,5500.0,-0.0006623408407812458,2.5838898889143453e-09,6.61736383285567e-08,0.005889940837180466
k_io,1,8,36,37,38,155051.57798326254,6.2962652107424715,12.0,36.0,6000.0,-0.0005405724304611784,2.5437691153571676e-09,6.06074383391157e-08,0.008705022637831503
k_io,1,8,36,37,38,155051.57798326254,6.2962652107424715,12.0,36.0,6500.0,-0.00044778137562687115,2.511903105830545e-09,5.575016453311522e-08,0.012527685164244498
k_io,1,8,36,37,38,155051.57798326254,6.2962652107424715,12.0,36.0,7000.0,-0.00037776769510167955,2.488680123918717e-09,5.142201772002655e-08,0.017438914424434696
k_io,1,8,36,37,38,155051.57798326254,6.2962652107424715,12.0,36.0,7500.0,-0.00032588500375797975,2.4767071349390872e-09,4.746827156675625e-08,0.023320932034352447
k_io,1,8,36,37,38,155051.57798326254,6.2962652107424715,12.0,36.0,8000.0,-0.00028837491911762846,2.4768183999888707e-09,4.37828901919105e-08,0.02978373738611622
k_io,1,8,36,37,38,155051.57798326254,6.2962652107424715,12.0,36.0,8500.0,-0.0002619922439272516,2.483734826074188e-09,4.0343633128794376e-08,0.036184981735522516
k_io,1,8,36,37,38,155051.57798326254,6.2962652107424715,12.0,36.0,9000.0,-0.00024385158640443522,2.4875189906120834e-09,3.720116019714332e-08,0.041832636266765665
k_io,1,8,36,37,38,155051.57798326254,6.2962652107424715,12.0,36.0,9500.0,-0.00023140963330192058,2.4795409032359146e-09,3.442510974599992e-08,0.04630292307732426
k_io,1,8,36,37,38,155051.57798326254,6.2962652107424715,12.0,36.0,10000.0,-0.00022250765966176644,2.4579284107005092e-09,3.2048602760721776e-08,0.049645432422666246
k_io,1,8,36,37,38,155051.57798326254,6.2962652107424715,12.0,36.0,10500.0,-0.00021542074775617124,2.4288495834440626e-09,3.004827689825899e-08,0.05233901703896461
k_io,1,8,36,37,38,155051.57798326254,6.2962652107424715,12.0,36.0,11000.0,-0.00020888280742455785,2.4035895150780693e-09,2.8365649720437767e-08,0.05508773410850604
k_io,1,8,36,37,38,155051.57798326254,6.2962652107424715,12.0,36.0,11500.0,-0.00020207475133239257,2.39372283590626e-09,2.6947339794329537e-08,0.05862053218661272
k_io,1,8,36,37,38,155051.57798326254,6.2962652107424715,12.0,36.0,12000.0,-0.00019457598241168998,2.4069406809420505e-09,2.57749791493318e-08,0.06357508118961333
k_io,1,8,36,37,38,155051.57798326254,6.2962652107424715,15.0,40.0,0.0,0.0,0.0,0.0,
k_io,1,8,36,37,38,155051.57798326254,6.2962652107424715,15.0,40.0,500.0,-0.004823221708638359,9.669389345622596e-10,1.7299940741049696e-07,4.156469487187487e-05
k_io,1,8,36,37,38,155051.57798326254,6.2962652107424715,15.0,40.0,1000.0,-0.005671042049514269,1.708243277771656e-09,2.862203548884643e-07,5.311583160643501e-05
k_io,1,8,36,37,38,155051.57798326254,6.2962652107424715,15.0,40.0,1500.0,-0.005162629200006222,2.4244481877441972e-09,2.853267752045846e-07,9.096431227665464e-05
k_io,1,8,36,37,38,155051.57798326254,6.2962652107424715,15.0,40.0,2000.0,-0.004313495363288705,3.1038477704407607e-09,2.384625682417278e-07,0.00016681755127576615
k_io,1,8,36,37,38,155051.57798326254,6.2962652107424715,15.0,40.0,2500.0,-0.003484208625099683,3.3924033582578005e-09,1.8654348639118178e-07,0.0002794468261609569
k_io,1,8,36,37,38,155051.57798326254,6.2962652107424715,15.0,40.0,3000.0,-0.002781108297072274,3.2479849321358813e-09,1.439737724017966e-07,0.0004199312593280381
k_io,1,8,36,37,38,155051.57798326254,6.2962652107424715,15.0,40.0,3500.0,-0.0022182730069903317,2.8825631724587103e-09,1.1249090475590997e-07,0.0005857992950707451
k_io,1,8,36,37,38,155051.57798326254,6.2962652107424715,15.0,40.0,4000.0,-0.001779666696550053,2.5040863791382087e-09,8.997777701403181e-08,0.0007906275781430311
k_io,1,8,36,37,38,155051.57798326254,6.2962652107424715,15.0,40.0,4500.0,-0.001441812054975851,2.2140713077710976e-09,7.402367664759452e-08,0.0010650605514928688
k_io,1,8,36,37,38,155051.57798326254,6.2962652107424715,15.0,40.0,5000.0,-0.0011818044056318457,2.0285329276908863e-09,6.28194040176411e-08,0.0014524154243696096
k_io,1,8,36,37,38,155051.57798326254,6.2962652107424715,15.0,40.0,5500.0,-0.000980095557543699,1.921485310188574e-09,5.517607325390943e-08,0.0020003234545721833
k_io,1,8,36,37,38,155051.57798326254,6.2962652107424715,15.0,40.0,6000.0,-0.0008213031678950475,1.854372352689902e-09,5.034705015712664e-08,0.002749096264573328
k_io,1,8,36,37,38,155051.57798326254,6.2962652107424715,15.0,40.0,6500.0,-0.0006941052711477592,1.793379325069841e-09,4.7820846278359814e-08,0.0037223865787993724
k_io,1,8,36,37,38,155051.57798326254,6.2962652107424715,15.0,40.0,7000.0,-0.0005906328046484284,1.720603924283856e-09,4.715016253331284e-08,0.004932257929969834
k_io,1,8,36,37,38,155051.57798326254,6.2962652107424715,15.0,40.0,7500.0,-0.0005056236979654677,1.6385303914462492e-09,4.786375524352568e-08,0.006409138547036093
k_io,1,8,36,37,38,155051.57798326254,6.2962652107424715,15.0,40.0,8000.0,-0.00043555342984388876,1.5660227267533979e-09,4.946077886429186e-08,0.00825496401420195
k_io,1,8,36,37,38,155051.57798326254,6.2962652107424715,15.0,40.0,8500.0,-0.00037789812373174945,1.5277973525542936e-09,5.144854978149154e-08,0.010698337189333215
k_io,1,8,36,37,38,155051.57798326254,6.2962652107424715,15.0,40.0,9000.0,-0.00033061211503147055,1.5429258060876809e-09,5.338529969851322e-08,0.014115865610307825
k_io,1,8,36,37,38,155051.57798326254,6.2962652107424715,15.0,40.0,9500.0,-0.000291832415922671,1.6176641109911413e-09,5.491260731128807e-08,0.018994212376174564
k_io,1,8,36,37,38,155051.57798326254,6.2962652107424715,15.0,40.0,10000.0,-0.0002597730322728394,1.7447512726403546e-09,5.577808633580381e-08,0.025855050843780588
k_io,1,8,36,37,38,155051.57798326254,6.2962652107424715,15.0,40.0,10500.0,-0.00023274736639537687,1.9078032402885164e-09,5.5849448638207916e-08,0.03521794663558168
k_io,1,8,36,37,38,155051.57798326254,6.2962652107424715,15.0,40.0,11000.0,-0.0002092535958306864,2.087451727495041e-09,5.5116204390648095e-08,0.04767279137348955
k_io,1,8,36,37,38,155051.57798326254,6.2962652107424715,15.0,40.0,11500.0,-0.00018806884551037482,2.2664759386518833e-09,5.3674404923872737e-08,0.06407924641262698
k_io,1,8,36,37,38,155051.57798326254,6.2962652107424715,15.0,40.0,12000.0,-0.0001683157206750015,2.4326170071743886e-09,5.169522399171202e-08,0.08586662175645557
k_io,1,8,36,37,38,155051.57798326254,6.2962652107424715,20.0,50.0,0.0,0.0,0.0,0.0,
k_io,1,8,36,37,38,155051.57798326254,6.2962652107424715,20.0,50.0,500.0,-0.005589854842748543,1.3287975091768127e-09,1.476742110075071e-07,4.252631431841265e-05
k_io,1,8,36,37,38,155051.57798326254,6.2962652107424715,20.0,50.0,1000.0,-0.006887172291468208,2.3908169259160724e-09,2.5547685752839534e-07,5.040393312397638e-05
k_io,1,8,36,37,38,155051.57798326254,6.2962652107424715,20.0,50.0,1500.0,-0.006563413698406267,2.846970271496396e-09,2.72110522623838e-07,6.60881163809974e-05
k_io,1,8,36,37,38,155051.57798326254,6.2962652107424715,20.0,50.0,2000.0,-0.0057277727339603846,3.0465864977230394e-09,2.4450149379977694e-07,9.28628391552086e-05
k_io,1,8,36,37,38,155051.57798326254,6.2962652107424715,20.0,50.0,2500.0,-0.004818449159544255,3.0819551036303084e-09,2.0246206673123177e-07,0.0001327430358591547
k_io,1,8,36,37,38,155051.57798326254,6.2962652107424715,20.0,50.0,3000.0,-0.00399271605718185,3.0550755357403492e-09,1.603145782150377e-07,0.0001916395312026954
k_io,1,8,36,37,38,155051.57798326254,6.2962652107424715,20.0,50.0,3500.0,-0.003293818145240865,3.082350585045021e-09,1.2413334673667276e-07,0.00028410756519998205
k_io,1,8,36,37,38,155051.57798326254,6.2962652107424715,20.0,50.0,4000.0,-0.002721275987142238,3.207861066653959e-09,9.591432061720124e-08,0.00043318196975278555
k_io,1,8,36,37,38,155051.57798326254,6.2962652107424715,20.0,50.0,4500.0,-0.0022600055923778367,3.405797078076707e-09,7.555886545252932e-08,0.0006668063714515449
k_io,1,8,36,37,38,155051.57798326254,6.2962652107424715,20.0,50.0,5000.0,-0.0018919038442431133,3.6296295138425295e-09,6.18323789831469e-08,0.0010140612286729388
k_io,1,8,36,37,38,155051.57798326254,6.2962652107424715,20.0,50.0,5500.0,-0.0015999807509004572,3.843136919702551e-09,5.299510750255977e-08,0.0015012614814561406
k_io,1,8,36,37,38,155051.57798326254,6.2962652107424715,20.0,50.0,6000.0,-0.0013694381895907014,4.025888395015949e-09,4.732569577309097e-08,0.002146727212192051
k_io,1,8,36,37,38,155051.57798326254,6.2962652107424715,20.0,50.0,6500.0,-0.001187659288597322,4.169776123229647e-09,4.348814828478912e-08,0.0029561672327870284
k_io,1,8,36,37,38,155051.57798326254,6.2962652107424715,20.0,50.0,7000.0,-0.0010439535688918124,4.275046333080008e-09,4.0670072344250696e-08,0.003922640060825303
k_io,1,8,36,37,38,155051.57798326254,6.2962652107424715,20.0,50.0,7500.0,-0.0009293555349874343,4.345338651600068e-09,3.8513440644585426e-08,0.005031064080593722
k_io,1,8,36,37,38,155051.57798326254,6.2962652107424715,20.0,50.0,8000.0,-0.0008365151985918265,4.38263570558534e-09,3.693161202164018e-08,0.006263076271487063
k_io,1,8,36,37,38,155051.57798326254,6.2962652107424715,20.0,50.0,8500.0,-0.0007596230457431845,4.385496363982725e-09,3.591722271127151e-08,0.007600155728609653
k_io,1,8,36,37,38,155051.57798326254,6.2962652107424715,20.0,50.0,9000.0,-0.0006943054259863322,4.352049903447496e-09,3.5412681532303504e-08,0.009028024896844398
k_io,1,8,36,37,38,155051.57798326254,6.2962652107424715,20.0,50.0,9500.0,-0.0006374579825162178,4.285060003526543e-09,3.5267771887274105e-08,0.010545174721320974
k_io,1,8,36,37,38,155051.57798326254,6.2962652107424715,20.0,50.0,10000.0,-0.0005870211332093204,4.194906270014121e-09,3.526800792986073e-08,0.012173481177323297
k_io,1,8,36,37,38,155051.57798326254,6.2962652107424715,20.0,50.0,10500.0,-0.000541725658880725,4.0980973272863865e-09,3.519658484836486e-08,0.013964437784784577
k_io,1,8,36,37,38,155051.57798326254,6.2962652107424715,20.0,50.0,11000.0,-0.000500843826770298,4.01216853449703e-09,3.4893318138480975e-08,0.015994641754881387
k_io,1,8,36,37,38,155051.57798326254,6.2962652107424715,20.0,50.0,11500.0,-0.0004639755914290838,3.949886489937034e-09,3.428825431395835e-08,0.018348237253593795
k_io,1,8,36,37,38,155051.57798326254,6.2962652107424715,20.0,50.0,12000.0,-0.0004308866792752542,3.915712421336238e-09,3.340470113783138e-08,0.021090392019728406
k_io,1,8,36,37,38,155051.57798326254,6.2962652107424715,25.0,60.0,0.0,0.0,0.0,0.0,
k_io,1,8,36,37,38,155051.57798326254,6.2962652107424715,25.0,60.0,500.0,-0.006175865382194612,1.437409615949564e-09,1.2758287341673426e-07,3.7686421746850244e-05
k_io,1,8,36,37,38,155051.57798326254,6.2962652107424715,25.0,60.0,1000.0,-0.00786222990678176,3.288510427145156e-09,2.2307207390857233e-07,5.3199523780400254e-05
k_io,1,8,36,37,38,155051.57798326254,6.2962652107424715,25.0,60.0,1500.0,-0.00773303437886369,4.646471029195573e-09,2.436073392805613e-07,7.770041739993602e-05
k_io,1,8,36,37,38,155051.57798326254,6.2962652107424715,25.0,60.0,2000.0,-0.006954100293613083,5.198918613067809e-09,2.2861081066925336e-07,0.0001075056078317919
k_io,1,8,36,37,38,155051.57798326254,6.2962652107424715,25.0,60.0,2500.0,-0.0060210140866307355,5.003865722294981e-09,2.0039472738882418e-07,0.00013802773469671496
k_io,1,8,36,37,38,155051.57798326254,6.2962652107424715,25.0,60.0,3000.0,-0.005132394009596156,4.433238794795817e-09,1.6901646385379414e-07,0.00016829884915294535
k_io,1,8,36,37,38,155051.57798326254,6.2962652107424715,25.0,60.0,3500.0,-0.004355978569514064,3.847960278889009e-09,1.394485442326938e-07,0.00020279587243114425
k_io,1,8,36,37,38,155051.57798326254,6.2962652107424715,25.0,60.0,4000.0,-0.0037032600228879206,3.4225709687770446e-09,1.142622062124084e-07,0.0002495652127829334
k_io,1,8,36,37,38,155051.57798326254,6.2962652107424715,25.0,60.0,4500.0,-0.0031635630077099935,3.183850548610795e-09,9.443720146137173e-08,0.00031812638935582575
k_io,1,8,36,37,38,155051.57798326254,6.2962652107424715,25.0,60.0,5000.0,-0.0027195455381260926,3.1056072950255314e-09,7.981532561245959e-08,0.00041990772797733967
k_io,1,8,36,37,38,155051.57798326254,6.2962652107424715,25.0,60.0,5500.0,-0.0023538125889758857,3.1577906799956877e-09,6.956285390835921e-08,0.0005699536983365937
k_io,1,8,36,37,38,155051.57798326254,6.2962652107424715,25.0,60.0,6000.0,-0.0020512442362983566,3.309785885231786e-09,6.259186090344659e-08,0.000786620303902907
k_io,1,8,36,37,38,155051.57798326254,6.2962652107424715,25.0,60.0,6500.0,-0.0017994049880101955,3.5206858161021407e-09,5.7866286638181306e-08,0.0010873501796777676
k_io,1,8,36,37,38,155051.57798326254,6.2962652107424715,25.0,60.0,7000.0,-0.0015882577113312604,3.7385353323868246e-09,5.4574066541480116e-08,0.001482038699543275
k_io,1,8,36,37,38,155051.57798326254,6.2962652107424715,25.0,60.0,7500.0,-0.0014097459875949039,3.910747547233275e-09,5.218287828669517e-08,0.0019677868192987855
k_io,1,8,36,37,38,155051.57798326254,6.2962652107424715,25.0,60.0,8000.0,-0.001257437684612131,3.998728610371486e-09,5.040810405548834e-08,0.002529000915330819
k_io,1,8,36,37,38,155051.57798326254,6.2962652107424715,25.0,60.0,8500.0,-0.0011262491110535615,3.988489739653614e-09,4.91304941151349e-08,0.003144412809245177
k_io,1,8,36,37,38,155051.57798326254,6.2962652107424715,25.0,60.0,9000.0,-0.0010122178879943128,3.892045848816885e-09,4.830451761497629e-08,0.0037986556980048472
k_io,1,8,36,37,38,155051.57798326254,6.2962652107424715,25.0,60.0,9500.0,-0.0009122987679946893,3.73960549791582e-09,4.788882271758939e-08,0.004493157195184571
k_io,1,8,36,37,38,155051.57798326254,6.2962652107424715,25.0,60.0,10000.0,-0.0008241759818983958,3.567274269454577e-09,4.781058434904218e-08,0.00525165989670842
k_io,1,8,36,37,38,155051.57798326254,6.2962652107424715,25.0,60.0,10500.0,-0.0007460975303326609,3.406177076715914e-09,4.795894303313032e-08,0.0061189374964121575
k_io,1,8,36,37,38,155051.57798326254,6.2962652107424715,25.0,60.0,11000.0,-0.0006767376473001832,3.2770209282846654e-09,4.8195555354842706e-08,0.007155476183665908
k_io,1,8,36,37,38,155051.57798326254,6.2962652107424715,25.0,60.0,11500.0,-0.0006150882528508659,3.190364403526603e-09,4.837240406501198e-08,0.00843267621748088
k_io,1,8,36,37,38,155051.57798326254,6.2962652107424715,25.0,60.0,12000.0,-0.0005603745428235688,3.150080011165708e-09,4.835179156416153e-08,0.010031474875547486
k_io,1,8,36,37,38,155051.57798326254,6.2962652107424715,30.0,80.0,0.0,0.0,0.0,0.0,
k_io,1,8,36,37,38,155051.57798326254,6.2962652107424715,30.0,80.0,500.0,-0.0068698560812736065,1.5569904635667213e-09,9.151133998506711e-08,3.299063497800747e-05
k_io,1,8,36,37,38,155051.57798326254,6.2962652107424715,30.0,80.0,1000.0,-0.009096748717909942,2.795976488454069e-09,1.6318943624347672e-07,3.378789365542279e-05
k_io,1,8,36,37,38,155051.57798326254,6.2962652107424715,30.0,80.0,1500.0,-0.009299969549159681,3.430620887225677e-09,1.8033707978066406e-07,3.9665202370095135e-05
k_io,1,8,36,37,38,155051.57798326254,6.2962652107424715,30.0,80.0,2000.0,-0.008687846147996295,3.90257731688243e-09,1.728140812006912e-07,5.1704372654440954e-05
k_io,1,8,36,37,38,155051.57798326254,6.2962652107424715,30.0,80.0,2500.0,-0.0078081441721521705,4.333974622659176e-09,1.5793943499902547e-07,7.108708675639503e-05
k_io,1,8,36,37,38,155051.57798326254,6.2962652107424715,30.0,80.0,3000.0,-0.006900604495184301,4.753786152404397e-09,1.4219185227279165e-07,9.983098765967213e-05
k_io,1,8,36,37,38,155051.57798326254,6.2962652107424715,30.0,80.0,3500.0,-0.006061676849094505,5.182380085058984e-09,1.276472864209115e-07,0.0001410404553293614
k_io,1,8,36,37,38,155051.57798326254,6.2962652107424715,30.0,80.0,4000.0,-0.005321947172448209,5.625254617885575e-09,1.1491261764319311e-07,0.00019860997937344157
k_io,1,8,36,37,38,155051.57798326254,6.2962652107424715,30.0,80.0,4500.0,-0.004682958651365143,6.072295704917145e-09,1.0405872720211725e-07,0.00027689318451727923
k_io,1,8,36,37,38,155051.57798326254,6.2962652107424715,30.0,80.0,5000.0,-0.004134811193042348,6.4979625921027886e-09,9.49280585211991e-08,0.000380071968620912
k_io,1,8,36,37,38,155051.57798326254,6.2962652107424715,30.0,80.0,5500.0,-0.00366440911703984,6.860439869818902e-09,8.727910943248581e-08,0.0005109095871150805
k_io,1,8,36,37,38,155051.57798326254,6.2962652107424715,30.0,80.0,6000.0,-0.0032590679935266507,7.107784028958346e-09,8.0863917560127e-08,0.0006691868233035072
k_io,1,8,36,37,38,155051.57798326254,6.2962652107424715,30.0,80.0,6500.0,-0.0029078385503667377,7.194938516784541e-09,7.545707240235422e-08,0.0008509156423762456
k_io,1,8,36,37,38,155051.57798326254,6.2962652107424715,30.0,80.0,7000.0,-0.0026017683393335968,7.101462617440445e-09,7.086073576903371e-08,0.0010490847071918605
k_io,1,8,36,37,38,155051.57798326254,6.2962652107424715,30.0,80.0,7500.0,-0.0023337283091986877,6.840735226892214e-09,6.690350042025806e-08,0.0012560363042732165
k_io,1,8,36,37,38,155051.57798326254,6.2962652107424715,30.0,80.0,8000.0,-0.0020981060625987827,6.4566072818839224e-09,6.344316869687724e-08,0.0014667277008215986
k_io,1,8,36,37,38,155051.57798326254,6.2962652107424715,30.0,80.0,8500.0,-0.001890491949564116,6.010609158191328e-09,6.037266137455249e-08,0.0016817786084429383
k_io,1,8,36,37,38,155051.57798326254,6.2962652107424715,30.0,80.0,9000.0,-0.001707398034309967,5.566104944387485e-09,5.762359151908545e-08,0.001909333691993504
k_io,1,8,36,37,38,155051.57798326254,6.2962652107424715,30.0,80.0,9500.0,-0.0015460157894771048,5.175477727394525e-09,5.516237228572938e-08,0.0021653225255622768
k_io,1,8,36,37,38,155051.57798326254,6.2962652107424715,30.0,80.0,10000.0,-0.0014040105508979408,4.873221222538482e-09,5.2979167505498785e-08,0.0024721532191165877
k_io,1,8,36,37,38,155051.57798326254,6.2962652107424715,30.0,80.0,10500.0,-0.0012793527852181987,4.674879617357219e-09,5.1073712147195194e-08,0.0028562077547721453
k_io,1,8,36,37,38,155051.57798326254,6.2962652107424715,30.0,80.0,11000.0,-0.0011701889941263012,4.579864610461319e-09,4.944301903316587e-08,0.0033445725519101383
k_io,1,8,36,37,38,155051.57798326254,6.2962652107424715,30.0,80.0,11500.0,-0.0010747550448380414,4.576142190675103e-09,4.807366795102351e-08,0.003961690333309429
k_io,1,8,36,37,38,155051.57798326254,6.2962652107424715,30.0,80.0,12000.0,-0.0009913317574983833,4.644986523845619e-09,4.6939292462718947e-08,0.004726573547970146
k_io,1,9,6,7,8,100000.0,4.597718506808545,5.0,15.0,0.0,0.0,0.0,0.0,
k_io,1,9,6,7,8,100000.0,4.597718506808545,5.0,15.0,500.0,-0.0017441660213386723,3.152378605304364e-10,3.469301951887529e-08,0.0001036245668334446
k_io,1,9,6,7,8,100000.0,4.597718506808545,5.0,15.0,1000.0,-0.0017163568769463927,5.034585585714451e-10,3.949089527531642e-08,0.00017090254857493877
k_io,1,9,6,7,8,100000.0,4.597718506808545,5.0,15.0,1500.0,-0.0013499403801004659,5.552914487469224e-10,4.6326934128134195e-08,0.0003047135794484995
k_io,1,9,6,7,8,100000.0,4.597718506808545,5.0,15.0,2000.0,-0.001008838169328917,5.35143751654275e-10,5.202264237145655e-08,0.000525808313250716
k_io,1,9,6,7,8,100000.0,4.597718506808545,5.0,15.0,2500.0,-0.0007572712873641068,5.564490529845307e-10,5.446491624475778e-08,0.0009703366310899636
k_io,1,9,6,7,8,100000.0,4.597718506808545,5.0,15.0,3000.0,-0.0005845487744716871,6.098657620099705e-10,5.3358229826312825e-08,0.0017848130963426605
k_io,1,9,6,7,8,100000.0,4.597718506808545,5.0,15.0,3500.0,-0.00046813876488977207,6.528904131711017e-10,4.9426552707800324e-08,0.00297914115906735
k_io,1,9,6,7,8,100000.0,4.597718506808545,5.0,15.0,4000.0,-0.00038886521665427304,6.71617937210561e-10,4.4493583265855807e-08,0.0044414429764822565
k_io,1,9,6,7,8,100000.0,4.597718506808545,5.0,15.0,4500.0,-0.0003329303681649234,6.728998771676065e-10,4.040891584186316e-08,0.006070767870500113
k_io,1,9,6,7,8,100000.0,4.597718506808545,5.0,15.0,5000.0,-0.0002911494077781681,6.664077463597379e-10,3.837184646552027e-08,0.007861550609530855
k_io,1,9,6,7,8,100000.0,4.597718506808545,5.0,15.0,5500.0,-0.00025786704018276917,6.566720713979773e-10,3.8507369339390006e-08,0.009875449558445472
k_io,1,9,6,7,8,100000.0,4.597718506808545,5.0,15.0,6000.0,-0.00022987233619219116,6.436034247456821e-10,3.963819026615177e-08,0.012179933783181933
k_io,1,9,6,7,8,100000.0,4.597718506808545,5.0,15.0,6500.0,-0.00020540708538999315,6.268194096262332e-10,3.986827452190531e-08,0.014856331979082886
k_io,1,9,6,7,8,100000.0,4.597718506808545,5.0,15.0,7000.0,-0.00018344261894228655,6.083873668048539e-10,3.779793033301037e-08,0.018079220570014803
k_io,1,9,6,7,8,100000.0,4.597718506808545,5.0,15.0,7500.0,-0.00016331626765668907,5.915716150999823e-10,3.338548277594844e-08,0.02217933062599613
k_io,1,9,6,7,8,100000.0,4.597718506808545,5.0,15.0,8000.0,-0.00014464833212266947,5.786602001946164e-10,2.790761778915991e-08,0.02765647032832547
k_io,1,9,6,7,8,100000.0,4.597718506808545,5.0,15.0,8500.0,-0.00012736368094316743,5.711301003433965e-10,2.3264436551834592e-08,0.03520820183218072
k_io,1,9,6,7,8,100000.0,4.597718506808545,5.0,15.0,9000.0,-0.00011166847787343862,5.709411658595728e-10,2.112279097329777e-08,0.04578573229898227
k_io,1,9,6,7,8,100000.0,4.597718506808545,5.0,15.0,9500.0,-9.792955474200197e-05,5.801491498743393e-10,2.226567113119709e-08,0.060493971918879404
k_io,1,9,6,7,8,100000.0,4.597718506808545,5.0,15.0,10000.0,-8.649431996069802e-05,5.987951377180778e-10,2.636603506229811e-08,0.08003926432058293
k_io,1,9,6,7,8,100000.0,4.597718506808545,5.0,15.0,10500.0,-7.752751793194622e-05,6.235458827562806e-10,3.223203632652734e-08,0.10374248715919748
k_io,1,9,6,7,8,100000.0,4.597718506808545,5.0,15.0,11000.0,-7.092641793499891e-05,6.487419924375792e-10,3.8355302669312205e-08,0.12896027681377262
k_io,1,9,6,7,8,100000.0,4.597718506808545,5.0,15.0,11500.0,-6.633371540928955e-05,6.692308154064358e-10,4.3467951171432305e-08,0.15209231974295623
k_io,1,9,6,7,8,100000.0,4.597718506808545,5.0,15.0,12000.0,-6.322661238307827e-05,6.830391928083225e-10,4.687033878604873e-08,0.17086212268170375
k_io,1,9,6,7,8,100000.0,4.597718506808545,7.0,25.0,0.0,0.0,0.0,0.0,
k_io,1,9,6,7,8,100000.0,4.597718506808545,7.0,25.0,500.0,-0.0023986396999241544,5.231822110796998e-10,5.737292738189774e-08,9.093329624134752e-05
k_io,1,9,6,7,8,100000.0,4.597718506808545,7.0,25.0,1000.0,-0.002518531026461393,8.788868660625226e-10,8.507603680985021e-08,0.00013856015601023726
k_io,1,9,6,7,8,100000.0,4.597718506808545,7.0,25.0,1500.0,-0.0021067970160380187,1.1308019274875691e-09,8.832332663499238e-08,0.00025476581376420707
k_io,1,9,6,7,8,100000.0,4.597718506808545,7.0,25.0,2000.0,-0.0016527641444091072,1.1384265723175607e-09,8.234168978354803e-08,0.0004167573415668792
k_io,1,9,6,7,8,100000.0,4.597718506808545,7.0,25.0,2500.0,-0.0012755526863279174,9.97934558559061e-10,7.346029912988306e-08,0.00061334560706825
k_io,1,9,6,7,8,100000.0,4.597718506808545,7.0,25.0,3000.0,-0.0009884089013284074,9.383077229106451e-10,6.531480960025459e-08,0.000960443883491798
k_io,1,9,6,7,8,100000.0,4.597718506808545,7.0,25.0,3500.0,-0.0007767517752008853,1.0098941038357637e-09,5.960871817935213e-08,0.0016738299238498184
k_io,1,9,6,7,8,100000.0,4.597718506808545,7.0,25.0,4000.0,-0.0006216741802701478,1.1241587802868715e-09,5.5492741307003776e-08,0.0029087205295688125
k_io,1,9,6,7,8,100000.0,4.597718506808545,7.0,25.0,4500.0,-0.000507116650641723,1.2004080211582827e-09,5.1616740252322216e-08,0.004667809762323071
k_io,1,9,6,7,8,100000.0,4.597718506808545,7.0,25.0,5000.0,-0.00042158384943079795,1.2158913335399893e-09,4.774218080576377e-08,0.006841114084803656
k_io,1,9,6,7,8,100000.0,4.597718506808545,7.0,25.0,5500.0,-0.00035763972257263615,1.1849816821010683e-09,4.436348681215952e-08,0.00926446059120776
k_io,1,9,6,7,8,100000.0,4.597718506808545,7.0,25.0,6000.0,-0.00031051410543337255,1.1311125453046522e-09,4.171483796720027e-08,0.011731219280717912
k_io,1,9,6,7,8,100000.0,4.597718506808545,7.0,25.0,6500.0,-0.00027667691802879275,1.0722031473425887e-09,3.954359928622362e-08,0.014006551391215084
k_io,1,9,6,7,8,100000.0,4.597718506808545,7.0,25.0,7000.0,-0.0002529070904299549,1.0175206866028809e-09,3.7547205440346285e-08,0.01590820712353521
k_io,1,9,6,7,8,100000.0,4.597718506808545,7.0,25.0,7500.0,-0.0002360005745204131,9.713417908588988e-10,3.5713620093530837e-08,0.017439978842119463
k_io,1,9,6,7,8,100000.0,4.597718506808545,7.0,25.0,8000.0,-0.0002229498307181458,9.382764994925234e-10,3.4248010963418e-08,0.018876285835426127
k_io,1,9,6,7,8,100000.0,4.597718506808545,7.0,25.0,8500.0,-0.00021129512713551112,9.253813585778183e-10,3.33175812531709e-08,0.020727254672120426
k_io,1,9,6,7,8,100000.0,4.597718506808545,7.0,25.0,9000.0,-0.00019939076943622895,9.397188141080486e-10,3.293763675091818e-08,0.023636753351858737
k_io,1,9,6,7,8,100000.0,4.597718506808545,7.0,25.0,9500.0,-0.00018646326751513786,9.841113641451647e-10,3.307481987275585e-08,0.028304641993899985
k_io,1,9,6,7,8,100000.0,4.597718506808545,7.0,25.0,10000.0,-0.00017247121125258638,1.0545523740368865e-09,3.3802728403584585e-08,0.035451525423522395
k_io,1,9,6,7,8,100000.0,4.597718506808545,7.0,25.0,10500.0,-0.00015785358170499657,1.140663987172694e-09,3.5323624777389864e-08,0.045777160380535434
k_io,1,9,6,7,8,100000.0,4.597718506808545,7.0,25.0,11000.0,-0.00014326577027381896,1.2284549420801904e-09,3.78280139570669e-08,0.059851405514115545
k_io,1,9,6,7,8,100000.0,4.597718506808545,7.0,25.0,11500.0,-0.00012937224822850632,1.3041290416179028e-09,4.131707035798308e-08,0.07791809311913521
k_io,1,9,6,7,8,100000.0,4.597718506808545,7.0,25.0,12000.0,-0.00011672131956432918,1.3577808332822415e-09,4.553196413023177e-08,0.09966193071389942
k_io,1,9,6,7,8,100000.0,4.597718506808545,10.0,30.0,0.0,0.0,0.0,0.0,
k_io,1,9,6,7,8,100000.0,4.597718506808545,10.0,30.0,500.0,-0.002724602841692597,6.451442606062759e-10,5.313415012346095e-08,8.690613333342543e-05
k_io,1,9,6,7,8,100000.0,4.597718506808545,10.0,30.0,1000.0,-0.002963050891678601,9.815433407793922e-10,7.003364793699249e-08,0.0001117972856827713
k_io,1,9,6,7,8,100000.0,4.597718506808545,10.0,30.0,1500.0,-0.002548080938952431,1.1169540703788703e-09,7.336310388732581e-08,0.00017203185681831558
k_io,1,9,6,7,8,100000.0,4.597718506808545,10.0,30.0,2000.0,-0.0020430630946672024,1.1533115192902379e-09,7.131839699758053e-08,0.00027630139144049635
k_io,1,9,6,7,8,100000.0,4.597718506808545,10.0,30.0,2500.0,-0.0016059194709600738,1.2134875114915973e-09,6.521262627475885e-08,0.0004705305041957801
k_io,1,9,6,7,8,100000.0,4.597718506808545,10.0,30.0,3000.0,-0.001264915392337012,1.338434600001851e-09,5.744682988603062e-08,0.0008365159002151403
k_io,1,9,6,7,8,100000.0,4.597718506808545,10.0,30.0,3500.0,-0.0010086548362931904,1.4602549014995805e-09,5.008973563469102e-08,0.0014353027674687514
k_io,1,9,6,7,8,100000.0,4.597718506808545,10.0,30.0,4000.0,-0.0008172215149869246,1.5131717526813483e-09,4.416738346545511e-08,0.002265732539676092
k_io,1,9,6,7,8,100000.0,4.597718506808545,10.0,30.0,4500.0,-0.0006725473399149537,1.502327549488422e-09,3.9729763926714905e-08,0.0033213826505490247
k_io,1,9,6,7,8,100000.0,4.597718506808545,10.0,30.0,5000.0,-0.0005609137125888956,1.471280768936844e-09,3.645105039018877e-08,0.004676311618146689
k_io,1,9,6,7,8,100000.0,4.597718506808545,10.0,30.0,5500.0,-0.00047275265255497,1.4491633674447695e-09,3.418871710109207e-08,0.006484095439855764
k_io,1,9,6,7,8,100000.0,4.597718506808545,10.0,30.0,6000.0,-0.0004017811335697945,1.4362228601218116e-09,3.308193899368846e-08,0.008896982894272664
k_io,1,9,6,7,8,100000.0,4.597718506808545,10.0,30.0,6500.0,-0.0003441014221276209,1.4173039379396658e-09,3.3280892403386356e-08,0.011969887227455803
k_io,1,9,6,7,8,100000.0,4.597718506808545,10.0,30.0,7000.0,-0.0002973975689334442,1.3780518355759735e-09,3.4615405949091215e-08,0.015580834903913208
k_io,1,9,6,7,8,100000.0,4.597718506808545,10.0,30.0,7500.0,-0.00026025725705084357,1.3135100183122439e-09,3.646466665107331e-08,0.019392227301258273
k_io,1,9,6,7,8,100000.0,4.597718506808545,10.0,30.0,8000.0,-0.00023165039023456723,1.229433635001939e-09,3.793929860919244e-08,0.02291073479493112
k_io,1,9,6,7,8,100000.0,4.597718506808545,10.0,30.0,8500.0,-0.00021058662408135302,1.1386739443447603e-09,3.827581862505644e-08,0.02567661788902983
k_io,1,9,6,7,8,100000.0,4.597718506808545,10.0,30.0,9000.0,-0.0001959451740742961,1.055289321124204e-09,3.719122548001196e-08,0.027485421404249064
k_io,1,9,6,7,8,100000.0,4.597718506808545,10.0,30.0,9500.0,-0.0001864427351888885,9.891614696555013e-10,3.4978003770658284e-08,0.028456157765949227
k_io,1,9,6,7,8,100000.0,4.597718506808545,10.0,30.0,10000.0,-0.0001806922895330747,9.43532724020693e-10,3.2303087127733455e-08,0.028898661334426166
k_io,1,9,6,7,8,100000.0,4.597718506808545,10.0,30.0,10500.0,-0.00017730682247251144,9.160283944908006e-10,2.9863250922761625e-08,0.029137886157239414
k_io,1,9,6,7,8,100000.0,4.597718506808545,10.0,30.0,11000.0,-0.00017501128184811265,9.017889541299558e-10,2.811497648123651e-08,0.029442373643980183
k_io,1,9,6,7,8,100000.0,4.597718506808545,10.0,30.0,11500.0,-0.00017273768809894507,8.965671288178482e-10,2.7209905712030437e-08,0.030047518179734424
k_io,1,9,6,7,8,100000.0,4.597718506808545,10.0,30.0,12000.0,-0.00016968902781821257,8.983668430121084e-10,2.710929588392859e-08,0.031199396366679313
k_io,1,9,6,7,8,100000.0,4.597718506808545,12.0,36.0,0.0,0.0,0.0,0.0,
k_io,1,9,6,7,8,100000.0,4.597718506808545,12.0,36.0,500.0,-0.00301257672802116,8.068461803806647e-10,4.481307478107702e-08,8.890261050832728e-05
k_io,1,9,6,7,8,100000.0,4.597718506808545,12.0,36.0,1000.0,-0.0033592125404240114,9.128654631032363e-10,6.112298375905606e-08,8.089688716083337e-05
k_io,1,9,6,7,8,100000.0,4.597718506808545,12.0,36.0,1500.0,-0.0029534103922678606,8.505089829956129e-10,6.376337043305901e-08,9.750599255330945e-05
k_io,1,9,6,7,8,100000.0,4.597718506808545,12.0,36.0,2000.0,-0.002422473478390627,9.144169091760002e-10,6.260213554146685e-08,0.00015582107144171046
k_io,1,9,6,7,8,100000.0,4.597718506808545,12.0,36.0,2500.0,-0.0019536597761636125,1.0534941025466938e-09,6.090003930140751e-08,0.0002760159879915874
k_io,1,9,6,7,8,100000.0,4.597718506808545,12.0,36.0,3000.0,-0.0015842098635479168,1.2563906546836102e-09,5.817413373942376e-08,0.0005006097127403203
k_io,1,9,6,7,8,100000.0,4.597718506808545,12.0,36.0,3500.0,-0.0013029378304215897,1.4603483948358615e-09,5.345348817495315e-08,0.0008602191170994126
k_io,1,9,6,7,8,100000.0,4.597718506808545,12.0,36.0,4000.0,-0.0010876264096477215,1.5762292050153423e-09,4.7701332457191736e-08,0.0013324774895928384
k_io,1,9,6,7,8,100000.0,4.597718506808545,12.0,36.0,4500.0,-0.0009183213804827475,1.5761352961540556e-09,4.356726431511642e-08,0.0018689776300792904
k_io,1,9,6,7,8,100000.0,4.597718506808545,12.0,36.0,5000.0,-0.0007807131734916201,1.500173218956269e-09,4.259210852902366e-08,0.002461265097042127
k_io,1,9,6,7,8,100000.0,4.597718506808545,12.0,36.0,5500.0,-0.000665625371951588,1.4159109634778441e-09,4.382664467450121e-08,0.0031957751023848333
k_io,1,9,6,7,8,100000.0,4.597718506808545,12.0,36.0,6000.0,-0.0005674774868951633,1.3799050139648065e-09,4.517722138310872e-08,0.004285010783026473
k_io,1,9,6,7,8,100000.0,4.597718506808545,12.0,36.0,6500.0,-0.00048294991078198443,1.415229171448038e-09,4.5257750982773524e-08,0.0060676789220970315
k_io,1,9,6,7,8,100000.0,4.597718506808545,12.0,36.0,7000.0,-0.0004101339894539728,1.507777077225143e-09,4.398838258838958e-08,0.008963664879936743
k_io,1,9,6,7,8,100000.0,4.597718506808545,12.0,36.0,7500.0,-0.00034801848460778474,1.6204765216717601e-09,4.2084484226750446e-08,0.013379445655731903
k_io,1,9,6,7,8,100000.0,4.597718506808545,12.0,36.0,8000.0,-0.0002961006384191978,1.7159761409966073e-09,4.0306691003003e-08,0.019571880596710813
k_io,1,9,6,7,8,100000.0,4.597718506808545,12.0,36.0,8500.0,-0.000254022796481076,1.7733255164978542e-09,3.9026112414883266e-08,0.027481667302365727
k_io,1,9,6,7,8,100000.0,4.597718506808545,12.0,36.0,9000.0,-0.00022125657902539054,1.7912640840054032e-09,3.8187708523707505e-08,0.03659040627651783
k_io,1,9,6,7,8,100000.0,4.597718506808545,12.0,36.0,9500.0,-0.0001969036883139011,1.7821546164245697e-09,3.750330301135638e-08,0.04596610210847803
k_io,1,9,6,7,8,100000.0,4.597718506808545,12.0,36.0,10000.0,-0.00017965651916331546,1.7642065025302725e-09,3.6674586679819064e-08,0.05465922334448106
k_io,1,9,6,7,8,100000.0,4.597718506808545,12.0,36.0,10500.0,-0.0001679053974093603,1.7552282461273842e-09,3.5538095988125976e-08,0.06225930741794748
k_io,1,9,6,7,8,100000.0,4.597718506808545,12.0,36.0,11000.0,-0.00015993438150516365,1.7671173556195594e-09,3.4118149610279065e-08,0.06908467548947937
k_io,1,9,6,7,8,100000.0,4.597718506808545,12.0,36.0,11500.0,-0.00015413364464600247,1.801248499685303e-09,3.2604381917884776e-08,0.07581911946024014
k_io,1,9,6,7,8,100000.0,4.597718506808545,12.0,36.0,12000.0,-0.00014917053578716367,1.8472797382063092e-09,3.1268048265860046e-08,0.0830169106040195
k_io,1,9,6,7,8,100000.0,4.597718506808545,15.0,40.0,0.0,0.0,0.0,0.0,
k_io,1,9,6,7,8,100000.0,4.597718506808545,15.0,40.0,500.0,-0.0032058276572510813,8.753210473894281e-10,3.8547473682880546e-08,8.517007480981344e-05
k_io,1,9,6,7,8,100000.0,4.597718506808545,15.0,40.0,1000.0,-0.003648663281824213,1.1018132928858139e-09,5.389018958400608e-08,8.276380241837467e-05
k_io,1,9,6,7,8,100000.0,4.597718506808545,15.0,40.0,1500.0,-0.0032751845419820014,1.1121752393433833e-09,5.724420546760919e-08,0.0001036815953089871
k_io,1,9,6,7,8,100000.0,4.597718506808545,15.0,40.0,2000.0,-0.002743928029593619,1.1152094082081704e-09,5.6121530589316404e-08,0.00014811907540702982
k_io,1,9,6,7,8,100000.0,4.597718506808545,15.0,40.0,2500.0,-0.002261437274861451,1.1207994523132142e-09,5.56883534859965e-08,0.00021915875139371933
k_io,1,9,6,7,8,100000.0,4.597718506808545,15.0,40.0,3000.0,-0.0018733290093844793,1.2062000294480552e-09,5.4617803434117574e-08,0.0003437092482049702
k_io,1,9,6,7,8,100000.0,4.597718506808545,15.0,40.0,3500.0,-0.0015701996106043583,1.364206823359939e-09,5.218919281564811e-08,0.000553312506631448
k_io,1,9,6,7,8,100000.0,4.597718506808545,15.0,40.0,4000.0,-0.0013299126726441894,1.5134213301781713e-09,4.91824363730209e-08,0.0008556843751664972
k_io,1,9,6,7,8,100000.0,4.597718506808545,15.0,40.0,4500.0,-0.0011338697513361244,1.6114065155224537e-09,4.6796112859026934e-08,0.0012533685011696508
k_io,1,9,6,7,8,100000.0,4.597718506808545,15.0,40.0,5000.0,-0.0009705896902257507,1.682017817580894e-09,4.6067325413684366e-08,0.0017854974910083094
k_io,1,9,6,7,8,100000.0,4.597718506808545,15.0,40.0,5500.0,-0.0008337820413951034,1.7712223671384349e-09,4.737717081198636e-08,0.002547815728898189
k_io,1,9,6,7,8,100000.0,4.597718506808545,15.0,40.0,6000.0,-0.0007194541302012261,1.898479270467922e-09,5.021148291148861e-08,0.0036677492690865626
k_io,1,9,6,7,8,100000.0,4.597718506808545,15.0,40.0,6500.0,-0.0006241464713820869,2.0408027343169508e-09,5.3331341816595264e-08,0.005238753793748762
k_io,1,9,6,7,8,100000.0,4.597718506808545,15.0,40.0,7000.0,-0.0005444910611613896,2.153608686015109e-09,5.528745706769223e-08,0.007264158059838291
k_io,1,9,6,7,8,100000.0,4.597718506808545,15.0,40.0,7500.0,-0.00047743699705822453,2.2045101153006806e-09,5.507550587422355e-08,0.009671190904999925
k_io,1,9,6,7,8,100000.0,4.597718506808545,15.0,40.0,8000.0,-0.00042051156089379814,2.1909028779336503e-09,5.257443876486659e-08,0.012389884150747953
k_io,1,9,6,7,8,100000.0,4.597718506808545,15.0,40.0,8500.0,-0.00037185868465711017,2.133158133344457e-09,4.8487522719374875e-08,0.015426492552173215
k_io,1,9,6,7,8,100000.0,4.597718506808545,15.0,40.0,9000.0,-0.0003301038018681769,2.0569166625067e-09,4.3862299252773814e-08,0.0188762466660922
k_io,1,9,6,7,8,100000.0,4.597718506808545,15.0,40.0,9500.0,-0.00029419212696201857,1.9800735262252324e-09,3.956162437873705e-08,0.022878061596550314
k_io,1,9,6,7,8,100000.0,4.597718506808545,15.0,40.0,10000.0,-0.00026329380307590694,1.9094648679038322e-09,3.601991395482396e-08,0.02754421483335849
k_io,1,9,6,7,8,100000.0,4.597718506808545,15.0,40.0,10500.0,-0.0002367782867787882,1.8436544291928736e-09,3.3333449866862265e-08,0.03288484304161031
k_io,1,9,6,7,8,100000.0,4.597718506808545,15.0,40.0,11000.0,-0.00021420791455789004,1.7774280824429649e-09,3.1487150464851514e-08,0.03873655649579536
k_io,1,9,6,7,8,100000.0,4.597718506808545,15.0,40.0,11500.0,-0.00019530249661287046,1.7060311383158337e-09,3.0496559056380306e-08,0.04472716416787456
k_io,1,9,6,7,8,100000.0,4.597718506808545,15.0,40.0,12000.0,-0.0001798602032689104,1.6284694257430755e-09,3.039413063500939e-08,0.05033956395943194
k_io,1,9,6,7,8,100000.0,4.597718506808545,20.0,50.0,0.0,0.0,0.0,0.0,
k_io,1,9,6,7,8,100000.0,4.597718506808545,20.0,50.0,500.0,-0.0035457783951268473,1.0829003782005965e-09,4.006703904669015e-08,8.613215761202853e-05
k_io,1,9,6,7,8,100000.0,4.597718506808545,20.0,50.0,1000.0,-0.0041567353946815044,1.3784723967740014e-09,5.5937645372393916e-08,7.977986829103049e-05
k_io,1,9,6,7,8,100000.0,4.597718506808545,20.0,50.0,1500.0,-0.0038529419474842563,1.3009382538823827e-09,7.012851622282636e-08,8.763382201516552e-05
k_io,1,9,6,7,8,100000.0,4.597718506808545,20.0,50.0,2000.0,-0.0033388507305014345,1.1724944222014922e-09,7.587559991732079e-08,0.0001051760310804361
k_io,1,9,6,7,8,100000.0,4.597718506808545,20.0,50.0,2500.0,-0.0028387146409609397,1.134759663584665e-09,7.492605753697259e-08,0.00014081872716656852
k_io,1,9,6,7,8,100000.0,4.597718506808545,20.0,50.0,3000.0,-0.002410492019297727,1.3227226214477533e-09,7.024976213851159e-08,0.0002276446169339557
k_io,1,9,6,7,8,100000.0,4.597718506808545,20.0,50.0,3500.0,-0.002057106742726196,1.7182222982597962e-09,6.249065207422855e-08,0.00040603707952016995
k_io,1,9,6,7,8,100000.0,4.597718506808545,20.0,50.0,4000.0,-0.00176648291962107,2.1593631124470578e-09,5.328967999825888e-08,0.0006920011132872572
k_io,1,9,6,7,8,100000.0,4.597718506808545,20.0,50.0,4500.0,-0.001525668684543735,2.4809494878369076e-09,4.536838247795169e-08,0.0010658533582453384
k_io,1,9,6,7,8,100000.0,4.597718506808545,20.0,50.0,5000.0,-0.001324481909526519,2.6189016337711343e-09,4.0312020556333804e-08,0.0014928876484759203
k_io,1,9,6,7,8,100000.0,4.597718506808545,20.0,50.0,5500.0,-0.0011552906508356404,2.6146396286743366e-09,3.7915760994253365e-08,0.001958976930232319
k_io,1,9,6,7,8,100000.0,4.597718506808545,20.0,50.0,6000.0,-0.001012119706007981,2.5497335630996424e-09,3.72796165827662e-08,0.002489035205632533
k_io,1,9,6,7,8,100000.0,4.597718506808545,20.0,50.0,6500.0,-0.0008901742224908795,2.480499660925846e-09,3.779588990731574e-08,0.0031303229422729446
k_io,1,9,6,7,8,100000.0,4.597718506808545,20.0,50.0,7000.0,-0.000785727280031596,2.4180379841670164e-09,3.9216252039303665e-08,0.003916692307325426
k_io,1,9,6,7,8,100000.0,4.597718506808545,20.0,50.0,7500.0,-0.0006960323871038482,2.348177898234844e-09,4.132989261607541e-08,0.004846989729998111
k_io,1,9,6,7,8,100000.0,4.597718506808545,20.0,50.0,8000.0,-0.0006190921849734132,2.2592699319414228e-09,4.384001534080328e-08,0.005894642606575422
k_io,1,9,6,7,8,100000.0,4.597718506808545,20.0,50.0,8500.0,-0.0005533367426203703,2.154565895381878e-09,4.644365116331395e-08,0.007036890009273116
k_io,1,9,6,7,8,100000.0,4.597718506808545,20.0,50.0,9000.0,-0.0004973486162852892,2.0482320709737616e-09,4.887078777588728e-08,0.008280514728872269
k_io,1,9,6,7,8,100000.0,4.597718506808545,20.0,50.0,9500.0,-0.0004497250216419324,1.956579124835683e-09,5.0823603717761904e-08,0.009673938294620823
k_io,1,9,6,7,8,100000.0,4.597718506808545,20.0,50.0,10000.0,-0.0004090774703926401,1.8928137357866963e-09,5.195201920430627e-08,0.011310889389745997
k_io,1,9,6,7,8,100000.0,4.597718506808545,20.0,50.0,10500.0,-0.0003741077716259383,1.865433343290267e-09,5.1959787534926894e-08,0.013328653402987906
k_io,1,9,6,7,8,100000.0,4.597718506808545,20.0,50.0,11000.0,-0.00034368896632351424,1.8771871379879744e-09,5.077038731864499e-08,0.015891920728041898
k_io,1,9,6,7,8,100000.0,4.597718506808545,20.0,50.0,11500.0,-0.0003169056523334621,1.9241062657701913e-09,4.86070819764955e-08,0.019158834381110643
k_io,1,9,6,7,8,100000.0,4.597718506808545,20.0,50.0,12000.0,-0.00029304358943447973,1.996477610521347e-09,4.591507626425907e-08,0.02324877067291309
k_io,1,9,6,7,8,100000.0,4.597718506808545,25.0,60.0,0.0,0.0,0.0,0.0,
k_io,1,9,6,7,8,100000.0,4.597718506808545,25.0,60.0,500.0,-0.0037474773660005345,1.467331505616418e-09,4.532774155045023e-08,0.00010448409986013383
k_io,1,9,6,7,8,100000.0,4.597718506808545,25.0,60.0,1000.0,-0.004482760788729098,1.9374246982654593e-09,5.502663376103869e-08,9.641257959661266e-05
k_io,1,9,6,7,8,100000.0,4.597718506808545,25.0,60.0,1500.0,-0.0042394885061619175,2.1051650189302477e-09,5.610159750321856e-08,0.00011712759353005092
k_io,1,9,6,7,8,100000.0,4.597718506808545,25.0,60.0,2000.0,-0.0037399962860268435,2.1640127823495303e-09,5.681647332157953e-08,0.00015470967716138255
k_io,1,9,6,7,8,100000.0,4.597718506808545,25.0,60.0,2500.0,-0.0032231114217592116,2.0262269757573354e-09,5.854380879944331e-08,0.00019504618250608803
k_io,1,9,6,7,8,100000.0,4.597718506808545,25.0,60.0,3000.0,-0.0027585986891356627,1.7848764588626218e-09,6.017775106890786e-08,0.00023454766328106873
k_io,1,9,6,7,8,100000.0,4.597718506808545,25.0,60.0,3500.0,-0.002359299506550897,1.5567875582072823e-09,5.94276262568639e-08,0.000279681151050887
k_io,1,9,6,7,8,100000.0,4.597718506808545,25.0,60.0,4000.0,-0.0020209673019729694,1.390994764544568e-09,5.555143460643686e-08,0.0003405704173017743
k_io,1,9,6,7,8,100000.0,4.597718506808545,25.0,60.0,4500.0,-0.0017363625327350297,1.28350543043683e-09,5.020274144030021e-08,0.000425712986225575
k_io,1,9,6,7,8,100000.0,4.597718506808545,25.0,60.0,5000.0,-0.0014991007720320023,1.2279544485897818e-09,4.586798176959977e-08,0.0005464124688341322
k_io,1,9,6,7,8,100000.0,4.597718506808545,25.0,60.0,5500.0,-0.001303569588191578,1.2422221164334534e-09,4.409881710435167e-08,0.0007310226227782371
k_io,1,9,6,7,8,100000.0,4.597718506808545,25.0,60.0,6000.0,-0.001144150775377939,1.351899511102561e-09,4.5119805609752884e-08,0.0010327088349837464
k_io,1,9,6,7,8,100000.0,4.597718506808545,25.0,60.0,6500.0,-0.0010150356244562186,1.564457992175345e-09,4.826872997716439e-08,0.0015184529392180928
k_io,1,9,6,7,8,100000.0,4.597718506808545,25.0,60.0,7000.0,-0.0009106156608487516,1.86627507306087e-09,5.241013431085061e-08,0.0022506368496750407
k_io,1,9,6,7,8,100000.0,4.597718506808545,25.0,60.0,7500.0,-0.0008259532414033599,2.236456059666573e-09,5.6219607690557514e-08,0.0032783056796403336
k_io,1,9,6,7,8,100000.0,4.597718506808545,25.0,60.0,8000.0,-0.0007569728306962547,2.6544846671095146e-09,5.8517186048920825e-08,0.004632544896337449
k_io,1,9,6,7,8,100000.0,4.597718506808545,25.0,60.0,8500.0,-0.0007003402124699503,3.094311096314195e-09,5.8626176668706176e-08,0.006308786749011208
k_io,1,9,6,7,8,100000.0,4.597718506808545,25.0,60.0,9000.0,-0.0006532083244531559,3.5175817635594626e-09,5.65755041394615e-08,0.008244053085047706
k_io,1,9,6,7,8,100000.0,4.597718506808545,25.0,60.0,9500.0,-0.0006130258696793451,3.878369984200234e-09,5.302536791178576e-08,0.010320283623280928
k_io,1,9,6,7,8,100000.0,4.597718506808545,25.0,60.0,10000.0,-0.0005775010865618725,4.137556906491429e-09,4.896126644458087e-08,0.012406188300733364
k_io,1,9,6,7,8,100000.0,4.597718506808545,25.0,60.0,10500.0,-0.0005446953336201237,4.275416227987723e-09,4.531868652292414e-08,0.014410235950254896
k_io,1,9,6,7,8,100000.0,4.597718506808545,25.0,60.0,11000.0,-0.000513156969480942,4.294458857863176e-09,4.270030937191004e-08,0.01630827338097474
k_io,1,9,6,7,8,100000.0,4.597718506808545,25.0,60.0,11500.0,-0.0004820070210818134,4.213558575840118e-09,4.126476154906142e-08,0.018136033403421386
k_io,1,9,6,7,8,100000.0,4.597718506808545,25.0,60.0,12000.0,-0.0004509297468400352,4.059516194374281e-09,4.077660217470203e-08,0.019964411225331366
k_io,1,9,6,7,8,100000.0,4.597718506808545,30.0,80.0,0.0,0.0,0.0,0.0,
k_io,1,9,6,7,8,100000.0,4.597718506808545,30.0,80.0,500.0,-0.003989212547158755,2.045208204338757e-09,4.7457844717622106e-08,0.0001285177677316339
k_io,1,9,6,7,8,100000.0,4.597718506808545,30.0,80.0,1000.0,-0.0048865459464175615,2.332813449375008e-09,6.020002124292649e-08,9.76958323171769e-05
k_io,1,9,6,7,8,100000.0,4.597718506808545,30.0,80.0,1500.0,-0.004710451038129726,2.2217456267756742e-09,6.347847688521081e-08,0.00010013118274443102
k_io,1,9,6,7,8,100000.0,4.597718506808545,30.0,80.0,2000.0,-0.004219722794095659,2.320966349945052e-09,6.23712711750315e-08,0.00013034698805431514
k_io,1,9,6,7,8,100000.0,4.597718506808545,30.0,80.0,2500.0,-0.0036921708012592758,2.3962031054052686e-09,5.623730023324961e-08,0.0001757761952547809
k_io,1,9,6,7,8,100000.0,4.597718506808545,30.0,80.0,3000.0,-0.003218163308586656,2.4465602814721957e-09,4.773424465832504e-08,0.00023623256360334716
k_io,1,9,6,7,8,100000.0,4.597718506808545,30.0,80.0,3500.0,-0.0028174531634152927,2.607940481628393e-09,3.964050999393629e-08,0.00032853698353517175
k_io,1,9,6,7,8,100000.0,4.597718506808545,30.0,80.0,4000.0,-0.0024860010257703874,2.923577867988914e-09,3.433295878846843e-08,0.0004730554589763666
k_io,1,9,6,7,8,100000.0,4.597718506808545,30.0,80.0,4500.0,-0.0022129378423254714,3.343614735725945e-09,3.299216842927516e-08,0.0006827752965539931
k_io,1,9,6,7,8,100000.0,4.597718506808545,30.0,80.0,5000.0,-0.001986043103922393,3.763116197470911e-09,3.5380413663385344e-08,0.000954048139159569
k_io,1,9,6,7,8,100000.0,4.597718506808545,30.0,80.0,5500.0,-0.0017937798442530881,4.080423708468786e-09,4.023986997260309e-08,0.0012681393615258643
k_io,1,9,6,7,8,100000.0,4.597718506808545,30.0,80.0,6000.0,-0.001626441068817824,4.264673315125999e-09,4.5775382616471585e-08,0.0016121635754948586
k_io,1,9,6,7,8,100000.0,4.597718506808545,30.0,80.0,6500.0,-0.0014767844700049049,4.3664678569359444e-09,5.0239183918145095e-08,0.0020021473389990304
k_io,1,9,6,7,8,100000.0,4.597718506808545,30.0,80.0,7000.0,-0.0013401306698089515,4.458571784370594e-09,5.2518615311438307e-08,0.002482569814116292
k_io,1,9,6,7,8,100000.0,4.597718506808545,30.0,80.0,7500.0,-0.0012140283668623736,4.566069780052667e-09,5.236549338150415e-08,0.0030980246939934218
k_io,1,9,6,7,8,100000.0,4.597718506808545,30.0,80.0,8000.0,-0.0010976804167392136,4.645911212400601e-09,5.016525399305582e-08,0.0038558406128357745
k_io,1,9,6,7,8,100000.0,4.597718506808545,30.0,80.0,8500.0,-0.0009912998914725938,4.622005031936211e-09,4.653933872077133e-08,0.004703490776259561
k_io,1,9,6,7,8,100000.0,4.597718506808545,30.0,80.0,9000.0,-0.0008955052658827598,4.4396688356588586e-09,4.210051768808326e-08,0.005536232090678926
k_io,1,9,6,7,8,100000.0,4.597718506808545,30.0,80.0,9500.0,-0.0008108239095730059,4.100878358332437e-09,3.741688459225503e-08,0.006237690093032631
k_io,1,9,6,7,8,100000.0,4.597718506808545,30.0,80.0,10000.0,-0.0007373524487905838,3.665228272848321e-09,3.3041734733251223e-08,0.006741410515891233
k_io,1,9,6,7,8,100000.0,4.597718506808545,30.0,80.0,10500.0,-0.0006746006576919738,3.2242402150746686e-09,2.9484576633026175e-08,0.007084902369101047
k_io,1,9,6,7,8,100000.0,4.597718506808545,30.0,80.0,11000.0,-0.0006215127818399893,2.8668684654347423e-09,2.7118669730862458e-08,0.007421772509179336
k_io,1,9,6,7,8,100000.0,4.597718506808545,30.0,80.0,11500.0,-0.0005766242381155685,2.652711456914678e-09,2.6093506054144563e-08,0.00797818725762354
k_io,1,9,6,7,8,100000.0,4.597718506808545,30.0,80.0,12000.0,-0.0005382870988321791,2.601362725420037e-09,2.6311878453430116e-08,0.008977862933307287
k_io,1,10,12,13,14,100000.0,5.380376853270175,5.0,15.0,0.0,0.0,0.0,0.0,
k_io,1,10,12,13,14,100000.0,5.380376853270175,5.0,15.0,500.0,-0.0018780157000274633,3.90550160473845e-10,4.344048465068995e-08,0.00011073333587917769
k_io,1,10,12,13,14,100000.0,5.380376853270175,5.0,15.0,1000.0,-0.0018146834094019404,5.907328226086057e-10,4.6202342876100195e-08,0.00017938633811918542
k_io,1,10,12,13,14,100000.0,5.380376853270175,5.0,15.0,1500.0,-0.0014105356455702198,7.391374778684353e-10,4.143813395977964e-08,0.00037149852378684175
k_io,1,10,12,13,14,100000.0,5.380376853270175,5.0,15.0,2000.0,-0.0010497522462326846,8.822981201586777e-10,4.0523414364034814e-08,0.0008006481946367615
k_io,1,10,12,13,14,100000.0,5.380376853270175,5.0,15.0,2500.0,-0.0007904333725815126,8.684033977197983e-10,4.083267110282922e-08,0.0013899237558384387
k_io,1,10,12,13,14,100000.0,5.380376853270175,5.0,15.0,3000.0,-0.0006165110437346046,7.397096670898555e-10,3.983287114325574e-08,0.0019461646202143794
k_io,1,10,12,13,14,100000.0,5.380376853270175,5.0,15.0,3500.0,-0.0005011858940306294,6.413777820087789e-10,3.804487394451674e-08,0.0025533845901068303
k_io,1,10,12,13,14,100000.0,5.380376853270175,5.0,15.0,4000.0,-0.0004215261232599788,6.221525249188502e-10,3.717058968204861e-08,0.003501449598481852
k_io,1,10,12,13,14,100000.0,5.380376853270175,5.0,15.0,4500.0,-0.00036178922693930974,6.312052581976652e-10,3.775451570681674e-08,0.0048223568736892476
k_io,1,10,12,13,14,100000.0,5.380376853270175,5.0,15.0,5000.0,-0.0003132926684711046,6.233128011254045e-10,3.898668583573633e-08,0.006350465814652629
k_io,1,10,12,13,14,100000.0,5.380376853270175,5.0,15.0,5500.0,-0.00027246876627068676,6.061865489102306e-10,3.986290306033297e-08,0.008165313142367634
k_io,1,10,12,13,14,100000.0,5.380376853270175,5.0,15.0,6000.0,-0.00023837943411929904,6.172179999858435e-10,3.999325725934417e-08,0.010861780296468882
k_io,1,10,12,13,14,100000.0,5.380376853270175,5.0,15.0,6500.0,-0.00021080704351264697,6.871150296877687e-10,3.949313845212354e-08,0.015461770163078639
k_io,1,10,12,13,14,100000.0,5.380376853270175,5.0,15.0,7000.0,-0.0001893376970322799,8.199135102358048e-10,3.850815818254904e-08,0.02287145858840688
k_io,1,10,12,13,14,100000.0,5.380376853270175,5.0,15.0,7500.0,-0.00017320353399058594,9.92328732545564e-10,3.699972163756671e-08,0.03307821520963258
k_io,1,10,12,13,14,100000.0,5.380376853270175,5.0,15.0,8000.0,-0.00016143315637145257,1.167017485494323e-09,3.492170307914618e-08,0.04478080399512575
k_io,1,10,12,13,14,100000.0,5.380376853270175,5.0,15.0,8500.0,-0.00015299746186282076,1.310634600367682e-09,3.2505702708258806e-08,0.05599034926866823
k_io,1,10,12,13,14,100000.0,5.380376853270175,5.0,15.0,9000.0,-0.00014686931667581382,1.407029885261205e-09,3.0324439818335986e-08,0.06522906800843396
k_io,1,10,12,13,14,100000.0,5.380376853270175,5.0,15.0,9500.0,-0.00014205231210827275,1.4598178438017075e-09,2.905427725191682e-08,0.07234392274858502
k_io,1,10,12,13,14,100000.0,5.380376853270175,5.0,15.0,10000.0,-0.00013764205341252993,1.485184825508694e-09,2.912797921673104e-08,0.07839316833862049
k_io,1,10,12,13,14,100000.0,5.380376853270175,5.0,15.0,10500.0,-0.00013292550937511055,1.5009587155395305e-09,3.053161407606705e-08,0.08494778917257645
k_io,1,10,12,13,14,100000.0,5.380376853270175,5.0,15.0,11000.0,-0.0001274738232924916,1.5182706767124564e-09,3.285786360601072e-08,0.09343448172238905
k_io,1,10,12,13,14,100000.0,5.380376853270175,5.0,15.0,11500.0,-0.00012117726504780432,1.5387425139910822e-09,3.553902620517607e-08,0.10479092175126893
k_io,1,10,12,13,14,100000.0,5.380376853270175,5.0,15.0,12000.0,-0.00011420103285982161,1.5564777083476115e-09,3.809078118374175e-08,0.11934461879074475
k_io,1,10,12,13,14,100000.0,5.380376853270175,7.0,25.0,0.0,0.0,0.0,0.0,
k_io,1,10,12,13,14,100000.0,5.380376853270175,7.0,25.0,500.0,-0.0026280669806568735,4.945780124474899e-10,7.825194831997877e-08,7.16080661722139e-05
k_io,1,10,12,13,14,100000.0,5.380376853270175,7.0,25.0,1000.0,-0.0027019157660142373,9.930516042099433e-10,1.1052069924369709e-07,0.00013602796667841686
k_io,1,10,12,13,14,100000.0,5.380376853270175,7.0,25.0,1500.0,-0.002199735951908005,1.4029763101777892e-09,9.420569764818584e-08,0.00028994073274188304
k_io,1,10,12,13,14,100000.0,5.380376853270175,7.0,25.0,2000.0,-0.0016798645390039765,1.6426062313099645e-09,7.573996931354009e-08,0.0005820830339812568
k_io,1,10,12,13,14,100000.0,5.380376853270175,7.0,25.0,2500.0,-0.001264583329058485,1.57056757991343e-09,6.52077554762894e-08,0.0009821135974274274
k_io,1,10,12,13,14,100000.0,5.380376853270175,7.0,25.0,3000.0,-0.0009572829824893176,1.3331131743410617e-09,5.920168746555761e-08,0.0014547432245691273
k_io,1,10,12,13,14,100000.0,5.380376853270175,7.0,25.0,3500.0,-0.0007372081755742683,1.1368151150497715e-09,5.5158524446362684e-08,0.002091748920827824
k_io,1,10,12,13,14,100000.0,5.380376853270175,7.0,25.0,4000.0,-0.0005835054145916698,1.0613020846011436e-09,5.2168644660738454e-08,0.0031170892434184442
k_io,1,10,12,13,14,100000.0,5.380376853270175,7.0,25.0,4500.0,-0.0004789661314943353,1.0849205608002423e-09,4.9724042202227564e-08,0.00472920707006383
k_io,1,10,12,13,14,100000.0,5.380376853270175,7.0,25.0,5000.0,-0.00040926378927046755,1.1502538062118801e-09,4.771196654960738e-08,0.0068673160817689744
k_io,1,10,12,13,14,100000.0,5.380376853270175,7.0,25.0,5500.0,-0.00036228881226223024,1.2103940342875616e-09,4.62998568720834e-08,0.009221826108136254
k_io,1,10,12,13,14,100000.0,5.380376853270175,7.0,25.0,6000.0,-0.0003283298403961199,1.2480848103756933e-09,4.5438680424088166e-08,0.011577729180521272
k_io,1,10,12,13,14,100000.0,5.380376853270175,7.0,25.0,6500.0,-0.0003005378957416072,1.2665821578828946e-09,4.475122648704954e-08,0.014022804627804163
k_io,1,10,12,13,14,100000.0,5.380376853270175,7.0,25.0,7000.0,-0.0002750220090696905,1.270769078400507e-09,4.3917386728172373e-08,0.016800868706678428
k_io,1,10,12,13,14,100000.0,5.380376853270175,7.0,25.0,7500.0,-0.0002503552020761595,1.257418734848764e-09,4.3011691921129383e-08,0.02006165173641562
k_io,1,10,12,13,14,100000.0,5.380376853270175,7.0,25.0,8000.0,-0.00022668634308109677,1.2198476822472844e-09,4.242063484162555e-08,0.023738588514409104
k_io,1,10,12,13,14,100000.0,5.380376853270175,7.0,25.0,8500.0,-0.00020481127412929874,1.1595172274142413e-09,4.2475813553849466e-08,0.02764200154213423
k_io,1,10,12,13,14,100000.0,5.380376853270175,7.0,25.0,9000.0,-0.00018547895834643757,1.0920694423920631e-09,4.316229492315156e-08,0.03174394943371969
k_io,1,10,12,13,14,100000.0,5.380376853270175,7.0,25.0,9500.0,-0.00016903567028888527,1.0414670575744267e-09,4.409973459633195e-08,0.03644926853017757
k_io,1,10,12,13,14,100000.0,5.380376853270175,7.0,25.0,10000.0,-0.00015536414490271056,1.0272898173541496e-09,4.473815964861065e-08,0.04255899708604885
k_io,1,10,12,13,14,100000.0,5.380376853270175,7.0,25.0,10500.0,-0.00014400494553223442,1.0551270083052136e-09,4.4606010973144135e-08,0.05088033070649465
k_io,1,10,12,13,14,100000.0,5.380376853270175,7.0,25.0,11000.0,-0.0001343451108343388,1.1157113468185125e-09,4.348729998070016e-08,0.061817027498751925
k_io,1,10,12,13,14,100000.0,5.380376853270175,7.0,25.0,11500.0,-0.0001257920375058372,1.1911005303199657e-09,4.147586598412643e-08,0.07527350083370878
k_io,1,10,12,13,14,100000.0,5.380376853270175,7.0,25.0,12000.0,-0.00011788999791162436,1.2627671240089699e-09,3.890744191308637e-08,0.0908592916231643
k_io,1,10,12,13,14,100000.0,5.380376853270175,10.0,30.0,0.0,0.0,0.0,0.0,
k_io,1,10,12,13,14,100000.0,5.380376853270175,10.0,30.0,500.0,-0.002990122767661807,5.215936281464077e-10,5.787646590011564e-08,5.8338362895491986e-05
k_io,1,10,12,13,14,100000.0,5.380376853270175,10.0,30.0,1000.0,-0.003198990826439846,9.243339033374035e-10,8.842786439860529e-08,9.032394409966534e-05
k_io,1,10,12,13,14,100000.0,5.380376853270175,10.0,30.0,1500.0,-0.0027079333098933567,1.1941392053414645e-09,8.008764847735414e-08,0.00016284672470741546
k_io,1,10,12,13,14,100000.0,5.380376853270175,10.0,30.0,2000.0,-0.0021433034728135167,1.3668025097630306e-09,5.919529609880943e-08,0.0002975352546917005
k_io,1,10,12,13,14,100000.0,5.380376853270175,10.0,30.0,2500.0,-0.0016650301202370647,1.4050695408978764e-09,4.293438908361877e-08,0.0005068198671493228
k_io,1,10,12,13,14,100000.0,5.380376853270175,10.0,30.0,3000.0,-0.0012939008371951003,1.3608481373785888e-09,3.4960799426817047e-08,0.0008128448817881604
k_io,1,10,12,13,14,100000.0,5.380376853270175,10.0,30.0,3500.0,-0.0010158663650884619,1.3540547861812309e-09,3.208452782100356e-08,0.0013120883339717362
k_io,1,10,12,13,14,100000.0,5.380376853270175,10.0,30.0,4000.0,-0.0008115022208836104,1.4329484230072847e-09,3.1410184504966686e-08,0.0021759611313758634
k_io,1,10,12,13,14,100000.0,5.380376853270175,10.0,30.0,4500.0,-0.0006624062015816575,1.5528137085457808e-09,3.187856092915161e-08,0.00353891862896728
k_io,1,10,12,13,14,100000.0,5.380376853270175,10.0,30.0,5000.0,-0.0005524742760127238,1.6473544064575528e-09,3.303960878616979e-08,0.005397130497254648
k_io,1,10,12,13,14,100000.0,5.380376853270175,10.0,30.0,5500.0,-0.0004686818631471131,1.6771343905427503e-09,3.449544604792251e-08,0.007635044437342184
k_io,1,10,12,13,14,100000.0,5.380376853270175,10.0,30.0,6000.0,-0.0004015954610272275,1.6385742373234172e-09,3.611424656008005e-08,0.010159878892140322
k_io,1,10,12,13,14,100000.0,5.380376853270175,10.0,30.0,6500.0,-0.00034525570522994566,1.557569774535842e-09,3.802047447711702e-08,0.013066695876168582
k_io,1,10,12,13,14,100000.0,5.380376853270175,10.0,30.0,7000.0,-0.0002964835702137158,1.4743339496982282e-09,4.021197018634099e-08,0.016772376502042007
k_io,1,10,12,13,14,100000.0,5.380376853270175,10.0,30.0,7500.0,-0.000253935261269868,1.4222755150698192e-09,4.233201474704335e-08,0.02205655655445819
k_io,1,10,12,13,14,100000.0,5.380376853270175,10.0,30.0,8000.0,-0.00021721826863517046,1.4132587194592872e-09,4.386908354699461e-08,0.029952217317333617
k_io,1,10,12,13,14,100000.0,5.380376853270175,10.0,30.0,8500.0,-0.000186239534455145,1.4384568195856676e-09,4.452006550229612e-08,0.041471818081565574
k_io,1,10,12,13,14,100000.0,5.380376853270175,10.0,30.0,9000.0,-0.0001608219499766167,1.480385846774226e-09,4.4347960882308536e-08,0.05723797716478067
k_io,1,10,12,13,14,100000.0,5.380376853270175,10.0,30.0,9500.0,-0.00014054556244462771,1.5246308550621313e-09,4.365270858087228e-08,0.07718455932907307
k_io,1,10,12,13,14,100000.0,5.380376853270175,10.0,30.0,10000.0,-0.00012474110704857643,1.5644738393835104e-09,4.273159790454241e-08,0.1005423698041774
k_io,1,10,12,13,14,100000.0,5.380376853270175,10.0,30.0,10500.0,-0.00011256690483872058,1.5993340261785563e-09,4.172442723578364e-08,0.12621696339306832
k_io,1,10,12,13,14,100000.0,5.380376853270175,10.0,30.0,11000.0,-0.00010311810277807481,1.6307932853769309e-09,4.0609462089794834e-08,0.1533659985282823
k_io,1,10,12,13,14,100000.0,5.380376853270175,10.0,30.0,11500.0,-9.553703442248453e-05,1.6588812239053215e-09,3.92995662404552e-08,0.18174889506789751
k_io,1,10,12,13,14,100000.0,5.380376853270175,10.0,30.0,12000.0,-8.91079876687228e-05,1.6798668382771638e-09,3.7752696761252e-08,0.2115639099772338
k_io,1,10,12,13,14,100000.0,5.380376853270175,12.0,36.0,0.0,0.0,0.0,0.0,
k_io,1,10,12,13,14,100000.0,5.380376853270175,12.0,36.0,500.0,-0.003308890682853588,6.703856783442967e-10,4.213588203186363e-08,6.12293838106277e-05
k_io,1,10,12,13,14,100000.0,5.380376853270175,12.0,36.0,1000.0,-0.003639201024640021,8.944208277275869e-10,6.99930418928279e-08,6.753514109914781e-05
k_io,1,10,12,13,14,100000.0,5.380376853270175,12.0,36.0,1500.0,-0.0031546566322739333,1.008977633810252e-09,8.230798331980571e-08,0.00010138585040173466
k_io,1,10,12,13,14,100000.0,5.380376853270175,12.0,36.0,2000.0,-0.0025426526780666855,1.1214952808630124e-09,8.666295302317886e-08,0.00017346959707865783
k_io,1,10,12,13,14,100000.0,5.380376853270175,12.0,36.0,2500.0,-0.0019990479788568605,1.2236764879447915e-09,8.631659290653007e-08,0.00030621057154151004
k_io,1,10,12,13,14,100000.0,5.380376853270175,12.0,36.0,3000.0,-0.0015643759602207083,1.2863477141444335e-09,8.195908454751609e-08,0.0005256251197139919
k_io,1,10,12,13,14,100000.0,5.380376853270175,12.0,36.0,3500.0,-0.0012330469122306103,1.3391800575205722e-09,7.518948965311284e-08,0.0008808050042862633
k_io,1,10,12,13,14,100000.0,5.380376853270175,12.0,36.0,4000.0,-0.0009873032183837956,1.4167141635955598e-09,6.827871753356109e-08,0.0014533865283869816
k_io,1,10,12,13,14,100000.0,5.380376853270175,12.0,36.0,4500.0,-0.0008074682412867852,1.4972184638665756e-09,6.233332262974324e-08,0.002296329865787395
k_io,1,10,12,13,14,100000.0,5.380376853270175,12.0,36.0,5000.0,-0.0006755373056379008,1.5383048407744073e-09,5.712663040049744e-08,0.003370883412488965
k_io,1,10,12,13,14,100000.0,5.380376853270175,12.0,36.0,5500.0,-0.0005768153216340142,1.5236725730083645e-09,5.2151244020122115e-08,0.004579500117281374
k_io,1,10,12,13,14,100000.0,5.380376853270175,12.0,36.0,6000.0,-0.0005004952696503872,1.465693019875439e-09,4.7443896927501254e-08,0.005851174701520648
k_io,1,10,12,13,14,100000.0,5.380376853270175,12.0,36.0,6500.0,-0.00043941940744787614,1.387087378519022e-09,4.3527178749767704e-08,0.007183653096200263
k_io,1,10,12,13,14,100000.0,5.380376853270175,12.0,36.0,7000.0,-0.0003893327210529422,1.3068612996968947e-09,4.086339690519309e-08,0.008621596373699948
k_io,1,10,12,13,14,100000.0,5.380376853270175,12.0,36.0,7500.0,-0.00034794879274823364,1.2342754714826802e-09,3.948188933414001e-08,0.010194863854357614
k_io,1,10,12,13,14,100000.0,5.380376853270175,12.0,36.0,8000.0,-0.000314064878382825,1.1698524665086258e-09,3.9002213755413925e-08,0.011860209224273527
k_io,1,10,12,13,14,100000.0,5.380376853270175,12.0,36.0,8500.0,-0.0002868745482246483,1.11221814230452e-09,3.887529107016737e-08,0.013514685292932387
k_io,1,10,12,13,14,100000.0,5.380376853270175,12.0,36.0,9000.0,-0.0002655532946943032,1.0650959533643916e-09,3.86067479591087e-08,0.015103769409302144
k_io,1,10,12,13,14,100000.0,5.380376853270175,12.0,36.0,9500.0,-0.0002491194568693131,1.0378885981741675e-09,3.786217725832352e-08,0.01672381844774836
k_io,1,10,12,13,14,100000.0,5.380376853270175,12.0,36.0,10000.0,-0.0002365020479252961,1.039522569244159e-09,3.648694224290096e-08,0.018585066154052303
k_io,1,10,12,13,14,100000.0,5.380376853270175,12.0,36.0,10500.0,-0.00022670252402252184,1.0715779277847857e-09,3.450767726841607e-08,0.020850239533300573
k_io,1,10,12,13,14,100000.0,5.380376853270175,12.0,36.0,11000.0,-0.00021893854990944492,1.1267317800947237e-09,3.2133880256699016e-08,0.023505855898090934
k_io,1,10,12,13,14,100000.0,5.380376853270175,12.0,36.0,11500.0,-0.00021270038052452716,1.193286069808751e-09,2.9728740225404465e-08,0.0263759455178051
k_io,1,10,12,13,14,100000.0,5.380376853270175,12.0,36.0,12000.0,-0.00020770996714490186,1.2618062309495378e-09,2.772513682124695e-08,0.029246775644620953
k_io,1,10,12,13,14,100000.0,5.380376853270175,15.0,40.0,0.0,0.0,0.0,0.0,
k_io,1,10,12,13,14,100000.0,5.380376853270175,15.0,40.0,500.0,-0.003540397871902856,8.018273941251423e-10,2.952811863759066e-08,6.397005846222642e-05
k_io,1,10,12,13,14,100000.0,5.380376853270175,15.0,40.0,1000.0,-0.003982927408627754,1.3504662370180482e-09,5.1305351770642584e-08,8.512927769218085e-05
k_io,1,10,12,13,14,100000.0,5.380376853270175,15.0,40.0,1500.0,-0.0035376663402307273,1.7720331293172594e-09,6.544780018341295e-08,0.00014159179849070733
k_io,1,10,12,13,14,100000.0,5.380376853270175,15.0,40.0,2000.0,-0.002922322071473242,2.026884869497272e-09,7.208935406711045e-08,0.00023734108552728376
k_io,1,10,12,13,14,100000.0,5.380376853270175,15.0,40.0,2500.0,-0.0023498915181783195,2.1203824263832412e-09,7.64756820069301e-08,0.0003839888101676439
k_io,1,10,12,13,14,100000.0,5.380376853270175,15.0,40.0,3000.0,-0.0018739623418535904,1.9980405486585195e-09,8.034751874034922e-08,0.0005689611058525301
k_io,1,10,12,13,14,100000.0,5.380376853270175,15.0,40.0,3500.0,-0.001497915730223523,1.7683699340122673e-09,8.40332270542495e-08,0.0007881309077877216
k_io,1,10,12,13,14,100000.0,5.380376853270175,15.0,40.0,4000.0,-0.0012094990742493716,1.6244334892763108e-09,8.665508787997525e-08,0.0011104291493911776
k_io,1,10,12,13,14,100000.0,5.380376853270175,15.0,40.0,4500.0,-0.000992379862786004,1.643581742479859e-09,8.668316459160097e-08,0.0016689196272912552
k_io,1,10,12,13,14,100000.0,5.380376853270175,15.0,40.0,5000.0,-0.0008304243266250566,1.7779918010517289e-09,8.400881341122518e-08,0.002578277317726633
k_io,1,10,12,13,14,100000.0,5.380376853270175,15.0,40.0,5500.0,-0.0007095914818122506,1.947739680757347e-09,8.011662102603911e-08,0.003868246357399519
k_io,1,10,12,13,14,100000.0,5.380376853270175,15.0,40.0,6000.0,-0.0006187529952293583,2.093044410071055e-09,7.642121583317078e-08,0.005466933797103819
k_io,1,10,12,13,14,100000.0,5.380376853270175,15.0,40.0,6500.0,-0.0005497054869643692,2.1805444848130436e-09,7.310099257950284e-08,0.00721613762035017
k_io,1,10,12,13,14,100000.0,5.380376853270175,15.0,40.0,7000.0,-0.0004966038766133912,2.2003490682117835e-09,6.934849350606793e-08,0.008922188057208425
k_io,1,10,12,13,14,100000.0,5.380376853270175,15.0,40.0,7500.0,-0.00045518953643472384,2.162523978673674e-09,6.430022959212488e-08,0.010437017009008486
k_io,1,10,12,13,14,100000.0,5.380376853270175,15.0,40.0,8000.0,-0.0004221583377780761,2.0902961569607564e-09,5.771410611928543e-08,0.01172889449720392
k_io,1,10,12,13,14,100000.0,5.380376853270175,15.0,40.0,8500.0,-0.0003948230933336072,2.0124866489156445e-09,5.0068898128799066e-08,0.012910049705044698
k_io,1,10,12,13,14,100000.0,5.380376853270175,15.0,40.0,9000.0,-0.0003710260234930595,1.9578451037895347e-09,4.2255443553129405e-08,0.014222291830072707
k_io,1,10,12,13,14,100000.0,5.380376853270175,15.0,40.0,9500.0,-0.0003491598347212083,1.950087154482169e-09,3.5167361031144984e-08,0.015995781498549695
k_io,1,10,12,13,14,100000.0,5.380376853270175,15.0,40.0,10000.0,-0.0003281708990152566,2.0028951208803823e-09,2.9414401172518784e-08,0.01859765020559678
k_io,1,10,12,13,14,100000.0,5.380376853270175,15.0,40.0,10500.0,-0.00030749053992094313,2.116800737240941e-09,2.5231352380103592e-08,0.02238805988836799
k_io,1,10,12,13,14,100000.0,5.380376853270175,15.0,40.0,11000.0,-0.00028690924345202385,2.2799023445221907e-09,2.2536215316457104e-08,0.02769664500694992
k_io,1,10,12,13,14,100000.0,5.380376853270175,15.0,40.0,11500.0,-0.00026644051166451583,2.472093586940771e-09,2.104882110522002e-08,0.03482285624376538
k_io,1,10,12,13,14,100000.0,5.380376853270175,15.0,40.0,12000.0,-0.0002462154312872461,2.670755109127254e-09,2.040575543459895e-08,0.044055844551433326
k_io,1,10,12,13,14,100000.0,5.380376853270175,20.0,50.0,0.0,0.0,0.0,0.0,
k_io,1,10,12,13,14,100000.0,5.380376853270175,20.0,50.0,500.0,-0.003943009807987813,1.0440387794610277e-09,2.2093667047799567e-08,6.715230363303925e-05
k_io,1,10,12,13,14,100000.0,5.380376853270175,20.0,50.0,1000.0,-0.004566927615284974,1.948511815088363e-09,2.8728940167095837e-08,9.342321036219974e-05
k_io,1,10,12,13,14,100000.0,5.380376853270175,20.0,50.0,1500.0,-0.0041679400512097675,2.710918972409355e-09,3.658512884908732e-08,0.00015605353447937769
k_io,1,10,12,13,14,100000.0,5.380376853270175,20.0,50.0,2000.0,-0.003540318852716884,3.0964873190519794e-09,4.423641189521989e-08,0.0002470498248092503
k_io,1,10,12,13,14,100000.0,5.380376853270175,20.0,50.0,2500.0,-0.002933014497186366,3.2144090386885603e-09,4.789169090242222e-08,0.0003736566547964272
k_io,1,10,12,13,14,100000.0,5.380376853270175,20.0,50.0,3000.0,-0.0024127835194480522,3.1141376849221516e-09,4.8597511918037816e-08,0.0005349350991548113
k_io,1,10,12,13,14,100000.0,5.380376853270175,20.0,50.0,3500.0,-0.0019881614987061133,2.8440694237269656e-09,4.8065860093465775e-08,0.0007195100669358501
k_io,1,10,12,13,14,100000.0,5.380376853270175,20.0,50.0,4000.0,-0.0016501424590318284,2.523269484476745e-09,4.7531983544659784e-08,0.0009266607268112549
k_io,1,10,12,13,14,100000.0,5.380376853270175,20.0,50.0,4500.0,-0.0013850177607266177,2.2518476541567227e-09,4.793329846102019e-08,0.0011738924795310181
k_io,1,10,12,13,14,100000.0,5.380376853270175,20.0,50.0,5000.0,-0.0011781799070502731,2.0503632788026863e-09,4.954273324991213e-08,0.0014770921544250862
k_io,1,10,12,13,14,100000.0,5.380376853270175,20.0,50.0,5500.0,-0.0010155504533739656,1.8937091599185203e-09,5.189444790911451e-08,0.0018361589382925368
k_io,1,10,12,13,14,100000.0,5.380376853270175,20.0,50.0,6000.0,-0.0008847172661243909,1.7656164049599313e-09,5.4228226272342904e-08,0.0022557312144312154
k_io,1,10,12,13,14,100000.0,5.380376853270175,20.0,50.0,6500.0,-0.0007759368421569844,1.6796231505051367e-09,5.587018927733487e-08,0.0027897102998017433
k_io,1,10,12,13,14,100000.0,5.380376853270175,20.0,50.0,7000.0,-0.0006826111447730534,1.6633794286443662e-09,5.634519421037498e-08,0.003569805686354545
k_io,1,10,12,13,14,100000.0,5.380376853270175,20.0,50.0,7500.0,-0.0006010337770442345,1.7317418952004605e-09,5.544414982508942e-08,0.004793860645332176
k_io,1,10,12,13,14,100000.0,5.380376853270175,20.0,50.0,8000.0,-0.0005295685883817489,1.8741311271423217e-09,5.3329558970708744e-08,0.006682755011099078
k_io,1,10,12,13,14,100000.0,5.380376853270175,20.0,50.0,8500.0,-0.00046763919671509967,2.061866383576113e-09,5.0531248573566e-08,0.009428415351824156
k_io,1,10,12,13,14,100000.0,5.380376853270175,20.0,50.0,9000.0,-0.0004148892905067188,2.264244427581204e-09,4.774805583792377e-08,0.013154030921869219
k_io,1,10,12,13,14,100000.0,5.380376853270175,20.0,50.0,9500.0,-0.0003707051267022531,2.4607227591115547e-09,4.5567677763981566e-08,0.01790628537671603
k_io,1,10,12,13,14,100000.0,5.380376853270175,20.0,50.0,10000.0,-0.0003341006716034295,2.644320129172498e-09,4.428362994151522e-08,0.023689687601032496
k_io,1,10,12,13,14,100000.0,5.380376853270175,20.0,50.0,10500.0,-0.0003038411805350227,2.8179625203679052e-09,4.3893159792730375e-08,0.030524035009889795
k_io,1,10,12,13,14,100000.0,5.380376853270175,20.0,50.0,11000.0,-0.00027864858261777503,2.9882385061251185e-09,4.4225439211818315e-08,0.03848589415521205
k_io,1,10,12,13,14,100000.0,5.380376853270175,20.0,50.0,11500.0,-0.0002573697422982779,3.16029357524001e-09,4.5084042025042114e-08,0.04771033355845522
k_io,1,10,12,13,14,100000.0,5.380376853270175,20.0,50.0,12000.0,-0.0002390552177761057,3.335391598052306e-09,4.631500820279164e-08,0.058364715886047226
k_io,1,10,12,13,14,100000.0,5.380376853270175,25.0,60.0,0.0,0.0,0.0,0.0,
k_io,1,10,12,13,14,100000.0,5.380376853270175,25.0,60.0,500.0,-0.004206270405649248,1.4286699082028802e-09,2.4074965458434713e-08,8.074906838037928e-05
k_io,1,10,12,13,14,100000.0,5.380376853270175,25.0,60.0,1000.0,-0.0049693775790797395,2.3576964196354756e-09,2.8251863108098315e-08,9.547373033485982e-05
k_io,1,10,12,13,14,100000.0,5.380376853270175,25.0,60.0,1500.0,-0.004642950020188372,2.948046245497229e-09,3.524494581843904e-08,0.00013675596381149176
k_io,1,10,12,13,14,100000.0,5.380376853270175,25.0,60.0,2000.0,-0.004049682221507853,3.1580624838631746e-09,4.4328382642105284e-08,0.00019256565337743263
k_io,1,10,12,13,14,100000.0,5.380376853270175,25.0,60.0,2500.0,-0.003449310261037321,3.153585451107334e-09,4.8294781213048304e-08,0.00026505749097359047
k_io,1,10,12,13,14,100000.0,5.380376853270175,25.0,60.0,3000.0,-0.002913292048859744,3.163671791385505e-09,4.763151903972305e-08,0.00037275491199362156
k_io,1,10,12,13,14,100000.0,5.380376853270175,25.0,60.0,3500.0,-0.0024546788227217606,3.277309350105997e-09,4.587378744961725e-08,0.0005439113047457907
k_io,1,10,12,13,14,100000.0,5.380376853270175,25.0,60.0,4000.0,-0.002069970741177443,3.4041113325532655e-09,4.493335582331134e-08,0.0007944660474590623
k_io,1,10,12,13,14,100000.0,5.380376853270175,25.0,60.0,4500.0,-0.0017517247210111636,3.419287941996148e-09,4.490081271171396e-08,0.0011143046859915181
k_io,1,10,12,13,14,100000.0,5.380376853270175,25.0,60.0,5000.0,-0.0014917581834471873,3.282130136923327e-09,4.54430611977455e-08,0.0014748876496743335
k_io,1,10,12,13,14,100000.0,5.380376853270175,25.0,60.0,5500.0,-0.0012815622672941052,3.047305407968478e-09,4.637303576701738e-08,0.0018553957530762044
k_io,1,10,12,13,14,100000.0,5.380376853270175,25.0,60.0,6000.0,-0.0011122804916841745,2.805250414152754e-09,4.754383414968398e-08,0.0022674775443832095
k_io,1,10,12,13,14,100000.0,5.380376853270175,25.0,60.0,6500.0,-0.0009750243637468457,2.616661658932702e-09,4.880585621330803e-08,0.0027524322326392997
k_io,1,10,12,13,14,100000.0,5.380376853270175,25.0,60.0,7000.0,-0.0008615505947627026,2.4928476895757514e-09,5.00894583029311e-08,0.0033584135325668433
k_io,1,10,12,13,14,100000.0,5.380376853270175,25.0,60.0,7500.0,-0.0007650055634054525,2.4222813350675135e-09,5.137704318958366e-08,0.004138999707345191
k_io,1,10,12,13,14,100000.0,5.380376853270175,25.0,60.0,8000.0,-0.00068042344898673,2.4025723243600218e-09,5.255471940980596e-08,0.005189409302986449
k_io,1,10,12,13,14,100000.0,5.380376853270175,25.0,60.0,8500.0,-0.0006048135827809043,2.446180161809652e-09,5.3342647958662036e-08,0.006687216256408319
k_io,1,10,12,13,14,100000.0,5.380376853270175,25.0,60.0,9000.0,-0.0005368563220969052,2.5624409371379445e-09,5.3416026424433944e-08,0.008890736118299002
k_io,1,10,12,13,14,100000.0,5.380376853270175,25.0,60.0,9500.0,-0.00047635437051230054,2.7385702525219662e-09,5.2604308123355874e-08,0.012068785761049323
k_io,1,10,12,13,14,100000.0,5.380376853270175,25.0,60.0,10000.0,-0.0004236267459225029,2.9373399617868904e-09,5.09792890757748e-08,0.016367692988895326
k_io,1,10,12,13,14,100000.0,5.380376853270175,25.0,60.0,10500.0,-0.00037900045887599536,3.1125744924135506e-09,4.877203542177507e-08,0.021669070497277503
k_io,1,10,12,13,14,100000.0,5.380376853270175,25.0,60.0,11000.0,-0.000342486057465364,3.2305511893706863e-09,4.6219735446650424e-08,0.027541705790013502
k_io,1,10,12,13,14,100000.0,5.380376853270175,25.0,60.0,11500.0,-0.0003136520237456736,3.2835055327337613e-09,4.347453992639639e-08,0.03337655929555468
k_io,1,10,12,13,14,100000.0,5.380376853270175,25.0,60.0,12000.0,-0.0002916613127687006,3.288705802703669e-09,4.0616069517623895e-08,0.03866049160108154
k_io,1,10,12,13,14,100000.0,5.380376853270175,30.0,80.0,0.0,0.0,0.0,0.0,
k_io,1,10,12,13,14,100000.0,5.380376853270175,30.0,80.0,500.0,-0.004527574023016734,2.1811048389110245e-09,3.6746118086228e-08,0.00010640092959523836
k_io,1,10,12,13,14,100000.0,5.380376853270175,30.0,80.0,1000.0,-0.005447135607040146,3.452759605484582e-09,3.8986740736808186e-08,0.0001163670347174831
k_io,1,10,12,13,14,100000.0,5.380376853270175,30.0,80.0,1500.0,-0.005183639927299602,4.3239519551341876e-09,3.628520434610471e-08,0.0001609204383577578
k_io,1,10,12,13,14,100000.0,5.380376853270175,30.0,80.0,2000.0,-0.004597444744956318,4.716067750619269e-09,3.977189024147212e-08,0.00022312436572056156
k_io,1,10,12,13,14,100000.0,5.380376853270175,30.0,80.0,2500.0,-0.003981271200813145,4.549570597685793e-09,4.5136520455265176e-08,0.00028702973089936046
k_io,1,10,12,13,14,100000.0,5.380376853270175,30.0,80.0,3000.0,-0.003425932827907506,4.23099022522305e-09,4.942048494806051e-08,0.0003604826233914593
k_io,1,10,12,13,14,100000.0,5.380376853270175,30.0,80.0,3500.0,-0.0029517896985530832,3.991548611447275e-09,5.256337763308798e-08,0.00045811087043641984
k_io,1,10,12,13,14,100000.0,5.380376853270175,30.0,80.0,4000.0,-0.002555750980963615,3.856794620743824e-09,5.4738913661000405e-08,0.0005904585836319177
k_io,1,10,12,13,14,100000.0,5.380376853270175,30.0,80.0,4500.0,-0.0022278248673790104,3.811827978557807e-09,5.542434144352921e-08,0.0007680176465172728
k_io,1,10,12,13,14,100000.0,5.380376853270175,30.0,80.0,5000.0,-0.001956759313688645,3.831332681203421e-09,5.416364475356866e-08,0.0010006335148617469
k_io,1,10,12,13,14,100000.0,5.380376853270175,30.0,80.0,5500.0,-0.0017319863170238096,3.8796820748182285e-09,5.130645617403068e-08,0.0012933236667587043
k_io,1,10,12,13,14,100000.0,5.380376853270175,30.0,80.0,6000.0,-0.0015443640742622208,3.92703963817628e-09,4.784179317100629e-08,0.0016465158065877275
k_io,1,10,12,13,14,100000.0,5.380376853270175,30.0,80.0,6500.0,-0.0013864077883470934,3.951700236626034e-09,4.472850653718434e-08,0.0020559001305791354
k_io,1,10,12,13,14,100000.0,5.380376853270175,30.0,80.0,7000.0,-0.0012521790026110572,3.9353519435308494e-09,4.2475864627152894e-08,0.002509867205481291
k_io,1,10,12,13,14,100000.0,5.380376853270175,30.0,80.0,7500.0,-0.0011369743300548192,3.86958282799707e-09,4.119199320207351e-08,0.002993386722879939
k_io,1,10,12,13,14,100000.0,5.380376853270175,30.0,80.0,8000.0,-0.0010369921890492914,3.766090650827649e-09,4.080334521296484e-08,0.0035021907696757538
k_io,1,10,12,13,14,100000.0,5.380376853270175,30.0,80.0,8500.0,-0.0009491114080221992,3.6541109359782817e-09,4.114767626644323e-08,0.004056461337528127
k_io,1,10,12,13,14,100000.0,5.380376853270175,30.0,80.0,9000.0,-0.0008708113812803241,3.5641548515211076e-09,4.192420132778043e-08,0.004700113780557397
k_io,1,10,12,13,14,100000.0,5.380376853270175,30.0,80.0,9500.0,-0.000800173760202437,3.511185086525157e-09,4.266186877219645e-08,0.005483844254270609
k_io,1,10,12,13,14,100000.0,5.380376853270175,30.0,80.0,10000.0,-0.0007358759998832391,3.4897341255784294e-09,4.2821201647857026e-08,0.006444408510665143
k_io,1,10,12,13,14,100000.0,5.380376853270175,30.0,80.0,10500.0,-0.0006771149734552469,3.482868513648442e-09,4.199725698750376e-08,0.007596477287674258
k_io,1,10,12,13,14,100000.0,5.380376853270175,30.0,80.0,11000.0,-0.0006234524335173063,3.477328428456989e-09,4.0097437630384765e-08,0.008946209459220313
k_io,1,10,12,13,14,100000.0,5.380376853270175,30.0,80.0,11500.0,-0.0005746193695022215,3.474569150874883e-09,3.7387129688525025e-08,0.010523020994877551
k_io,1,10,12,13,14,100000.0,5.380376853270175,30.0,80.0,12000.0,-0.0005303345546551342,3.4917034922006254e-09,3.438472504663759e-08,0.012414736526477921
k_io,1,11,24,25,26,100000.0,7.368062997280774,5.0,15.0,0.0,0.0,0.0,0.0,
k_io,1,11,24,25,26,100000.0,7.368062997280774,5.0,15.0,500.0,-0.002117671303679708,3.789353050075468e-10,1.0361424638353012e-07,8.44982990635172e-05
k_io,1,11,24,25,26,100000.0,7.368062997280774,5.0,15.0,1000.0,-0.001966988463995206,6.806135132481037e-10,1.0555433737529208e-07,0.00017591259766918974
k_io,1,11,24,25,26,100000.0,7.368062997280774,5.0,15.0,1500.0,-0.0014684625335833687,8.650235454957814e-10,7.609496263453797e-08,0.00040114574330384544
k_io,1,11,24,25,26,100000.0,7.368062997280774,5.0,15.0,2000.0,-0.001053999673856422,9.811115105436492e-10,5.497453557566111e-08,0.0008831559881419601
k_io,1,11,24,25,26,100000.0,7.368062997280774,5.0,15.0,2500.0,-0.0007706993970925165,1.0398774662515012e-09,4.224042494914871e-08,0.0017507016006853525
k_io,1,11,24,25,26,100000.0,7.368062997280774,5.0,15.0,3000.0,-0.0005870534190055912,1.051017368471663e-09,3.474254633805844e-08,0.003049682653511599
k_io,1,11,24,25,26,100000.0,7.368062997280774,5.0,15.0,3500.0,-0.0004674698854554571,1.0263018628037002e-09,3.0545994228740095e-08,0.004696429849915061
k_io,1,11,24,25,26,100000.0,7.368062997280774,5.0,15.0,4000.0,-0.0003861350033047403,9.987423464489659e-10,2.840457413308664e-08,0.00669846233140365
k_io,1,11,24,25,26,100000.0,7.368062997280774,5.0,15.0,4500.0,-0.0003267614836904532,1.003487525199512e-09,2.7576460384288978e-08,0.009398320674802535
k_io,1,11,24,25,26,100000.0,7.368062997280774,5.0,15.0,5000.0,-0.00027993232168427957,1.0459927901370848e-09,2.7759693948017985e-08,0.013348196731407108
k_io,1,11,24,25,26,100000.0,7.368062997280774,5.0,15.0,5500.0,-0.00024070592787194846,1.1043689497389803e-09,2.8772083564321696e-08,0.01906077768528454
k_io,1,11,24,25,26,100000.0,7.368062997280774,5.0,15.0,6000.0,-0.00020685233669004736,1.1574106206448037e-09,3.023272279640805e-08,0.027049958351381204
k_io,1,11,24,25,26,100000.0,7.368062997280774,5.0,15.0,6500.0,-0.00017759291534661563,1.2013628827797443e-09,3.1569644040619415e-08,0.038091049320271554
k_io,1,11,24,25,26,100000.0,7.368062997280774,5.0,15.0,7000.0,-0.0001527235206686805,1.2432916575430743e-09,3.227708098768652e-08,0.05330416754719812
k_io,1,11,24,25,26,100000.0,7.368062997280774,5.0,15.0,7500.0,-0.00013208128194178072,1.2866356585032751e-09,3.2144267393531516e-08,0.07375186935966561
k_io,1,11,24,25,26,100000.0,7.368062997280774,5.0,15.0,8000.0,-0.00011532711069999336,1.3243767550982675e-09,3.1296219189176926e-08,0.09957463567885
k_io,1,11,24,25,26,100000.0,7.368062997280774,5.0,15.0,8500.0,-0.00010196859995102725,1.342041483233957e-09,3.0072033785884765e-08,0.12907229361273512
k_io,1,11,24,25,26,100000.0,7.368062997280774,5.0,15.0,9000.0,-9.150161141101179e-05,1.3254724842971345e-09,2.8847337769035505e-08,0.1583117799406169
k_io,1,11,24,25,26,100000.0,7.368062997280774,5.0,15.0,9500.0,-8.354622454921222e-05,1.2684381378376707e-09,2.7889753118111814e-08,0.18172540003141108
k_io,1,11,24,25,26,100000.0,7.368062997280774,5.0,15.0,10000.0,-7.789614519106744e-05,1.17668586917195e-09,2.729376527369046e-08,0.19392268027781168
k_io,1,11,24,25,26,100000.0,7.368062997280774,5.0,15.0,10500.0,-7.44644026209368e-05,1.0666323351134936e-09,2.700863240303233e-08,0.19236113267509683
k_io,1,11,24,25,26,100000.0,7.368062997280774,5.0,15.0,11000.0,-7.316165061833208e-05,9.593836113898754e-10,2.693748030202023e-08,0.1792360255378654
k_io,1,11,24,25,26,100000.0,7.368062997280774,5.0,15.0,11500.0,-7.376805409068168e-05,8.732021467445791e-10,2.7047295575367334e-08,0.1604641942911664
k_io,1,11,24,25,26,100000.0,7.368062997280774,5.0,15.0,12000.0,-7.585376630135632e-05,8.180586465564446e-10,2.7420621233265577e-08,0.1421772601109073
k_io,1,11,24,25,26,100000.0,7.368062997280774,7.0,25.0,0.0,0.0,0.0,0.0,
k_io,1,11,24,25,26,100000.0,7.368062997280774,7.0,25.0,500.0,-0.003042286522487836,6.050331317149849e-10,1.246800473590877e-07,6.537006704120317e-05
k_io,1,11,24,25,26,100000.0,7.368062997280774,7.0,25.0,1000.0,-0.003019350259054948,1.0968285540052323e-09,1.5588575343134745e-07,0.00012031277826944554
k_io,1,11,24,25,26,100000.0,7.368062997280774,7.0,25.0,1500.0,-0.002367502615250462,1.364125628540112e-09,1.2067024478651164e-07,0.00024337358162856068
k_io,1,11,24,25,26,100000.0,7.368062997280774,7.0,25.0,2000.0,-0.0017444352812241437,1.3658078083455596e-09,8.396787961085793e-08,0.0004488279229361813
k_io,1,11,24,25,26,100000.0,7.368062997280774,7.0,25.0,2500.0,-0.0012692052852870013,1.249474466967582e-09,6.274674577973187e-08,0.0007756461512239337
k_io,1,11,24,25,26,100000.0,7.368062997280774,7.0,25.0,3000.0,-0.0009288320415288386,1.2646941063620134e-09,5.4115075839900214e-08,0.0014659228598895941
k_io,1,11,24,25,26,100000.0,7.368062997280774,7.0,25.0,3500.0,-0.0006917898168327299,1.4895811910906437e-09,5.137495242684856e-08,0.0031125465124703755
k_io,1,11,24,25,26,100000.0,7.368062997280774,7.0,25.0,4000.0,-0.0005305140314596155,1.8102070780618525e-09,4.948071538181207e-08,0.0064318292852937695
k_io,1,11,24,25,26,100000.0,7.368062997280774,7.0,25.0,4500.0,-0.00042265847456993393,2.054430051906531e-09,4.6213581221266064e-08,0.01150038015779928
k_io,1,11,24,25,26,100000.0,7.368062997280774,7.0,25.0,5000.0,-0.00035032548536516415,2.1252457628211925e-09,4.1645619563762785e-08,0.017316722371281484
k_io,1,11,24,25,26,100000.0,7.368062997280774,7.0,25.0,5500.0,-0.00030003555645617946,2.0409559214163735e-09,3.69664532197465e-08,0.02267191347793661
k_io,1,11,24,25,26,100000.0,7.368062997280774,7.0,25.0,6000.0,-0.00026268564366385087,1.8872511994071494e-09,3.340656187304855e-08,0.027349981281744026
k_io,1,11,24,25,26,100000.0,7.368062997280774,7.0,25.0,6500.0,-0.00023297652736094894,1.7459778921918277e-09,3.168205973805971e-08,0.032167284869236916
k_io,1,11,24,25,26,100000.0,7.368062997280774,7.0,25.0,7000.0,-0.000208411790113426,1.654072473140679e-09,3.1953489021994066e-08,0.03808114223192263
k_io,1,11,24,25,26,100000.0,7.368062997280774,7.0,25.0,7500.0,-0.00018820461245922545,1.604727425799918e-09,3.3987129094697486e-08,0.045304438222206075
k_io,1,11,24,25,26,100000.0,7.368062997280774,7.0,25.0,8000.0,-0.00017236082189352945,1.571957722605199e-09,3.7272002633696144e-08,0.05291316613725133
k_io,1,11,24,25,26,100000.0,7.368062997280774,7.0,25.0,8500.0,-0.00016105074792299484,1.5339836667137116e-09,4.1093583882465844e-08,0.05914189601722957
k_io,1,11,24,25,26,100000.0,7.368062997280774,7.0,25.0,9000.0,-0.00015426082540877543,1.4829298658594403e-09,4.466514518628399e-08,0.06231739781160429
k_io,1,11,24,25,26,100000.0,7.368062997280774,7.0,25.0,9500.0,-0.000151657880309022,1.4225817437080577e-09,4.7323556180037725e-08,0.061851077198977596
k_io,1,11,24,25,26,100000.0,7.368062997280774,7.0,25.0,10000.0,-0.0001525889924107232,1.3618722282826897e-09,4.86916252829505e-08,0.058491122125645535
k_io,1,11,24,25,26,100000.0,7.368062997280774,7.0,25.0,10500.0,-0.0001561535989508477,1.3097959841798475e-09,4.8718655462616785e-08,0.05371550442188094
k_io,1,11,24,25,26,100000.0,7.368062997280774,7.0,25.0,11000.0,-0.00016130464158082723,1.2731644874659195e-09,4.7599357739199604e-08,0.04893175440541145
k_io,1,11,24,25,26,100000.0,7.368062997280774,7.0,25.0,11500.0,-0.0001669532822155237,1.2561431441123997e-09,4.5642077408315006e-08,0.04506602044605576
k_io,1,11,24,25,26,100000.0,7.368062997280774,7.0,25.0,12000.0,-0.0001720641070935739,1.2603599037085385e-09,4.3162616417593785e-08,0.042571015310852396
k_io,1,11,24,25,26,100000.0,7.368062997280774,10.0,30.0,0.0,0.0,0.0,0.0,
k_io,1,11,24,25,26,100000.0,7.368062997280774,10.0,30.0,500.0,-0.0034891414243078123,7.68984390687217e-10,1.2878950696333262e-07,6.316556402666814e-05
k_io,1,11,24,25,26,100000.0,7.368062997280774,10.0,30.0,1000.0,-0.0035621168036197165,1.139597956713076e-09,1.6421748008834439e-07,8.981220307772145e-05
k_io,1,11,24,25,26,100000.0,7.368062997280774,10.0,30.0,1500.0,-0.002843946505170003,1.217474108230524e-09,1.3492559889797906e-07,0.00015052786014394732
k_io,1,11,24,25,26,100000.0,7.368062997280774,10.0,30.0,2000.0,-0.002112683395290464,1.2715866211932974e-09,9.799752678968357e-08,0.00028488993882009017
k_io,1,11,24,25,26,100000.0,7.368062997280774,10.0,30.0,2500.0,-0.0015480476508437854,1.307983913159637e-09,6.905204982747278e-08,0.0005458002789445093
k_io,1,11,24,25,26,100000.0,7.368062997280774,10.0,30.0,3000.0,-0.001150703633385321,1.2987015779777867e-09,4.97204325965911e-08,0.0009808043863493172
k_io,1,11,24,25,26,100000.0,7.368062997280774,10.0,30.0,3500.0,-0.0008796433271270922,1.303132058895985e-09,3.8054285298523944e-08,0.001684128417600377
k_io,1,11,24,25,26,100000.0,7.368062997280774,10.0,30.0,4000.0,-0.0006937025427586653,1.3575381622064252e-09,3.18112738100433e-08,0.0028210155119457584
k_io,1,11,24,25,26,100000.0,7.368062997280774,10.0,30.0,4500.0,-0.000562010814366791,1.4180804823607e-09,2.9366211359542306e-08,0.00448964016633462
k_io,1,11,24,25,26,100000.0,7.368062997280774,10.0,30.0,5000.0,-0.0004646330036213479,1.4189479949002637e-09,2.9540332819392858e-08,0.00657273871641766
k_io,1,11,24,25,26,100000.0,7.368062997280774,10.0,30.0,5500.0,-0.0003901424175510185,1.3445767485725606e-09,3.123373411291545e-08,0.008833631028310213
k_io,1,11,24,25,26,100000.0,7.368062997280774,10.0,30.0,6000.0,-0.0003325747911457496,1.2376747898627525e-09,3.3432132208219055e-08,0.011189943426904358
k_io,1,11,24,25,26,100000.0,7.368062997280774,10.0,30.0,6500.0,-0.00028883460657020636,1.1574397242690834e-09,3.540239874103699e-08,0.013873943771427746
k_io,1,11,24,25,26,100000.0,7.368062997280774,10.0,30.0,7000.0,-0.00025693269794155186,1.1413673221874752e-09,3.678241327214222e-08,0.01728966903140138
k_io,1,11,24,25,26,100000.0,7.368062997280774,10.0,30.0,7500.0,-0.00023502126355484263,1.1950328115723947e-09,3.75411358333664e-08,0.021635429245923234
k_io,1,11,24,25,26,100000.0,7.368062997280774,10.0,30.0,8000.0,-0.00022101823755325736,1.3011011940951898e-09,3.786920765729355e-08,0.026635131948084253
k_io,1,11,24,25,26,100000.0,7.368062997280774,10.0,30.0,8500.0,-0.00021260109063119112,1.4336698423110514e-09,3.802823311023024e-08,0.03171890408195906
k_io,1,11,24,25,26,100000.0,7.368062997280774,10.0,30.0,9000.0,-0.00020739902605133365,1.5712863786877543e-09,3.820313738709369e-08,0.036529347979323994
k_io,1,11,24,25,26,100000.0,7.368062997280774,10.0,30.0,9500.0,-0.00020325880929021448,1.7054266207341933e-09,3.842130867075689e-08,0.04127948624910917
k_io,1,11,24,25,26,100000.0,7.368062997280774,10.0,30.0,10000.0,-0.00019848970234945598,1.8415153318882827e-09,3.8566980115067154e-08,0.04674114834976261
k_io,1,11,24,25,26,100000.0,7.368062997280774,10.0,30.0,10500.0,-0.00019201900595169192,1.9919493042142943e-09,3.846428253941862e-08,0.05402438691683774
k_io,1,11,24,25,26,100000.0,7.368062997280774,10.0,30.0,11000.0,-0.00018342231919892026,2.165043035816163e-09,3.797499603248921e-08,0.06435201834720766
k_io,1,11,24,25,26,100000.0,7.368062997280774,10.0,30.0,11500.0,-0.0001728306813328349,2.3564806288843023e-09,3.7064929400299316e-08,0.07889004249624144
k_io,1,11,24,25,26,100000.0,7.368062997280774,10.0,30.0,12000.0,-0.00016075041917325717,2.548228735424158e-09,3.5818562878681775e-08,0.09861300217068683
k_io,1,11,24,25,26,100000.0,7.368062997280774,12.0,36.0,0.0,0.0,0.0,0.0,
k_io,1,11,24,25,26,100000.0,7.368062997280774,12.0,36.0,500.0,-0.003921802455710416,1.031184094025273e-09,1.2779483626807915e-07,6.704475022743274e-05
k_io,1,11,24,25,26,100000.0,7.368062997280774,12.0,36.0,1000.0,-0.004106892528944112,1.49783037628185e-09,1.7896416458796376e-07,8.880470124073457e-05
k_io,1,11,24,25,26,100000.0,7.368062997280774,12.0,36.0,1500.0,-0.0033519746037497244,1.3322230516546664e-09,1.6903950770741078e-07,0.00011857018704669596
k_io,1,11,24,25,26,100000.0,7.368062997280774,12.0,36.0,2000.0,-0.002529636734259433,1.2100620867985586e-09,1.4529043285662573e-07,0.00018909991580255732
k_io,1,11,24,25,26,100000.0,7.368062997280774,12.0,36.0,2500.0,-0.00186328912301972,1.2809452855376875e-09,1.1780182060466624e-07,0.0003689521811175213
k_io,1,11,24,25,26,100000.0,7.368062997280774,12.0,36.0,3000.0,-0.0013701610560205614,1.4232583310645365e-09,9.05295763289641e-08,0.0007581244371122608
k_io,1,11,24,25,26,100000.0,7.368062997280774,12.0,36.0,3500.0,-0.001014453538406979,1.623805228958514e-09,6.782341487363127e-08,0.0015778641649849099
k_io,1,11,24,25,26,100000.0,7.368062997280774,12.0,36.0,4000.0,-0.0007574099263537408,1.915060431232067e-09,5.2040920264456183e-08,0.003338262608185399
k_io,1,11,24,25,26,100000.0,7.368062997280774,12.0,36.0,4500.0,-0.0005701383677702834,2.2614507752482126e-09,4.2872372288405204e-08,0.006957073679315798
k_io,1,11,24,25,26,100000.0,7.368062997280774,12.0,36.0,5000.0,-0.00043358238819238195,2.5878999064399014e-09,3.844824713969303e-08,0.01376588726414761
k_io,1,11,24,25,26,100000.0,7.368062997280774,12.0,36.0,5500.0,-0.00033515508986671494,2.8428562543212237e-09,3.6641650794587055e-08,0.025308316801535904
k_io,1,11,24,25,26,100000.0,7.368062997280774,12.0,36.0,6000.0,-0.0002656606608089137,3.0154245537537354e-09,3.590392086010345e-08,0.04272617054549676
k_io,1,11,24,25,26,100000.0,7.368062997280774,12.0,36.0,6500.0,-0.00021752652075820132,3.1160777022366e-09,3.544245360369557e-08,0.06585425660083136
k_io,1,11,24,25,26,100000.0,7.368062997280774,12.0,36.0,7000.0,-0.00018421094295796797,3.1552274397357785e-09,3.498102238014801e-08,0.09298220026759406
k_io,1,11,24,25,26,100000.0,7.368062997280774,12.0,36.0,7500.0,-0.0001602591929553746,3.1369874264357125e-09,3.4506487176616836e-08,0.1221425198031813
k_io,1,11,24,25,26,100000.0,7.368062997280774,12.0,36.0,8000.0,-0.0001415095940538293,3.0643699330453532e-09,3.414813068376947e-08,0.15302747850095266
k_io,1,11,24,25,26,100000.0,7.368062997280774,12.0,36.0,8500.0,-0.00012515799988579036,2.9448391464828463e-09,3.4092137964784634e-08,0.18799415613464862
k_io,1,11,24,25,26,100000.0,7.368062997280774,12.0,36.0,9000.0,-0.00010960765981516199,2.7906507202580547e-09,3.445801761975381e-08,0.2322863407205626
k_io,1,11,24,25,26,100000.0,7.368062997280774,12.0,36.0,9500.0,-9.417288455165589e-05,2.6162059029524023e-09,3.518940093553761e-08,0.2949987493355923
k_io,1,11,24,25,26,100000.0,7.368062997280774,12.0,36.0,10000.0,-7.875057866229044e-05,2.436844903198819e-09,3.6041029273012494e-08,0.39293469851664875
k_io,1,11,24,25,26,100000.0,7.368062997280774,12.0,36.0,10500.0,-6.354951562387084e-05,2.2700489510727653e-09,3.66753214419528e-08,0.5620963083031348
k_io,1,11,24,25,26,100000.0,7.368062997280774,12.0,36.0,11000.0,-4.891433382898046e-05,2.1359745317517648e-09,3.6810949797119133e-08,0.8927375118087696
k_io,1,11,24,25,26,100000.0,7.368062997280774,12.0,36.0,11500.0,-3.523392859233385e-05,2.0543054555090513e-09,3.6346387018355245e-08,1.6547899697517148
k_io,1,11,24,25,26,100000.0,7.368062997280774,12.0,36.0,12000.0,-2.2899604402869386e-05,2.0380495538290388e-09,3.54062553448444e-08,3.8865009633684173
k_io,1,11,24,25,26,100000.0,7.368062997280774,15.0,40.0,0.0,0.0,0.0,0.0,
k_io,1,11,24,25,26,100000.0,7.368062997280774,15.0,40.0,500.0,-0.004241564153935562,1.252753807421083e-09,1.1058345671153778e-07,6.963276668048231e-05
k_io,1,11,24,25,26,100000.0,7.368062997280774,15.0,40.0,1000.0,-0.004566228498322333,2.0847557430370145e-09,1.5641624476203653e-07,9.998616207548898e-05
k_io,1,11,24,25,26,100000.0,7.368062997280774,15.0,40.0,1500.0,-0.003839515355190351,1.9468249866585938e-09,1.502971704938755e-07,0.00013206085175624722
k_io,1,11,24,25,26,100000.0,7.368062997280774,15.0,40.0,2000.0,-0.0029907904679130765,1.571263767952531e-09,1.3729088385268018e-07,0.00017566171581880318
k_io,1,11,24,25,26,100000.0,7.368062997280774,15.0,40.0,2500.0,-0.002272320586391617,1.409471386975258e-09,1.2449196641865118e-07,0.00027297134384750353
k_io,1,11,24,25,26,100000.0,7.368062997280774,15.0,40.0,3000.0,-0.001716606924135184,1.4405368497523304e-09,1.0922144698899047e-07,0.0004888579163125575
k_io,1,11,24,25,26,100000.0,7.368062997280774,15.0,40.0,3500.0,-0.0012985489809425425,1.5840844477158044e-09,9.157482642032364e-08,0.0009394240162077028
k_io,1,11,24,25,26,100000.0,7.368062997280774,15.0,40.0,4000.0,-0.0009867477826002793,1.799421822988885e-09,7.450338006465215e-08,0.0018480795652574954
k_io,1,11,24,25,26,100000.0,7.368062997280774,15.0,40.0,4500.0,-0.0007554159147890836,2.032035376787839e-09,6.057863749932874e-08,0.0035608936590853873
k_io,1,11,24,25,26,100000.0,7.368062997280774,15.0,40.0,5000.0,-0.0005848280235647447,2.2271679144286897e-09,5.0461042371491264e-08,0.006511733402103319
k_io,1,11,24,25,26,100000.0,7.368062997280774,15.0,40.0,5500.0,-0.0004598687235663531,2.3591201852915774e-09,4.353233649672045e-08,0.011155327363474792
k_io,1,11,24,25,26,100000.0,7.368062997280774,15.0,40.0,6000.0,-0.00036890143984670727,2.428326411204911e-09,3.895615975551597e-08,0.017843759567154557
k_io,1,11,24,25,26,100000.0,7.368062997280774,15.0,40.0,6500.0,-0.00030297631819290165,2.444009615734651e-09,3.607543739527209e-08,0.026624750266922226
k_io,1,11,24,25,26,100000.0,7.368062997280774,15.0,40.0,7000.0,-0.0002551693477365704,2.415700294791388e-09,3.4312532305475465e-08,0.037101036720047914
k_io,1,11,24,25,26,100000.0,7.368062997280774,15.0,40.0,7500.0,-0.00022003938836078624,2.3563922207761737e-09,3.3109509122197204e-08,0.04866836115297688
k_io,1,11,24,25,26,100000.0,7.368062997280774,15.0,40.0,8000.0,-0.00019327062952571557,2.2878291890085122e-09,3.208464912280725e-08,0.06124799468720769
k_io,1,11,24,25,26,100000.0,7.368062997280774,15.0,40.0,8500.0,-0.0001715099408681666,2.2395990225866895e-09,3.120577017964055e-08,0.07613628375327738
k_io,1,11,24,25,26,100000.0,7.368062997280774,15.0,40.0,9000.0,-0.00015232516752171354,2.2412930919293534e-09,3.076359347991393e-08,0.0965951505543737
k_io,1,11,24,25,26,100000.0,7.368062997280774,15.0,40.0,9500.0,-0.00013417890291874497,2.312832083515081e-09,3.1148597963386744e-08,0.12846228122447303
k_io,1,11,24,25,26,100000.0,7.368062997280774,15.0,40.0,10000.0,-0.0001163406144445156,2.45879431240198e-09,3.260207484018706e-08,0.18166007682950222
k_io,1,11,24,25,26,100000.0,7.368062997280774,15.0,40.0,10500.0,-9.87164596155431e-05,2.669255895161476e-09,3.509279664424016e-08,0.27391200559214873
k_io,1,11,24,25,26,100000.0,7.368062997280774,15.0,40.0,11000.0,-8.162533044913365e-05,2.9253050722120297e-09,3.834365303793813e-08,0.4390573575104749
k_io,1,11,24,25,26,100000.0,7.368062997280774,15.0,40.0,11500.0,-6.557228423176428e-05,3.2051224547236394e-09,4.19362921754062e-08,0.7454250813067917
k_io,1,11,24,25,26,100000.0,7.368062997280774,15.0,40.0,12000.0,-5.106576918327121e-05,3.4875919018165632e-09,4.541449634601172e-08,1.3374141222594387
k_io,1,11,24,25,26,100000.0,7.368062997280774,20.0,50.0,0.0,0.0,0.0,0.0,
k_io,1,11,24,25,26,100000.0,7.368062997280774,20.0,50.0,500.0,-0.0048115435641120086,1.2057132765131997e-09,8.754457982415231e-08,5.208050641502089e-05
k_io,1,11,24,25,26,100000.0,7.368062997280774,20.0,50.0,1000.0,-0.005435820169475053,1.6270477198449453e-09,1.3211174789482183e-07,5.5064300814473245e-05
k_io,1,11,24,25,26,100000.0,7.368062997280774,20.0,50.0,1500.0,-0.004792790589924198,2.0530253139977704e-09,1.3171982081101483e-07,8.937527611196084e-05
k_io,1,11,24,25,26,100000.0,7.368062997280774,20.0,50.0,2000.0,-0.0038911559067736773,2.395904290609129e-09,1.1672899586017021e-07,0.00015823851596128091
k_io,1,11,24,25,26,100000.0,7.368062997280774,20.0,50.0,2500.0,-0.003056599185899428,2.494096419849264e-09,9.926692902914736e-08,0.00026695388941843745
k_io,1,11,24,25,26,100000.0,7.368062997280774,20.0,50.0,3000.0,-0.0023748899985733193,2.4691188639603035e-09,8.330808061366875e-08,0.0004377790761124911
k_io,1,11,24,25,26,100000.0,7.368062997280774,20.0,50.0,3500.0,-0.0018497862835276935,2.4739679267330886e-09,7.027596449972787e-08,0.0007230210732821273
k_io,1,11,24,25,26,100000.0,7.368062997280774,20.0,50.0,4000.0,-0.0014584942166212742,2.5536525298802595e-09,6.054123043686023e-08,0.0012004729557326774
k_io,1,11,24,25,26,100000.0,7.368062997280774,20.0,50.0,4500.0,-0.0011718612922027877,2.659219547907336e-09,5.365063941329326e-08,0.0019364298828345432
k_io,1,11,24,25,26,100000.0,7.368062997280774,20.0,50.0,5000.0,-0.0009624172048783193,2.718387001327389e-09,4.887020908562664e-08,0.0029348406683382053
k_io,1,11,24,25,26,100000.0,7.368062997280774,20.0,50.0,5500.0,-0.0008076298797216087,2.693950239749987e-09,4.563169979836848e-08,0.004130140381883715
k_io,1,11,24,25,26,100000.0,7.368062997280774,20.0,50.0,6000.0,-0.0006907456048631955,2.599819450771402e-09,4.355657296629694e-08,0.0054488760426357
k_io,1,11,24,25,26,100000.0,7.368062997280774,20.0,50.0,6500.0,-0.000600237033433172,2.4825498115465333e-09,4.233381183107025e-08,0.006890526339627173
k_io,1,11,24,25,26,100000.0,7.368062997280774,20.0,50.0,7000.0,-0.0005285728925546974,2.3920465011560634e-09,4.165989059001369e-08,0.008561696806806317
k_io,1,11,24,25,26,100000.0,7.368062997280774,20.0,50.0,7500.0,-0.00047087921977369274,2.3606923084368683e-09,4.12393858614856e-08,0.010646830369328043
k_io,1,11,24,25,26,100000.0,7.368062997280774,20.0,50.0,8000.0,-0.000423863113108206,2.3976992941675175e-09,4.0815125480371544e-08,0.0133457648496034
k_io,1,11,24,25,26,100000.0,7.368062997280774,20.0,50.0,8500.0,-0.00038513520841745993,2.494276514180165e-09,4.0201061155622154e-08,0.01681582393819319
k_io,1,11,24,25,26,100000.0,7.368062997280774,20.0,50.0,9000.0,-0.00035287730098331697,2.632183517851938e-09,3.9284765347349926e-08,0.021138234877916853
k_io,1,11,24,25,26,100000.0,7.368062997280774,20.0,50.0,9500.0,-0.0003257104008241663,2.791290801213393e-09,3.7999777807838994e-08,0.026311271157933563
k_io,1,11,24,25,26,100000.0,7.368062997280774,20.0,50.0,10000.0,-0.0003026243769026285,2.9545659703547233e-09,3.630838003448607e-08,0.03226159797515592
k_io,1,11,24,25,26,100000.0,7.368062997280774,20.0,50.0,10500.0,-0.0002828916007547094,3.1098924583203044e-09,3.422488314244026e-08,0.038860220887187505
k_io,1,11,24,25,26,100000.0,7.368062997280774,20.0,50.0,11000.0,-0.0002659540760183588,3.2486950356833708e-09,3.18621761187714e-08,0.04592991517629453
k_io,1,11,24,25,26,100000.0,7.368062997280774,20.0,50.0,11500.0,-0.00025131380432355044,3.3629053288896796e-09,2.9455092238142106e-08,0.05324538265651358
k_io,1,11,24,25,26,100000.0,7.368062997280774,20.0,50.0,12000.0,-0.0002384618171201282,3.442848022595968e-09,2.7328704511983458e-08,0.06054526076779306
k_io,1,11,24,25,26,100000.0,7.368062997280774,25.0,60.0,0.0,0.0,0.0,0.0,
k_io,1,11,24,25,26,100000.0,7.368062997280774,25.0,60.0,500.0,-0.0052518259618363206,1.397993889711124e-09,7.321983803231491e-08,5.068560348130669e-05
k_io,1,11,24,25,26,100000.0,7.368062997280774,25.0,60.0,1000.0,-0.006116204443800899,1.4960986937921342e-09,1.1172608690662866e-07,3.9994130175463904e-05
k_io,1,11,24,25,26,100000.0,7.368062997280774,25.0,60.0,1500.0,-0.005569867312640267,1.6435730291567775e-09,1.1702840168862731e-07,5.2978457227962164e-05
k_io,1,11,24,25,26,100000.0,7.368062997280774,25.0,60.0,2000.0,-0.004679855801961924,2.2758339341747734e-09,1.1233640930456683e-07,0.00010391437397652128
k_io,1,11,24,25,26,100000.0,7.368062997280774,25.0,60.0,2500.0,-0.003813076006869337,3.0217265898852498e-09,1.044208572301818e-07,0.00020782808778432778
k_io,1,11,24,25,26,100000.0,7.368062997280774,25.0,60.0,3000.0,-0.003077935246829505,3.5917823404979274e-09,9.539693301518497e-08,0.00037913253343699923
k_io,1,11,24,25,26,100000.0,7.368062997280774,25.0,60.0,3500.0,-0.002490001539786211,3.903672161775558e-09,8.675555683039838e-08,0.0006296136084598168
k_io,1,11,24,25,26,100000.0,7.368062997280774,25.0,60.0,4000.0,-0.002033433354548312,3.996108715583068e-09,7.920772441386253e-08,0.0009664455902165043
k_io,1,11,24,25,26,100000.0,7.368062997280774,25.0,60.0,4500.0,-0.0016835434059946468,3.956138990985902e-09,7.241890407988283e-08,0.0013957990715404698
k_io,1,11,24,25,26,100000.0,7.368062997280774,25.0,60.0,5000.0,-0.0014153863928523282,3.879178569472951e-09,6.568692400677722e-08,0.0019363762159164434
k_io,1,11,24,25,26,100000.0,7.368062997280774,25.0,60.0,5500.0,-0.0012072408103999,3.836199270562767e-09,5.86672307154921e-08,0.002632166406178014
k_io,1,11,24,25,26,100000.0,7.368062997280774,25.0,60.0,6000.0,-0.0010419006955501835,3.850078825161249e-09,5.1623390734459546e-08,0.003546638835670183
k_io,1,11,24,25,26,100000.0,7.368062997280774,25.0,60.0,6500.0,-0.0009067869215518432,3.899032322884798e-09,4.5267975449703405e-08,0.004741833931188769
k_io,1,11,24,25,26,100000.0,7.368062997280774,25.0,60.0,7000.0,-0.0007933887551134439,3.943836968348033e-09,4.0381473675549365e-08,0.006265372145714722
k_io,1,11,24,25,26,100000.0,7.368062997280774,25.0,60.0,7500.0,-0.0006964011386694086,3.956042015768497e-09,3.7419580435093176e-08,0.008157215773253245
k_io,1,11,24,25,26,100000.0,7.368062997280774,25.0,60.0,8000.0,-0.0006128121697713904,3.928809974777136e-09,3.630674075231619e-08,0.010461796334133409
k_io,1,11,24,25,26,100000.0,7.368062997280774,25.0,60.0,8500.0,-0.0005410829391355289,3.869667603308313e-09,3.6495056587290355e-08,0.013217398400111137
k_io,1,11,24,25,26,100000.0,7.368062997280774,25.0,60.0,9000.0,-0.0004804768667537188,3.786953630358678e-09,3.721412380095371e-08,0.016403821009982333
k_io,1,11,24,25,26,100000.0,7.368062997280774,25.0,60.0,9500.0,-0.0004305506606052537,3.681816472885111e-09,3.7760807416317406e-08,0.01986157189316516
k_io,1,11,24,25,26,100000.0,7.368062997280774,25.0,60.0,10000.0,-0.0003908029815209691,3.549458395937979e-09,3.770228062668874e-08,0.02324054741241446
k_io,1,11,24,25,26,100000.0,7.368062997280774,25.0,60.0,10500.0,-0.00036047134807435516,3.38532610006183e-09,3.694211596060711e-08,0.026053076106889575
k_io,1,11,24,25,26,100000.0,7.368062997280774,25.0,60.0,11000.0,-0.0003384608097790555,3.1903772108245403e-09,3.5668417189675634e-08,0.027850003628031438
k_io,1,11,24,25,26,100000.0,7.368062997280774,25.0,60.0,11500.0,-0.00032337768875798263,2.9724917950470076e-09,3.423770309905569e-08,0.028425005609012906
k_io,1,11,24,25,26,100000.0,7.368062997280774,25.0,60.0,12000.0,-0.0003136326998790188,2.7450426470202012e-09,3.3047476114662054e-08,0.027906567568125488
k_io,1,11,24,25,26,100000.0,7.368062997280774,30.0,80.0,0.0,0.0,0.0,0.0,
k_io,1,11,24,25,26,100000.0,7.368062997280774,30.0,80.0,500.0,-0.005747814539154683,2.098240320295236e-09,3.939464686703459e-08,6.351111467905516e-05
k_io,1,11,24,25,26,100000.0,7.368062997280774,30.0,80.0,1000.0,-0.006862207653623997,3.242444711174037e-09,6.334955564878938e-08,6.885648796186664e-05
k_io,1,11,24,25,26,100000.0,7.368062997280774,30.0,80.0,1500.0,-0.0064423751249805955,3.3397665747869035e-09,6.645051997468577e-08,8.046816457120974e-05
k_io,1,11,24,25,26,100000.0,7.368062997280774,30.0,80.0,2000.0,-0.005611846575848858,3.4422911332274387e-09,6.488257315200136e-08,0.00010930399105630357
k_io,1,11,24,25,26,100000.0,7.368062997280774,30.0,80.0,2500.0,-0.004760745416222248,3.916199823309249e-09,6.362603916400469e-08,0.00017278853705672255
k_io,1,11,24,25,26,100000.0,7.368062997280774,30.0,80.0,3000.0,-0.004005731588202652,4.4920587867053716e-09,6.147388559177506e-08,0.0002799508179729496
k_io,1,11,24,25,26,100000.0,7.368062997280774,30.0,80.0,3500.0,-0.00336756332142309,4.911262327193671e-09,5.7551785565360365e-08,0.00043307348080422284
k_io,1,11,24,25,26,100000.0,7.368062997280774,30.0,80.0,4000.0,-0.002838461434264288,5.136787889279076e-09,5.2649181359481595e-08,0.0006375667166249469
k_io,1,11,24,25,26,100000.0,7.368062997280774,30.0,80.0,4500.0,-0.0024048450030911897,5.227015617624611e-09,4.801015550102418e-08,0.0009038151498061937
k_io,1,11,24,25,26,100000.0,7.368062997280774,30.0,80.0,5000.0,-0.002052911717381461,5.2376674065076385e-09,4.423492675254508e-08,0.0012427889124810665
k_io,1,11,24,25,26,100000.0,7.368062997280774,30.0,80.0,5500.0,-0.0017690848061748688,5.2097462001509705e-09,4.1146654507742234e-08,0.0016646359188819944
k_io,1,11,24,25,26,100000.0,7.368062997280774,30.0,80.0,6000.0,-0.00153997608565677,5.171577225104077e-09,3.827159120111269e-08,0.0021806956677194104
k_io,1,11,24,25,26,100000.0,7.368062997280774,30.0,80.0,6500.0,-0.0013529408806790266,5.136203640404268e-09,3.528946450569508e-08,0.0028059801533558207
k_io,1,11,24,25,26,100000.0,7.368062997280774,30.0,80.0,7000.0,-0.0011969419037360825,5.106430572496633e-09,3.216964027453123e-08,0.003564275691095539
k_io,1,11,24,25,26,100000.0,7.368062997280774,30.0,80.0,7500.0,-0.0010632450770341386,5.08421931314659e-09,2.9089174001059326e-08,0.004497358571173972
k_io,1,11,24,25,26,100000.0,7.368062997280774,30.0,80.0,8000.0,-0.0009456911168609838,5.073270620683005e-09,2.63057946639577e-08,0.005672694690195532
k_io,1,11,24,25,26,100000.0,7.368062997280774,30.0,80.0,8500.0,-0.0008405270671846517,5.074712495943404e-09,2.4056703426758866e-08,0.007183035880243218
k_io,1,11,24,25,26,100000.0,7.368062997280774,30.0,80.0,9000.0,-0.0007459203342163332,5.083591087713011e-09,2.2483961835316406e-08,0.009136623243702499
k_io,1,11,24,25,26,100000.0,7.368062997280774,30.0,80.0,9500.0,-0.0006613223725395771,5.090349915747304e-09,2.1589382555589065e-08,0.011639148437925247
k_io,1,11,24,25,26,100000.0,7.368062997280774,30.0,80.0,10000.0,-0.0005868363575408245,5.08456990210698e-09,2.123481127981631e-08,0.01476454938356771
k_io,1,11,24,25,26,100000.0,7.368062997280774,30.0,80.0,10500.0,-0.0005227003818609145,5.0578874808713245e-09,2.11884258697852e-08,0.018512434244631795
k_io,1,11,24,25,26,100000.0,7.368062997280774,30.0,80.0,11000.0,-0.00046894284584713015,5.006130907671765e-09,2.1194378656393517e-08,0.022764723126687633
k_io,1,11,24,25,26,100000.0,7.368062997280774,30.0,80.0,11500.0,-0.00042521429491024785,4.931764438793017e-09,2.1037006941414623e-08,0.027276372465484033
k_io,1,11,24,25,26,100000.0,7.368062997280774,30.0,80.0,12000.0,-0.0003907619201696851,4.845504408764887e-09,2.0583256055257397e-08,0.03173324779553148
k_io,1,12,30,31,32,100000.0,8.622310292659403,5.0,15.0,0.0,0.0,0.0,0.0,
k_io,1,12,30,31,32,100000.0,8.622310292659403,5.0,15.0,500.0,-0.002088790474240765,3.839311355587689e-10,1.2290065706508884e-07,8.799613086198221e-05
k_io,1,12,30,31,32,100000.0,8.622310292659403,5.0,15.0,1000.0,-0.0019038860499921567,6.563664024065202e-10,1.0832413637849192e-07,0.00018107747882886054
k_io,1,12,30,31,32,100000.0,8.622310292659403,5.0,15.0,1500.0,-0.0013889285751005065,6.88551882512907e-10,6.782431878282297e-08,0.000356924898007541
k_io,1,12,30,31,32,100000.0,8.622310292659403,5.0,15.0,2000.0,-0.0009727910806337364,6.683675610497602e-10,4.936688964334736e-08,0.0007062788537118769
k_io,1,12,30,31,32,100000.0,8.622310292659403,5.0,15.0,2500.0,-0.0006929461254590909,7.178922371842192e-10,4.4523658710160495e-08,0.0014950658295599232
k_io,1,12,30,31,32,100000.0,8.622310292659403,5.0,15.0,3000.0,-0.0005123575620058531,8.461920716372041e-10,4.265105038103326e-08,0.003223462713679719
k_io,1,12,30,31,32,100000.0,8.622310292659403,5.0,15.0,3500.0,-0.00039494732654196934,9.831656281840712e-10,4.0164167655406194e-08,0.006303014849870513
k_io,1,12,30,31,32,100000.0,8.622310292659403,5.0,15.0,4000.0,-0.0003161330728512204,1.0728884290995885e-09,3.7738012923725687e-08,0.010735312622994703
k_io,1,12,30,31,32,100000.0,8.622310292659403,5.0,15.0,4500.0,-0.00026045415290475507,1.1166559517561124e-09,3.623304743872519e-08,0.016461022626403105
k_io,1,12,30,31,32,100000.0,8.622310292659403,5.0,15.0,5000.0,-0.00021865535503808433,1.1425207546346245e-09,3.510692605742191e-08,0.023897026326456933
k_io,1,12,30,31,32,100000.0,8.622310292659403,5.0,15.0,5500.0,-0.000185649555023737,1.1726264684056165e-09,3.322474094684388e-08,0.03402294221658291
k_io,1,12,30,31,32,100000.0,8.622310292659403,5.0,15.0,6000.0,-0.00015894714929629624,1.2150285646110235e-09,3.005474030056611e-08,0.048092903952054414
k_io,1,12,30,31,32,100000.0,8.622310292659403,5.0,15.0,6500.0,-0.00013739317363139526,1.265011013767778e-09,2.6020265795246126e-08,0.06701376154092056
k_io,1,12,30,31,32,100000.0,8.622310292659403,5.0,15.0,7000.0,-0.0001202923701768676,1.307740913037537e-09,2.2108119118223522e-08,0.09037442493183018
k_io,1,12,30,31,32,100000.0,8.622310292659403,5.0,15.0,7500.0,-0.00010696109387225918,1.324300022383766e-09,1.9283844082747296e-08,0.11575365550192833
k_io,1,12,30,31,32,100000.0,8.622310292659403,5.0,15.0,8000.0,-9.661563725521928e-05,1.3005771525123125e-09,1.8088011275709347e-08,0.13932892135628824
k_io,1,12,30,31,32,100000.0,8.622310292659403,5.0,15.0,8500.0,-8.843943210897214e-05,1.234743920263768e-09,1.8523150542649574e-08,0.15786469178185636
k_io,1,12,30,31,32,100000.0,8.622310292659403,5.0,15.0,9000.0,-8.16909592550913e-05,1.1394658933525987e-09,2.0175207738802148e-08,0.1707471009813401
k_io,1,12,30,31,32,100000.0,8.622310292659403,5.0,15.0,9500.0,-7.577697677196079e-05,1.0379931818673294e-09,2.2444257960132133e-08,0.18076733351471086
k_io,1,12,30,31,32,100000.0,8.622310292659403,5.0,15.0,10000.0,-7.027473131603415e-05,9.562342130400464e-10,2.4764389629827267e-08,0.19362698836163375
k_io,1,12,30,31,32,100000.0,8.622310292659403,5.0,15.0,10500.0,-6.491916326786026e-05,9.144661803317962e-10,2.6743167703020455e-08,0.21698105742074966
k_io,1,12,30,31,32,100000.0,8.622310292659403,5.0,15.0,11000.0,-5.957722317276662e-05,9.218562101939245e-10,2.8207513087644227e-08,0.2597183714317197
k_io,1,12,30,31,32,100000.0,8.622310292659403,5.0,15.0,11500.0,-5.422305317972717e-05,9.751605409937348e-10,2.9176497018814288e-08,0.33167152180255366
k_io,1,12,30,31,32,100000.0,8.622310292659403,5.0,15.0,12000.0,-4.891694397833157e-05,1.0612954472811477e-09,2.9790256581161243e-08,0.44352455286634723
k_io,1,12,30,31,32,100000.0,8.622310292659403,7.0,25.0,0.0,0.0,0.0,0.0,
k_io,1,12,30,31,32,100000.0,8.622310292659403,7.0,25.0,500.0,-0.0031257658800704913,4.440160744563193e-10,1.9187529421872717e-07,4.544496784176358e-05
k_io,1,12,30,31,32,100000.0,8.622310292659403,7.0,25.0,1000.0,-0.003048425637844271,8.299453754623363e-10,2.292940560605716e-07,8.930963170053363e-05
k_io,1,12,30,31,32,100000.0,8.622310292659403,7.0,25.0,1500.0,-0.0023282492165983756,1.1287562561962567e-09,1.7101497291403085e-07,0.00020822901245039292
k_io,1,12,30,31,32,100000.0,8.622310292659403,7.0,25.0,2000.0,-0.0016628805930579277,1.223903050024274e-09,1.1760286268368473e-07,0.00044261373578001077
k_io,1,12,30,31,32,100000.0,8.622310292659403,7.0,25.0,2500.0,-0.001181130691067931,1.195040292763966e-09,8.604625393662935e-08,0.0008566169021710278
k_io,1,12,30,31,32,100000.0,8.622310292659403,7.0,25.0,3000.0,-0.0008610775924964547,1.1343266243125094e-09,6.986141613537711e-08,0.001529866553200962
k_io,1,12,30,31,32,100000.0,8.622310292659403,7.0,25.0,3500.0,-0.0006550537747137281,1.133904454654746e-09,6.195904425989302e-08,0.0026425459896075205
k_io,1,12,30,31,32,100000.0,8.622310292659403,7.0,25.0,4000.0,-0.0005215396949522126,1.2131831886607943e-09,5.798534978556761e-08,0.004460172403744686
k_io,1,12,30,31,32,100000.0,8.622310292659403,7.0,25.0,4500.0,-0.0004304524662902603,1.315832637217039e-09,5.554286729452125e-08,0.007101502647250852
k_io,1,12,30,31,32,100000.0,8.622310292659403,7.0,25.0,5000.0,-0.0003622082146415321,1.383415993782411e-09,5.342079287635888e-08,0.010544747896114736
k_io,1,12,30,31,32,100000.0,8.622310292659403,7.0,25.0,5500.0,-0.00030566106592645054,1.4040492931131735e-09,5.12887372246976e-08,0.015028031912270211
k_io,1,12,30,31,32,100000.0,8.622310292659403,7.0,25.0,6000.0,-0.00025578549199999686,1.4070211172492791e-09,4.9446071868365906e-08,0.021505463131303096
k_io,1,12,30,31,32,100000.0,8.622310292659403,7.0,25.0,6500.0,-0.00021132568218782408,1.435037096322242e-09,4.838352770330636e-08,0.03213353972892302
k_io,1,12,30,31,32,100000.0,8.622310292659403,7.0,25.0,7000.0,-0.00017273688312541844,1.5177270199256822e-09,4.833972598144445e-08,0.05086552227630528
k_io,1,12,30,31,32,100000.0,8.622310292659403,7.0,25.0,7500.0,-0.00014072094631007283,1.6542895438666956e-09,4.912571604028983e-08,0.08353991533791794
k_io,1,12,30,31,32,100000.0,8.622310292659403,7.0,25.0,8000.0,-0.00011545948373069596,1.8114218029318731e-09,5.025474713851407e-08,0.13588151121774103
k_io,1,12,30,31,32,100000.0,8.622310292659403,7.0,25.0,8500.0,-9.643369774896835e-05,1.938458545952685e-09,5.119995326142683e-08,0.20844854970309987
k_io,1,12,30,31,32,100000.0,8.622310292659403,7.0,25.0,9000.0,-8.260372407731991e-05,1.991351986353989e-09,5.158858191136269e-08,0.2918426612650396
k_io,1,12,30,31,32,100000.0,8.622310292659403,7.0,25.0,9500.0,-7.271801287676047e-05,1.9516977108219852e-09,5.1258649110509265e-08,0.36908682891266503
k_io,1,12,30,31,32,100000.0,8.622310292659403,7.0,25.0,10000.0,-6.559152947973701e-05,1.832187890047414e-09,5.021520164177217e-08,0.42586749418493447
k_io,1,12,30,31,32,100000.0,8.622310292659403,7.0,25.0,10500.0,-6.027715993522746e-05,1.668830211548962e-09,4.855985093193892e-08,0.4593107290439256
k_io,1,12,30,31,32,100000.0,8.622310292659403,7.0,25.0,11000.0,-5.612237115982014e-05,1.5061754987213559e-09,4.644082797664769e-08,0.47819337537843093
k_io,1,12,30,31,32,100000.0,8.622310292659403,7.0,25.0,11500.0,-5.274066075015567e-05,1.3825044345820332e-09,4.4029923149037435e-08,0.4970217568246966
k_io,1,12,30,31,32,100000.0,8.622310292659403,7.0,25.0,12000.0,-4.9938277358659174e-05,1.3198165538296426e-09,4.1512699526780235e-08,0.529232440011648
k_io,1,12,30,31,32,100000.0,8.622310292659403,10.0,30.0,0.0,0.0,0.0,0.0,
k_io,1,12,30,31,32,100000.0,8.622310292659403,10.0,30.0,500.0,-0.003671554295815449,7.513883475318437e-10,2.1168033713349968e-07,5.5739689572392625e-05
k_io,1,12,30,31,32,100000.0,8.622310292659403,10.0,30.0,1000.0,-0.003741869781836049,1.433144883479243e-09,2.7405212092403757e-07,0.00010235587089178447
k_io,1,12,30,31,32,100000.0,8.622310292659403,10.0,30.0,1500.0,-0.002976797836167999,1.6047136984462536e-09,2.154113847233146e-07,0.000181091838265881
k_io,1,12,30,31,32,100000.0,8.622310292659403,10.0,30.0,2000.0,-0.0022058393312375663,1.3689232438152467e-09,1.456312074440435e-07,0.00028133991079679565
k_io,1,12,30,31,32,100000.0,8.622310292659403,10.0,30.0,2500.0,-0.0016198148330157924,1.2396779041549395e-09,9.524449702382238e-08,0.0004724742206315071
k_io,1,12,30,31,32,100000.0,8.622310292659403,10.0,30.0,3000.0,-0.0012155611175734618,1.3215036204764962e-09,6.400900218184325e-08,0.0008943649228715627
k_io,1,12,30,31,32,100000.0,8.622310292659403,10.0,30.0,3500.0,-0.0009445373880234368,1.4505452792186685e-09,4.683459594413487e-08,0.0016258968253083513
k_io,1,12,30,31,32,100000.0,8.622310292659403,10.0,30.0,4000.0,-0.0007596170123342454,1.5054132663093475e-09,3.922011185811174e-08,0.002608953710541053
k_io,1,12,30,31,32,100000.0,8.622310292659403,10.0,30.0,4500.0,-0.0006267521395109787,1.4819977437098289e-09,3.7415335324937124e-08,0.003772731447448238
k_io,1,12,30,31,32,100000.0,8.622310292659403,10.0,30.0,5000.0,-0.000524759581494485,1.4264916219883005e-09,3.846283152542822e-08,0.005180223184246426
k_io,1,12,30,31,32,100000.0,8.622310292659403,10.0,30.0,5500.0,-0.00044180987842749354,1.3781525074269617e-09,4.0389418778859923e-08,0.007060353329907611
k_io,1,12,30,31,32,100000.0,8.622310292659403,10.0,30.0,6000.0,-0.00037186472022063917,1.3574007088670425e-09,4.218560766193932e-08,0.009816080613640865
k_io,1,12,30,31,32,100000.0,8.622310292659403,10.0,30.0,6500.0,-0.00031207341879326304,1.3727543585617019e-09,4.352016986000531e-08,0.014095460661511983
k_io,1,12,30,31,32,100000.0,8.622310292659403,10.0,30.0,7000.0,-0.00026116704264899206,1.4273957058584427e-09,4.4357075715144874e-08,0.02092703223564548
k_io,1,12,30,31,32,100000.0,8.622310292659403,10.0,30.0,7500.0,-0.00021856141087925936,1.5215539365931472e-09,4.468921475459408e-08,0.03185226945341015
k_io,1,12,30,31,32,100000.0,8.622310292659403,10.0,30.0,8000.0,-0.0001838736477805243,1.6511714503025647e-09,4.448489899630762e-08,0.04883747332042544
k_io,1,12,30,31,32,100000.0,8.622310292659403,10.0,30.0,8500.0,-0.0001566602328477336,1.805605139158791e-09,4.376608825045479e-08,0.07357076073566787
k_io,1,12,30,31,32,100000.0,8.622310292659403,10.0,30.0,9000.0,-0.00013628239909540662,1.968389637935287e-09,4.266499880504191e-08,0.10598185817274018
k_io,1,12,30,31,32,100000.0,8.622310292659403,10.0,30.0,9500.0,-0.0001218599571291691,2.1217087428563852e-09,4.138122222498242e-08,0.14287746099015375
k_io,1,12,30,31,32,100000.0,8.622310292659403,10.0,30.0,10000.0,-0.00011229333793173258,2.25114966718346e-09,4.007991307629293e-08,0.17852390871034907
k_io,1,12,30,31,32,100000.0,8.622310292659403,10.0,30.0,10500.0,-0.00010633469275237654,2.347376512634046e-09,3.882063488998136e-08,0.20760260260039543
k_io,1,12,30,31,32,100000.0,8.622310292659403,10.0,30.0,11000.0,-0.00010268677352061328,2.4048914696293367e-09,3.756679965927693e-08,0.2280691086887073
k_io,1,12,30,31,32,100000.0,8.622310292659403,10.0,30.0,11500.0,-0.00010010909312345223,2.4204757221970697e-09,3.625641832958501e-08,0.24152032065574588
k_io,1,12,30,31,32,100000.0,8.622310292659403,10.0,30.0,12000.0,-9.751471701449003e-05,2.393303093378756e-09,3.487707450865453e-08,0.25168502287454003
k_io,1,12,30,31,32,100000.0,8.622310292659403,12.0,36.0,0.0,0.0,0.0,0.0,
k_io,1,12,30,31,32,100000.0,8.622310292659403,12.0,36.0,500.0,-0.0041735036974798745,1.0140376198275164e-09,2.0954875725873962e-07,5.8217353906761835e-05
k_io,1,12,30,31,32,100000.0,8.622310292659403,12.0,36.0,1000.0,-0.0043776186139722895,1.7395777001930511e-09,2.9562390016729823e-07,9.077536148751008e-05
k_io,1,12,30,31,32,100000.0,8.622310292659403,12.0,36.0,1500.0,-0.003560376924785183,2.3912767344801423e-09,2.593174616326157e-07,0.00018864177888635046
k_io,1,12,30,31,32,100000.0,8.622310292659403,12.0,36.0,2000.0,-0.0026669900415249373,2.61771713934495e-09,1.9654025130341633e-07,0.00036802720924844593
k_io,1,12,30,31,32,100000.0,8.622310292659403,12.0,36.0,2500.0,-0.0019469162963833275,2.521056951653141e-09,1.4319821242201552e-07,0.0006651017583615959
k_io,1,12,30,31,32,100000.0,8.622310292659403,12.0,36.0,3000.0,-0.0014224098330374267,2.3453609636027872e-09,1.0571042976005049e-07,0.0011592048797576064
k_io,1,12,30,31,32,100000.0,8.622310292659403,12.0,36.0,3500.0,-0.001054312956904134,2.2170593017629866e-09,8.150199224608997e-08,0.001994519203847299
k_io,1,12,30,31,32,100000.0,8.622310292659403,12.0,36.0,4000.0,-0.0007978588889268959,2.140853544255728e-09,6.623541323228959e-08,0.0033630612925314852
k_io,1,12,30,31,32,100000.0,8.622310292659403,12.0,36.0,4500.0,-0.0006180476684525416,2.0624314048728556e-09,5.608782180634426e-08,0.0053992764971879876
k_io,1,12,30,31,32,100000.0,8.622310292659403,12.0,36.0,5000.0,-0.0004906226237597266,1.95095167016095e-09,4.844460423269816e-08,0.008104969215777982
k_io,1,12,30,31,32,100000.0,8.622310292659403,12.0,36.0,5500.0,-0.0003991338075173857,1.8366032514004915e-09,4.196212971823834e-08,0.011528646394075772
k_io,1,12,30,31,32,100000.0,8.622310292659403,12.0,36.0,6000.0,-0.00033214449726269753,1.779463478437075e-09,3.62975993002796e-08,0.016130021843088357
k_io,1,12,30,31,32,100000.0,8.622310292659403,12.0,36.0,6500.0,-0.00028157793987827924,1.8227402608700664e-09,3.164591239739439e-08,0.022989394459483562
k_io,1,12,30,31,32,100000.0,8.622310292659403,12.0,36.0,7000.0,-0.00024192376230768725,1.974829065470971e-09,2.8273746258300263e-08,0.03374212693037798
k_io,1,12,30,31,32,100000.0,8.622310292659403,12.0,36.0,7500.0,-0.00020977698315249177,2.2164486358741785e-09,2.623764865345599e-08,0.05036652644164259
k_io,1,12,30,31,32,100000.0,8.622310292659403,12.0,36.0,8000.0,-0.00018337809522837476,2.5144518320324603e-09,2.5331730520424836e-08,0.07477361986933972
k_io,1,12,30,31,32,100000.0,8.622310292659403,12.0,36.0,8500.0,-0.00016207303609624274,2.833853836422705e-09,2.5180616044846115e-08,0.10788371945927511
k_io,1,12,30,31,32,100000.0,8.622310292659403,12.0,36.0,9000.0,-0.00014575847628063012,3.146181474363981e-09,2.537419194067e-08,0.14808672552466803
k_io,1,12,30,31,32,100000.0,8.622310292659403,12.0,36.0,9500.0,-0.00013441306024018253,3.432647749097355e-09,2.5587426611415764e-08,0.1899968065362132
k_io,1,12,30,31,32,100000.0,8.622310292659403,12.0,36.0,10000.0,-0.00012778605449986508,3.681929146233376e-09,2.5664977551639903e-08,0.22548024837849862
k_io,1,12,30,31,32,100000.0,8.622310292659403,12.0,36.0,10500.0,-0.00012526556204372629,3.885245034468181e-09,2.56562369174267e-08,0.24760250342637624
k_io,1,12,30,31,32,100000.0,8.622310292659403,12.0,36.0,11000.0,-0.0001259042283271606,4.032713022406382e-09,2.5787043937963034e-08,0.25439975372093016
k_io,1,12,30,31,32,100000.0,8.622310292659403,12.0,36.0,11500.0,-0.00012855141375283058,4.113529398058093e-09,2.6370082711103744e-08,0.24892062974631557
k_io,1,12,30,31,32,100000.0,8.622310292659403,12.0,36.0,12000.0,-0.00013202966593499105,4.119591677061155e-09,2.7682183859964475e-08,0.23632579264920103
k_io,1,12,30,31,32,100000.0,8.622310292659403,15.0,40.0,0.0,0.0,0.0,0.0,
k_io,1,12,30,31,32,100000.0,8.622310292659403,15.0,40.0,500.0,-0.004528711128811869,1.1823303668875528e-09,1.8820997231839007e-07,5.764871156227272e-05
k_io,1,12,30,31,32,100000.0,8.622310292659403,15.0,40.0,1000.0,-0.004854495052079938,1.8599036264387112e-09,2.6455240110624413e-07,7.892276929620249e-05
k_io,1,12,30,31,32,100000.0,8.622310292659403,15.0,40.0,1500.0,-0.00404330951887559,2.5201514355743224e-09,2.374403069422072e-07,0.00015415324164287205
k_io,1,12,30,31,32,100000.0,8.622310292659403,15.0,40.0,2000.0,-0.003107846718992835,2.896104693495343e-09,1.8763645782973112e-07,0.0002998438016112829
k_io,1,12,30,31,32,100000.0,8.622310292659403,15.0,40.0,2500.0,-0.002329802228086028,3.0392396628010826e-09,1.407063485224211e-07,0.0005599211025758375
k_io,1,12,30,31,32,100000.0,8.622310292659403,15.0,40.0,3000.0,-0.0017440526960326233,3.070474315676923e-09,1.0190452082884015e-07,0.0010094533720944477
k_io,1,12,30,31,32,100000.0,8.622310292659403,15.0,40.0,3500.0,-0.0013159274074114463,3.033616144073471e-09,7.315508530679331e-08,0.0017518493741124578
k_io,1,12,30,31,32,100000.0,8.622310292659403,15.0,40.0,4000.0,-0.001002801457784296,2.9954525746463716e-09,5.526733173378445e-08,0.002978739570689197
k_io,1,12,30,31,32,100000.0,8.622310292659403,15.0,40.0,4500.0,-0.0007715053927669913,3.01798506109862e-09,4.703621758902556e-08,0.005070364177233803
k_io,1,12,30,31,32,100000.0,8.622310292659403,15.0,40.0,5000.0,-0.0005996910544805965,3.1006157789514818e-09,4.551819931344127e-08,0.00862169810564625
k_io,1,12,30,31,32,100000.0,8.622310292659403,15.0,40.0,5500.0,-0.0004726611414008009,3.2025744576516686e-09,4.733574193322706e-08,0.014335057417674218
k_io,1,12,30,31,32,100000.0,8.622310292659403,15.0,40.0,6000.0,-0.00038012442065158206,3.2934850253251643e-09,4.983152435897654e-08,0.0227931396131681
k_io,1,12,30,31,32,100000.0,8.622310292659403,15.0,40.0,6500.0,-0.0003141424574367845,3.37033225219729e-09,5.147114029430778e-08,0.03415225958737016
k_io,1,12,30,31,32,100000.0,8.622310292659403,15.0,40.0,7000.0,-0.00026818735376187355,3.442126723167146e-09,5.1664868726400934e-08,0.047857528304631025
k_io,1,12,30,31,32,100000.0,8.622310292659403,15.0,40.0,7500.0,-0.00023684528302334983,3.509428883391978e-09,5.043553689730757e-08,0.06256147313383076
k_io,1,12,30,31,32,100000.0,8.622310292659403,15.0,40.0,8000.0,-0.000215755922827578,3.5567237018662415e-09,4.8170105620577614e-08,0.07640550945848258
k_io,1,12,30,31,32,100000.0,8.622310292659403,15.0,40.0,8500.0,-0.00020155930882674632,3.560239573117944e-09,4.545556073105865e-08,0.08763417496274784
k_io,1,12,30,31,32,100000.0,8.622310292659403,15.0,40.0,9000.0,-0.00019177665732302614,3.502543587351616e-09,4.293218314417506e-08,0.09523400735296493
k_io,1,12,30,31,32,100000.0,8.622310292659403,15.0,40.0,9500.0,-0.00018463746587405166,3.382720562215612e-09,4.114802158406195e-08,0.09922622325488942
k_io,1,12,30,31,32,100000.0,8.622310292659403,15.0,40.0,10000.0,-0.00017889326241215696,3.216761961631368e-09,4.044821794313752e-08,0.10051501832110364
k_io,1,12,30,31,32,100000.0,8.622310292659403,15.0,40.0,10500.0,-0.00017365453508102167,3.0303717622979588e-09,4.093278803042148e-08,0.10049018626790361
k_io,1,12,30,31,32,100000.0,8.622310292659403,15.0,40.0,11000.0,-0.00016827212517080657,2.8499168104677347e-09,4.248471250993395e-08,0.10064861981097961
k_io,1,12,30,31,32,100000.0,8.622310292659403,15.0,40.0,11500.0,-0.00016226859856782088,2.696236189912065e-09,4.483984938899307e-08,0.10239740787114233
k_io,1,12,30,31,32,100000.0,8.622310292659403,15.0,40.0,12000.0,-0.00015531285673519484,2.5829346701638184e-09,4.766161597921221e-08,0.10707759442383633
k_io,1,12,30,31,32,100000.0,8.622310292659403,20.0,50.0,0.0,0.0,0.0,0.0,
k_io,1,12,30,31,32,100000.0,8.622310292659403,20.0,50.0,500.0,-0.005181782765602605,1.3657326770923774e-09,1.4906414397247004e-07,5.0863623537201145e-05
k_io,1,12,30,31,32,100000.0,8.622310292659403,20.0,50.0,1000.0,-0.005778666128529147,1.7814805975701525e-09,2.0285683170789394e-07,5.334895175178133e-05
k_io,1,12,30,31,32,100000.0,8.622310292659403,20.0,50.0,1500.0,-0.005023732134239678,2.228257166617579e-09,1.737167207659309e-07,8.829017192867455e-05
k_io,1,12,30,31,32,100000.0,8.622310292659403,20.0,50.0,2000.0,-0.004031733386704102,2.434964567521508e-09,1.3141387857065192e-07,0.00014979904195641376
k_io,1,12,30,31,32,100000.0,8.622310292659403,20.0,50.0,2500.0,-0.003147033486584315,2.4971859712088593e-09,9.777991633734337e-08,0.000252143721340898
k_io,1,12,30,31,32,100000.0,8.622310292659403,20.0,50.0,3000.0,-0.002444816657301587,2.627446983001049e-09,7.715070624422037e-08,0.00043958348701311696
k_io,1,12,30,31,32,100000.0,8.622310292659403,20.0,50.0,3500.0,-0.001912884379073873,2.761667069459896e-09,6.881567334418427e-08,0.0007547339393655952
k_io,1,12,30,31,32,100000.0,8.622310292659403,20.0,50.0,4000.0,-0.001516752809138617,2.8025726703530625e-09,6.910935839870868e-08,0.0012182243239457413
k_io,1,12,30,31,32,100000.0,8.622310292659403,20.0,50.0,4500.0,-0.0012220746437463029,2.7927417712921585e-09,7.308719514019417e-08,0.001869972907360482
k_io,1,12,30,31,32,100000.0,8.622310292659403,20.0,50.0,5000.0,-0.0010011776455225978,2.841344930571839e-09,7.672427174896052e-08,0.002834664539314641
k_io,1,12,30,31,32,100000.0,8.622310292659403,20.0,50.0,5500.0,-0.0008337223143847407,3.0014946230598007e-09,7.805262477857215e-08,0.004318120115803135
k_io,1,12,30,31,32,100000.0,8.622310292659403,20.0,50.0,6000.0,-0.0007053878563567451,3.2331680916882863e-09,7.686931899322079e-08,0.006497889572616608
k_io,1,12,30,31,32,100000.0,8.622310292659403,20.0,50.0,6500.0,-0.0006061540518451031,3.448903772869719e-09,7.379625721778071e-08,0.009386745697493593
k_io,1,12,30,31,32,100000.0,8.622310292659403,20.0,50.0,7000.0,-0.0005287941871725821,3.5805362820367806e-09,6.951355994574753e-08,0.012804857032706516
k_io,1,12,30,31,32,100000.0,8.622310292659403,20.0,50.0,7500.0,-0.0004677860158369164,3.615549367492129e-09,6.446502514726352e-08,0.01652265468549379
k_io,1,12,30,31,32,100000.0,8.622310292659403,20.0,50.0,8000.0,-0.00041865702738481687,3.588723533693084e-09,5.8908094949094585e-08,0.0204749680014434
k_io,1,12,30,31,32,100000.0,8.622310292659403,20.0,50.0,8500.0,-0.00037768312406513595,3.547515784610332e-09,5.306304073219879e-08,0.024869621576876423
k_io,1,12,30,31,32,100000.0,8.622310292659403,20.0,50.0,9000.0,-0.00034181617880024067,3.5205205372406108e-09,4.7200321971067276e-08,0.03013156246317244
k_io,1,12,30,31,32,100000.0,8.622310292659403,20.0,50.0,9500.0,-0.00030871325237137245,3.5077480238600212e-09,4.163072380462403e-08,0.03680593393810423
k_io,1,12,30,31,32,100000.0,8.622310292659403,20.0,50.0,10000.0,-0.0002767676976519217,3.4918123819736124e-09,3.664239181308913e-08,0.045584804719097774
k_io,1,12,30,31,32,100000.0,8.622310292659403,20.0,50.0,10500.0,-0.0002450850857135395,3.45610528588633e-09,3.244397849148278e-08,0.05753779264817836
k_io,1,12,30,31,32,100000.0,8.622310292659403,20.0,50.0,11000.0,-0.00021338933585369904,3.3962761763049976e-09,2.914572577858788e-08,0.0745860443764582
k_io,1,12,30,31,32,100000.0,8.622310292659403,20.0,50.0,11500.0,-0.00018187540630997066,3.320162457820919e-09,2.6774594271538364e-08,0.10037172347694188
k_io,1,12,30,31,32,100000.0,8.622310292659403,20.0,50.0,12000.0,-0.00015103988563263098,3.2400628291854083e-09,2.5300748451783586e-08,0.14202674556413392
k_io,1,12,30,31,32,100000.0,8.622310292659403,25.0,60.0,0.0,0.0,0.0,0.0,
k_io,1,12,30,31,32,100000.0,8.622310292659403,25.0,60.0,500.0,-0.00567175975702533,1.89176672375601e-09,1.309887338542295e-07,5.8807393167500734e-05
k_io,1,12,30,31,32,100000.0,8.622310292659403,25.0,60.0,1000.0,-0.006521859486697756,2.7775728419413753e-09,1.9031830581896544e-07,6.530141345739396e-05
k_io,1,12,30,31,32,100000.0,8.622310292659403,25.0,60.0,1500.0,-0.005856181077564637,3.420576093653242e-09,1.8125391409073136e-07,9.974020630213177e-05
k_io,1,12,30,31,32,100000.0,8.622310292659403,25.0,60.0,2000.0,-0.004860967284997117,4.090773168278001e-09,1.537502507014947e-07,0.00017312508605036198
k_io,1,12,30,31,32,100000.0,8.622310292659403,25.0,60.0,2500.0,-0.003926681934625795,4.628437357666588e-09,1.2602541447779507e-07,0.00030018082129240365
k_io,1,12,30,31,32,100000.0,8.622310292659403,25.0,60.0,3000.0,-0.0031526375026329767,4.972732341609349e-09,1.027972095354612e-07,0.0005003190150714766
k_io,1,12,30,31,32,100000.0,8.622310292659403,25.0,60.0,3500.0,-0.002539030710317504,5.1075813477750825e-09,8.463105174234348e-08,0.0007922812619625402
k_io,1,12,30,31,32,100000.0,8.622310292659403,25.0,60.0,4000.0,-0.0020590910079213327,5.04273128468801e-09,7.106043347764304e-08,0.0011893638717101241
k_io,1,12,30,31,32,100000.0,8.622310292659403,25.0,60.0,4500.0,-0.001684107906578882,4.849642808727787e-09,6.140669841669212e-08,0.0017098968925392166
k_io,1,12,30,31,32,100000.0,8.622310292659403,25.0,60.0,5000.0,-0.0013900739295260988,4.648188015185408e-09,5.4936548015966034e-08,0.002405514005992825
k_io,1,12,30,31,32,100000.0,8.622310292659403,25.0,60.0,5500.0,-0.0011579997069653385,4.540778566069276e-09,5.0873046993639583e-08,0.003386206388970798
k_io,1,12,30,31,32,100000.0,8.622310292659403,25.0,60.0,6000.0,-0.00097285934507336,4.559597070615409e-09,4.840443580703317e-08,0.00481755138895511
k_io,1,12,30,31,32,100000.0,8.622310292659403,25.0,60.0,6500.0,-0.000822794906475053,4.664845063976236e-09,4.672739098238644e-08,0.006890552322361019
k_io,1,12,30,31,32,100000.0,8.622310292659403,25.0,60.0,7000.0,-0.0006987450506853133,4.780213545227795e-09,4.514078784499307e-08,0.009790611296586933
k_io,1,12,30,31,32,100000.0,8.622310292659403,25.0,60.0,7500.0,-0.000594219831257182,4.833616472804046e-09,4.317717750189756e-08,0.01368919483138458
k_io,1,12,30,31,32,100000.0,8.622310292659403,25.0,60.0,8000.0,-0.000504981905439331,4.782745561833277e-09,4.07059531281816e-08,0.018755370334597687
k_io,1,12,30,31,32,100000.0,8.622310292659403,25.0,60.0,8500.0,-0.0004285658878045665,4.622308576452847e-09,3.7929339676832325e-08,0.025166552974716337
k_io,1,12,30,31,32,100000.0,8.622310292659403,25.0,60.0,9000.0,-0.0003636987304876391,4.37762052016728e-09,3.525557706068003e-08,0.03309440224513806
k_io,1,12,30,31,32,100000.0,8.622310292659403,25.0,60.0,9500.0,-0.00030973014736876414,4.090229675704545e-09,3.311516889887279e-08,0.04263642052097035
k_io,1,12,30,31,32,100000.0,8.622310292659403,25.0,60.0,10000.0,-0.0002661648057668358,3.801586493504646e-09,3.18125368201353e-08,0.05366159994522991
k_io,1,12,30,31,32,100000.0,8.622310292659403,25.0,60.0,10500.0,-0.00023234490410323086,3.540451868819626e-09,3.146758866051014e-08,0.0655831679509454
k_io,1,12,30,31,32,100000.0,8.622310292659403,25.0,60.0,11000.0,-0.00020729039418642368,3.318102984502791e-09,3.2040888979974497e-08,0.07722030388334297
k_io,1,12,30,31,32,100000.0,8.622310292659403,25.0,60.0,11500.0,-0.00018967614155057698,3.1317274650989193e-09,3.339787955310072e-08,0.08704795004165884
k_io,1,12,30,31,32,100000.0,8.622310292659403,25.0,60.0,12000.0,-0.00017791113209540774,2.9728661749652463e-09,3.536602948370955e-08,0.0939223852188881
k_io,1,12,30,31,32,100000.0,8.622310292659403,30.0,80.0,0.0,0.0,0.0,0.0,
k_io,1,12,30,31,32,100000.0,8.622310292659403,30.0,80.0,500.0,-0.006269379563741018,1.940501604416963e-09,8.281528036554948e-08,4.9370199067608606e-05
k_io,1,12,30,31,32,100000.0,8.622310292659403,30.0,80.0,1000.0,-0.0074869605504225,2.8183002072677467e-09,1.1339200664505479e-07,5.027778806951025e-05
k_io,1,12,30,31,32,100000.0,8.622310292659403,30.0,80.0,1500.0,-0.006988394157238981,3.451026816778615e-09,1.0871470910785341e-07,7.066324059556545e-05
k_io,1,12,30,31,32,100000.0,8.622310292659403,30.0,80.0,2000.0,-0.006021200147844949,4.246004133653281e-09,9.893513553554522e-08,0.00011711547532880743
k_io,1,12,30,31,32,100000.0,8.622310292659403,30.0,80.0,2500.0,-0.005032383284238988,4.767835124724626e-09,9.028594916534792e-08,0.0001882668284570526
k_io,1,12,30,31,32,100000.0,8.622310292659403,30.0,80.0,3000.0,-0.004165037994663383,4.881129868587964e-09,8.280657996747831e-08,0.000281373004320815
k_io,1,12,30,31,32,100000.0,8.622310292659403,30.0,80.0,3500.0,-0.003448973841156097,4.79375491282298e-09,7.59218774785819e-08,0.0004029916294141012
k_io,1,12,30,31,32,100000.0,8.622310292659403,30.0,80.0,4000.0,-0.0028739776671504805,4.71920298209629e-09,6.952496996264008e-08,0.0005713495366643695
k_io,1,12,30,31,32,100000.0,8.622310292659403,30.0,80.0,4500.0,-0.002417949523402539,4.728969368368834e-09,6.377133457514345e-08,0.000808857543529903
k_io,1,12,30,31,32,100000.0,8.622310292659403,30.0,80.0,5000.0,-0.00205752124316411,4.802993020376441e-09,5.872728970820232e-08,0.0011345491110051715
k_io,1,12,30,31,32,100000.0,8.622310292659403,30.0,80.0,5500.0,-0.0017718230243402647,4.9118751659519964e-09,5.429955118115979e-08,0.0015646119356892483
k_io,1,12,30,31,32,100000.0,8.622310292659403,30.0,80.0,6000.0,-0.0015435723467274454,5.0448064790164456e-09,5.037411493311395e-08,0.0021173396585985513
k_io,1,12,30,31,32,100000.0,8.622310292659403,30.0,80.0,6500.0,-0.001359116769546937,5.193997878664111e-09,4.695564234728396e-08,0.002811824597512319
k_io,1,12,30,31,32,100000.0,8.622310292659403,30.0,80.0,7000.0,-0.0012080563688881291,5.3392430462086785e-09,4.419704487130986e-08,0.0036585188088158324
k_io,1,12,30,31,32,100000.0,8.622310292659403,30.0,80.0,7500.0,-0.001082690331144505,5.454776812914e-09,4.2320391625759195e-08,0.004653379464873744
k_io,1,12,30,31,32,100000.0,8.622310292659403,30.0,80.0,8000.0,-0.0009774050558813158,5.527672145290936e-09,4.148629679178904e-08,0.005786195644652138
k_io,1,12,30,31,32,100000.0,8.622310292659403,30.0,80.0,8500.0,-0.0008880850381769844,5.566970886849279e-09,4.168371247654931e-08,0.0070584581359899035
k_io,1,12,30,31,32,100000.0,8.622310292659403,30.0,80.0,9000.0,-0.0008116113459563029,5.595696359960883e-09,4.269745586356143e-08,0.008494893157293579
k_io,1,12,30,31,32,100000.0,8.622310292659403,30.0,80.0,9500.0,-0.0007454905316313524,5.6343278132512825e-09,4.4168955852689565e-08,0.01013812980407645
k_io,1,12,30,31,32,100000.0,8.622310292659403,30.0,80.0,10000.0,-0.0006876274905220229,5.6892222149342135e-09,4.571591965109893e-08,0.012032238596954868
k_io,1,12,30,31,32,100000.0,8.622310292659403,30.0,80.0,10500.0,-0.000636226429450569,5.7522350521552e-09,4.7049398493899705e-08,0.01421062607235017
k_io,1,12,30,31,32,100000.0,8.622310292659403,30.0,80.0,11000.0,-0.0005897826686611877,5.808622402072916e-09,4.803559182175499e-08,0.01669894879377399
k_io,1,12,30,31,32,100000.0,8.622310292659403,30.0,80.0,11500.0,-0.0005471188866071879,5.846152886150441e-09,4.8684932014878306e-08,0.01953020288117453
k_io,1,12,30,31,32,100000.0,8.622310292659403,30.0,80.0,12000.0,-0.0005074226626565091,5.860062960077975e-09,4.908851362578356e-08,0.022759491897300723
