axis,left_entry,right_entry,left_value,right_value,fixed_coordinate_1,fixed_coordinate_2,delta_ms,Delta_ms,b_s_mm2,correlation
k_io,10,11,0.0,20.0,10055.49956905404,80.79142358080031,5.0,15.0,0.0,
k_io,10,11,0.0,20.0,10055.49956905404,80.79142358080031,5.0,15.0,500.0,0.8552581923872231
k_io,10,11,0.0,20.0,10055.49956905404,80.79142358080031,5.0,15.0,1000.0,0.8864214562911452
k_io,10,11,0.0,20.0,10055.49956905404,80.79142358080031,5.0,15.0,1500.0,0.8642926820694464
k_io,10,11,0.0,20.0,10055.49956905404,80.79142358080031,5.0,15.0,2000.0,0.7996372366581401
k_io,10,11,0.0,20.0,10055.49956905404,80.79142358080031,5.0,15.0,2500.0,0.7115063903709139
k_io,10,11,0.0,20.0,10055.49956905404,80.79142358080031,5.0,15.0,3000.0,0.606441418251998
k_io,10,11,0.0,20.0,10055.49956905404,80.79142358080031,5.0,15.0,3500.0,0.49984537960068526
k_io,10,11,0.0,20.0,10055.49956905404,80.79142358080031,5.0,15.0,4000.0,0.4682190823872943
k_io,10,11,0.0,20.0,10055.49956905404,80.79142358080031,5.0,15.0,4500.0,0.6137167960994117
k_io,10,11,0.0,20.0,10055.49956905404,80.79142358080031,5.0,15.0,5000.0,0.7902956920833216
k_io,10,11,0.0,20.0,10055.49956905404,80.79142358080031,5.0,15.0,5500.0,0.8077548659953345
k_io,10,11,0.0,20.0,10055.49956905404,80.79142358080031,5.0,15.0,6000.0,0.690504360372988
k_io,10,11,0.0,20.0,10055.49956905404,80.79142358080031,5.0,15.0,6500.0,0.4679490664747713
k_io,10,11,0.0,20.0,10055.49956905404,80.79142358080031,5.0,15.0,7000.0,0.17752080275340956
k_io,10,11,0.0,20.0,10055.49956905404,80.79142358080031,5.0,15.0,7500.0,-0.11573837180491647
k_io,10,11,0.0,20.0,10055.49956905404,80.79142358080031,5.0,15.0,8000.0,-0.36393895943798654
k_io,10,11,0.0,20.0,10055.49956905404,80.79142358080031,5.0,15.0,8500.0,-0.5441191064849522
k_io,10,11,0.0,20.0,10055.49956905404,80.79142358080031,5.0,15.0,9000.0,-0.6206063192821774
k_io,10,11,0.0,20.0,10055.49956905404,80.79142358080031,5.0,15.0,9500.0,-0.5837563301648079
k_io,10,11,0.0,20.0,10055.49956905404,80.79142358080031,5.0,15.0,10000.0,-0.4870729953784965
k_io,10,11,0.0,20.0,10055.49956905404,80.79142358080031,5.0,15.0,10500.0,-0.381465094592338
k_io,10,11,0.0,20.0,10055.49956905404,80.79142358080031,5.0,15.0,11000.0,-0.2810855929064567
k_io,10,11,0.0,20.0,10055.49956905404,80.79142358080031,5.0,15.0,11500.0,-0.18351228031451583
k_io,10,11,0.0,20.0,10055.49956905404,80.79142358080031,5.0,15.0,12000.0,-0.0883898111074537
k_io,10,11,0.0,20.0,10055.49956905404,80.79142358080031,7.0,25.0,0.0,
k_io,10,11,0.0,20.0,10055.49956905404,80.79142358080031,7.0,25.0,500.0,0.4931299218546674
k_io,10,11,0.0,20.0,10055.49956905404,80.79142358080031,7.0,25.0,1000.0,0.7611032982818974
k_io,10,11,0.0,20.0,10055.49956905404,80.79142358080031,7.0,25.0,1500.0,0.7886169653725201
k_io,10,11,0.0,20.0,10055.49956905404,80.79142358080031,7.0,25.0,2000.0,0.6526814898676367
k_io,10,11,0.0,20.0,10055.49956905404,80.79142358080031,7.0,25.0,2500.0,0.6954439565345168
k_io,10,11,0.0,20.0,10055.49956905404,80.79142358080031,7.0,25.0,3000.0,0.7172335559698068
k_io,10,11,0.0,20.0,10055.49956905404,80.79142358080031,7.0,25.0,3500.0,0.6668837098142649
k_io,10,11,0.0,20.0,10055.49956905404,80.79142358080031,7.0,25.0,4000.0,0.6139326445568873
k_io,10,11,0.0,20.0,10055.49956905404,80.79142358080031,7.0,25.0,4500.0,0.5662906461816389
k_io,10,11,0.0,20.0,10055.49956905404,80.79142358080031,7.0,25.0,5000.0,0.5038006438886496
k_io,10,11,0.0,20.0,10055.49956905404,80.79142358080031,7.0,25.0,5500.0,0.42803114484246013
k_io,10,11,0.0,20.0,10055.49956905404,80.79142358080031,7.0,25.0,6000.0,0.3671037047283209
k_io,10,11,0.0,20.0,10055.49956905404,80.79142358080031,7.0,25.0,6500.0,0.33242078070197767
k_io,10,11,0.0,20.0,10055.49956905404,80.79142358080031,7.0,25.0,7000.0,0.3132849077366226
k_io,10,11,0.0,20.0,10055.49956905404,80.79142358080031,7.0,25.0,7500.0,0.2932103443450825
k_io,10,11,0.0,20.0,10055.49956905404,80.79142358080031,7.0,25.0,8000.0,0.27925684246921206
k_io,10,11,0.0,20.0,10055.49956905404,80.79142358080031,7.0,25.0,8500.0,0.31052892912062596
k_io,10,11,0.0,20.0,10055.49956905404,80.79142358080031,7.0,25.0,9000.0,0.3922088819707215
k_io,10,11,0.0,20.0,10055.49956905404,80.79142358080031,7.0,25.0,9500.0,0.48794155233075465
k_io,10,11,0.0,20.0,10055.49956905404,80.79142358080031,7.0,25.0,10000.0,0.5711842985668809
k_io,10,11,0.0,20.0,10055.49956905404,80.79142358080031,7.0,25.0,10500.0,0.6382787061794186
k_io,10,11,0.0,20.0,10055.49956905404,80.79142358080031,7.0,25.0,11000.0,0.6933796953568081
k_io,10,11,0.0,20.0,10055.49956905404,80.79142358080031,7.0,25.0,11500.0,0.7399460653911206
k_io,10,11,0.0,20.0,10055.49956905404,80.79142358080031,7.0,25.0,12000.0,0.7790599456768149
k_io,10,11,0.0,20.0,10055.49956905404,80.79142358080031,10.0,30.0,0.0,
k_io,10,11,0.0,20.0,10055.49956905404,80.79142358080031,10.0,30.0,500.0,0.6724758216483342
k_io,10,11,0.0,20.0,10055.49956905404,80.79142358080031,10.0,30.0,1000.0,0.8392069134559881
k_io,10,11,0.0,20.0,10055.49956905404,80.79142358080031,10.0,30.0,1500.0,0.8793156172028546
k_io,10,11,0.0,20.0,10055.49956905404,80.79142358080031,10.0,30.0,2000.0,0.8631413153679686
k_io,10,11,0.0,20.0,10055.49956905404,80.79142358080031,10.0,30.0,2500.0,0.8778302214048832
k_io,10,11,0.0,20.0,10055.49956905404,80.79142358080031,10.0,30.0,3000.0,0.8299479859268194
k_io,10,11,0.0,20.0,10055.49956905404,80.79142358080031,10.0,30.0,3500.0,0.6704160346930593
k_io,10,11,0.0,20.0,10055.49956905404,80.79142358080031,10.0,30.0,4000.0,0.5163341405560266
k_io,10,11,0.0,20.0,10055.49956905404,80.79142358080031,10.0,30.0,4500.0,0.2721350431929576
k_io,10,11,0.0,20.0,10055.49956905404,80.79142358080031,10.0,30.0,5000.0,-0.19233598464384474
k_io,10,11,0.0,20.0,10055.49956905404,80.79142358080031,10.0,30.0,5500.0,-0.4897564753406668
k_io,10,11,0.0,20.0,10055.49956905404,80.79142358080031,10.0,30.0,6000.0,-0.3146617431191396
k_io,10,11,0.0,20.0,10055.49956905404,80.79142358080031,10.0,30.0,6500.0,-0.026926250366220823
k_io,10,11,0.0,20.0,10055.49956905404,80.79142358080031,10.0,30.0,7000.0,0.21801135125743326
k_io,10,11,0.0,20.0,10055.49956905404,80.79142358080031,10.0,30.0,7500.0,0.3976324601345702
k_io,10,11,0.0,20.0,10055.49956905404,80.79142358080031,10.0,30.0,8000.0,0.5215947689758437
k_io,10,11,0.0,20.0,10055.49956905404,80.79142358080031,10.0,30.0,8500.0,0.5912313413095509
k_io,10,11,0.0,20.0,10055.49956905404,80.79142358080031,10.0,30.0,9000.0,0.5991442679301197
k_io,10,11,0.0,20.0,10055.49956905404,80.79142358080031,10.0,30.0,9500.0,0.5598729952053119
k_io,10,11,0.0,20.0,10055.49956905404,80.79142358080031,10.0,30.0,10000.0,0.514889012718665
k_io,10,11,0.0,20.0,10055.49956905404,80.79142358080031,10.0,30.0,10500.0,0.4923448774686946
k_io,10,11,0.0,20.0,10055.49956905404,80.79142358080031,10.0,30.0,11000.0,0.4970240181891765
k_io,10,11,0.0,20.0,10055.49956905404,80.79142358080031,10.0,30.0,11500.0,0.5228166518897036
k_io,10,11,0.0,20.0,10055.49956905404,80.79142358080031,10.0,30.0,12000.0,0.5588880212720504
k_io,10,11,0.0,20.0,10055.49956905404,80.79142358080031,12.0,36.0,0.0,
k_io,10,11,0.0,20.0,10055.49956905404,80.79142358080031,12.0,36.0,500.0,0.551509833078705
k_io,10,11,0.0,20.0,10055.49956905404,80.79142358080031,12.0,36.0,1000.0,0.7587242588786374
k_io,10,11,0.0,20.0,10055.49956905404,80.79142358080031,12.0,36.0,1500.0,0.7800341285138407
k_io,10,11,0.0,20.0,10055.49956905404,80.79142358080031,12.0,36.0,2000.0,0.7297311293281269
k_io,10,11,0.0,20.0,10055.49956905404,80.79142358080031,12.0,36.0,2500.0,0.5469283785268035
k_io,10,11,0.0,20.0,10055.49956905404,80.79142358080031,12.0,36.0,3000.0,0.2765422591350572
k_io,10,11,0.0,20.0,10055.49956905404,80.79142358080031,12.0,36.0,3500.0,0.2588058645328118
k_io,10,11,0.0,20.0,10055.49956905404,80.79142358080031,12.0,36.0,4000.0,0.37107362532827287
k_io,10,11,0.0,20.0,10055.49956905404,80.79142358080031,12.0,36.0,4500.0,0.422078095034963
k_io,10,11,0.0,20.0,10055.49956905404,80.79142358080031,12.0,36.0,5000.0,0.42467004644158274
k_io,10,11,0.0,20.0,10055.49956905404,80.79142358080031,12.0,36.0,5500.0,0.4107438272336574
k_io,10,11,0.0,20.0,10055.49956905404,80.79142358080031,12.0,36.0,6000.0,0.3970473689467383
k_io,10,11,0.0,20.0,10055.49956905404,80.79142358080031,12.0,36.0,6500.0,0.388051776067158
k_io,10,11,0.0,20.0,10055.49956905404,80.79142358080031,12.0,36.0,7000.0,0.3838755716483509
k_io,10,11,0.0,20.0,10055.49956905404,80.79142358080031,12.0,36.0,7500.0,0.38730407977503606
k_io,10,11,0.0,20.0,10055.49956905404,80.79142358080031,12.0,36.0,8000.0,0.40544370514748795
k_io,10,11,0.0,20.0,10055.49956905404,80.79142358080031,12.0,36.0,8500.0,0.4443030102372497
k_io,10,11,0.0,20.0,10055.49956905404,80.79142358080031,12.0,36.0,9000.0,0.500617145036924
k_io,10,11,0.0,20.0,10055.49956905404,80.79142358080031,12.0,36.0,9500.0,0.5608432368602513
k_io,10,11,0.0,20.0,10055.49956905404,80.79142358080031,12.0,36.0,10000.0,0.6089141301202893
k_io,10,11,0.0,20.0,10055.49956905404,80.79142358080031,12.0,36.0,10500.0,0.6331256773499029
k_io,10,11,0.0,20.0,10055.49956905404,80.79142358080031,12.0,36.0,11000.0,0.6276285376911354
k_io,10,11,0.0,20.0,10055.49956905404,80.79142358080031,12.0,36.0,11500.0,0.5905924283561675
k_io,10,11,0.0,20.0,10055.49956905404,80.79142358080031,12.0,36.0,12000.0,0.5215574061942133
k_io,10,11,0.0,20.0,10055.49956905404,80.79142358080031,15.0,40.0,0.0,
k_io,10,11,0.0,20.0,10055.49956905404,80.79142358080031,15.0,40.0,500.0,0.5242242621191807
k_io,10,11,0.0,20.0,10055.49956905404,80.79142358080031,15.0,40.0,1000.0,0.6657353995023119
k_io,10,11,0.0,20.0,10055.49956905404,80.79142358080031,15.0,40.0,1500.0,0.6064440773824543
k_io,10,11,0.0,20.0,10055.49956905404,80.79142358080031,15.0,40.0,2000.0,0.38808188134491084
k_io,10,11,0.0,20.0,10055.49956905404,80.79142358080031,15.0,40.0,2500.0,0.1148864132209645
k_io,10,11,0.0,20.0,10055.49956905404,80.79142358080031,15.0,40.0,3000.0,-0.04461542465589784
k_io,10,11,0.0,20.0,10055.49956905404,80.79142358080031,15.0,40.0,3500.0,0.04802627482788838
k_io,10,11,0.0,20.0,10055.49956905404,80.79142358080031,15.0,40.0,4000.0,0.3811826772284874
k_io,10,11,0.0,20.0,10055.49956905404,80.79142358080031,15.0,40.0,4500.0,0.5857239197360037
k_io,10,11,0.0,20.0,10055.49956905404,80.79142358080031,15.0,40.0,5000.0,0.6886142423260873
k_io,10,11,0.0,20.0,10055.49956905404,80.79142358080031,15.0,40.0,5500.0,0.733490948067599
k_io,10,11,0.0,20.0,10055.49956905404,80.79142358080031,15.0,40.0,6000.0,0.73531268867003
k_io,10,11,0.0,20.0,10055.49956905404,80.79142358080031,15.0,40.0,6500.0,0.6975976918284958
k_io,10,11,0.0,20.0,10055.49956905404,80.79142358080031,15.0,40.0,7000.0,0.6223714884380038
k_io,10,11,0.0,20.0,10055.49956905404,80.79142358080031,15.0,40.0,7500.0,0.5132113987035197
k_io,10,11,0.0,20.0,10055.49956905404,80.79142358080031,15.0,40.0,8000.0,0.3780272501647767
k_io,10,11,0.0,20.0,10055.49956905404,80.79142358080031,15.0,40.0,8500.0,0.23473758376110293
k_io,10,11,0.0,20.0,10055.49956905404,80.79142358080031,15.0,40.0,9000.0,0.1121606594587321
k_io,10,11,0.0,20.0,10055.49956905404,80.79142358080031,15.0,40.0,9500.0,0.038203539011818964
k_io,10,11,0.0,20.0,10055.49956905404,80.79142358080031,15.0,40.0,10000.0,0.026186736646948667
k_io,10,11,0.0,20.0,10055.49956905404,80.79142358080031,15.0,40.0,10500.0,0.07433877243554109
k_io,10,11,0.0,20.0,10055.49956905404,80.79142358080031,15.0,40.0,11000.0,0.17267607466537413
k_io,10,11,0.0,20.0,10055.49956905404,80.79142358080031,15.0,40.0,11500.0,0.30573592853695747
k_io,10,11,0.0,20.0,10055.49956905404,80.79142358080031,15.0,40.0,12000.0,0.4523490908792987
k_io,10,11,0.0,20.0,10055.49956905404,80.79142358080031,20.0,50.0,0.0,
k_io,10,11,0.0,20.0,10055.49956905404,80.79142358080031,20.0,50.0,500.0,0.6254772394604139
k_io,10,11,0.0,20.0,10055.49956905404,80.79142358080031,20.0,50.0,1000.0,0.7102043308838161
k_io,10,11,0.0,20.0,10055.49956905404,80.79142358080031,20.0,50.0,1500.0,0.781697621894371
k_io,10,11,0.0,20.0,10055.49956905404,80.79142358080031,20.0,50.0,2000.0,0.7725340420245067
k_io,10,11,0.0,20.0,10055.49956905404,80.79142358080031,20.0,50.0,2500.0,0.6819747578607305
k_io,10,11,0.0,20.0,10055.49956905404,80.79142358080031,20.0,50.0,3000.0,0.5648828827215348
k_io,10,11,0.0,20.0,10055.49956905404,80.79142358080031,20.0,50.0,3500.0,0.4900306114793962
k_io,10,11,0.0,20.0,10055.49956905404,80.79142358080031,20.0,50.0,4000.0,0.4702618343735622
k_io,10,11,0.0,20.0,10055.49956905404,80.79142358080031,20.0,50.0,4500.0,0.4671601537129182
k_io,10,11,0.0,20.0,10055.49956905404,80.79142358080031,20.0,50.0,5000.0,0.4155141661845306
k_io,10,11,0.0,20.0,10055.49956905404,80.79142358080031,20.0,50.0,5500.0,0.24091534940241985
k_io,10,11,0.0,20.0,10055.49956905404,80.79142358080031,20.0,50.0,6000.0,-0.09020927241384151
k_io,10,11,0.0,20.0,10055.49956905404,80.79142358080031,20.0,50.0,6500.0,-0.39423379494307076
k_io,10,11,0.0,20.0,10055.49956905404,80.79142358080031,20.0,50.0,7000.0,-0.3013070669520675
k_io,10,11,0.0,20.0,10055.49956905404,80.79142358080031,20.0,50.0,7500.0,0.03242381378301656
k_io,10,11,0.0,20.0,10055.49956905404,80.79142358080031,20.0,50.0,8000.0,0.33001826707528076
k_io,10,11,0.0,20.0,10055.49956905404,80.79142358080031,20.0,50.0,8500.0,0.5229403386278996
k_io,10,11,0.0,20.0,10055.49956905404,80.79142358080031,20.0,50.0,9000.0,0.622175240212281
k_io,10,11,0.0,20.0,10055.49956905404,80.79142358080031,20.0,50.0,9500.0,0.6507843279021919
k_io,10,11,0.0,20.0,10055.49956905404,80.79142358080031,20.0,50.0,10000.0,0.625616307582006
k_io,10,11,0.0,20.0,10055.49956905404,80.79142358080031,20.0,50.0,10500.0,0.5548263424598816
k_io,10,11,0.0,20.0,10055.49956905404,80.79142358080031,20.0,50.0,11000.0,0.4430674454502623
k_io,10,11,0.0,20.0,10055.49956905404,80.79142358080031,20.0,50.0,11500.0,0.3003398783753606
k_io,10,11,0.0,20.0,10055.49956905404,80.79142358080031,20.0,50.0,12000.0,0.1430647959254952
k_io,10,11,0.0,20.0,10055.49956905404,80.79142358080031,25.0,60.0,0.0,
k_io,10,11,0.0,20.0,10055.49956905404,80.79142358080031,25.0,60.0,500.0,0.6192668656383739
k_io,10,11,0.0,20.0,10055.49956905404,80.79142358080031,25.0,60.0,1000.0,0.5772337290869642
k_io,10,11,0.0,20.0,10055.49956905404,80.79142358080031,25.0,60.0,1500.0,0.5563620073115143
k_io,10,11,0.0,20.0,10055.49956905404,80.79142358080031,25.0,60.0,2000.0,0.5528051648703861
k_io,10,11,0.0,20.0,10055.49956905404,80.79142358080031,25.0,60.0,2500.0,0.5700287206220604
k_io,10,11,0.0,20.0,10055.49956905404,80.79142358080031,25.0,60.0,3000.0,0.5504985490740371
k_io,10,11,0.0,20.0,10055.49956905404,80.79142358080031,25.0,60.0,3500.0,0.4962802350859275
k_io,10,11,0.0,20.0,10055.49956905404,80.79142358080031,25.0,60.0,4000.0,0.44417249722461954
k_io,10,11,0.0,20.0,10055.49956905404,80.79142358080031,25.0,60.0,4500.0,0.4201063533311167
k_io,10,11,0.0,20.0,10055.49956905404,80.79142358080031,25.0,60.0,5000.0,0.43876707958974404
k_io,10,11,0.0,20.0,10055.49956905404,80.79142358080031,25.0,60.0,5500.0,0.5066849884698335
k_io,10,11,0.0,20.0,10055.49956905404,80.79142358080031,25.0,60.0,6000.0,0.6076069172259589
k_io,10,11,0.0,20.0,10055.49956905404,80.79142358080031,25.0,60.0,6500.0,0.7041886227795572
k_io,10,11,0.0,20.0,10055.49956905404,80.79142358080031,25.0,60.0,7000.0,0.7685766100777071
k_io,10,11,0.0,20.0,10055.49956905404,80.79142358080031,25.0,60.0,7500.0,0.7946518022907494
k_io,10,11,0.0,20.0,10055.49956905404,80.79142358080031,25.0,60.0,8000.0,0.7892515178282669
k_io,10,11,0.0,20.0,10055.49956905404,80.79142358080031,25.0,60.0,8500.0,0.7666130079256266
k_io,10,11,0.0,20.0,10055.49956905404,80.79142358080031,25.0,60.0,9000.0,0.746707193688041
k_io,10,11,0.0,20.0,10055.49956905404,80.79142358080031,25.0,60.0,9500.0,0.7484062018272866
k_io,10,11,0.0,20.0,10055.49956905404,80.79142358080031,25.0,60.0,10000.0,0.7782839012759187
k_io,10,11,0.0,20.0,10055.49956905404,80.79142358080031,25.0,60.0,10500.0,0.8239985796661493
k_io,10,11,0.0,20.0,10055.49956905404,80.79142358080031,25.0,60.0,11000.0,0.8544698584706831
k_io,10,11,0.0,20.0,10055.49956905404,80.79142358080031,25.0,60.0,11500.0,0.8254749628907558
k_io,10,11,0.0,20.0,10055.49956905404,80.79142358080031,25.0,60.0,12000.0,0.7064135921857803
k_io,10,11,0.0,20.0,10055.49956905404,80.79142358080031,30.0,80.0,0.0,
k_io,10,11,0.0,20.0,10055.49956905404,80.79142358080031,30.0,80.0,500.0,0.8325167578747042
k_io,10,11,0.0,20.0,10055.49956905404,80.79142358080031,30.0,80.0,1000.0,0.6788674667684419
k_io,10,11,0.0,20.0,10055.49956905404,80.79142358080031,30.0,80.0,1500.0,0.31942780823930245
k_io,10,11,0.0,20.0,10055.49956905404,80.79142358080031,30.0,80.0,2000.0,0.12404414351033007
k_io,10,11,0.0,20.0,10055.49956905404,80.79142358080031,30.0,80.0,2500.0,0.17025756259727126
k_io,10,11,0.0,20.0,10055.49956905404,80.79142358080031,30.0,80.0,3000.0,0.40423555329983724
k_io,10,11,0.0,20.0,10055.49956905404,80.79142358080031,30.0,80.0,3500.0,0.6588661635044296
k_io,10,11,0.0,20.0,10055.49956905404,80.79142358080031,30.0,80.0,4000.0,0.782988133037663
k_io,10,11,0.0,20.0,10055.49956905404,80.79142358080031,30.0,80.0,4500.0,0.7868866289316139
k_io,10,11,0.0,20.0,10055.49956905404,80.79142358080031,30.0,80.0,5000.0,0.7274378763434287
k_io,10,11,0.0,20.0,10055.49956905404,80.79142358080031,30.0,80.0,5500.0,0.6394032171026414
k_io,10,11,0.0,20.0,10055.49956905404,80.79142358080031,30.0,80.0,6000.0,0.5424586751150756
k_io,10,11,0.0,20.0,10055.49956905404,80.79142358080031,30.0,80.0,6500.0,0.44616028661979645
k_io,10,11,0.0,20.0,10055.49956905404,80.79142358080031,30.0,80.0,7000.0,0.3514780264206416
k_io,10,11,0.0,20.0,10055.49956905404,80.79142358080031,30.0,80.0,7500.0,0.26602069895402214
k_io,10,11,0.0,20.0,10055.49956905404,80.79142358080031,30.0,80.0,8000.0,0.2075339799358395
k_io,10,11,0.0,20.0,10055.49956905404,80.79142358080031,30.0,80.0,8500.0,0.18973774362726734
k_io,10,11,0.0,20.0,10055.49956905404,80.79142358080031,30.0,80.0,9000.0,0.218413154287305
k_io,10,11,0.0,20.0,10055.49956905404,80.79142358080031,30.0,80.0,9500.0,0.2899683360892669
k_io,10,11,0.0,20.0,10055.49956905404,80.79142358080031,30.0,80.0,10000.0,0.3791664928575876
k_io,10,11,0.0,20.0,10055.49956905404,80.79142358080031,30.0,80.0,10500.0,0.44301281559265726
k_io,10,11,0.0,20.0,10055.49956905404,80.79142358080031,30.0,80.0,11000.0,0.46205192450033344
k_io,10,11,0.0,20.0,10055.49956905404,80.79142358080031,30.0,80.0,11500.0,0.4477908378568482
k_io,10,11,0.0,20.0,10055.49956905404,80.79142358080031,30.0,80.0,12000.0,0.415467554380436
k_io,11,12,20.0,130.0,10055.49956905404,80.79142358080031,5.0,15.0,0.0,
k_io,11,12,20.0,130.0,10055.49956905404,80.79142358080031,5.0,15.0,500.0,0.7979806587056086
k_io,11,12,20.0,130.0,10055.49956905404,80.79142358080031,5.0,15.0,1000.0,0.8081817032294116
k_io,11,12,20.0,130.0,10055.49956905404,80.79142358080031,5.0,15.0,1500.0,0.7935173888069944
k_io,11,12,20.0,130.0,10055.49956905404,80.79142358080031,5.0,15.0,2000.0,0.7618370455116449
k_io,11,12,20.0,130.0,10055.49956905404,80.79142358080031,5.0,15.0,2500.0,0.7051655872331336
k_io,11,12,20.0,130.0,10055.49956905404,80.79142358080031,5.0,15.0,3000.0,0.5434798830196124
k_io,11,12,20.0,130.0,10055.49956905404,80.79142358080031,5.0,15.0,3500.0,0.3123910954915997
k_io,11,12,20.0,130.0,10055.49956905404,80.79142358080031,5.0,15.0,4000.0,0.1486166020339666
k_io,11,12,20.0,130.0,10055.49956905404,80.79142358080031,5.0,15.0,4500.0,0.12354588135246394
k_io,11,12,20.0,130.0,10055.49956905404,80.79142358080031,5.0,15.0,5000.0,0.20604030075484484
k_io,11,12,20.0,130.0,10055.49956905404,80.79142358080031,5.0,15.0,5500.0,0.29325747363032195
k_io,11,12,20.0,130.0,10055.49956905404,80.79142358080031,5.0,15.0,6000.0,0.36535755642568746
k_io,11,12,20.0,130.0,10055.49956905404,80.79142358080031,5.0,15.0,6500.0,0.448772284696118
k_io,11,12,20.0,130.0,10055.49956905404,80.79142358080031,5.0,15.0,7000.0,0.5552874222576318
k_io,11,12,20.0,130.0,10055.49956905404,80.79142358080031,5.0,15.0,7500.0,0.6710912881433237
k_io,11,12,20.0,130.0,10055.49956905404,80.79142358080031,5.0,15.0,8000.0,0.7749730334124306
k_io,11,12,20.0,130.0,10055.49956905404,80.79142358080031,5.0,15.0,8500.0,0.8440973044741678
k_io,11,12,20.0,130.0,10055.49956905404,80.79142358080031,5.0,15.0,9000.0,0.8553015087799811
k_io,11,12,20.0,130.0,10055.49956905404,80.79142358080031,5.0,15.0,9500.0,0.8035927781691556
k_io,11,12,20.0,130.0,10055.49956905404,80.79142358080031,5.0,15.0,10000.0,0.7156298293213996
k_io,11,12,20.0,130.0,10055.49956905404,80.79142358080031,5.0,15.0,10500.0,0.6384386122024714
k_io,11,12,20.0,130.0,10055.49956905404,80.79142358080031,5.0,15.0,11000.0,0.6182900246227718
k_io,11,12,20.0,130.0,10055.49956905404,80.79142358080031,5.0,15.0,11500.0,0.6489352040798797
k_io,11,12,20.0,130.0,10055.49956905404,80.79142358080031,5.0,15.0,12000.0,0.693257736056604
k_io,11,12,20.0,130.0,10055.49956905404,80.79142358080031,7.0,25.0,0.0,
k_io,11,12,20.0,130.0,10055.49956905404,80.79142358080031,7.0,25.0,500.0,0.9410455001688485
k_io,11,12,20.0,130.0,10055.49956905404,80.79142358080031,7.0,25.0,1000.0,0.8210024965289279
k_io,11,12,20.0,130.0,10055.49956905404,80.79142358080031,7.0,25.0,1500.0,0.6120809537520926
k_io,11,12,20.0,130.0,10055.49956905404,80.79142358080031,7.0,25.0,2000.0,0.40143654362438363
k_io,11,12,20.0,130.0,10055.49956905404,80.79142358080031,7.0,25.0,2500.0,0.4176203414377557
k_io,11,12,20.0,130.0,10055.49956905404,80.79142358080031,7.0,25.0,3000.0,0.5248537812854741
k_io,11,12,20.0,130.0,10055.49956905404,80.79142358080031,7.0,25.0,3500.0,0.5894656062482038
k_io,11,12,20.0,130.0,10055.49956905404,80.79142358080031,7.0,25.0,4000.0,0.6005936211117158
k_io,11,12,20.0,130.0,10055.49956905404,80.79142358080031,7.0,25.0,4500.0,0.5662536737542043
k_io,11,12,20.0,130.0,10055.49956905404,80.79142358080031,7.0,25.0,5000.0,0.5277930755192074
k_io,11,12,20.0,130.0,10055.49956905404,80.79142358080031,7.0,25.0,5500.0,0.5260379981384417
k_io,11,12,20.0,130.0,10055.49956905404,80.79142358080031,7.0,25.0,6000.0,0.5433027395649628
k_io,11,12,20.0,130.0,10055.49956905404,80.79142358080031,7.0,25.0,6500.0,0.5365742300462246
k_io,11,12,20.0,130.0,10055.49956905404,80.79142358080031,7.0,25.0,7000.0,0.4691835234228728
k_io,11,12,20.0,130.0,10055.49956905404,80.79142358080031,7.0,25.0,7500.0,0.3206358758829007
k_io,11,12,20.0,130.0,10055.49956905404,80.79142358080031,7.0,25.0,8000.0,0.13791375685434928
k_io,11,12,20.0,130.0,10055.49956905404,80.79142358080031,7.0,25.0,8500.0,0.0106042803271795
k_io,11,12,20.0,130.0,10055.49956905404,80.79142358080031,7.0,25.0,9000.0,-0.04807311950030994
k_io,11,12,20.0,130.0,10055.49956905404,80.79142358080031,7.0,25.0,9500.0,-0.06604929777404406
k_io,11,12,20.0,130.0,10055.49956905404,80.79142358080031,7.0,25.0,10000.0,-0.058756702975886685
k_io,11,12,20.0,130.0,10055.49956905404,80.79142358080031,7.0,25.0,10500.0,-0.02551447920418054
k_io,11,12,20.0,130.0,10055.49956905404,80.79142358080031,7.0,25.0,11000.0,0.034607675478191206
k_io,11,12,20.0,130.0,10055.49956905404,80.79142358080031,7.0,25.0,11500.0,0.1068150094772587
k_io,11,12,20.0,130.0,10055.49956905404,80.79142358080031,7.0,25.0,12000.0,0.18027860923898056
k_io,11,12,20.0,130.0,10055.49956905404,80.79142358080031,10.0,30.0,0.0,
k_io,11,12,20.0,130.0,10055.49956905404,80.79142358080031,10.0,30.0,500.0,0.9219510359777997
k_io,11,12,20.0,130.0,10055.49956905404,80.79142358080031,10.0,30.0,1000.0,0.8380336634561689
k_io,11,12,20.0,130.0,10055.49956905404,80.79142358080031,10.0,30.0,1500.0,0.5068392622440157
k_io,11,12,20.0,130.0,10055.49956905404,80.79142358080031,10.0,30.0,2000.0,0.18856664465228773
k_io,11,12,20.0,130.0,10055.49956905404,80.79142358080031,10.0,30.0,2500.0,0.29747726204710345
k_io,11,12,20.0,130.0,10055.49956905404,80.79142358080031,10.0,30.0,3000.0,0.6697592006162031
k_io,11,12,20.0,130.0,10055.49956905404,80.79142358080031,10.0,30.0,3500.0,0.6565567090570605
k_io,11,12,20.0,130.0,10055.49956905404,80.79142358080031,10.0,30.0,4000.0,0.5141385635039522
k_io,11,12,20.0,130.0,10055.49956905404,80.79142358080031,10.0,30.0,4500.0,0.41931170150601105
k_io,11,12,20.0,130.0,10055.49956905404,80.79142358080031,10.0,30.0,5000.0,0.36941797594667053
k_io,11,12,20.0,130.0,10055.49956905404,80.79142358080031,10.0,30.0,5500.0,0.33897370374129526
k_io,11,12,20.0,130.0,10055.49956905404,80.79142358080031,10.0,30.0,6000.0,0.3217440904746274
k_io,11,12,20.0,130.0,10055.49956905404,80.79142358080031,10.0,30.0,6500.0,0.32971681894601923
k_io,11,12,20.0,130.0,10055.49956905404,80.79142358080031,10.0,30.0,7000.0,0.3645284838973572
k_io,11,12,20.0,130.0,10055.49956905404,80.79142358080031,10.0,30.0,7500.0,0.40445229392998217
k_io,11,12,20.0,130.0,10055.49956905404,80.79142358080031,10.0,30.0,8000.0,0.4242527750603406
k_io,11,12,20.0,130.0,10055.49956905404,80.79142358080031,10.0,30.0,8500.0,0.42527220119670384
k_io,11,12,20.0,130.0,10055.49956905404,80.79142358080031,10.0,30.0,9000.0,0.4301299322282548
k_io,11,12,20.0,130.0,10055.49956905404,80.79142358080031,10.0,30.0,9500.0,0.4444993729815604
k_io,11,12,20.0,130.0,10055.49956905404,80.79142358080031,10.0,30.0,10000.0,0.43444800441133236
k_io,11,12,20.0,130.0,10055.49956905404,80.79142358080031,10.0,30.0,10500.0,0.2740062415373314
k_io,11,12,20.0,130.0,10055.49956905404,80.79142358080031,10.0,30.0,11000.0,-0.062248020120329185
k_io,11,12,20.0,130.0,10055.49956905404,80.79142358080031,10.0,30.0,11500.0,-0.24591283276420478
k_io,11,12,20.0,130.0,10055.49956905404,80.79142358080031,10.0,30.0,12000.0,-0.2760512065890508
k_io,11,12,20.0,130.0,10055.49956905404,80.79142358080031,12.0,36.0,0.0,
k_io,11,12,20.0,130.0,10055.49956905404,80.79142358080031,12.0,36.0,500.0,0.8588098673028115
k_io,11,12,20.0,130.0,10055.49956905404,80.79142358080031,12.0,36.0,1000.0,0.7515220943140696
k_io,11,12,20.0,130.0,10055.49956905404,80.79142358080031,12.0,36.0,1500.0,0.44948585883682346
k_io,11,12,20.0,130.0,10055.49956905404,80.79142358080031,12.0,36.0,2000.0,0.2800551268279004
k_io,11,12,20.0,130.0,10055.49956905404,80.79142358080031,12.0,36.0,2500.0,0.3345781709411194
k_io,11,12,20.0,130.0,10055.49956905404,80.79142358080031,12.0,36.0,3000.0,0.4439749888006029
k_io,11,12,20.0,130.0,10055.49956905404,80.79142358080031,12.0,36.0,3500.0,0.32384851324393643
k_io,11,12,20.0,130.0,10055.49956905404,80.79142358080031,12.0,36.0,4000.0,0.19938563601943676
k_io,11,12,20.0,130.0,10055.49956905404,80.79142358080031,12.0,36.0,4500.0,0.15516017697923232
k_io,11,12,20.0,130.0,10055.49956905404,80.79142358080031,12.0,36.0,5000.0,0.15370610611217972
k_io,11,12,20.0,130.0,10055.49956905404,80.79142358080031,12.0,36.0,5500.0,0.17158498564787705
k_io,11,12,20.0,130.0,10055.49956905404,80.79142358080031,12.0,36.0,6000.0,0.19478079348817584
k_io,11,12,20.0,130.0,10055.49956905404,80.79142358080031,12.0,36.0,6500.0,0.21120246003044169
k_io,11,12,20.0,130.0,10055.49956905404,80.79142358080031,12.0,36.0,7000.0,0.2097171493094312
k_io,11,12,20.0,130.0,10055.49956905404,80.79142358080031,12.0,36.0,7500.0,0.18251213320450002
k_io,11,12,20.0,130.0,10055.49956905404,80.79142358080031,12.0,36.0,8000.0,0.13137726265141847
k_io,11,12,20.0,130.0,10055.49956905404,80.79142358080031,12.0,36.0,8500.0,0.07713669167756777
k_io,11,12,20.0,130.0,10055.49956905404,80.79142358080031,12.0,36.0,9000.0,0.053699481305810357
k_io,11,12,20.0,130.0,10055.49956905404,80.79142358080031,12.0,36.0,9500.0,0.07852802771732544
k_io,11,12,20.0,130.0,10055.49956905404,80.79142358080031,12.0,36.0,10000.0,0.14223520038616022
k_io,11,12,20.0,130.0,10055.49956905404,80.79142358080031,12.0,36.0,10500.0,0.22886309772328545
k_io,11,12,20.0,130.0,10055.49956905404,80.79142358080031,12.0,36.0,11000.0,0.32682336303757786
k_io,11,12,20.0,130.0,10055.49956905404,80.79142358080031,12.0,36.0,11500.0,0.4231421600633829
k_io,11,12,20.0,130.0,10055.49956905404,80.79142358080031,12.0,36.0,12000.0,0.5010579875110267
k_io,11,12,20.0,130.0,10055.49956905404,80.79142358080031,15.0,40.0,0.0,
k_io,11,12,20.0,130.0,10055.49956905404,80.79142358080031,15.0,40.0,500.0,0.8703808088386598
k_io,11,12,20.0,130.0,10055.49956905404,80.79142358080031,15.0,40.0,1000.0,0.7507757149792443
k_io,11,12,20.0,130.0,10055.49956905404,80.79142358080031,15.0,40.0,1500.0,0.4580173754161333
k_io,11,12,20.0,130.0,10055.49956905404,80.79142358080031,15.0,40.0,2000.0,-0.023204479597286963
k_io,11,12,20.0,130.0,10055.49956905404,80.79142358080031,15.0,40.0,2500.0,-0.28738922891816526
k_io,11,12,20.0,130.0,10055.49956905404,80.79142358080031,15.0,40.0,3000.0,-0.5046703124696321
k_io,11,12,20.0,130.0,10055.49956905404,80.79142358080031,15.0,40.0,3500.0,-0.7782182642096099
k_io,11,12,20.0,130.0,10055.49956905404,80.79142358080031,15.0,40.0,4000.0,-0.7547720608629671
k_io,11,12,20.0,130.0,10055.49956905404,80.79142358080031,15.0,40.0,4500.0,-0.5844490806357727
k_io,11,12,20.0,130.0,10055.49956905404,80.79142358080031,15.0,40.0,5000.0,-0.37055643002486766
k_io,11,12,20.0,130.0,10055.49956905404,80.79142358080031,15.0,40.0,5500.0,-0.18918148046214694
k_io,11,12,20.0,130.0,10055.49956905404,80.79142358080031,15.0,40.0,6000.0,-0.13134324107085796
k_io,11,12,20.0,130.0,10055.49956905404,80.79142358080031,15.0,40.0,6500.0,-0.2285193828093885
k_io,11,12,20.0,130.0,10055.49956905404,80.79142358080031,15.0,40.0,7000.0,-0.4011781261710598
k_io,11,12,20.0,130.0,10055.49956905404,80.79142358080031,15.0,40.0,7500.0,-0.5708854508916091
k_io,11,12,20.0,130.0,10055.49956905404,80.79142358080031,15.0,40.0,8000.0,-0.6975420732727012
k_io,11,12,20.0,130.0,10055.49956905404,80.79142358080031,15.0,40.0,8500.0,-0.7275272320235496
k_io,11,12,20.0,130.0,10055.49956905404,80.79142358080031,15.0,40.0,9000.0,-0.5755367082976408
k_io,11,12,20.0,130.0,10055.49956905404,80.79142358080031,15.0,40.0,9500.0,-0.2712047405934969
k_io,11,12,20.0,130.0,10055.49956905404,80.79142358080031,15.0,40.0,10000.0,0.011600310264999768
k_io,11,12,20.0,130.0,10055.49956905404,80.79142358080031,15.0,40.0,10500.0,0.20040754483466727
k_io,11,12,20.0,130.0,10055.49956905404,80.79142358080031,15.0,40.0,11000.0,0.312643769995289
k_io,11,12,20.0,130.0,10055.49956905404,80.79142358080031,15.0,40.0,11500.0,0.3741866411805054
k_io,11,12,20.0,130.0,10055.49956905404,80.79142358080031,15.0,40.0,12000.0,0.40217424800618234
k_io,11,12,20.0,130.0,10055.49956905404,80.79142358080031,20.0,50.0,0.0,
k_io,11,12,20.0,130.0,10055.49956905404,80.79142358080031,20.0,50.0,500.0,0.859448021470903
k_io,11,12,20.0,130.0,10055.49956905404,80.79142358080031,20.0,50.0,1000.0,0.8814499993960596
k_io,11,12,20.0,130.0,10055.49956905404,80.79142358080031,20.0,50.0,1500.0,0.9474562818278431
k_io,11,12,20.0,130.0,10055.49956905404,80.79142358080031,20.0,50.0,2000.0,0.5334057639822223
k_io,11,12,20.0,130.0,10055.49956905404,80.79142358080031,20.0,50.0,2500.0,0.20406333997099393
k_io,11,12,20.0,130.0,10055.49956905404,80.79142358080031,20.0,50.0,3000.0,0.2370625397688293
k_io,11,12,20.0,130.0,10055.49956905404,80.79142358080031,20.0,50.0,3500.0,0.32241379355138977
k_io,11,12,20.0,130.0,10055.49956905404,80.79142358080031,20.0,50.0,4000.0,0.3359087025894407
k_io,11,12,20.0,130.0,10055.49956905404,80.79142358080031,20.0,50.0,4500.0,0.28307289881132114
k_io,11,12,20.0,130.0,10055.49956905404,80.79142358080031,20.0,50.0,5000.0,0.18761456907012863
k_io,11,12,20.0,130.0,10055.49956905404,80.79142358080031,20.0,50.0,5500.0,0.052944452641006515
k_io,11,12,20.0,130.0,10055.49956905404,80.79142358080031,20.0,50.0,6000.0,-0.1359091113814071
k_io,11,12,20.0,130.0,10055.49956905404,80.79142358080031,20.0,50.0,6500.0,-0.3084234281566496
k_io,11,12,20.0,130.0,10055.49956905404,80.79142358080031,20.0,50.0,7000.0,-0.2892655790056874
k_io,11,12,20.0,130.0,10055.49956905404,80.79142358080031,20.0,50.0,7500.0,-0.189462320913433
k_io,11,12,20.0,130.0,10055.49956905404,80.79142358080031,20.0,50.0,8000.0,-0.11215449433119556
k_io,11,12,20.0,130.0,10055.49956905404,80.79142358080031,20.0,50.0,8500.0,-0.04693309769178243
k_io,11,12,20.0,130.0,10055.49956905404,80.79142358080031,20.0,50.0,9000.0,0.022203968905282367
k_io,11,12,20.0,130.0,10055.49956905404,80.79142358080031,20.0,50.0,9500.0,0.09352158649691035
k_io,11,12,20.0,130.0,10055.49956905404,80.79142358080031,20.0,50.0,10000.0,0.15515209192806778
k_io,11,12,20.0,130.0,10055.49956905404,80.79142358080031,20.0,50.0,10500.0,0.19877217165968117
k_io,11,12,20.0,130.0,10055.49956905404,80.79142358080031,20.0,50.0,11000.0,0.22118811478797415
k_io,11,12,20.0,130.0,10055.49956905404,80.79142358080031,20.0,50.0,11500.0,0.21872780164300393
k_io,11,12,20.0,130.0,10055.49956905404,80.79142358080031,20.0,50.0,12000.0,0.18426897093072914
k_io,11,12,20.0,130.0,10055.49956905404,80.79142358080031,25.0,60.0,0.0,
k_io,11,12,20.0,130.0,10055.49956905404,80.79142358080031,25.0,60.0,500.0,0.8278344102182796
k_io,11,12,20.0,130.0,10055.49956905404,80.79142358080031,25.0,60.0,1000.0,0.9185947959845728
k_io,11,12,20.0,130.0,10055.49956905404,80.79142358080031,25.0,60.0,1500.0,0.7555705284639287
k_io,11,12,20.0,130.0,10055.49956905404,80.79142358080031,25.0,60.0,2000.0,0.3344392957918416
k_io,11,12,20.0,130.0,10055.49956905404,80.79142358080031,25.0,60.0,2500.0,0.0654335426629839
k_io,11,12,20.0,130.0,10055.49956905404,80.79142358080031,25.0,60.0,3000.0,0.10040645001238444
k_io,11,12,20.0,130.0,10055.49956905404,80.79142358080031,25.0,60.0,3500.0,0.2529990238906156
k_io,11,12,20.0,130.0,10055.49956905404,80.79142358080031,25.0,60.0,4000.0,0.38629236341869816
k_io,11,12,20.0,130.0,10055.49956905404,80.79142358080031,25.0,60.0,4500.0,0.4345740543208546
k_io,11,12,20.0,130.0,10055.49956905404,80.79142358080031,25.0,60.0,5000.0,0.3650052420136243
k_io,11,12,20.0,130.0,10055.49956905404,80.79142358080031,25.0,60.0,5500.0,0.2159391427716744
k_io,11,12,20.0,130.0,10055.49956905404,80.79142358080031,25.0,60.0,6000.0,0.10422160344030004
k_io,11,12,20.0,130.0,10055.49956905404,80.79142358080031,25.0,60.0,6500.0,0.028011145411365672
k_io,11,12,20.0,130.0,10055.49956905404,80.79142358080031,25.0,60.0,7000.0,-0.05569011181456622
k_io,11,12,20.0,130.0,10055.49956905404,80.79142358080031,25.0,60.0,7500.0,-0.1297873119885216
k_io,11,12,20.0,130.0,10055.49956905404,80.79142358080031,25.0,60.0,8000.0,-0.14216127938093637
k_io,11,12,20.0,130.0,10055.49956905404,80.79142358080031,25.0,60.0,8500.0,-0.07498995256570022
k_io,11,12,20.0,130.0,10055.49956905404,80.79142358080031,25.0,60.0,9000.0,0.019647192318077607
k_io,11,12,20.0,130.0,10055.49956905404,80.79142358080031,25.0,60.0,9500.0,0.08875490351646276
k_io,11,12,20.0,130.0,10055.49956905404,80.79142358080031,25.0,60.0,10000.0,0.12798414998177643
k_io,11,12,20.0,130.0,10055.49956905404,80.79142358080031,25.0,60.0,10500.0,0.1584876318542642
k_io,11,12,20.0,130.0,10055.49956905404,80.79142358080031,25.0,60.0,11000.0,0.19886953715041308
k_io,11,12,20.0,130.0,10055.49956905404,80.79142358080031,25.0,60.0,11500.0,0.2561498966053282
k_io,11,12,20.0,130.0,10055.49956905404,80.79142358080031,25.0,60.0,12000.0,0.3273905058686337
k_io,11,12,20.0,130.0,10055.49956905404,80.79142358080031,30.0,80.0,0.0,
k_io,11,12,20.0,130.0,10055.49956905404,80.79142358080031,30.0,80.0,500.0,0.6899995258910511
k_io,11,12,20.0,130.0,10055.49956905404,80.79142358080031,30.0,80.0,1000.0,0.6489296939417486
k_io,11,12,20.0,130.0,10055.49956905404,80.79142358080031,30.0,80.0,1500.0,0.5349328546727307
k_io,11,12,20.0,130.0,10055.49956905404,80.79142358080031,30.0,80.0,2000.0,0.5323234784105485
k_io,11,12,20.0,130.0,10055.49956905404,80.79142358080031,30.0,80.0,2500.0,0.6918677303210382
k_io,11,12,20.0,130.0,10055.49956905404,80.79142358080031,30.0,80.0,3000.0,0.8592643198941757
k_io,11,12,20.0,130.0,10055.49956905404,80.79142358080031,30.0,80.0,3500.0,0.8531580136955232
k_io,11,12,20.0,130.0,10055.49956905404,80.79142358080031,30.0,80.0,4000.0,0.7444278628145619
k_io,11,12,20.0,130.0,10055.49956905404,80.79142358080031,30.0,80.0,4500.0,0.6381439112061522
k_io,11,12,20.0,130.0,10055.49956905404,80.79142358080031,30.0,80.0,5000.0,0.5355695094064044
k_io,11,12,20.0,130.0,10055.49956905404,80.79142358080031,30.0,80.0,5500.0,0.46021839809698
k_io,11,12,20.0,130.0,10055.49956905404,80.79142358080031,30.0,80.0,6000.0,0.41805723731742883
k_io,11,12,20.0,130.0,10055.49956905404,80.79142358080031,30.0,80.0,6500.0,0.39399197405256814
k_io,11,12,20.0,130.0,10055.49956905404,80.79142358080031,30.0,80.0,7000.0,0.3683916942160305
k_io,11,12,20.0,130.0,10055.49956905404,80.79142358080031,30.0,80.0,7500.0,0.3217744445273869
k_io,11,12,20.0,130.0,10055.49956905404,80.79142358080031,30.0,80.0,8000.0,0.24363984534299446
k_io,11,12,20.0,130.0,10055.49956905404,80.79142358080031,30.0,80.0,8500.0,0.13532594948570575
k_io,11,12,20.0,130.0,10055.49956905404,80.79142358080031,30.0,80.0,9000.0,-0.001953143262658804
k_io,11,12,20.0,130.0,10055.49956905404,80.79142358080031,30.0,80.0,9500.0,-0.1666815884668926
k_io,11,12,20.0,130.0,10055.49956905404,80.79142358080031,30.0,80.0,10000.0,-0.33411745686398575
k_io,11,12,20.0,130.0,10055.49956905404,80.79142358080031,30.0,80.0,10500.0,-0.45463241716435143
k_io,11,12,20.0,130.0,10055.49956905404,80.79142358080031,30.0,80.0,11000.0,-0.5064711351421721
k_io,11,12,20.0,130.0,10055.49956905404,80.79142358080031,30.0,80.0,11500.0,-0.5091891184819015
k_io,11,12,20.0,130.0,10055.49956905404,80.79142358080031,30.0,80.0,12000.0,-0.48786102814263843
k_io,16,17,0.0,20.0,26604.457098850064,33.328978362739306,5.0,15.0,0.0,
k_io,16,17,0.0,20.0,26604.457098850064,33.328978362739306,5.0,15.0,500.0,0.9014814166389046
k_io,16,17,0.0,20.0,26604.457098850064,33.328978362739306,5.0,15.0,1000.0,0.8730302371255645
k_io,16,17,0.0,20.0,26604.457098850064,33.328978362739306,5.0,15.0,1500.0,0.9086622079111693
k_io,16,17,0.0,20.0,26604.457098850064,33.328978362739306,5.0,15.0,2000.0,0.8405669584845846
k_io,16,17,0.0,20.0,26604.457098850064,33.328978362739306,5.0,15.0,2500.0,0.6159010540559093
k_io,16,17,0.0,20.0,26604.457098850064,33.328978362739306,5.0,15.0,3000.0,0.2979258012790333
k_io,16,17,0.0,20.0,26604.457098850064,33.328978362739306,5.0,15.0,3500.0,0.17509531743227869
k_io,16,17,0.0,20.0,26604.457098850064,33.328978362739306,5.0,15.0,4000.0,0.40030112519530775
k_io,16,17,0.0,20.0,26604.457098850064,33.328978362739306,5.0,15.0,4500.0,0.6174777702146816
k_io,16,17,0.0,20.0,26604.457098850064,33.328978362739306,5.0,15.0,5000.0,0.6777202882304104
k_io,16,17,0.0,20.0,26604.457098850064,33.328978362739306,5.0,15.0,5500.0,0.5948583734613511
k_io,16,17,0.0,20.0,26604.457098850064,33.328978362739306,5.0,15.0,6000.0,0.42917583577164625
k_io,16,17,0.0,20.0,26604.457098850064,33.328978362739306,5.0,15.0,6500.0,0.26623703621207145
k_io,16,17,0.0,20.0,26604.457098850064,33.328978362739306,5.0,15.0,7000.0,0.2141005382659976
k_io,16,17,0.0,20.0,26604.457098850064,33.328978362739306,5.0,15.0,7500.0,0.32169600470963283
k_io,16,17,0.0,20.0,26604.457098850064,33.328978362739306,5.0,15.0,8000.0,0.494193906310944
k_io,16,17,0.0,20.0,26604.457098850064,33.328978362739306,5.0,15.0,8500.0,0.6379834752449431
k_io,16,17,0.0,20.0,26604.457098850064,33.328978362739306,5.0,15.0,9000.0,0.7333513899026517
k_io,16,17,0.0,20.0,26604.457098850064,33.328978362739306,5.0,15.0,9500.0,0.7896065852871644
k_io,16,17,0.0,20.0,26604.457098850064,33.328978362739306,5.0,15.0,10000.0,0.8175681360280214
k_io,16,17,0.0,20.0,26604.457098850064,33.328978362739306,5.0,15.0,10500.0,0.8238507696502663
k_io,16,17,0.0,20.0,26604.457098850064,33.328978362739306,5.0,15.0,11000.0,0.8113499829438412
k_io,16,17,0.0,20.0,26604.457098850064,33.328978362739306,5.0,15.0,11500.0,0.7812493076137625
k_io,16,17,0.0,20.0,26604.457098850064,33.328978362739306,5.0,15.0,12000.0,0.7363588662481465
k_io,16,17,0.0,20.0,26604.457098850064,33.328978362739306,7.0,25.0,0.0,
k_io,16,17,0.0,20.0,26604.457098850064,33.328978362739306,7.0,25.0,500.0,0.9305694312500686
k_io,16,17,0.0,20.0,26604.457098850064,33.328978362739306,7.0,25.0,1000.0,0.9549118529482482
k_io,16,17,0.0,20.0,26604.457098850064,33.328978362739306,7.0,25.0,1500.0,0.8835560168190055
k_io,16,17,0.0,20.0,26604.457098850064,33.328978362739306,7.0,25.0,2000.0,0.6444423014154484
k_io,16,17,0.0,20.0,26604.457098850064,33.328978362739306,7.0,25.0,2500.0,0.4888206298389555
k_io,16,17,0.0,20.0,26604.457098850064,33.328978362739306,7.0,25.0,3000.0,0.46985478545533005
k_io,16,17,0.0,20.0,26604.457098850064,33.328978362739306,7.0,25.0,3500.0,0.5304637642853038
k_io,16,17,0.0,20.0,26604.457098850064,33.328978362739306,7.0,25.0,4000.0,0.6303259843625187
k_io,16,17,0.0,20.0,26604.457098850064,33.328978362739306,7.0,25.0,4500.0,0.7140264185267393
k_io,16,17,0.0,20.0,26604.457098850064,33.328978362739306,7.0,25.0,5000.0,0.7584121600721534
k_io,16,17,0.0,20.0,26604.457098850064,33.328978362739306,7.0,25.0,5500.0,0.780207852016985
k_io,16,17,0.0,20.0,26604.457098850064,33.328978362739306,7.0,25.0,6000.0,0.7823257817765881
k_io,16,17,0.0,20.0,26604.457098850064,33.328978362739306,7.0,25.0,6500.0,0.7564428371352742
k_io,16,17,0.0,20.0,26604.457098850064,33.328978362739306,7.0,25.0,7000.0,0.6957018143705289
k_io,16,17,0.0,20.0,26604.457098850064,33.328978362739306,7.0,25.0,7500.0,0.5957919119080772
k_io,16,17,0.0,20.0,26604.457098850064,33.328978362739306,7.0,25.0,8000.0,0.4530558879550699
k_io,16,17,0.0,20.0,26604.457098850064,33.328978362739306,7.0,25.0,8500.0,0.264352196877955
k_io,16,17,0.0,20.0,26604.457098850064,33.328978362739306,7.0,25.0,9000.0,0.02852714320351527
k_io,16,17,0.0,20.0,26604.457098850064,33.328978362739306,7.0,25.0,9500.0,-0.23964590935152844
k_io,16,17,0.0,20.0,26604.457098850064,33.328978362739306,7.0,25.0,10000.0,-0.4625629231381323
k_io,16,17,0.0,20.0,26604.457098850064,33.328978362739306,7.0,25.0,10500.0,-0.47272386541501116
k_io,16,17,0.0,20.0,26604.457098850064,33.328978362739306,7.0,25.0,11000.0,-0.20716183009440264
k_io,16,17,0.0,20.0,26604.457098850064,33.328978362739306,7.0,25.0,11500.0,0.1376770774451863
k_io,16,17,0.0,20.0,26604.457098850064,33.328978362739306,7.0,25.0,12000.0,0.39460753924174685
k_io,16,17,0.0,20.0,26604.457098850064,33.328978362739306,10.0,30.0,0.0,
k_io,16,17,0.0,20.0,26604.457098850064,33.328978362739306,10.0,30.0,500.0,0.777015231896616
k_io,16,17,0.0,20.0,26604.457098850064,33.328978362739306,10.0,30.0,1000.0,0.8522609067098003
k_io,16,17,0.0,20.0,26604.457098850064,33.328978362739306,10.0,30.0,1500.0,0.8039519257500746
k_io,16,17,0.0,20.0,26604.457098850064,33.328978362739306,10.0,30.0,2000.0,0.7559365277563243
k_io,16,17,0.0,20.0,26604.457098850064,33.328978362739306,10.0,30.0,2500.0,0.6097951200125233
k_io,16,17,0.0,20.0,26604.457098850064,33.328978362739306,10.0,30.0,3000.0,0.3607017157607428
k_io,16,17,0.0,20.0,26604.457098850064,33.328978362739306,10.0,30.0,3500.0,0.15458099631652222
k_io,16,17,0.0,20.0,26604.457098850064,33.328978362739306,10.0,30.0,4000.0,0.040969447684852264
k_io,16,17,0.0,20.0,26604.457098850064,33.328978362739306,10.0,30.0,4500.0,0.11685897398360039
k_io,16,17,0.0,20.0,26604.457098850064,33.328978362739306,10.0,30.0,5000.0,0.4469536445972001
k_io,16,17,0.0,20.0,26604.457098850064,33.328978362739306,10.0,30.0,5500.0,0.6470411732875855
k_io,16,17,0.0,20.0,26604.457098850064,33.328978362739306,10.0,30.0,6000.0,0.6291406928030873
k_io,16,17,0.0,20.0,26604.457098850064,33.328978362739306,10.0,30.0,6500.0,0.5296824633531383
k_io,16,17,0.0,20.0,26604.457098850064,33.328978362739306,10.0,30.0,7000.0,0.4178914144737188
k_io,16,17,0.0,20.0,26604.457098850064,33.328978362739306,10.0,30.0,7500.0,0.31374651371161266
k_io,16,17,0.0,20.0,26604.457098850064,33.328978362739306,10.0,30.0,8000.0,0.23265616819844442
k_io,16,17,0.0,20.0,26604.457098850064,33.328978362739306,10.0,30.0,8500.0,0.1963426080570886
k_io,16,17,0.0,20.0,26604.457098850064,33.328978362739306,10.0,30.0,9000.0,0.20977733105768984
k_io,16,17,0.0,20.0,26604.457098850064,33.328978362739306,10.0,30.0,9500.0,0.25174742835593344
k_io,16,17,0.0,20.0,26604.457098850064,33.328978362739306,10.0,30.0,10000.0,0.296673303021842
k_io,16,17,0.0,20.0,26604.457098850064,33.328978362739306,10.0,30.0,10500.0,0.33091118789109863
k_io,16,17,0.0,20.0,26604.457098850064,33.328978362739306,10.0,30.0,11000.0,0.35322017426488606
k_io,16,17,0.0,20.0,26604.457098850064,33.328978362739306,10.0,30.0,11500.0,0.3687861070391424
k_io,16,17,0.0,20.0,26604.457098850064,33.328978362739306,10.0,30.0,12000.0,0.3843060129808583
k_io,16,17,0.0,20.0,26604.457098850064,33.328978362739306,12.0,36.0,0.0,
k_io,16,17,0.0,20.0,26604.457098850064,33.328978362739306,12.0,36.0,500.0,0.562269365996358
k_io,16,17,0.0,20.0,26604.457098850064,33.328978362739306,12.0,36.0,1000.0,0.5116326142915587
k_io,16,17,0.0,20.0,26604.457098850064,33.328978362739306,12.0,36.0,1500.0,0.4844456140875355
k_io,16,17,0.0,20.0,26604.457098850064,33.328978362739306,12.0,36.0,2000.0,0.4665780108162627
k_io,16,17,0.0,20.0,26604.457098850064,33.328978362739306,12.0,36.0,2500.0,0.4532129906324167
k_io,16,17,0.0,20.0,26604.457098850064,33.328978362739306,12.0,36.0,3000.0,0.465490299468964
k_io,16,17,0.0,20.0,26604.457098850064,33.328978362739306,12.0,36.0,3500.0,0.5298806277126993
k_io,16,17,0.0,20.0,26604.457098850064,33.328978362739306,12.0,36.0,4000.0,0.63387201275628
k_io,16,17,0.0,20.0,26604.457098850064,33.328978362739306,12.0,36.0,4500.0,0.7100008072980593
k_io,16,17,0.0,20.0,26604.457098850064,33.328978362739306,12.0,36.0,5000.0,0.7283284629689004
k_io,16,17,0.0,20.0,26604.457098850064,33.328978362739306,12.0,36.0,5500.0,0.7119882957561626
k_io,16,17,0.0,20.0,26604.457098850064,33.328978362739306,12.0,36.0,6000.0,0.6914606214951284
k_io,16,17,0.0,20.0,26604.457098850064,33.328978362739306,12.0,36.0,6500.0,0.6880554444214091
k_io,16,17,0.0,20.0,26604.457098850064,33.328978362739306,12.0,36.0,7000.0,0.7073389247275227
k_io,16,17,0.0,20.0,26604.457098850064,33.328978362739306,12.0,36.0,7500.0,0.7333507497165205
k_io,16,17,0.0,20.0,26604.457098850064,33.328978362739306,12.0,36.0,8000.0,0.7338766535271757
k_io,16,17,0.0,20.0,26604.457098850064,33.328978362739306,12.0,36.0,8500.0,0.6901629696441954
k_io,16,17,0.0,20.0,26604.457098850064,33.328978362739306,12.0,36.0,9000.0,0.6148911398854191
k_io,16,17,0.0,20.0,26604.457098850064,33.328978362739306,12.0,36.0,9500.0,0.5331111782362652
k_io,16,17,0.0,20.0,26604.457098850064,33.328978362739306,12.0,36.0,10000.0,0.46258736800582134
k_io,16,17,0.0,20.0,26604.457098850064,33.328978362739306,12.0,36.0,10500.0,0.40670026469608145
k_io,16,17,0.0,20.0,26604.457098850064,33.328978362739306,12.0,36.0,11000.0,0.3582358706297107
k_io,16,17,0.0,20.0,26604.457098850064,33.328978362739306,12.0,36.0,11500.0,0.3066572733390196
k_io,16,17,0.0,20.0,26604.457098850064,33.328978362739306,12.0,36.0,12000.0,0.24252312005665722
k_io,16,17,0.0,20.0,26604.457098850064,33.328978362739306,15.0,40.0,0.0,
k_io,16,17,0.0,20.0,26604.457098850064,33.328978362739306,15.0,40.0,500.0,0.6035979182251138
k_io,16,17,0.0,20.0,26604.457098850064,33.328978362739306,15.0,40.0,1000.0,0.488563737750403
k_io,16,17,0.0,20.0,26604.457098850064,33.328978362739306,15.0,40.0,1500.0,0.42657752392590303
k_io,16,17,0.0,20.0,26604.457098850064,33.328978362739306,15.0,40.0,2000.0,0.4610861921637714
k_io,16,17,0.0,20.0,26604.457098850064,33.328978362739306,15.0,40.0,2500.0,0.5429415649378851
k_io,16,17,0.0,20.0,26604.457098850064,33.328978362739306,15.0,40.0,3000.0,0.641155389233239
k_io,16,17,0.0,20.0,26604.457098850064,33.328978362739306,15.0,40.0,3500.0,0.7430679736994888
k_io,16,17,0.0,20.0,26604.457098850064,33.328978362739306,15.0,40.0,4000.0,0.8279897468119046
k_io,16,17,0.0,20.0,26604.457098850064,33.328978362739306,15.0,40.0,4500.0,0.8803747045010961
k_io,16,17,0.0,20.0,26604.457098850064,33.328978362739306,15.0,40.0,5000.0,0.9069278535468341
k_io,16,17,0.0,20.0,26604.457098850064,33.328978362739306,15.0,40.0,5500.0,0.9255372936917288
k_io,16,17,0.0,20.0,26604.457098850064,33.328978362739306,15.0,40.0,6000.0,0.9430303497782413
k_io,16,17,0.0,20.0,26604.457098850064,33.328978362739306,15.0,40.0,6500.0,0.9517905689272607
k_io,16,17,0.0,20.0,26604.457098850064,33.328978362739306,15.0,40.0,7000.0,0.9425224097151551
k_io,16,17,0.0,20.0,26604.457098850064,33.328978362739306,15.0,40.0,7500.0,0.9123389570433285
k_io,16,17,0.0,20.0,26604.457098850064,33.328978362739306,15.0,40.0,8000.0,0.8631903439580817
k_io,16,17,0.0,20.0,26604.457098850064,33.328978362739306,15.0,40.0,8500.0,0.799598298471458
k_io,16,17,0.0,20.0,26604.457098850064,33.328978362739306,15.0,40.0,9000.0,0.7293376935674288
k_io,16,17,0.0,20.0,26604.457098850064,33.328978362739306,15.0,40.0,9500.0,0.6632100042659163
k_io,16,17,0.0,20.0,26604.457098850064,33.328978362739306,15.0,40.0,10000.0,0.6099770382102403
k_io,16,17,0.0,20.0,26604.457098850064,33.328978362739306,15.0,40.0,10500.0,0.5693851466584069
k_io,16,17,0.0,20.0,26604.457098850064,33.328978362739306,15.0,40.0,11000.0,0.52990245922069
k_io,16,17,0.0,20.0,26604.457098850064,33.328978362739306,15.0,40.0,11500.0,0.47265703112303825
k_io,16,17,0.0,20.0,26604.457098850064,33.328978362739306,15.0,40.0,12000.0,0.37963132264078425
k_io,16,17,0.0,20.0,26604.457098850064,33.328978362739306,20.0,50.0,0.0,
k_io,16,17,0.0,20.0,26604.457098850064,33.328978362739306,20.0,50.0,500.0,0.7489375173113416
k_io,16,17,0.0,20.0,26604.457098850064,33.328978362739306,20.0,50.0,1000.0,0.8029272161694865
k_io,16,17,0.0,20.0,26604.457098850064,33.328978362739306,20.0,50.0,1500.0,0.7562061776007463
k_io,16,17,0.0,20.0,26604.457098850064,33.328978362739306,20.0,50.0,2000.0,0.5899960992887696
k_io,16,17,0.0,20.0,26604.457098850064,33.328978362739306,20.0,50.0,2500.0,0.3785387347095676
k_io,16,17,0.0,20.0,26604.457098850064,33.328978362739306,20.0,50.0,3000.0,0.2823500847671362
k_io,16,17,0.0,20.0,26604.457098850064,33.328978362739306,20.0,50.0,3500.0,0.3041685417108431
k_io,16,17,0.0,20.0,26604.457098850064,33.328978362739306,20.0,50.0,4000.0,0.33321530015364575
k_io,16,17,0.0,20.0,26604.457098850064,33.328978362739306,20.0,50.0,4500.0,0.32278218852078416
k_io,16,17,0.0,20.0,26604.457098850064,33.328978362739306,20.0,50.0,5000.0,0.3157186193893244
k_io,16,17,0.0,20.0,26604.457098850064,33.328978362739306,20.0,50.0,5500.0,0.3640794428809201
k_io,16,17,0.0,20.0,26604.457098850064,33.328978362739306,20.0,50.0,6000.0,0.45853509735953235
k_io,16,17,0.0,20.0,26604.457098850064,33.328978362739306,20.0,50.0,6500.0,0.5590771401859194
k_io,16,17,0.0,20.0,26604.457098850064,33.328978362739306,20.0,50.0,7000.0,0.6493008668331244
k_io,16,17,0.0,20.0,26604.457098850064,33.328978362739306,20.0,50.0,7500.0,0.729756905361693
k_io,16,17,0.0,20.0,26604.457098850064,33.328978362739306,20.0,50.0,8000.0,0.7982927873022381
k_io,16,17,0.0,20.0,26604.457098850064,33.328978362739306,20.0,50.0,8500.0,0.8473111395736617
k_io,16,17,0.0,20.0,26604.457098850064,33.328978362739306,20.0,50.0,9000.0,0.8728828600230164
k_io,16,17,0.0,20.0,26604.457098850064,33.328978362739306,20.0,50.0,9500.0,0.8815117515204159
k_io,16,17,0.0,20.0,26604.457098850064,33.328978362739306,20.0,50.0,10000.0,0.8841115594470846
k_io,16,17,0.0,20.0,26604.457098850064,33.328978362739306,20.0,50.0,10500.0,0.8873060513078938
k_io,16,17,0.0,20.0,26604.457098850064,33.328978362739306,20.0,50.0,11000.0,0.8914053475374477
k_io,16,17,0.0,20.0,26604.457098850064,33.328978362739306,20.0,50.0,11500.0,0.8922513274109879
k_io,16,17,0.0,20.0,26604.457098850064,33.328978362739306,20.0,50.0,12000.0,0.8832625470017793
k_io,16,17,0.0,20.0,26604.457098850064,33.328978362739306,25.0,60.0,0.0,
k_io,16,17,0.0,20.0,26604.457098850064,33.328978362739306,25.0,60.0,500.0,0.7495185977903992
k_io,16,17,0.0,20.0,26604.457098850064,33.328978362739306,25.0,60.0,1000.0,0.8625701700722963
k_io,16,17,0.0,20.0,26604.457098850064,33.328978362739306,25.0,60.0,1500.0,0.8236321087320486
k_io,16,17,0.0,20.0,26604.457098850064,33.328978362739306,25.0,60.0,2000.0,0.7196600553457078
k_io,16,17,0.0,20.0,26604.457098850064,33.328978362739306,25.0,60.0,2500.0,0.5306929340035914
k_io,16,17,0.0,20.0,26604.457098850064,33.328978362739306,25.0,60.0,3000.0,0.3705250698082316
k_io,16,17,0.0,20.0,26604.457098850064,33.328978362739306,25.0,60.0,3500.0,0.36060343925249394
k_io,16,17,0.0,20.0,26604.457098850064,33.328978362739306,25.0,60.0,4000.0,0.45067486370252574
k_io,16,17,0.0,20.0,26604.457098850064,33.328978362739306,25.0,60.0,4500.0,0.5632426183963336
k_io,16,17,0.0,20.0,26604.457098850064,33.328978362739306,25.0,60.0,5000.0,0.6515965529202724
k_io,16,17,0.0,20.0,26604.457098850064,33.328978362739306,25.0,60.0,5500.0,0.6952047364404039
k_io,16,17,0.0,20.0,26604.457098850064,33.328978362739306,25.0,60.0,6000.0,0.6911789892264516
k_io,16,17,0.0,20.0,26604.457098850064,33.328978362739306,25.0,60.0,6500.0,0.64931323342621
k_io,16,17,0.0,20.0,26604.457098850064,33.328978362739306,25.0,60.0,7000.0,0.5902625992634188
k_io,16,17,0.0,20.0,26604.457098850064,33.328978362739306,25.0,60.0,7500.0,0.5365142413195852
k_io,16,17,0.0,20.0,26604.457098850064,33.328978362739306,25.0,60.0,8000.0,0.5000231737828348
k_io,16,17,0.0,20.0,26604.457098850064,33.328978362739306,25.0,60.0,8500.0,0.47958991328117434
k_io,16,17,0.0,20.0,26604.457098850064,33.328978362739306,25.0,60.0,9000.0,0.46638046990184945
k_io,16,17,0.0,20.0,26604.457098850064,33.328978362739306,25.0,60.0,9500.0,0.4513899853351265
k_io,16,17,0.0,20.0,26604.457098850064,33.328978362739306,25.0,60.0,10000.0,0.43276792759575744
k_io,16,17,0.0,20.0,26604.457098850064,33.328978362739306,25.0,60.0,10500.0,0.4198182480340261
k_io,16,17,0.0,20.0,26604.457098850064,33.328978362739306,25.0,60.0,11000.0,0.4304969834948362
k_io,16,17,0.0,20.0,26604.457098850064,33.328978362739306,25.0,60.0,11500.0,0.48369855203443535
k_io,16,17,0.0,20.0,26604.457098850064,33.328978362739306,25.0,60.0,12000.0,0.5866285205422812
k_io,16,17,0.0,20.0,26604.457098850064,33.328978362739306,30.0,80.0,0.0,
k_io,16,17,0.0,20.0,26604.457098850064,33.328978362739306,30.0,80.0,500.0,0.4720560136856322
k_io,16,17,0.0,20.0,26604.457098850064,33.328978362739306,30.0,80.0,1000.0,0.5223173906956965
k_io,16,17,0.0,20.0,26604.457098850064,33.328978362739306,30.0,80.0,1500.0,0.3240092404816338
k_io,16,17,0.0,20.0,26604.457098850064,33.328978362739306,30.0,80.0,2000.0,0.031637924547532455
k_io,16,17,0.0,20.0,26604.457098850064,33.328978362739306,30.0,80.0,2500.0,-0.23682337359347522
k_io,16,17,0.0,20.0,26604.457098850064,33.328978362739306,30.0,80.0,3000.0,-0.3686210394013993
k_io,16,17,0.0,20.0,26604.457098850064,33.328978362739306,30.0,80.0,3500.0,-0.3497832851802739
k_io,16,17,0.0,20.0,26604.457098850064,33.328978362739306,30.0,80.0,4000.0,-0.21467660592586116
k_io,16,17,0.0,20.0,26604.457098850064,33.328978362739306,30.0,80.0,4500.0,-0.028439098629009535
k_io,16,17,0.0,20.0,26604.457098850064,33.328978362739306,30.0,80.0,5000.0,0.10587488180948439
k_io,16,17,0.0,20.0,26604.457098850064,33.328978362739306,30.0,80.0,5500.0,0.11602769721521268
k_io,16,17,0.0,20.0,26604.457098850064,33.328978362739306,30.0,80.0,6000.0,0.010739902899841869
k_io,16,17,0.0,20.0,26604.457098850064,33.328978362739306,30.0,80.0,6500.0,-0.1063324234106871
k_io,16,17,0.0,20.0,26604.457098850064,33.328978362739306,30.0,80.0,7000.0,-0.17042190602723994
k_io,16,17,0.0,20.0,26604.457098850064,33.328978362739306,30.0,80.0,7500.0,-0.1857282391237928
k_io,16,17,0.0,20.0,26604.457098850064,33.328978362739306,30.0,80.0,8000.0,-0.1667325704054673
k_io,16,17,0.0,20.0,26604.457098850064,33.328978362739306,30.0,80.0,8500.0,-0.1231126746262907
k_io,16,17,0.0,20.0,26604.457098850064,33.328978362739306,30.0,80.0,9000.0,-0.06192394297404223
k_io,16,17,0.0,20.0,26604.457098850064,33.328978362739306,30.0,80.0,9500.0,0.009772360687336827
k_io,16,17,0.0,20.0,26604.457098850064,33.328978362739306,30.0,80.0,10000.0,0.08393956623111809
k_io,16,17,0.0,20.0,26604.457098850064,33.328978362739306,30.0,80.0,10500.0,0.15229456660986265
k_io,16,17,0.0,20.0,26604.457098850064,33.328978362739306,30.0,80.0,11000.0,0.20822121614074196
k_io,16,17,0.0,20.0,26604.457098850064,33.328978362739306,30.0,80.0,11500.0,0.2485307488301915
k_io,16,17,0.0,20.0,26604.457098850064,33.328978362739306,30.0,80.0,12000.0,0.2738072054334357
k_io,17,18,20.0,130.0,26604.457098850064,33.328978362739306,5.0,15.0,0.0,
k_io,17,18,20.0,130.0,26604.457098850064,33.328978362739306,5.0,15.0,500.0,0.9026545595295992
k_io,17,18,20.0,130.0,26604.457098850064,33.328978362739306,5.0,15.0,1000.0,0.9209458271630623
k_io,17,18,20.0,130.0,26604.457098850064,33.328978362739306,5.0,15.0,1500.0,0.9134085305033602
k_io,17,18,20.0,130.0,26604.457098850064,33.328978362739306,5.0,15.0,2000.0,0.8793789144624136
k_io,17,18,20.0,130.0,26604.457098850064,33.328978362739306,5.0,15.0,2500.0,0.744059428365585
k_io,17,18,20.0,130.0,26604.457098850064,33.328978362739306,5.0,15.0,3000.0,0.5453648532416093
k_io,17,18,20.0,130.0,26604.457098850064,33.328978362739306,5.0,15.0,3500.0,0.4333473159130526
k_io,17,18,20.0,130.0,26604.457098850064,33.328978362739306,5.0,15.0,4000.0,0.46019142281234027
k_io,17,18,20.0,130.0,26604.457098850064,33.328978362739306,5.0,15.0,4500.0,0.545871965646151
k_io,17,18,20.0,130.0,26604.457098850064,33.328978362739306,5.0,15.0,5000.0,0.5890080229195915
k_io,17,18,20.0,130.0,26604.457098850064,33.328978362739306,5.0,15.0,5500.0,0.5855748978170319
k_io,17,18,20.0,130.0,26604.457098850064,33.328978362739306,5.0,15.0,6000.0,0.583116315894311
k_io,17,18,20.0,130.0,26604.457098850064,33.328978362739306,5.0,15.0,6500.0,0.6297115433929805
k_io,17,18,20.0,130.0,26604.457098850064,33.328978362739306,5.0,15.0,7000.0,0.7379826292548659
k_io,17,18,20.0,130.0,26604.457098850064,33.328978362739306,5.0,15.0,7500.0,0.8484927153866932
k_io,17,18,20.0,130.0,26604.457098850064,33.328978362739306,5.0,15.0,8000.0,0.9111351286933876
k_io,17,18,20.0,130.0,26604.457098850064,33.328978362739306,5.0,15.0,8500.0,0.9398867931267221
k_io,17,18,20.0,130.0,26604.457098850064,33.328978362739306,5.0,15.0,9000.0,0.9554207197441265
k_io,17,18,20.0,130.0,26604.457098850064,33.328978362739306,5.0,15.0,9500.0,0.9650416304856075
k_io,17,18,20.0,130.0,26604.457098850064,33.328978362739306,5.0,15.0,10000.0,0.9680272968740053
k_io,17,18,20.0,130.0,26604.457098850064,33.328978362739306,5.0,15.0,10500.0,0.9599954940879749
k_io,17,18,20.0,130.0,26604.457098850064,33.328978362739306,5.0,15.0,11000.0,0.9363865835468851
k_io,17,18,20.0,130.0,26604.457098850064,33.328978362739306,5.0,15.0,11500.0,0.896657042497049
k_io,17,18,20.0,130.0,26604.457098850064,33.328978362739306,5.0,15.0,12000.0,0.846694625112444
k_io,17,18,20.0,130.0,26604.457098850064,33.328978362739306,7.0,25.0,0.0,
k_io,17,18,20.0,130.0,26604.457098850064,33.328978362739306,7.0,25.0,500.0,0.48847683401616565
k_io,17,18,20.0,130.0,26604.457098850064,33.328978362739306,7.0,25.0,1000.0,0.264377418834317
k_io,17,18,20.0,130.0,26604.457098850064,33.328978362739306,7.0,25.0,1500.0,-0.12675055909495522
k_io,17,18,20.0,130.0,26604.457098850064,33.328978362739306,7.0,25.0,2000.0,-0.05206487612880285
k_io,17,18,20.0,130.0,26604.457098850064,33.328978362739306,7.0,25.0,2500.0,0.391225910674854
k_io,17,18,20.0,130.0,26604.457098850064,33.328978362739306,7.0,25.0,3000.0,0.6742992594465357
k_io,17,18,20.0,130.0,26604.457098850064,33.328978362739306,7.0,25.0,3500.0,0.7240742501401305
k_io,17,18,20.0,130.0,26604.457098850064,33.328978362739306,7.0,25.0,4000.0,0.6918391514174912
k_io,17,18,20.0,130.0,26604.457098850064,33.328978362739306,7.0,25.0,4500.0,0.6298183404793921
k_io,17,18,20.0,130.0,26604.457098850064,33.328978362739306,7.0,25.0,5000.0,0.5536839631437681
k_io,17,18,20.0,130.0,26604.457098850064,33.328978362739306,7.0,25.0,5500.0,0.4812340839999152
k_io,17,18,20.0,130.0,26604.457098850064,33.328978362739306,7.0,25.0,6000.0,0.4322531566399496
k_io,17,18,20.0,130.0,26604.457098850064,33.328978362739306,7.0,25.0,6500.0,0.4219795973711142
k_io,17,18,20.0,130.0,26604.457098850064,33.328978362739306,7.0,25.0,7000.0,0.4451079888174844
k_io,17,18,20.0,130.0,26604.457098850064,33.328978362739306,7.0,25.0,7500.0,0.4703640050033143
k_io,17,18,20.0,130.0,26604.457098850064,33.328978362739306,7.0,25.0,8000.0,0.44147385391749533
k_io,17,18,20.0,130.0,26604.457098850064,33.328978362739306,7.0,25.0,8500.0,0.3127980854125739
k_io,17,18,20.0,130.0,26604.457098850064,33.328978362739306,7.0,25.0,9000.0,0.11123154382706707
k_io,17,18,20.0,130.0,26604.457098850064,33.328978362739306,7.0,25.0,9500.0,-0.10559886220735402
k_io,17,18,20.0,130.0,26604.457098850064,33.328978362739306,7.0,25.0,10000.0,-0.3028517074848788
k_io,17,18,20.0,130.0,26604.457098850064,33.328978362739306,7.0,25.0,10500.0,-0.4356377932751839
k_io,17,18,20.0,130.0,26604.457098850064,33.328978362739306,7.0,25.0,11000.0,-0.45359886949948786
k_io,17,18,20.0,130.0,26604.457098850064,33.328978362739306,7.0,25.0,11500.0,-0.357705211881979
k_io,17,18,20.0,130.0,26604.457098850064,33.328978362739306,7.0,25.0,12000.0,-0.19579872456986477
k_io,17,18,20.0,130.0,26604.457098850064,33.328978362739306,10.0,30.0,0.0,
k_io,17,18,20.0,130.0,26604.457098850064,33.328978362739306,10.0,30.0,500.0,0.6863376610152787
k_io,17,18,20.0,130.0,26604.457098850064,33.328978362739306,10.0,30.0,1000.0,0.8204518022862314
k_io,17,18,20.0,130.0,26604.457098850064,33.328978362739306,10.0,30.0,1500.0,0.6000858315128355
k_io,17,18,20.0,130.0,26604.457098850064,33.328978362739306,10.0,30.0,2000.0,0.5330232162615305
k_io,17,18,20.0,130.0,26604.457098850064,33.328978362739306,10.0,30.0,2500.0,0.7796664663315798
k_io,17,18,20.0,130.0,26604.457098850064,33.328978362739306,10.0,30.0,3000.0,0.9539303271259513
k_io,17,18,20.0,130.0,26604.457098850064,33.328978362739306,10.0,30.0,3500.0,0.8785519431539354
k_io,17,18,20.0,130.0,26604.457098850064,33.328978362739306,10.0,30.0,4000.0,0.5973231713148626
k_io,17,18,20.0,130.0,26604.457098850064,33.328978362739306,10.0,30.0,4500.0,0.26300642998874124
k_io,17,18,20.0,130.0,26604.457098850064,33.328978362739306,10.0,30.0,5000.0,0.04010011913013141
k_io,17,18,20.0,130.0,26604.457098850064,33.328978362739306,10.0,30.0,5500.0,-0.03998294095879254
k_io,17,18,20.0,130.0,26604.457098850064,33.328978362739306,10.0,30.0,6000.0,-0.0199234547353164
k_io,17,18,20.0,130.0,26604.457098850064,33.328978362739306,10.0,30.0,6500.0,0.05889638835968537
k_io,17,18,20.0,130.0,26604.457098850064,33.328978362739306,10.0,30.0,7000.0,0.16665422679085895
k_io,17,18,20.0,130.0,26604.457098850064,33.328978362739306,10.0,30.0,7500.0,0.23944584436253719
k_io,17,18,20.0,130.0,26604.457098850064,33.328978362739306,10.0,30.0,8000.0,0.2107349912501821
k_io,17,18,20.0,130.0,26604.457098850064,33.328978362739306,10.0,30.0,8500.0,0.09898071004961448
k_io,17,18,20.0,130.0,26604.457098850064,33.328978362739306,10.0,30.0,9000.0,-0.01669700716987238
k_io,17,18,20.0,130.0,26604.457098850064,33.328978362739306,10.0,30.0,9500.0,-0.08037630141201413
k_io,17,18,20.0,130.0,26604.457098850064,33.328978362739306,10.0,30.0,10000.0,-0.07318320315904099
k_io,17,18,20.0,130.0,26604.457098850064,33.328978362739306,10.0,30.0,10500.0,0.002078880854891959
k_io,17,18,20.0,130.0,26604.457098850064,33.328978362739306,10.0,30.0,11000.0,0.11541948995429895
k_io,17,18,20.0,130.0,26604.457098850064,33.328978362739306,10.0,30.0,11500.0,0.221214488655452
k_io,17,18,20.0,130.0,26604.457098850064,33.328978362739306,10.0,30.0,12000.0,0.29250105672098303
k_io,17,18,20.0,130.0,26604.457098850064,33.328978362739306,12.0,36.0,0.0,
k_io,17,18,20.0,130.0,26604.457098850064,33.328978362739306,12.0,36.0,500.0,0.32440702889122053
k_io,17,18,20.0,130.0,26604.457098850064,33.328978362739306,12.0,36.0,1000.0,0.3921788809422219
k_io,17,18,20.0,130.0,26604.457098850064,33.328978362739306,12.0,36.0,1500.0,0.5080615373107967
k_io,17,18,20.0,130.0,26604.457098850064,33.328978362739306,12.0,36.0,2000.0,0.5474793283535238
k_io,17,18,20.0,130.0,26604.457098850064,33.328978362739306,12.0,36.0,2500.0,0.47254369737234103
k_io,17,18,20.0,130.0,26604.457098850064,33.328978362739306,12.0,36.0,3000.0,0.3390743313071867
k_io,17,18,20.0,130.0,26604.457098850064,33.328978362739306,12.0,36.0,3500.0,0.2554376245264447
k_io,17,18,20.0,130.0,26604.457098850064,33.328978362739306,12.0,36.0,4000.0,0.32107963658550853
k_io,17,18,20.0,130.0,26604.457098850064,33.328978362739306,12.0,36.0,4500.0,0.46019819282309754
k_io,17,18,20.0,130.0,26604.457098850064,33.328978362739306,12.0,36.0,5000.0,0.5534460198531095
k_io,17,18,20.0,130.0,26604.457098850064,33.328978362739306,12.0,36.0,5500.0,0.5954660651681999
k_io,17,18,20.0,130.0,26604.457098850064,33.328978362739306,12.0,36.0,6000.0,0.6125456068670097
k_io,17,18,20.0,130.0,26604.457098850064,33.328978362739306,12.0,36.0,6500.0,0.6120090969763438
k_io,17,18,20.0,130.0,26604.457098850064,33.328978362739306,12.0,36.0,7000.0,0.5786525660948297
k_io,17,18,20.0,130.0,26604.457098850064,33.328978362739306,12.0,36.0,7500.0,0.4887472527135949
k_io,17,18,20.0,130.0,26604.457098850064,33.328978362739306,12.0,36.0,8000.0,0.351997108105647
k_io,17,18,20.0,130.0,26604.457098850064,33.328978362739306,12.0,36.0,8500.0,0.22037598660745153
k_io,17,18,20.0,130.0,26604.457098850064,33.328978362739306,12.0,36.0,9000.0,0.11902335083837116
k_io,17,18,20.0,130.0,26604.457098850064,33.328978362739306,12.0,36.0,9500.0,0.03058402845610518
k_io,17,18,20.0,130.0,26604.457098850064,33.328978362739306,12.0,36.0,10000.0,-0.06888484240255187
k_io,17,18,20.0,130.0,26604.457098850064,33.328978362739306,12.0,36.0,10500.0,-0.19428267315311157
k_io,17,18,20.0,130.0,26604.457098850064,33.328978362739306,12.0,36.0,11000.0,-0.34990240406456996
k_io,17,18,20.0,130.0,26604.457098850064,33.328978362739306,12.0,36.0,11500.0,-0.5264346217959355
k_io,17,18,20.0,130.0,26604.457098850064,33.328978362739306,12.0,36.0,12000.0,-0.6949039418221342
k_io,17,18,20.0,130.0,26604.457098850064,33.328978362739306,15.0,40.0,0.0,
k_io,17,18,20.0,130.0,26604.457098850064,33.328978362739306,15.0,40.0,500.0,0.5427254310405117
k_io,17,18,20.0,130.0,26604.457098850064,33.328978362739306,15.0,40.0,1000.0,0.41857042630051383
k_io,17,18,20.0,130.0,26604.457098850064,33.328978362739306,15.0,40.0,1500.0,0.36617970159177193
k_io,17,18,20.0,130.0,26604.457098850064,33.328978362739306,15.0,40.0,2000.0,0.5115398439487638
k_io,17,18,20.0,130.0,26604.457098850064,33.328978362739306,15.0,40.0,2500.0,0.7018126611143161
k_io,17,18,20.0,130.0,26604.457098850064,33.328978362739306,15.0,40.0,3000.0,0.8281472425291749
k_io,17,18,20.0,130.0,26604.457098850064,33.328978362739306,15.0,40.0,3500.0,0.8700758366196804
k_io,17,18,20.0,130.0,26604.457098850064,33.328978362739306,15.0,40.0,4000.0,0.8012031284738147
k_io,17,18,20.0,130.0,26604.457098850064,33.328978362739306,15.0,40.0,4500.0,0.6822434978900669
k_io,17,18,20.0,130.0,26604.457098850064,33.328978362739306,15.0,40.0,5000.0,0.6333104460063945
k_io,17,18,20.0,130.0,26604.457098850064,33.328978362739306,15.0,40.0,5500.0,0.666101168322155
k_io,17,18,20.0,130.0,26604.457098850064,33.328978362739306,15.0,40.0,6000.0,0.744992071539506
k_io,17,18,20.0,130.0,26604.457098850064,33.328978362739306,15.0,40.0,6500.0,0.8237622109232966
k_io,17,18,20.0,130.0,26604.457098850064,33.328978362739306,15.0,40.0,7000.0,0.8681847675418647
k_io,17,18,20.0,130.0,26604.457098850064,33.328978362739306,15.0,40.0,7500.0,0.8692889551546338
k_io,17,18,20.0,130.0,26604.457098850064,33.328978362739306,15.0,40.0,8000.0,0.8312705548119412
k_io,17,18,20.0,130.0,26604.457098850064,33.328978362739306,15.0,40.0,8500.0,0.7601836241358597
k_io,17,18,20.0,130.0,26604.457098850064,33.328978362739306,15.0,40.0,9000.0,0.6643817437453349
k_io,17,18,20.0,130.0,26604.457098850064,33.328978362739306,15.0,40.0,9500.0,0.558603292016365
k_io,17,18,20.0,130.0,26604.457098850064,33.328978362739306,15.0,40.0,10000.0,0.46090206906109593
k_io,17,18,20.0,130.0,26604.457098850064,33.328978362739306,15.0,40.0,10500.0,0.37960019658772787
k_io,17,18,20.0,130.0,26604.457098850064,33.328978362739306,15.0,40.0,11000.0,0.2858935608834951
k_io,17,18,20.0,130.0,26604.457098850064,33.328978362739306,15.0,40.0,11500.0,0.07356090452270075
k_io,17,18,20.0,130.0,26604.457098850064,33.328978362739306,15.0,40.0,12000.0,-0.11325325654626234
k_io,17,18,20.0,130.0,26604.457098850064,33.328978362739306,20.0,50.0,0.0,
k_io,17,18,20.0,130.0,26604.457098850064,33.328978362739306,20.0,50.0,500.0,0.7381956642675224
k_io,17,18,20.0,130.0,26604.457098850064,33.328978362739306,20.0,50.0,1000.0,0.5781686727187435
k_io,17,18,20.0,130.0,26604.457098850064,33.328978362739306,20.0,50.0,1500.0,0.32506216336459554
k_io,17,18,20.0,130.0,26604.457098850064,33.328978362739306,20.0,50.0,2000.0,-0.14457082387666997
k_io,17,18,20.0,130.0,26604.457098850064,33.328978362739306,20.0,50.0,2500.0,-0.6579314988076991
k_io,17,18,20.0,130.0,26604.457098850064,33.328978362739306,20.0,50.0,3000.0,-0.6088947621413727
k_io,17,18,20.0,130.0,26604.457098850064,33.328978362739306,20.0,50.0,3500.0,-0.21777389145777185
k_io,17,18,20.0,130.0,26604.457098850064,33.328978362739306,20.0,50.0,4000.0,0.08888662529324774
k_io,17,18,20.0,130.0,26604.457098850064,33.328978362739306,20.0,50.0,4500.0,0.24470095185016627
k_io,17,18,20.0,130.0,26604.457098850064,33.328978362739306,20.0,50.0,5000.0,0.3045798998233693
k_io,17,18,20.0,130.0,26604.457098850064,33.328978362739306,20.0,50.0,5500.0,0.32981709716580027
k_io,17,18,20.0,130.0,26604.457098850064,33.328978362739306,20.0,50.0,6000.0,0.33708772081411
k_io,17,18,20.0,130.0,26604.457098850064,33.328978362739306,20.0,50.0,6500.0,0.3009552674052642
k_io,17,18,20.0,130.0,26604.457098850064,33.328978362739306,20.0,50.0,7000.0,0.18931757036796146
k_io,17,18,20.0,130.0,26604.457098850064,33.328978362739306,20.0,50.0,7500.0,0.014969004320598955
k_io,17,18,20.0,130.0,26604.457098850064,33.328978362739306,20.0,50.0,8000.0,-0.17514926274677026
k_io,17,18,20.0,130.0,26604.457098850064,33.328978362739306,20.0,50.0,8500.0,-0.34714418773237915
k_io,17,18,20.0,130.0,26604.457098850064,33.328978362739306,20.0,50.0,9000.0,-0.4830948800525922
k_io,17,18,20.0,130.0,26604.457098850064,33.328978362739306,20.0,50.0,9500.0,-0.5710001132108836
k_io,17,18,20.0,130.0,26604.457098850064,33.328978362739306,20.0,50.0,10000.0,-0.5924842002020789
k_io,17,18,20.0,130.0,26604.457098850064,33.328978362739306,20.0,50.0,10500.0,-0.5020375125700873
k_io,17,18,20.0,130.0,26604.457098850064,33.328978362739306,20.0,50.0,11000.0,-0.25158257814216645
k_io,17,18,20.0,130.0,26604.457098850064,33.328978362739306,20.0,50.0,11500.0,0.07474095308235727
k_io,17,18,20.0,130.0,26604.457098850064,33.328978362739306,20.0,50.0,12000.0,0.3305240331637849
k_io,17,18,20.0,130.0,26604.457098850064,33.328978362739306,25.0,60.0,0.0,
k_io,17,18,20.0,130.0,26604.457098850064,33.328978362739306,25.0,60.0,500.0,0.7485470633191684
k_io,17,18,20.0,130.0,26604.457098850064,33.328978362739306,25.0,60.0,1000.0,0.6832387552573084
k_io,17,18,20.0,130.0,26604.457098850064,33.328978362739306,25.0,60.0,1500.0,0.31977727876402956
k_io,17,18,20.0,130.0,26604.457098850064,33.328978362739306,25.0,60.0,2000.0,-0.21797836764736223
k_io,17,18,20.0,130.0,26604.457098850064,33.328978362739306,25.0,60.0,2500.0,-0.5912107811316921
k_io,17,18,20.0,130.0,26604.457098850064,33.328978362739306,25.0,60.0,3000.0,-0.5408661061182989
k_io,17,18,20.0,130.0,26604.457098850064,33.328978362739306,25.0,60.0,3500.0,-0.3277929078674334
k_io,17,18,20.0,130.0,26604.457098850064,33.328978362739306,25.0,60.0,4000.0,-0.18252262944090497
k_io,17,18,20.0,130.0,26604.457098850064,33.328978362739306,25.0,60.0,4500.0,-0.13599105699585642
k_io,17,18,20.0,130.0,26604.457098850064,33.328978362739306,25.0,60.0,5000.0,-0.1505452744071915
k_io,17,18,20.0,130.0,26604.457098850064,33.328978362739306,25.0,60.0,5500.0,-0.1589384465640019
k_io,17,18,20.0,130.0,26604.457098850064,33.328978362739306,25.0,60.0,6000.0,-0.1006816906457417
k_io,17,18,20.0,130.0,26604.457098850064,33.328978362739306,25.0,60.0,6500.0,0.010907899400902461
k_io,17,18,20.0,130.0,26604.457098850064,33.328978362739306,25.0,60.0,7000.0,0.09610355930887748
k_io,17,18,20.0,130.0,26604.457098850064,33.328978362739306,25.0,60.0,7500.0,0.08787691975801254
k_io,17,18,20.0,130.0,26604.457098850064,33.328978362739306,25.0,60.0,8000.0,0.006154017288125054
k_io,17,18,20.0,130.0,26604.457098850064,33.328978362739306,25.0,60.0,8500.0,-0.0803656837874694
k_io,17,18,20.0,130.0,26604.457098850064,33.328978362739306,25.0,60.0,9000.0,-0.1371375969481102
k_io,17,18,20.0,130.0,26604.457098850064,33.328978362739306,25.0,60.0,9500.0,-0.16812514630108413
k_io,17,18,20.0,130.0,26604.457098850064,33.328978362739306,25.0,60.0,10000.0,-0.19414428943158113
k_io,17,18,20.0,130.0,26604.457098850064,33.328978362739306,25.0,60.0,10500.0,-0.2378427897292381
k_io,17,18,20.0,130.0,26604.457098850064,33.328978362739306,25.0,60.0,11000.0,-0.30895147017242275
k_io,17,18,20.0,130.0,26604.457098850064,33.328978362739306,25.0,60.0,11500.0,-0.38579261810361776
k_io,17,18,20.0,130.0,26604.457098850064,33.328978362739306,25.0,60.0,12000.0,-0.4076142588248976
k_io,17,18,20.0,130.0,26604.457098850064,33.328978362739306,30.0,80.0,0.0,
k_io,17,18,20.0,130.0,26604.457098850064,33.328978362739306,30.0,80.0,500.0,0.5514620725397101
k_io,17,18,20.0,130.0,26604.457098850064,33.328978362739306,30.0,80.0,1000.0,0.2267604474589111
k_io,17,18,20.0,130.0,26604.457098850064,33.328978362739306,30.0,80.0,1500.0,0.1816338918618976
k_io,17,18,20.0,130.0,26604.457098850064,33.328978362739306,30.0,80.0,2000.0,0.36188669641335014
k_io,17,18,20.0,130.0,26604.457098850064,33.328978362739306,30.0,80.0,2500.0,0.8505524611235095
k_io,17,18,20.0,130.0,26604.457098850064,33.328978362739306,30.0,80.0,3000.0,0.8341940515245406
k_io,17,18,20.0,130.0,26604.457098850064,33.328978362739306,30.0,80.0,3500.0,0.8337576586504287
k_io,17,18,20.0,130.0,26604.457098850064,33.328978362739306,30.0,80.0,4000.0,0.837024961378608
k_io,17,18,20.0,130.0,26604.457098850064,33.328978362739306,30.0,80.0,4500.0,0.8237305447416092
k_io,17,18,20.0,130.0,26604.457098850064,33.328978362739306,30.0,80.0,5000.0,0.7915202493147936
k_io,17,18,20.0,130.0,26604.457098850064,33.328978362739306,30.0,80.0,5500.0,0.7187519036556669
k_io,17,18,20.0,130.0,26604.457098850064,33.328978362739306,30.0,80.0,6000.0,0.5860734697072276
k_io,17,18,20.0,130.0,26604.457098850064,33.328978362739306,30.0,80.0,6500.0,0.4640186672851661
k_io,17,18,20.0,130.0,26604.457098850064,33.328978362739306,30.0,80.0,7000.0,0.4020174497955659
k_io,17,18,20.0,130.0,26604.457098850064,33.328978362739306,30.0,80.0,7500.0,0.37231395235589904
k_io,17,18,20.0,130.0,26604.457098850064,33.328978362739306,30.0,80.0,8000.0,0.34504481205725795
k_io,17,18,20.0,130.0,26604.457098850064,33.328978362739306,30.0,80.0,8500.0,0.3087221982727741
k_io,17,18,20.0,130.0,26604.457098850064,33.328978362739306,30.0,80.0,9000.0,0.2633665098557187
k_io,17,18,20.0,130.0,26604.457098850064,33.328978362739306,30.0,80.0,9500.0,0.21486424476022942
k_io,17,18,20.0,130.0,26604.457098850064,33.328978362739306,30.0,80.0,10000.0,0.1721593129396191
k_io,17,18,20.0,130.0,26604.457098850064,33.328978362739306,30.0,80.0,10500.0,0.144368595233615
k_io,17,18,20.0,130.0,26604.457098850064,33.328978362739306,30.0,80.0,11000.0,0.13524181374917504
k_io,17,18,20.0,130.0,26604.457098850064,33.328978362739306,30.0,80.0,11500.0,0.1370027712274895
k_io,17,18,20.0,130.0,26604.457098850064,33.328978362739306,30.0,80.0,12000.0,0.1348795498801093
k_io,22,23,0.0,20.0,71535.22183749687,13.50608274053837,5.0,15.0,0.0,
k_io,22,23,0.0,20.0,71535.22183749687,13.50608274053837,5.0,15.0,500.0,0.9439368081561436
k_io,22,23,0.0,20.0,71535.22183749687,13.50608274053837,5.0,15.0,1000.0,0.9658296429664005
k_io,22,23,0.0,20.0,71535.22183749687,13.50608274053837,5.0,15.0,1500.0,0.8913169695516119
k_io,22,23,0.0,20.0,71535.22183749687,13.50608274053837,5.0,15.0,2000.0,0.8601701898775276
k_io,22,23,0.0,20.0,71535.22183749687,13.50608274053837,5.0,15.0,2500.0,0.8606309882478463
k_io,22,23,0.0,20.0,71535.22183749687,13.50608274053837,5.0,15.0,3000.0,0.8590741175765166
k_io,22,23,0.0,20.0,71535.22183749687,13.50608274053837,5.0,15.0,3500.0,0.84944120294838
k_io,22,23,0.0,20.0,71535.22183749687,13.50608274053837,5.0,15.0,4000.0,0.8413618060877746
k_io,22,23,0.0,20.0,71535.22183749687,13.50608274053837,5.0,15.0,4500.0,0.8503939115815602
k_io,22,23,0.0,20.0,71535.22183749687,13.50608274053837,5.0,15.0,5000.0,0.8605349917957719
k_io,22,23,0.0,20.0,71535.22183749687,13.50608274053837,5.0,15.0,5500.0,0.8688412994636432
k_io,22,23,0.0,20.0,71535.22183749687,13.50608274053837,5.0,15.0,6000.0,0.8775176272283322
k_io,22,23,0.0,20.0,71535.22183749687,13.50608274053837,5.0,15.0,6500.0,0.8841798023118037
k_io,22,23,0.0,20.0,71535.22183749687,13.50608274053837,5.0,15.0,7000.0,0.8807356063142393
k_io,22,23,0.0,20.0,71535.22183749687,13.50608274053837,5.0,15.0,7500.0,0.850790046911277
k_io,22,23,0.0,20.0,71535.22183749687,13.50608274053837,5.0,15.0,8000.0,0.7788712082777567
k_io,22,23,0.0,20.0,71535.22183749687,13.50608274053837,5.0,15.0,8500.0,0.6768862206795233
k_io,22,23,0.0,20.0,71535.22183749687,13.50608274053837,5.0,15.0,9000.0,0.5809387057831437
k_io,22,23,0.0,20.0,71535.22183749687,13.50608274053837,5.0,15.0,9500.0,0.5151988331803438
k_io,22,23,0.0,20.0,71535.22183749687,13.50608274053837,5.0,15.0,10000.0,0.49097782627822983
k_io,22,23,0.0,20.0,71535.22183749687,13.50608274053837,5.0,15.0,10500.0,0.5179636284364267
k_io,22,23,0.0,20.0,71535.22183749687,13.50608274053837,5.0,15.0,11000.0,0.5899567182875196
k_io,22,23,0.0,20.0,71535.22183749687,13.50608274053837,5.0,15.0,11500.0,0.6784988303438646
k_io,22,23,0.0,20.0,71535.22183749687,13.50608274053837,5.0,15.0,12000.0,0.7540226992897413
k_io,22,23,0.0,20.0,71535.22183749687,13.50608274053837,7.0,25.0,0.0,
k_io,22,23,0.0,20.0,71535.22183749687,13.50608274053837,7.0,25.0,500.0,0.8282854400561022
k_io,22,23,0.0,20.0,71535.22183749687,13.50608274053837,7.0,25.0,1000.0,0.9441686793071498
k_io,22,23,0.0,20.0,71535.22183749687,13.50608274053837,7.0,25.0,1500.0,0.9587536794549001
k_io,22,23,0.0,20.0,71535.22183749687,13.50608274053837,7.0,25.0,2000.0,0.917735445777935
k_io,22,23,0.0,20.0,71535.22183749687,13.50608274053837,7.0,25.0,2500.0,0.8529053427413992
k_io,22,23,0.0,20.0,71535.22183749687,13.50608274053837,7.0,25.0,3000.0,0.7834063817078465
k_io,22,23,0.0,20.0,71535.22183749687,13.50608274053837,7.0,25.0,3500.0,0.7196599598814658
k_io,22,23,0.0,20.0,71535.22183749687,13.50608274053837,7.0,25.0,4000.0,0.6737118911637372
k_io,22,23,0.0,20.0,71535.22183749687,13.50608274053837,7.0,25.0,4500.0,0.6619021924908356
k_io,22,23,0.0,20.0,71535.22183749687,13.50608274053837,7.0,25.0,5000.0,0.6785771563997436
k_io,22,23,0.0,20.0,71535.22183749687,13.50608274053837,7.0,25.0,5500.0,0.6935631881625712
k_io,22,23,0.0,20.0,71535.22183749687,13.50608274053837,7.0,25.0,6000.0,0.6948897803853719
k_io,22,23,0.0,20.0,71535.22183749687,13.50608274053837,7.0,25.0,6500.0,0.6927000815848805
k_io,22,23,0.0,20.0,71535.22183749687,13.50608274053837,7.0,25.0,7000.0,0.6981669490371091
k_io,22,23,0.0,20.0,71535.22183749687,13.50608274053837,7.0,25.0,7500.0,0.7171225548545399
k_io,22,23,0.0,20.0,71535.22183749687,13.50608274053837,7.0,25.0,8000.0,0.7511477761756699
k_io,22,23,0.0,20.0,71535.22183749687,13.50608274053837,7.0,25.0,8500.0,0.7968252950690802
k_io,22,23,0.0,20.0,71535.22183749687,13.50608274053837,7.0,25.0,9000.0,0.8426645945397949
k_io,22,23,0.0,20.0,71535.22183749687,13.50608274053837,7.0,25.0,9500.0,0.8699689606804114
k_io,22,23,0.0,20.0,71535.22183749687,13.50608274053837,7.0,25.0,10000.0,0.864749331278148
k_io,22,23,0.0,20.0,71535.22183749687,13.50608274053837,7.0,25.0,10500.0,0.830143419832483
k_io,22,23,0.0,20.0,71535.22183749687,13.50608274053837,7.0,25.0,11000.0,0.7820646308425955
k_io,22,23,0.0,20.0,71535.22183749687,13.50608274053837,7.0,25.0,11500.0,0.7368624464982702
k_io,22,23,0.0,20.0,71535.22183749687,13.50608274053837,7.0,25.0,12000.0,0.7051491445761162
k_io,22,23,0.0,20.0,71535.22183749687,13.50608274053837,10.0,30.0,0.0,
k_io,22,23,0.0,20.0,71535.22183749687,13.50608274053837,10.0,30.0,500.0,0.7868315037862279
k_io,22,23,0.0,20.0,71535.22183749687,13.50608274053837,10.0,30.0,1000.0,0.8222832395755376
k_io,22,23,0.0,20.0,71535.22183749687,13.50608274053837,10.0,30.0,1500.0,0.8565784548072473
k_io,22,23,0.0,20.0,71535.22183749687,13.50608274053837,10.0,30.0,2000.0,0.899237614028373
k_io,22,23,0.0,20.0,71535.22183749687,13.50608274053837,10.0,30.0,2500.0,0.9249773797883482
k_io,22,23,0.0,20.0,71535.22183749687,13.50608274053837,10.0,30.0,3000.0,0.8818908007994609
k_io,22,23,0.0,20.0,71535.22183749687,13.50608274053837,10.0,30.0,3500.0,0.6784254953109154
k_io,22,23,0.0,20.0,71535.22183749687,13.50608274053837,10.0,30.0,4000.0,0.4456375436906807
k_io,22,23,0.0,20.0,71535.22183749687,13.50608274053837,10.0,30.0,4500.0,0.443272829613296
k_io,22,23,0.0,20.0,71535.22183749687,13.50608274053837,10.0,30.0,5000.0,0.6273756003026582
k_io,22,23,0.0,20.0,71535.22183749687,13.50608274053837,10.0,30.0,5500.0,0.7713300082671393
k_io,22,23,0.0,20.0,71535.22183749687,13.50608274053837,10.0,30.0,6000.0,0.8207355305186136
k_io,22,23,0.0,20.0,71535.22183749687,13.50608274053837,10.0,30.0,6500.0,0.8253580321537173
k_io,22,23,0.0,20.0,71535.22183749687,13.50608274053837,10.0,30.0,7000.0,0.8189628948900629
k_io,22,23,0.0,20.0,71535.22183749687,13.50608274053837,10.0,30.0,7500.0,0.8203794052333503
k_io,22,23,0.0,20.0,71535.22183749687,13.50608274053837,10.0,30.0,8000.0,0.8392165761747468
k_io,22,23,0.0,20.0,71535.22183749687,13.50608274053837,10.0,30.0,8500.0,0.8754589041989654
k_io,22,23,0.0,20.0,71535.22183749687,13.50608274053837,10.0,30.0,9000.0,0.9188460032482437
k_io,22,23,0.0,20.0,71535.22183749687,13.50608274053837,10.0,30.0,9500.0,0.9514283445461416
k_io,22,23,0.0,20.0,71535.22183749687,13.50608274053837,10.0,30.0,10000.0,0.9547756702864413
k_io,22,23,0.0,20.0,71535.22183749687,13.50608274053837,10.0,30.0,10500.0,0.9198550303716679
k_io,22,23,0.0,20.0,71535.22183749687,13.50608274053837,10.0,30.0,11000.0,0.8535139930706453
k_io,22,23,0.0,20.0,71535.22183749687,13.50608274053837,10.0,30.0,11500.0,0.7759284778762016
k_io,22,23,0.0,20.0,71535.22183749687,13.50608274053837,10.0,30.0,12000.0,0.7103952502814419
k_io,22,23,0.0,20.0,71535.22183749687,13.50608274053837,12.0,36.0,0.0,
k_io,22,23,0.0,20.0,71535.22183749687,13.50608274053837,12.0,36.0,500.0,0.7892249828421308
k_io,22,23,0.0,20.0,71535.22183749687,13.50608274053837,12.0,36.0,1000.0,0.8645914635577523
k_io,22,23,0.0,20.0,71535.22183749687,13.50608274053837,12.0,36.0,1500.0,0.8887858562944032
k_io,22,23,0.0,20.0,71535.22183749687,13.50608274053837,12.0,36.0,2000.0,0.8848981863162272
k_io,22,23,0.0,20.0,71535.22183749687,13.50608274053837,12.0,36.0,2500.0,0.8590002460296902
k_io,22,23,0.0,20.0,71535.22183749687,13.50608274053837,12.0,36.0,3000.0,0.8387804883530113
k_io,22,23,0.0,20.0,71535.22183749687,13.50608274053837,12.0,36.0,3500.0,0.8469516470414695
k_io,22,23,0.0,20.0,71535.22183749687,13.50608274053837,12.0,36.0,4000.0,0.88186498039258
k_io,22,23,0.0,20.0,71535.22183749687,13.50608274053837,12.0,36.0,4500.0,0.9225769815558439
k_io,22,23,0.0,20.0,71535.22183749687,13.50608274053837,12.0,36.0,5000.0,0.9310938423338941
k_io,22,23,0.0,20.0,71535.22183749687,13.50608274053837,12.0,36.0,5500.0,0.8621677365793672
k_io,22,23,0.0,20.0,71535.22183749687,13.50608274053837,12.0,36.0,6000.0,0.7027504191981486
k_io,22,23,0.0,20.0,71535.22183749687,13.50608274053837,12.0,36.0,6500.0,0.49922180525664633
k_io,22,23,0.0,20.0,71535.22183749687,13.50608274053837,12.0,36.0,7000.0,0.31165710949328257
k_io,22,23,0.0,20.0,71535.22183749687,13.50608274053837,12.0,36.0,7500.0,0.16784454034238191
k_io,22,23,0.0,20.0,71535.22183749687,13.50608274053837,12.0,36.0,8000.0,0.06802461227142587
k_io,22,23,0.0,20.0,71535.22183749687,13.50608274053837,12.0,36.0,8500.0,0.0025606230041975903
k_io,22,23,0.0,20.0,71535.22183749687,13.50608274053837,12.0,36.0,9000.0,-0.03786147664914198
k_io,22,23,0.0,20.0,71535.22183749687,13.50608274053837,12.0,36.0,9500.0,-0.05854803610572985
k_io,22,23,0.0,20.0,71535.22183749687,13.50608274053837,12.0,36.0,10000.0,-0.06106487724362947
k_io,22,23,0.0,20.0,71535.22183749687,13.50608274053837,12.0,36.0,10500.0,-0.04544248236974895
k_io,22,23,0.0,20.0,71535.22183749687,13.50608274053837,12.0,36.0,11000.0,-0.012698996811954778
k_io,22,23,0.0,20.0,71535.22183749687,13.50608274053837,12.0,36.0,11500.0,0.03356713371082373
k_io,22,23,0.0,20.0,71535.22183749687,13.50608274053837,12.0,36.0,12000.0,0.08723147071142771
k_io,22,23,0.0,20.0,71535.22183749687,13.50608274053837,15.0,40.0,0.0,
k_io,22,23,0.0,20.0,71535.22183749687,13.50608274053837,15.0,40.0,500.0,0.61183392359473
k_io,22,23,0.0,20.0,71535.22183749687,13.50608274053837,15.0,40.0,1000.0,0.7450852327266481
k_io,22,23,0.0,20.0,71535.22183749687,13.50608274053837,15.0,40.0,1500.0,0.797092869609966
k_io,22,23,0.0,20.0,71535.22183749687,13.50608274053837,15.0,40.0,2000.0,0.8312532263409987
k_io,22,23,0.0,20.0,71535.22183749687,13.50608274053837,15.0,40.0,2500.0,0.823692244400661
k_io,22,23,0.0,20.0,71535.22183749687,13.50608274053837,15.0,40.0,3000.0,0.7851855600482508
k_io,22,23,0.0,20.0,71535.22183749687,13.50608274053837,15.0,40.0,3500.0,0.7605219116353934
k_io,22,23,0.0,20.0,71535.22183749687,13.50608274053837,15.0,40.0,4000.0,0.7587466869878209
k_io,22,23,0.0,20.0,71535.22183749687,13.50608274053837,15.0,40.0,4500.0,0.7648219249414021
k_io,22,23,0.0,20.0,71535.22183749687,13.50608274053837,15.0,40.0,5000.0,0.7600788095342966
k_io,22,23,0.0,20.0,71535.22183749687,13.50608274053837,15.0,40.0,5500.0,0.735872150939267
k_io,22,23,0.0,20.0,71535.22183749687,13.50608274053837,15.0,40.0,6000.0,0.6950700670833201
k_io,22,23,0.0,20.0,71535.22183749687,13.50608274053837,15.0,40.0,6500.0,0.6422226654355152
k_io,22,23,0.0,20.0,71535.22183749687,13.50608274053837,15.0,40.0,7000.0,0.5777031201913105
k_io,22,23,0.0,20.0,71535.22183749687,13.50608274053837,15.0,40.0,7500.0,0.5022245438457791
k_io,22,23,0.0,20.0,71535.22183749687,13.50608274053837,15.0,40.0,8000.0,0.4240093210670109
k_io,22,23,0.0,20.0,71535.22183749687,13.50608274053837,15.0,40.0,8500.0,0.3581045858693638
k_io,22,23,0.0,20.0,71535.22183749687,13.50608274053837,15.0,40.0,9000.0,0.3180893576320299
k_io,22,23,0.0,20.0,71535.22183749687,13.50608274053837,15.0,40.0,9500.0,0.30998739932371433
k_io,22,23,0.0,20.0,71535.22183749687,13.50608274053837,15.0,40.0,10000.0,0.33214848333805347
k_io,22,23,0.0,20.0,71535.22183749687,13.50608274053837,15.0,40.0,10500.0,0.3776405111238589
k_io,22,23,0.0,20.0,71535.22183749687,13.50608274053837,15.0,40.0,11000.0,0.4364371497468071
k_io,22,23,0.0,20.0,71535.22183749687,13.50608274053837,15.0,40.0,11500.0,0.4972178399925322
k_io,22,23,0.0,20.0,71535.22183749687,13.50608274053837,15.0,40.0,12000.0,0.5492530319610275
k_io,22,23,0.0,20.0,71535.22183749687,13.50608274053837,20.0,50.0,0.0,
k_io,22,23,0.0,20.0,71535.22183749687,13.50608274053837,20.0,50.0,500.0,0.5541261772413607
k_io,22,23,0.0,20.0,71535.22183749687,13.50608274053837,20.0,50.0,1000.0,0.8624047740275305
k_io,22,23,0.0,20.0,71535.22183749687,13.50608274053837,20.0,50.0,1500.0,0.9093497470076913
k_io,22,23,0.0,20.0,71535.22183749687,13.50608274053837,20.0,50.0,2000.0,0.8573180977956477
k_io,22,23,0.0,20.0,71535.22183749687,13.50608274053837,20.0,50.0,2500.0,0.7478956160681063
k_io,22,23,0.0,20.0,71535.22183749687,13.50608274053837,20.0,50.0,3000.0,0.6196776901750117
k_io,22,23,0.0,20.0,71535.22183749687,13.50608274053837,20.0,50.0,3500.0,0.5065882901603268
k_io,22,23,0.0,20.0,71535.22183749687,13.50608274053837,20.0,50.0,4000.0,0.41472279917256644
k_io,22,23,0.0,20.0,71535.22183749687,13.50608274053837,20.0,50.0,4500.0,0.3371797981343306
k_io,22,23,0.0,20.0,71535.22183749687,13.50608274053837,20.0,50.0,5000.0,0.27211744757868106
k_io,22,23,0.0,20.0,71535.22183749687,13.50608274053837,20.0,50.0,5500.0,0.22357857516979582
k_io,22,23,0.0,20.0,71535.22183749687,13.50608274053837,20.0,50.0,6000.0,0.1954857358446333
k_io,22,23,0.0,20.0,71535.22183749687,13.50608274053837,20.0,50.0,6500.0,0.18950480203645942
k_io,22,23,0.0,20.0,71535.22183749687,13.50608274053837,20.0,50.0,7000.0,0.20575228743393825
k_io,22,23,0.0,20.0,71535.22183749687,13.50608274053837,20.0,50.0,7500.0,0.2432026880243445
k_io,22,23,0.0,20.0,71535.22183749687,13.50608274053837,20.0,50.0,8000.0,0.2991234409796925
k_io,22,23,0.0,20.0,71535.22183749687,13.50608274053837,20.0,50.0,8500.0,0.36827553876648284
k_io,22,23,0.0,20.0,71535.22183749687,13.50608274053837,20.0,50.0,9000.0,0.4429966203526557
k_io,22,23,0.0,20.0,71535.22183749687,13.50608274053837,20.0,50.0,9500.0,0.514615160340646
k_io,22,23,0.0,20.0,71535.22183749687,13.50608274053837,20.0,50.0,10000.0,0.5753230228279452
k_io,22,23,0.0,20.0,71535.22183749687,13.50608274053837,20.0,50.0,10500.0,0.6192103841473487
k_io,22,23,0.0,20.0,71535.22183749687,13.50608274053837,20.0,50.0,11000.0,0.6420733284119295
k_io,22,23,0.0,20.0,71535.22183749687,13.50608274053837,20.0,50.0,11500.0,0.6405788842964265
k_io,22,23,0.0,20.0,71535.22183749687,13.50608274053837,20.0,50.0,12000.0,0.611669794476707
k_io,22,23,0.0,20.0,71535.22183749687,13.50608274053837,25.0,60.0,0.0,
k_io,22,23,0.0,20.0,71535.22183749687,13.50608274053837,25.0,60.0,500.0,0.553718185879374
k_io,22,23,0.0,20.0,71535.22183749687,13.50608274053837,25.0,60.0,1000.0,0.6449507539833343
k_io,22,23,0.0,20.0,71535.22183749687,13.50608274053837,25.0,60.0,1500.0,0.7153432386868529
k_io,22,23,0.0,20.0,71535.22183749687,13.50608274053837,25.0,60.0,2000.0,0.7792966546597251
k_io,22,23,0.0,20.0,71535.22183749687,13.50608274053837,25.0,60.0,2500.0,0.8353051990178944
k_io,22,23,0.0,20.0,71535.22183749687,13.50608274053837,25.0,60.0,3000.0,0.8101991827997508
k_io,22,23,0.0,20.0,71535.22183749687,13.50608274053837,25.0,60.0,3500.0,0.614121203991885
k_io,22,23,0.0,20.0,71535.22183749687,13.50608274053837,25.0,60.0,4000.0,0.3377725404976004
k_io,22,23,0.0,20.0,71535.22183749687,13.50608274053837,25.0,60.0,4500.0,0.09282520185585247
k_io,22,23,0.0,20.0,71535.22183749687,13.50608274053837,25.0,60.0,5000.0,-0.09430798335461567
k_io,22,23,0.0,20.0,71535.22183749687,13.50608274053837,25.0,60.0,5500.0,-0.2255099107833313
k_io,22,23,0.0,20.0,71535.22183749687,13.50608274053837,25.0,60.0,6000.0,-0.31078437971112965
k_io,22,23,0.0,20.0,71535.22183749687,13.50608274053837,25.0,60.0,6500.0,-0.3626552848307561
k_io,22,23,0.0,20.0,71535.22183749687,13.50608274053837,25.0,60.0,7000.0,-0.3912522207904519
k_io,22,23,0.0,20.0,71535.22183749687,13.50608274053837,25.0,60.0,7500.0,-0.40115906993806083
k_io,22,23,0.0,20.0,71535.22183749687,13.50608274053837,25.0,60.0,8000.0,-0.3896576307312989
k_io,22,23,0.0,20.0,71535.22183749687,13.50608274053837,25.0,60.0,8500.0,-0.34606413448863094
k_io,22,23,0.0,20.0,71535.22183749687,13.50608274053837,25.0,60.0,9000.0,-0.2531450703113446
k_io,22,23,0.0,20.0,71535.22183749687,13.50608274053837,25.0,60.0,9500.0,-0.09408009886120598
k_io,22,23,0.0,20.0,71535.22183749687,13.50608274053837,25.0,60.0,10000.0,0.12605338643011713
k_io,22,23,0.0,20.0,71535.22183749687,13.50608274053837,25.0,60.0,10500.0,0.35230476763981305
k_io,22,23,0.0,20.0,71535.22183749687,13.50608274053837,25.0,60.0,11000.0,0.5147325845528271
k_io,22,23,0.0,20.0,71535.22183749687,13.50608274053837,25.0,60.0,11500.0,0.6004237308875218
k_io,22,23,0.0,20.0,71535.22183749687,13.50608274053837,25.0,60.0,12000.0,0.637071167122129
k_io,22,23,0.0,20.0,71535.22183749687,13.50608274053837,30.0,80.0,0.0,
k_io,22,23,0.0,20.0,71535.22183749687,13.50608274053837,30.0,80.0,500.0,0.4647507900333022
k_io,22,23,0.0,20.0,71535.22183749687,13.50608274053837,30.0,80.0,1000.0,0.3664714986526599
k_io,22,23,0.0,20.0,71535.22183749687,13.50608274053837,30.0,80.0,1500.0,0.22780206028327313
k_io,22,23,0.0,20.0,71535.22183749687,13.50608274053837,30.0,80.0,2000.0,0.030150662815134243
k_io,22,23,0.0,20.0,71535.22183749687,13.50608274053837,30.0,80.0,2500.0,-0.1386724045861793
k_io,22,23,0.0,20.0,71535.22183749687,13.50608274053837,30.0,80.0,3000.0,-0.20568715202039564
k_io,22,23,0.0,20.0,71535.22183749687,13.50608274053837,30.0,80.0,3500.0,-0.17456927108456455
k_io,22,23,0.0,20.0,71535.22183749687,13.50608274053837,30.0,80.0,4000.0,-0.038874892574214906
k_io,22,23,0.0,20.0,71535.22183749687,13.50608274053837,30.0,80.0,4500.0,0.20376576149477613
k_io,22,23,0.0,20.0,71535.22183749687,13.50608274053837,30.0,80.0,5000.0,0.492318993619412
k_io,22,23,0.0,20.0,71535.22183749687,13.50608274053837,30.0,80.0,5500.0,0.7259490674841913
k_io,22,23,0.0,20.0,71535.22183749687,13.50608274053837,30.0,80.0,6000.0,0.8493726916845743
k_io,22,23,0.0,20.0,71535.22183749687,13.50608274053837,30.0,80.0,6500.0,0.8652475989984999
k_io,22,23,0.0,20.0,71535.22183749687,13.50608274053837,30.0,80.0,7000.0,0.8147543680399089
k_io,22,23,0.0,20.0,71535.22183749687,13.50608274053837,30.0,80.0,7500.0,0.7472131325476555
k_io,22,23,0.0,20.0,71535.22183749687,13.50608274053837,30.0,80.0,8000.0,0.6904399898922203
k_io,22,23,0.0,20.0,71535.22183749687,13.50608274053837,30.0,80.0,8500.0,0.6495039717186312
k_io,22,23,0.0,20.0,71535.22183749687,13.50608274053837,30.0,80.0,9000.0,0.6198810209811481
k_io,22,23,0.0,20.0,71535.22183749687,13.50608274053837,30.0,80.0,9500.0,0.5970910368501048
k_io,22,23,0.0,20.0,71535.22183749687,13.50608274053837,30.0,80.0,10000.0,0.5796373320790523
k_io,22,23,0.0,20.0,71535.22183749687,13.50608274053837,30.0,80.0,10500.0,0.5680646486618257
k_io,22,23,0.0,20.0,71535.22183749687,13.50608274053837,30.0,80.0,11000.0,0.5626096899204367
k_io,22,23,0.0,20.0,71535.22183749687,13.50608274053837,30.0,80.0,11500.0,0.5600348446046752
k_io,22,23,0.0,20.0,71535.22183749687,13.50608274053837,30.0,80.0,12000.0,0.5505142098187596
k_io,23,24,20.0,130.0,71535.22183749687,13.50608274053837,5.0,15.0,0.0,
k_io,23,24,20.0,130.0,71535.22183749687,13.50608274053837,5.0,15.0,500.0,0.8459353126653
k_io,23,24,20.0,130.0,71535.22183749687,13.50608274053837,5.0,15.0,1000.0,0.534035078631898
k_io,23,24,20.0,130.0,71535.22183749687,13.50608274053837,5.0,15.0,1500.0,0.3289688406321104
k_io,23,24,20.0,130.0,71535.22183749687,13.50608274053837,5.0,15.0,2000.0,0.4154724562060599
k_io,23,24,20.0,130.0,71535.22183749687,13.50608274053837,5.0,15.0,2500.0,0.5404853587109878
k_io,23,24,20.0,130.0,71535.22183749687,13.50608274053837,5.0,15.0,3000.0,0.5734942151490984
k_io,23,24,20.0,130.0,71535.22183749687,13.50608274053837,5.0,15.0,3500.0,0.5480856655822797
k_io,23,24,20.0,130.0,71535.22183749687,13.50608274053837,5.0,15.0,4000.0,0.5471697853627489
k_io,23,24,20.0,130.0,71535.22183749687,13.50608274053837,5.0,15.0,4500.0,0.6173396298847031
k_io,23,24,20.0,130.0,71535.22183749687,13.50608274053837,5.0,15.0,5000.0,0.6915912027874519
k_io,23,24,20.0,130.0,71535.22183749687,13.50608274053837,5.0,15.0,5500.0,0.7336831288752319
k_io,23,24,20.0,130.0,71535.22183749687,13.50608274053837,5.0,15.0,6000.0,0.7538403843113813
k_io,23,24,20.0,130.0,71535.22183749687,13.50608274053837,5.0,15.0,6500.0,0.7657680690832104
k_io,23,24,20.0,130.0,71535.22183749687,13.50608274053837,5.0,15.0,7000.0,0.7792644039626598
k_io,23,24,20.0,130.0,71535.22183749687,13.50608274053837,5.0,15.0,7500.0,0.7976577621265161
k_io,23,24,20.0,130.0,71535.22183749687,13.50608274053837,5.0,15.0,8000.0,0.813234971516824
k_io,23,24,20.0,130.0,71535.22183749687,13.50608274053837,5.0,15.0,8500.0,0.8099937145883054
k_io,23,24,20.0,130.0,71535.22183749687,13.50608274053837,5.0,15.0,9000.0,0.7655176698187659
k_io,23,24,20.0,130.0,71535.22183749687,13.50608274053837,5.0,15.0,9500.0,0.650819822430864
k_io,23,24,20.0,130.0,71535.22183749687,13.50608274053837,5.0,15.0,10000.0,0.46773911680069413
k_io,23,24,20.0,130.0,71535.22183749687,13.50608274053837,5.0,15.0,10500.0,0.2549101974392302
k_io,23,24,20.0,130.0,71535.22183749687,13.50608274053837,5.0,15.0,11000.0,0.04647912948257862
k_io,23,24,20.0,130.0,71535.22183749687,13.50608274053837,5.0,15.0,11500.0,-0.12855375137022693
k_io,23,24,20.0,130.0,71535.22183749687,13.50608274053837,5.0,15.0,12000.0,-0.24753978946866517
k_io,23,24,20.0,130.0,71535.22183749687,13.50608274053837,7.0,25.0,0.0,
k_io,23,24,20.0,130.0,71535.22183749687,13.50608274053837,7.0,25.0,500.0,-0.40690647181226475
k_io,23,24,20.0,130.0,71535.22183749687,13.50608274053837,7.0,25.0,1000.0,-0.183487619582552
k_io,23,24,20.0,130.0,71535.22183749687,13.50608274053837,7.0,25.0,1500.0,0.1920063446438481
k_io,23,24,20.0,130.0,71535.22183749687,13.50608274053837,7.0,25.0,2000.0,0.31927813251537907
k_io,23,24,20.0,130.0,71535.22183749687,13.50608274053837,7.0,25.0,2500.0,0.33810363573034347
k_io,23,24,20.0,130.0,71535.22183749687,13.50608274053837,7.0,25.0,3000.0,0.39512028623001766
k_io,23,24,20.0,130.0,71535.22183749687,13.50608274053837,7.0,25.0,3500.0,0.4665852568657693
k_io,23,24,20.0,130.0,71535.22183749687,13.50608274053837,7.0,25.0,4000.0,0.48063166439608884
k_io,23,24,20.0,130.0,71535.22183749687,13.50608274053837,7.0,25.0,4500.0,0.45726739406934047
k_io,23,24,20.0,130.0,71535.22183749687,13.50608274053837,7.0,25.0,5000.0,0.48465342228095226
k_io,23,24,20.0,130.0,71535.22183749687,13.50608274053837,7.0,25.0,5500.0,0.5851074998413768
k_io,23,24,20.0,130.0,71535.22183749687,13.50608274053837,7.0,25.0,6000.0,0.7046301753689187
k_io,23,24,20.0,130.0,71535.22183749687,13.50608274053837,7.0,25.0,6500.0,0.780259694699601
k_io,23,24,20.0,130.0,71535.22183749687,13.50608274053837,7.0,25.0,7000.0,0.7747798086035644
k_io,23,24,20.0,130.0,71535.22183749687,13.50608274053837,7.0,25.0,7500.0,0.6901941772792108
k_io,23,24,20.0,130.0,71535.22183749687,13.50608274053837,7.0,25.0,8000.0,0.5653326124719938
k_io,23,24,20.0,130.0,71535.22183749687,13.50608274053837,7.0,25.0,8500.0,0.4451304848313528
k_io,23,24,20.0,130.0,71535.22183749687,13.50608274053837,7.0,25.0,9000.0,0.3571369464049002
k_io,23,24,20.0,130.0,71535.22183749687,13.50608274053837,7.0,25.0,9500.0,0.3135130510050912
k_io,23,24,20.0,130.0,71535.22183749687,13.50608274053837,7.0,25.0,10000.0,0.3168461012010437
k_io,23,24,20.0,130.0,71535.22183749687,13.50608274053837,7.0,25.0,10500.0,0.35931233428287207
k_io,23,24,20.0,130.0,71535.22183749687,13.50608274053837,7.0,25.0,11000.0,0.4236833380873349
k_io,23,24,20.0,130.0,71535.22183749687,13.50608274053837,7.0,25.0,11500.0,0.4895263346335451
k_io,23,24,20.0,130.0,71535.22183749687,13.50608274053837,7.0,25.0,12000.0,0.5400402654376564
k_io,23,24,20.0,130.0,71535.22183749687,13.50608274053837,10.0,30.0,0.0,
k_io,23,24,20.0,130.0,71535.22183749687,13.50608274053837,10.0,30.0,500.0,-0.2385884993702855
k_io,23,24,20.0,130.0,71535.22183749687,13.50608274053837,10.0,30.0,1000.0,-0.4638626969700264
k_io,23,24,20.0,130.0,71535.22183749687,13.50608274053837,10.0,30.0,1500.0,-0.6856429124806495
k_io,23,24,20.0,130.0,71535.22183749687,13.50608274053837,10.0,30.0,2000.0,-0.4854282075162634
k_io,23,24,20.0,130.0,71535.22183749687,13.50608274053837,10.0,30.0,2500.0,0.0756356213969588
k_io,23,24,20.0,130.0,71535.22183749687,13.50608274053837,10.0,30.0,3000.0,0.40234439871842886
k_io,23,24,20.0,130.0,71535.22183749687,13.50608274053837,10.0,30.0,3500.0,0.4106788158550536
k_io,23,24,20.0,130.0,71535.22183749687,13.50608274053837,10.0,30.0,4000.0,0.1517319991818946
k_io,23,24,20.0,130.0,71535.22183749687,13.50608274053837,10.0,30.0,4500.0,-0.12304687275385165
k_io,23,24,20.0,130.0,71535.22183749687,13.50608274053837,10.0,30.0,5000.0,-0.328255061105441
k_io,23,24,20.0,130.0,71535.22183749687,13.50608274053837,10.0,30.0,5500.0,-0.47259342287868233
k_io,23,24,20.0,130.0,71535.22183749687,13.50608274053837,10.0,30.0,6000.0,-0.5710756980566716
k_io,23,24,20.0,130.0,71535.22183749687,13.50608274053837,10.0,30.0,6500.0,-0.6351514004272885
k_io,23,24,20.0,130.0,71535.22183749687,13.50608274053837,10.0,30.0,7000.0,-0.6700950295947502
k_io,23,24,20.0,130.0,71535.22183749687,13.50608274053837,10.0,30.0,7500.0,-0.6741750912977877
k_io,23,24,20.0,130.0,71535.22183749687,13.50608274053837,10.0,30.0,8000.0,-0.6416164499537601
k_io,23,24,20.0,130.0,71535.22183749687,13.50608274053837,10.0,30.0,8500.0,-0.5641659269303169
k_io,23,24,20.0,130.0,71535.22183749687,13.50608274053837,10.0,30.0,9000.0,-0.4325890680180977
k_io,23,24,20.0,130.0,71535.22183749687,13.50608274053837,10.0,30.0,9500.0,-0.24340972480950088
k_io,23,24,20.0,130.0,71535.22183749687,13.50608274053837,10.0,30.0,10000.0,-0.010220562333224345
k_io,23,24,20.0,130.0,71535.22183749687,13.50608274053837,10.0,30.0,10500.0,0.2308785351396929
k_io,23,24,20.0,130.0,71535.22183749687,13.50608274053837,10.0,30.0,11000.0,0.43585423729261247
k_io,23,24,20.0,130.0,71535.22183749687,13.50608274053837,10.0,30.0,11500.0,0.578209647276353
k_io,23,24,20.0,130.0,71535.22183749687,13.50608274053837,10.0,30.0,12000.0,0.6573422227796194
k_io,23,24,20.0,130.0,71535.22183749687,13.50608274053837,12.0,36.0,0.0,
k_io,23,24,20.0,130.0,71535.22183749687,13.50608274053837,12.0,36.0,500.0,-0.1971909966631371
k_io,23,24,20.0,130.0,71535.22183749687,13.50608274053837,12.0,36.0,1000.0,-0.4074867363180257
k_io,23,24,20.0,130.0,71535.22183749687,13.50608274053837,12.0,36.0,1500.0,-0.47170004793299586
k_io,23,24,20.0,130.0,71535.22183749687,13.50608274053837,12.0,36.0,2000.0,-0.49225806472256173
k_io,23,24,20.0,130.0,71535.22183749687,13.50608274053837,12.0,36.0,2500.0,-0.20850379285290213
k_io,23,24,20.0,130.0,71535.22183749687,13.50608274053837,12.0,36.0,3000.0,0.12272761537278376
k_io,23,24,20.0,130.0,71535.22183749687,13.50608274053837,12.0,36.0,3500.0,0.21357015809066127
k_io,23,24,20.0,130.0,71535.22183749687,13.50608274053837,12.0,36.0,4000.0,0.2467629392309648
k_io,23,24,20.0,130.0,71535.22183749687,13.50608274053837,12.0,36.0,4500.0,0.278549169441584
k_io,23,24,20.0,130.0,71535.22183749687,13.50608274053837,12.0,36.0,5000.0,0.3191799474551486
k_io,23,24,20.0,130.0,71535.22183749687,13.50608274053837,12.0,36.0,5500.0,0.35780699156935775
k_io,23,24,20.0,130.0,71535.22183749687,13.50608274053837,12.0,36.0,6000.0,0.37598510086582426
k_io,23,24,20.0,130.0,71535.22183749687,13.50608274053837,12.0,36.0,6500.0,0.35716792872386627
k_io,23,24,20.0,130.0,71535.22183749687,13.50608274053837,12.0,36.0,7000.0,0.2988311221132105
k_io,23,24,20.0,130.0,71535.22183749687,13.50608274053837,12.0,36.0,7500.0,0.22299797458925305
k_io,23,24,20.0,130.0,71535.22183749687,13.50608274053837,12.0,36.0,8000.0,0.15701821323316756
k_io,23,24,20.0,130.0,71535.22183749687,13.50608274053837,12.0,36.0,8500.0,0.10439955641047124
k_io,23,24,20.0,130.0,71535.22183749687,13.50608274053837,12.0,36.0,9000.0,0.053486932604025476
k_io,23,24,20.0,130.0,71535.22183749687,13.50608274053837,12.0,36.0,9500.0,-0.00408075071209447
k_io,23,24,20.0,130.0,71535.22183749687,13.50608274053837,12.0,36.0,10000.0,-0.0685292817550925
k_io,23,24,20.0,130.0,71535.22183749687,13.50608274053837,12.0,36.0,10500.0,-0.13361788035098796
k_io,23,24,20.0,130.0,71535.22183749687,13.50608274053837,12.0,36.0,11000.0,-0.18869660613917488
k_io,23,24,20.0,130.0,71535.22183749687,13.50608274053837,12.0,36.0,11500.0,-0.21882633972968243
k_io,23,24,20.0,130.0,71535.22183749687,13.50608274053837,12.0,36.0,12000.0,-0.20125558532707585
k_io,23,24,20.0,130.0,71535.22183749687,13.50608274053837,15.0,40.0,0.0,
k_io,23,24,20.0,130.0,71535.22183749687,13.50608274053837,15.0,40.0,500.0,-0.08106206409884514
k_io,23,24,20.0,130.0,71535.22183749687,13.50608274053837,15.0,40.0,1000.0,-0.2599414410683997
k_io,23,24,20.0,130.0,71535.22183749687,13.50608274053837,15.0,40.0,1500.0,-0.37067770590105026
k_io,23,24,20.0,130.0,71535.22183749687,13.50608274053837,15.0,40.0,2000.0,-0.44922530546997347
k_io,23,24,20.0,130.0,71535.22183749687,13.50608274053837,15.0,40.0,2500.0,-0.28358383256413455
k_io,23,24,20.0,130.0,71535.22183749687,13.50608274053837,15.0,40.0,3000.0,-0.053858218754042946
k_io,23,24,20.0,130.0,71535.22183749687,13.50608274053837,15.0,40.0,3500.0,0.03444480268870164
k_io,23,24,20.0,130.0,71535.22183749687,13.50608274053837,15.0,40.0,4000.0,0.03643134202497936
k_io,23,24,20.0,130.0,71535.22183749687,13.50608274053837,15.0,40.0,4500.0,0.020362792832126126
k_io,23,24,20.0,130.0,71535.22183749687,13.50608274053837,15.0,40.0,5000.0,0.031120934409010984
k_io,23,24,20.0,130.0,71535.22183749687,13.50608274053837,15.0,40.0,5500.0,0.09083695108173005
k_io,23,24,20.0,130.0,71535.22183749687,13.50608274053837,15.0,40.0,6000.0,0.20375490767664417
k_io,23,24,20.0,130.0,71535.22183749687,13.50608274053837,15.0,40.0,6500.0,0.36355686295553047
k_io,23,24,20.0,130.0,71535.22183749687,13.50608274053837,15.0,40.0,7000.0,0.5499113600883487
k_io,23,24,20.0,130.0,71535.22183749687,13.50608274053837,15.0,40.0,7500.0,0.7233071655153148
k_io,23,24,20.0,130.0,71535.22183749687,13.50608274053837,15.0,40.0,8000.0,0.8468295909042648
k_io,23,24,20.0,130.0,71535.22183749687,13.50608274053837,15.0,40.0,8500.0,0.9112011041764903
k_io,23,24,20.0,130.0,71535.22183749687,13.50608274053837,15.0,40.0,9000.0,0.9268480311669783
k_io,23,24,20.0,130.0,71535.22183749687,13.50608274053837,15.0,40.0,9500.0,0.9063666811453898
k_io,23,24,20.0,130.0,71535.22183749687,13.50608274053837,15.0,40.0,10000.0,0.8585242433851225
k_io,23,24,20.0,130.0,71535.22183749687,13.50608274053837,15.0,40.0,10500.0,0.790008133090925
k_io,23,24,20.0,130.0,71535.22183749687,13.50608274053837,15.0,40.0,11000.0,0.708458866797716
k_io,23,24,20.0,130.0,71535.22183749687,13.50608274053837,15.0,40.0,11500.0,0.6238054277922092
k_io,23,24,20.0,130.0,71535.22183749687,13.50608274053837,15.0,40.0,12000.0,0.5467758556216299
k_io,23,24,20.0,130.0,71535.22183749687,13.50608274053837,20.0,50.0,0.0,
k_io,23,24,20.0,130.0,71535.22183749687,13.50608274053837,20.0,50.0,500.0,0.09779635362467795
k_io,23,24,20.0,130.0,71535.22183749687,13.50608274053837,20.0,50.0,1000.0,-0.02249290451107566
k_io,23,24,20.0,130.0,71535.22183749687,13.50608274053837,20.0,50.0,1500.0,0.02201095826950083
k_io,23,24,20.0,130.0,71535.22183749687,13.50608274053837,20.0,50.0,2000.0,0.12663973879162077
k_io,23,24,20.0,130.0,71535.22183749687,13.50608274053837,20.0,50.0,2500.0,0.19485980265086394
k_io,23,24,20.0,130.0,71535.22183749687,13.50608274053837,20.0,50.0,3000.0,0.18612977757246632
k_io,23,24,20.0,130.0,71535.22183749687,13.50608274053837,20.0,50.0,3500.0,0.11666536155914496
k_io,23,24,20.0,130.0,71535.22183749687,13.50608274053837,20.0,50.0,4000.0,0.08951230986180868
k_io,23,24,20.0,130.0,71535.22183749687,13.50608274053837,20.0,50.0,4500.0,0.1352635565839475
k_io,23,24,20.0,130.0,71535.22183749687,13.50608274053837,20.0,50.0,5000.0,0.2156537215559242
k_io,23,24,20.0,130.0,71535.22183749687,13.50608274053837,20.0,50.0,5500.0,0.29611901665514895
k_io,23,24,20.0,130.0,71535.22183749687,13.50608274053837,20.0,50.0,6000.0,0.3604661296152586
k_io,23,24,20.0,130.0,71535.22183749687,13.50608274053837,20.0,50.0,6500.0,0.40555211328140905
k_io,23,24,20.0,130.0,71535.22183749687,13.50608274053837,20.0,50.0,7000.0,0.431026987175813
k_io,23,24,20.0,130.0,71535.22183749687,13.50608274053837,20.0,50.0,7500.0,0.42771360644175554
k_io,23,24,20.0,130.0,71535.22183749687,13.50608274053837,20.0,50.0,8000.0,0.37446731149556006
k_io,23,24,20.0,130.0,71535.22183749687,13.50608274053837,20.0,50.0,8500.0,0.2642328732907261
k_io,23,24,20.0,130.0,71535.22183749687,13.50608274053837,20.0,50.0,9000.0,0.1304173816823482
k_io,23,24,20.0,130.0,71535.22183749687,13.50608274053837,20.0,50.0,9500.0,0.01598808942833929
k_io,23,24,20.0,130.0,71535.22183749687,13.50608274053837,20.0,50.0,10000.0,-0.058746789089771864
k_io,23,24,20.0,130.0,71535.22183749687,13.50608274053837,20.0,50.0,10500.0,-0.09238206673391834
k_io,23,24,20.0,130.0,71535.22183749687,13.50608274053837,20.0,50.0,11000.0,-0.09208888632096085
k_io,23,24,20.0,130.0,71535.22183749687,13.50608274053837,20.0,50.0,11500.0,-0.06858596459429732
k_io,23,24,20.0,130.0,71535.22183749687,13.50608274053837,20.0,50.0,12000.0,-0.03460042673113415
k_io,23,24,20.0,130.0,71535.22183749687,13.50608274053837,25.0,60.0,0.0,
k_io,23,24,20.0,130.0,71535.22183749687,13.50608274053837,25.0,60.0,500.0,0.46698604834485496
k_io,23,24,20.0,130.0,71535.22183749687,13.50608274053837,25.0,60.0,1000.0,0.05861663151077302
k_io,23,24,20.0,130.0,71535.22183749687,13.50608274053837,25.0,60.0,1500.0,0.006625083154976974
k_io,23,24,20.0,130.0,71535.22183749687,13.50608274053837,25.0,60.0,2000.0,0.10060140223273473
k_io,23,24,20.0,130.0,71535.22183749687,13.50608274053837,25.0,60.0,2500.0,0.13008129645943967
k_io,23,24,20.0,130.0,71535.22183749687,13.50608274053837,25.0,60.0,3000.0,0.09759940062602085
k_io,23,24,20.0,130.0,71535.22183749687,13.50608274053837,25.0,60.0,3500.0,0.1055397098075496
k_io,23,24,20.0,130.0,71535.22183749687,13.50608274053837,25.0,60.0,4000.0,0.19959897165019527
k_io,23,24,20.0,130.0,71535.22183749687,13.50608274053837,25.0,60.0,4500.0,0.3445576781505885
k_io,23,24,20.0,130.0,71535.22183749687,13.50608274053837,25.0,60.0,5000.0,0.48992743970697245
k_io,23,24,20.0,130.0,71535.22183749687,13.50608274053837,25.0,60.0,5500.0,0.5709981127241615
k_io,23,24,20.0,130.0,71535.22183749687,13.50608274053837,25.0,60.0,6000.0,0.5343426241101615
k_io,23,24,20.0,130.0,71535.22183749687,13.50608274053837,25.0,60.0,6500.0,0.40452365488830844
k_io,23,24,20.0,130.0,71535.22183749687,13.50608274053837,25.0,60.0,7000.0,0.2508991460690481
k_io,23,24,20.0,130.0,71535.22183749687,13.50608274053837,25.0,60.0,7500.0,0.11460803935716556
k_io,23,24,20.0,130.0,71535.22183749687,13.50608274053837,25.0,60.0,8000.0,0.00816434459156358
k_io,23,24,20.0,130.0,71535.22183749687,13.50608274053837,25.0,60.0,8500.0,-0.0645468149280917
k_io,23,24,20.0,130.0,71535.22183749687,13.50608274053837,25.0,60.0,9000.0,-0.10021110333299144
k_io,23,24,20.0,130.0,71535.22183749687,13.50608274053837,25.0,60.0,9500.0,-0.09682776470863944
k_io,23,24,20.0,130.0,71535.22183749687,13.50608274053837,25.0,60.0,10000.0,-0.05747754407268463
k_io,23,24,20.0,130.0,71535.22183749687,13.50608274053837,25.0,60.0,10500.0,0.006243340075936432
k_io,23,24,20.0,130.0,71535.22183749687,13.50608274053837,25.0,60.0,11000.0,0.07465401990749215
k_io,23,24,20.0,130.0,71535.22183749687,13.50608274053837,25.0,60.0,11500.0,0.1290755275578585
k_io,23,24,20.0,130.0,71535.22183749687,13.50608274053837,25.0,60.0,12000.0,0.16285361118175354
k_io,23,24,20.0,130.0,71535.22183749687,13.50608274053837,30.0,80.0,0.0,
k_io,23,24,20.0,130.0,71535.22183749687,13.50608274053837,30.0,80.0,500.0,0.20500944780675426
k_io,23,24,20.0,130.0,71535.22183749687,13.50608274053837,30.0,80.0,1000.0,0.17029660094908883
k_io,23,24,20.0,130.0,71535.22183749687,13.50608274053837,30.0,80.0,1500.0,0.22022715366077428
k_io,23,24,20.0,130.0,71535.22183749687,13.50608274053837,30.0,80.0,2000.0,0.16737171036348028
k_io,23,24,20.0,130.0,71535.22183749687,13.50608274053837,30.0,80.0,2500.0,-0.0022364025068140497
k_io,23,24,20.0,130.0,71535.22183749687,13.50608274053837,30.0,80.0,3000.0,-0.15428425458419115
k_io,23,24,20.0,130.0,71535.22183749687,13.50608274053837,30.0,80.0,3500.0,-0.18913317221171133
k_io,23,24,20.0,130.0,71535.22183749687,13.50608274053837,30.0,80.0,4000.0,-0.09955063354716849
k_io,23,24,20.0,130.0,71535.22183749687,13.50608274053837,30.0,80.0,4500.0,0.08204165855355537
k_io,23,24,20.0,130.0,71535.22183749687,13.50608274053837,30.0,80.0,5000.0,0.2700925433027846
k_io,23,24,20.0,130.0,71535.22183749687,13.50608274053837,30.0,80.0,5500.0,0.3510406261583919
k_io,23,24,20.0,130.0,71535.22183749687,13.50608274053837,30.0,80.0,6000.0,0.285231578216196
k_io,23,24,20.0,130.0,71535.22183749687,13.50608274053837,30.0,80.0,6500.0,0.11793843793374632
k_io,23,24,20.0,130.0,71535.22183749687,13.50608274053837,30.0,80.0,7000.0,-0.06822657951603739
k_io,23,24,20.0,130.0,71535.22183749687,13.50608274053837,30.0,80.0,7500.0,-0.20232654476978712
k_io,23,24,20.0,130.0,71535.22183749687,13.50608274053837,30.0,80.0,8000.0,-0.2638469332601519
k_io,23,24,20.0,130.0,71535.22183749687,13.50608274053837,30.0,80.0,8500.0,-0.2786526812732072
k_io,23,24,20.0,130.0,71535.22183749687,13.50608274053837,30.0,80.0,9000.0,-0.2792539076250351
k_io,23,24,20.0,130.0,71535.22183749687,13.50608274053837,30.0,80.0,9500.0,-0.28593549992172435
k_io,23,24,20.0,130.0,71535.22183749687,13.50608274053837,30.0,80.0,10000.0,-0.3100029348836285
k_io,23,24,20.0,130.0,71535.22183749687,13.50608274053837,30.0,80.0,10500.0,-0.3587066007364269
k_io,23,24,20.0,130.0,71535.22183749687,13.50608274053837,30.0,80.0,11000.0,-0.43545890381449565
k_io,23,24,20.0,130.0,71535.22183749687,13.50608274053837,30.0,80.0,11500.0,-0.5343390177157743
k_io,23,24,20.0,130.0,71535.22183749687,13.50608274053837,30.0,80.0,12000.0,-0.6307593400994999
k_io,1,2,0.0,20.0,193170.279923147,2.2181530728767993,5.0,15.0,0.0,
k_io,1,2,0.0,20.0,193170.279923147,2.2181530728767993,5.0,15.0,500.0,0.4967411514095282
k_io,1,2,0.0,20.0,193170.279923147,2.2181530728767993,5.0,15.0,1000.0,0.4926945202122503
k_io,1,2,0.0,20.0,193170.279923147,2.2181530728767993,5.0,15.0,1500.0,0.29998273861848057
k_io,1,2,0.0,20.0,193170.279923147,2.2181530728767993,5.0,15.0,2000.0,0.3279594514150833
k_io,1,2,0.0,20.0,193170.279923147,2.2181530728767993,5.0,15.0,2500.0,0.607552056517456
k_io,1,2,0.0,20.0,193170.279923147,2.2181530728767993,5.0,15.0,3000.0,0.7734578093878152
k_io,1,2,0.0,20.0,193170.279923147,2.2181530728767993,5.0,15.0,3500.0,0.8628307753622023
k_io,1,2,0.0,20.0,193170.279923147,2.2181530728767993,5.0,15.0,4000.0,0.9096125109206686
k_io,1,2,0.0,20.0,193170.279923147,2.2181530728767993,5.0,15.0,4500.0,0.9210464932224893
k_io,1,2,0.0,20.0,193170.279923147,2.2181530728767993,5.0,15.0,5000.0,0.8883414998931926
k_io,1,2,0.0,20.0,193170.279923147,2.2181530728767993,5.0,15.0,5500.0,0.78796168986656
k_io,1,2,0.0,20.0,193170.279923147,2.2181530728767993,5.0,15.0,6000.0,0.616577960026771
k_io,1,2,0.0,20.0,193170.279923147,2.2181530728767993,5.0,15.0,6500.0,0.482165935747037
k_io,1,2,0.0,20.0,193170.279923147,2.2181530728767993,5.0,15.0,7000.0,0.4913452651995311
k_io,1,2,0.0,20.0,193170.279923147,2.2181530728767993,5.0,15.0,7500.0,0.5759609739990229
k_io,1,2,0.0,20.0,193170.279923147,2.2181530728767993,5.0,15.0,8000.0,0.6581053218439149
k_io,1,2,0.0,20.0,193170.279923147,2.2181530728767993,5.0,15.0,8500.0,0.7176510871607377
k_io,1,2,0.0,20.0,193170.279923147,2.2181530728767993,5.0,15.0,9000.0,0.7570729603180478
k_io,1,2,0.0,20.0,193170.279923147,2.2181530728767993,5.0,15.0,9500.0,0.7817955814007478
k_io,1,2,0.0,20.0,193170.279923147,2.2181530728767993,5.0,15.0,10000.0,0.7948433357903807
k_io,1,2,0.0,20.0,193170.279923147,2.2181530728767993,5.0,15.0,10500.0,0.7948880578733846
k_io,1,2,0.0,20.0,193170.279923147,2.2181530728767993,5.0,15.0,11000.0,0.7732614878647284
k_io,1,2,0.0,20.0,193170.279923147,2.2181530728767993,5.0,15.0,11500.0,0.7061636535729673
k_io,1,2,0.0,20.0,193170.279923147,2.2181530728767993,5.0,15.0,12000.0,0.5437710105716973
k_io,1,2,0.0,20.0,193170.279923147,2.2181530728767993,7.0,25.0,0.0,
k_io,1,2,0.0,20.0,193170.279923147,2.2181530728767993,7.0,25.0,500.0,0.7394546762919301
k_io,1,2,0.0,20.0,193170.279923147,2.2181530728767993,7.0,25.0,1000.0,0.7607845846800882
k_io,1,2,0.0,20.0,193170.279923147,2.2181530728767993,7.0,25.0,1500.0,0.7342180006110776
k_io,1,2,0.0,20.0,193170.279923147,2.2181530728767993,7.0,25.0,2000.0,0.6652706147075997
k_io,1,2,0.0,20.0,193170.279923147,2.2181530728767993,7.0,25.0,2500.0,0.5490381003258636
k_io,1,2,0.0,20.0,193170.279923147,2.2181530728767993,7.0,25.0,3000.0,0.42215305935129976
k_io,1,2,0.0,20.0,193170.279923147,2.2181530728767993,7.0,25.0,3500.0,0.36674787007495196
k_io,1,2,0.0,20.0,193170.279923147,2.2181530728767993,7.0,25.0,4000.0,0.3941778227620931
k_io,1,2,0.0,20.0,193170.279923147,2.2181530728767993,7.0,25.0,4500.0,0.44543937197045813
k_io,1,2,0.0,20.0,193170.279923147,2.2181530728767993,7.0,25.0,5000.0,0.47102631342325046
k_io,1,2,0.0,20.0,193170.279923147,2.2181530728767993,7.0,25.0,5500.0,0.4712805530514815
k_io,1,2,0.0,20.0,193170.279923147,2.2181530728767993,7.0,25.0,6000.0,0.4718993623598314
k_io,1,2,0.0,20.0,193170.279923147,2.2181530728767993,7.0,25.0,6500.0,0.4793896299821226
k_io,1,2,0.0,20.0,193170.279923147,2.2181530728767993,7.0,25.0,7000.0,0.48817451885664503
k_io,1,2,0.0,20.0,193170.279923147,2.2181530728767993,7.0,25.0,7500.0,0.4915073336800573
k_io,1,2,0.0,20.0,193170.279923147,2.2181530728767993,7.0,25.0,8000.0,0.48411595260407847
k_io,1,2,0.0,20.0,193170.279923147,2.2181530728767993,7.0,25.0,8500.0,0.464622768103169
k_io,1,2,0.0,20.0,193170.279923147,2.2181530728767993,7.0,25.0,9000.0,0.4399664312026964
k_io,1,2,0.0,20.0,193170.279923147,2.2181530728767993,7.0,25.0,9500.0,0.42632548140742543
k_io,1,2,0.0,20.0,193170.279923147,2.2181530728767993,7.0,25.0,10000.0,0.4374590409106896
k_io,1,2,0.0,20.0,193170.279923147,2.2181530728767993,7.0,25.0,10500.0,0.46899577279290594
k_io,1,2,0.0,20.0,193170.279923147,2.2181530728767993,7.0,25.0,11000.0,0.5024451095780369
k_io,1,2,0.0,20.0,193170.279923147,2.2181530728767993,7.0,25.0,11500.0,0.524717697092596
k_io,1,2,0.0,20.0,193170.279923147,2.2181530728767993,7.0,25.0,12000.0,0.5365731805702868
k_io,1,2,0.0,20.0,193170.279923147,2.2181530728767993,10.0,30.0,0.0,
k_io,1,2,0.0,20.0,193170.279923147,2.2181530728767993,10.0,30.0,500.0,0.6162033806132552
k_io,1,2,0.0,20.0,193170.279923147,2.2181530728767993,10.0,30.0,1000.0,0.551145292106516
k_io,1,2,0.0,20.0,193170.279923147,2.2181530728767993,10.0,30.0,1500.0,0.46997188340918195
k_io,1,2,0.0,20.0,193170.279923147,2.2181530728767993,10.0,30.0,2000.0,0.48515858568577014
k_io,1,2,0.0,20.0,193170.279923147,2.2181530728767993,10.0,30.0,2500.0,0.5021701732370891
k_io,1,2,0.0,20.0,193170.279923147,2.2181530728767993,10.0,30.0,3000.0,0.4676099701583121
k_io,1,2,0.0,20.0,193170.279923147,2.2181530728767993,10.0,30.0,3500.0,0.3841757457901295
k_io,1,2,0.0,20.0,193170.279923147,2.2181530728767993,10.0,30.0,4000.0,0.282793062114153
k_io,1,2,0.0,20.0,193170.279923147,2.2181530728767993,10.0,30.0,4500.0,0.2069893657965302
k_io,1,2,0.0,20.0,193170.279923147,2.2181530728767993,10.0,30.0,5000.0,0.1934832991352238
k_io,1,2,0.0,20.0,193170.279923147,2.2181530728767993,10.0,30.0,5500.0,0.23748374531039346
k_io,1,2,0.0,20.0,193170.279923147,2.2181530728767993,10.0,30.0,6000.0,0.30551674808995766
k_io,1,2,0.0,20.0,193170.279923147,2.2181530728767993,10.0,30.0,6500.0,0.3724018966811141
k_io,1,2,0.0,20.0,193170.279923147,2.2181530728767993,10.0,30.0,7000.0,0.4301277306570938
k_io,1,2,0.0,20.0,193170.279923147,2.2181530728767993,10.0,30.0,7500.0,0.47860468701832887
k_io,1,2,0.0,20.0,193170.279923147,2.2181530728767993,10.0,30.0,8000.0,0.5176526267886873
k_io,1,2,0.0,20.0,193170.279923147,2.2181530728767993,10.0,30.0,8500.0,0.545969253992267
k_io,1,2,0.0,20.0,193170.279923147,2.2181530728767993,10.0,30.0,9000.0,0.5637813974540361
k_io,1,2,0.0,20.0,193170.279923147,2.2181530728767993,10.0,30.0,9500.0,0.5740495930488535
k_io,1,2,0.0,20.0,193170.279923147,2.2181530728767993,10.0,30.0,10000.0,0.5809725545936153
k_io,1,2,0.0,20.0,193170.279923147,2.2181530728767993,10.0,30.0,10500.0,0.5876946567930776
k_io,1,2,0.0,20.0,193170.279923147,2.2181530728767993,10.0,30.0,11000.0,0.5951921398399046
k_io,1,2,0.0,20.0,193170.279923147,2.2181530728767993,10.0,30.0,11500.0,0.6027910267947113
k_io,1,2,0.0,20.0,193170.279923147,2.2181530728767993,10.0,30.0,12000.0,0.6094692244680869
k_io,1,2,0.0,20.0,193170.279923147,2.2181530728767993,12.0,36.0,0.0,
k_io,1,2,0.0,20.0,193170.279923147,2.2181530728767993,12.0,36.0,500.0,0.21966080635109952
k_io,1,2,0.0,20.0,193170.279923147,2.2181530728767993,12.0,36.0,1000.0,0.27724732920164813
k_io,1,2,0.0,20.0,193170.279923147,2.2181530728767993,12.0,36.0,1500.0,0.2492125288645188
k_io,1,2,0.0,20.0,193170.279923147,2.2181530728767993,12.0,36.0,2000.0,0.2307054720780737
k_io,1,2,0.0,20.0,193170.279923147,2.2181530728767993,12.0,36.0,2500.0,0.2490059747168407
k_io,1,2,0.0,20.0,193170.279923147,2.2181530728767993,12.0,36.0,3000.0,0.30179850440689576
k_io,1,2,0.0,20.0,193170.279923147,2.2181530728767993,12.0,36.0,3500.0,0.3679303948701476
k_io,1,2,0.0,20.0,193170.279923147,2.2181530728767993,12.0,36.0,4000.0,0.41756693650662613
k_io,1,2,0.0,20.0,193170.279923147,2.2181530728767993,12.0,36.0,4500.0,0.44655643559778774
k_io,1,2,0.0,20.0,193170.279923147,2.2181530728767993,12.0,36.0,5000.0,0.4839132388889883
k_io,1,2,0.0,20.0,193170.279923147,2.2181530728767993,12.0,36.0,5500.0,0.5503413619059162
k_io,1,2,0.0,20.0,193170.279923147,2.2181530728767993,12.0,36.0,6000.0,0.6282956905330634
k_io,1,2,0.0,20.0,193170.279923147,2.2181530728767993,12.0,36.0,6500.0,0.6737107533602577
k_io,1,2,0.0,20.0,193170.279923147,2.2181530728767993,12.0,36.0,7000.0,0.6391332650624836
k_io,1,2,0.0,20.0,193170.279923147,2.2181530728767993,12.0,36.0,7500.0,0.5060958682974406
k_io,1,2,0.0,20.0,193170.279923147,2.2181530728767993,12.0,36.0,8000.0,0.3210438930634091
k_io,1,2,0.0,20.0,193170.279923147,2.2181530728767993,12.0,36.0,8500.0,0.1563906621565046
k_io,1,2,0.0,20.0,193170.279923147,2.2181530728767993,12.0,36.0,9000.0,0.03854715415114807
k_io,1,2,0.0,20.0,193170.279923147,2.2181530728767993,12.0,36.0,9500.0,-0.04446151083231531
k_io,1,2,0.0,20.0,193170.279923147,2.2181530728767993,12.0,36.0,10000.0,-0.10599954617879932
k_io,1,2,0.0,20.0,193170.279923147,2.2181530728767993,12.0,36.0,10500.0,-0.14804130648690772
k_io,1,2,0.0,20.0,193170.279923147,2.2181530728767993,12.0,36.0,11000.0,-0.16651283066729247
k_io,1,2,0.0,20.0,193170.279923147,2.2181530728767993,12.0,36.0,11500.0,-0.1592993994015834
k_io,1,2,0.0,20.0,193170.279923147,2.2181530728767993,12.0,36.0,12000.0,-0.12943806761074958
k_io,1,2,0.0,20.0,193170.279923147,2.2181530728767993,15.0,40.0,0.0,
k_io,1,2,0.0,20.0,193170.279923147,2.2181530728767993,15.0,40.0,500.0,0.41346438680198394
k_io,1,2,0.0,20.0,193170.279923147,2.2181530728767993,15.0,40.0,1000.0,0.461343437584409
k_io,1,2,0.0,20.0,193170.279923147,2.2181530728767993,15.0,40.0,1500.0,0.49579297325332616
k_io,1,2,0.0,20.0,193170.279923147,2.2181530728767993,15.0,40.0,2000.0,0.5011569879891915
k_io,1,2,0.0,20.0,193170.279923147,2.2181530728767993,15.0,40.0,2500.0,0.49726771865062064
k_io,1,2,0.0,20.0,193170.279923147,2.2181530728767993,15.0,40.0,3000.0,0.4839006440164626
k_io,1,2,0.0,20.0,193170.279923147,2.2181530728767993,15.0,40.0,3500.0,0.44365371045643587
k_io,1,2,0.0,20.0,193170.279923147,2.2181530728767993,15.0,40.0,4000.0,0.3621034356166424
k_io,1,2,0.0,20.0,193170.279923147,2.2181530728767993,15.0,40.0,4500.0,0.27793402452752597
k_io,1,2,0.0,20.0,193170.279923147,2.2181530728767993,15.0,40.0,5000.0,0.2964141506939784
k_io,1,2,0.0,20.0,193170.279923147,2.2181530728767993,15.0,40.0,5500.0,0.4053837919309548
k_io,1,2,0.0,20.0,193170.279923147,2.2181530728767993,15.0,40.0,6000.0,0.5102240911373749
k_io,1,2,0.0,20.0,193170.279923147,2.2181530728767993,15.0,40.0,6500.0,0.5730171215682607
k_io,1,2,0.0,20.0,193170.279923147,2.2181530728767993,15.0,40.0,7000.0,0.5991628556573763
k_io,1,2,0.0,20.0,193170.279923147,2.2181530728767993,15.0,40.0,7500.0,0.597939206219195
k_io,1,2,0.0,20.0,193170.279923147,2.2181530728767993,15.0,40.0,8000.0,0.5679445730416792
k_io,1,2,0.0,20.0,193170.279923147,2.2181530728767993,15.0,40.0,8500.0,0.508287100665926
k_io,1,2,0.0,20.0,193170.279923147,2.2181530728767993,15.0,40.0,9000.0,0.4299155106205059
k_io,1,2,0.0,20.0,193170.279923147,2.2181530728767993,15.0,40.0,9500.0,0.35248297737441303
k_io,1,2,0.0,20.0,193170.279923147,2.2181530728767993,15.0,40.0,10000.0,0.2964868490987921
k_io,1,2,0.0,20.0,193170.279923147,2.2181530728767993,15.0,40.0,10500.0,0.26932831348640573
k_io,1,2,0.0,20.0,193170.279923147,2.2181530728767993,15.0,40.0,11000.0,0.26055087580039016
k_io,1,2,0.0,20.0,193170.279923147,2.2181530728767993,15.0,40.0,11500.0,0.25441335369666995
k_io,1,2,0.0,20.0,193170.279923147,2.2181530728767993,15.0,40.0,12000.0,0.24051513430070015
k_io,1,2,0.0,20.0,193170.279923147,2.2181530728767993,20.0,50.0,0.0,
k_io,1,2,0.0,20.0,193170.279923147,2.2181530728767993,20.0,50.0,500.0,0.08531634119084691
k_io,1,2,0.0,20.0,193170.279923147,2.2181530728767993,20.0,50.0,1000.0,-0.013616378402644553
k_io,1,2,0.0,20.0,193170.279923147,2.2181530728767993,20.0,50.0,1500.0,-0.03582874443524284
k_io,1,2,0.0,20.0,193170.279923147,2.2181530728767993,20.0,50.0,2000.0,0.18577325661868282
k_io,1,2,0.0,20.0,193170.279923147,2.2181530728767993,20.0,50.0,2500.0,0.4475791992297977
k_io,1,2,0.0,20.0,193170.279923147,2.2181530728767993,20.0,50.0,3000.0,0.6036983720750673
k_io,1,2,0.0,20.0,193170.279923147,2.2181530728767993,20.0,50.0,3500.0,0.6700180116770571
k_io,1,2,0.0,20.0,193170.279923147,2.2181530728767993,20.0,50.0,4000.0,0.6813489862611674
k_io,1,2,0.0,20.0,193170.279923147,2.2181530728767993,20.0,50.0,4500.0,0.6581786655058799
k_io,1,2,0.0,20.0,193170.279923147,2.2181530728767993,20.0,50.0,5000.0,0.587185477357606
k_io,1,2,0.0,20.0,193170.279923147,2.2181530728767993,20.0,50.0,5500.0,0.46667186449983483
k_io,1,2,0.0,20.0,193170.279923147,2.2181530728767993,20.0,50.0,6000.0,0.35068626622802185
k_io,1,2,0.0,20.0,193170.279923147,2.2181530728767993,20.0,50.0,6500.0,0.2786462971027878
k_io,1,2,0.0,20.0,193170.279923147,2.2181530728767993,20.0,50.0,7000.0,0.25526724664928596
k_io,1,2,0.0,20.0,193170.279923147,2.2181530728767993,20.0,50.0,7500.0,0.27109636179306174
k_io,1,2,0.0,20.0,193170.279923147,2.2181530728767993,20.0,50.0,8000.0,0.31058571812701624
k_io,1,2,0.0,20.0,193170.279923147,2.2181530728767993,20.0,50.0,8500.0,0.3582205827546553
k_io,1,2,0.0,20.0,193170.279923147,2.2181530728767993,20.0,50.0,9000.0,0.40597851367195165
k_io,1,2,0.0,20.0,193170.279923147,2.2181530728767993,20.0,50.0,9500.0,0.4503338536550297
k_io,1,2,0.0,20.0,193170.279923147,2.2181530728767993,20.0,50.0,10000.0,0.4841532131167849
k_io,1,2,0.0,20.0,193170.279923147,2.2181530728767993,20.0,50.0,10500.0,0.49630872334041415
k_io,1,2,0.0,20.0,193170.279923147,2.2181530728767993,20.0,50.0,11000.0,0.474217560216473
k_io,1,2,0.0,20.0,193170.279923147,2.2181530728767993,20.0,50.0,11500.0,0.40825169235935554
k_io,1,2,0.0,20.0,193170.279923147,2.2181530728767993,20.0,50.0,12000.0,0.3029720812894446
k_io,1,2,0.0,20.0,193170.279923147,2.2181530728767993,25.0,60.0,0.0,
k_io,1,2,0.0,20.0,193170.279923147,2.2181530728767993,25.0,60.0,500.0,-0.009242302949537644
k_io,1,2,0.0,20.0,193170.279923147,2.2181530728767993,25.0,60.0,1000.0,-0.3126492486168348
k_io,1,2,0.0,20.0,193170.279923147,2.2181530728767993,25.0,60.0,1500.0,-0.5814099191737951
k_io,1,2,0.0,20.0,193170.279923147,2.2181530728767993,25.0,60.0,2000.0,-0.596229764060296
k_io,1,2,0.0,20.0,193170.279923147,2.2181530728767993,25.0,60.0,2500.0,-0.5703094021924079
k_io,1,2,0.0,20.0,193170.279923147,2.2181530728767993,25.0,60.0,3000.0,-0.48911895054555227
k_io,1,2,0.0,20.0,193170.279923147,2.2181530728767993,25.0,60.0,3500.0,-0.32640451020722233
k_io,1,2,0.0,20.0,193170.279923147,2.2181530728767993,25.0,60.0,4000.0,-0.23687667661839718
k_io,1,2,0.0,20.0,193170.279923147,2.2181530728767993,25.0,60.0,4500.0,-0.2703665596759042
k_io,1,2,0.0,20.0,193170.279923147,2.2181530728767993,25.0,60.0,5000.0,-0.3642611412586202
k_io,1,2,0.0,20.0,193170.279923147,2.2181530728767993,25.0,60.0,5500.0,-0.4380611948382058
k_io,1,2,0.0,20.0,193170.279923147,2.2181530728767993,25.0,60.0,6000.0,-0.4254309433901848
k_io,1,2,0.0,20.0,193170.279923147,2.2181530728767993,25.0,60.0,6500.0,-0.3286353353063063
k_io,1,2,0.0,20.0,193170.279923147,2.2181530728767993,25.0,60.0,7000.0,-0.21038206930099376
k_io,1,2,0.0,20.0,193170.279923147,2.2181530728767993,25.0,60.0,7500.0,-0.12497412865062446
k_io,1,2,0.0,20.0,193170.279923147,2.2181530728767993,25.0,60.0,8000.0,-0.0878203546621421
k_io,1,2,0.0,20.0,193170.279923147,2.2181530728767993,25.0,60.0,8500.0,-0.08823878585582248
k_io,1,2,0.0,20.0,193170.279923147,2.2181530728767993,25.0,60.0,9000.0,-0.10810694555720096
k_io,1,2,0.0,20.0,193170.279923147,2.2181530728767993,25.0,60.0,9500.0,-0.13245879650430362
k_io,1,2,0.0,20.0,193170.279923147,2.2181530728767993,25.0,60.0,10000.0,-0.1513774248227391
k_io,1,2,0.0,20.0,193170.279923147,2.2181530728767993,25.0,60.0,10500.0,-0.15737327209465635
k_io,1,2,0.0,20.0,193170.279923147,2.2181530728767993,25.0,60.0,11000.0,-0.14281531466412925
k_io,1,2,0.0,20.0,193170.279923147,2.2181530728767993,25.0,60.0,11500.0,-0.09952514884397812
k_io,1,2,0.0,20.0,193170.279923147,2.2181530728767993,25.0,60.0,12000.0,-0.020857092992877486
k_io,1,2,0.0,20.0,193170.279923147,2.2181530728767993,30.0,80.0,0.0,
k_io,1,2,0.0,20.0,193170.279923147,2.2181530728767993,30.0,80.0,500.0,-0.13261540039050007
k_io,1,2,0.0,20.0,193170.279923147,2.2181530728767993,30.0,80.0,1000.0,-0.3532219231303469
k_io,1,2,0.0,20.0,193170.279923147,2.2181530728767993,30.0,80.0,1500.0,-0.5633802182906219
k_io,1,2,0.0,20.0,193170.279923147,2.2181530728767993,30.0,80.0,2000.0,-0.51768304566041
k_io,1,2,0.0,20.0,193170.279923147,2.2181530728767993,30.0,80.0,2500.0,-0.10288390593914877
k_io,1,2,0.0,20.0,193170.279923147,2.2181530728767993,30.0,80.0,3000.0,0.18454383889637346
k_io,1,2,0.0,20.0,193170.279923147,2.2181530728767993,30.0,80.0,3500.0,0.32360542606958353
k_io,1,2,0.0,20.0,193170.279923147,2.2181530728767993,30.0,80.0,4000.0,0.39566667165499303
k_io,1,2,0.0,20.0,193170.279923147,2.2181530728767993,30.0,80.0,4500.0,0.4356144061237176
k_io,1,2,0.0,20.0,193170.279923147,2.2181530728767993,30.0,80.0,5000.0,0.4510357586523148
k_io,1,2,0.0,20.0,193170.279923147,2.2181530728767993,30.0,80.0,5500.0,0.45090538564023497
k_io,1,2,0.0,20.0,193170.279923147,2.2181530728767993,30.0,80.0,6000.0,0.4485737751304393
k_io,1,2,0.0,20.0,193170.279923147,2.2181530728767993,30.0,80.0,6500.0,0.4550158268852333
k_io,1,2,0.0,20.0,193170.279923147,2.2181530728767993,30.0,80.0,7000.0,0.4746579134142765
k_io,1,2,0.0,20.0,193170.279923147,2.2181530728767993,30.0,80.0,7500.0,0.5018146199527923
k_io,1,2,0.0,20.0,193170.279923147,2.2181530728767993,30.0,80.0,8000.0,0.5196301230731166
k_io,1,2,0.0,20.0,193170.279923147,2.2181530728767993,30.0,80.0,8500.0,0.5110533977578627
k_io,1,2,0.0,20.0,193170.279923147,2.2181530728767993,30.0,80.0,9000.0,0.47623873296594854
k_io,1,2,0.0,20.0,193170.279923147,2.2181530728767993,30.0,80.0,9500.0,0.42865961489384763
k_io,1,2,0.0,20.0,193170.279923147,2.2181530728767993,30.0,80.0,10000.0,0.3770631577491915
k_io,1,2,0.0,20.0,193170.279923147,2.2181530728767993,30.0,80.0,10500.0,0.32077029784176203
k_io,1,2,0.0,20.0,193170.279923147,2.2181530728767993,30.0,80.0,11000.0,0.2548383927896652
k_io,1,2,0.0,20.0,193170.279923147,2.2181530728767993,30.0,80.0,11500.0,0.17508987945004562
k_io,1,2,0.0,20.0,193170.279923147,2.2181530728767993,30.0,80.0,12000.0,0.08174580643239523
k_io,2,3,20.0,130.0,193170.279923147,2.2181530728767993,5.0,15.0,0.0,
k_io,2,3,20.0,130.0,193170.279923147,2.2181530728767993,5.0,15.0,500.0,0.8060694240385242
k_io,2,3,20.0,130.0,193170.279923147,2.2181530728767993,5.0,15.0,1000.0,0.571002292331527
k_io,2,3,20.0,130.0,193170.279923147,2.2181530728767993,5.0,15.0,1500.0,0.30856904727060863
k_io,2,3,20.0,130.0,193170.279923147,2.2181530728767993,5.0,15.0,2000.0,0.1746031987088149
k_io,2,3,20.0,130.0,193170.279923147,2.2181530728767993,5.0,15.0,2500.0,0.2567244403783187
k_io,2,3,20.0,130.0,193170.279923147,2.2181530728767993,5.0,15.0,3000.0,0.3700854699161801
k_io,2,3,20.0,130.0,193170.279923147,2.2181530728767993,5.0,15.0,3500.0,0.4642831491518259
k_io,2,3,20.0,130.0,193170.279923147,2.2181530728767993,5.0,15.0,4000.0,0.5366696088563713
k_io,2,3,20.0,130.0,193170.279923147,2.2181530728767993,5.0,15.0,4500.0,0.5498889427326208
k_io,2,3,20.0,130.0,193170.279923147,2.2181530728767993,5.0,15.0,5000.0,0.47872429203317535
k_io,2,3,20.0,130.0,193170.279923147,2.2181530728767993,5.0,15.0,5500.0,0.345459302914859
k_io,2,3,20.0,130.0,193170.279923147,2.2181530728767993,5.0,15.0,6000.0,0.21713913124582906
k_io,2,3,20.0,130.0,193170.279923147,2.2181530728767993,5.0,15.0,6500.0,0.17508349032638357
k_io,2,3,20.0,130.0,193170.279923147,2.2181530728767993,5.0,15.0,7000.0,0.245869830921246
k_io,2,3,20.0,130.0,193170.279923147,2.2181530728767993,5.0,15.0,7500.0,0.3778630405136149
k_io,2,3,20.0,130.0,193170.279923147,2.2181530728767993,5.0,15.0,8000.0,0.517345830177516
k_io,2,3,20.0,130.0,193170.279923147,2.2181530728767993,5.0,15.0,8500.0,0.6352886718624173
k_io,2,3,20.0,130.0,193170.279923147,2.2181530728767993,5.0,15.0,9000.0,0.7098956268560295
k_io,2,3,20.0,130.0,193170.279923147,2.2181530728767993,5.0,15.0,9500.0,0.7178708813578277
k_io,2,3,20.0,130.0,193170.279923147,2.2181530728767993,5.0,15.0,10000.0,0.6440618029443648
k_io,2,3,20.0,130.0,193170.279923147,2.2181530728767993,5.0,15.0,10500.0,0.5008870645322424
k_io,2,3,20.0,130.0,193170.279923147,2.2181530728767993,5.0,15.0,11000.0,0.3247175492265529
k_io,2,3,20.0,130.0,193170.279923147,2.2181530728767993,5.0,15.0,11500.0,0.1478542140366191
k_io,2,3,20.0,130.0,193170.279923147,2.2181530728767993,5.0,15.0,12000.0,-0.004463202871441424
k_io,2,3,20.0,130.0,193170.279923147,2.2181530728767993,7.0,25.0,0.0,
k_io,2,3,20.0,130.0,193170.279923147,2.2181530728767993,7.0,25.0,500.0,0.489777428476739
k_io,2,3,20.0,130.0,193170.279923147,2.2181530728767993,7.0,25.0,1000.0,0.3310017666791853
k_io,2,3,20.0,130.0,193170.279923147,2.2181530728767993,7.0,25.0,1500.0,0.4061494864304379
k_io,2,3,20.0,130.0,193170.279923147,2.2181530728767993,7.0,25.0,2000.0,0.44267001727557864
k_io,2,3,20.0,130.0,193170.279923147,2.2181530728767993,7.0,25.0,2500.0,0.30328219603743006
k_io,2,3,20.0,130.0,193170.279923147,2.2181530728767993,7.0,25.0,3000.0,0.11114732950045215
k_io,2,3,20.0,130.0,193170.279923147,2.2181530728767993,7.0,25.0,3500.0,0.009943159833161774
k_io,2,3,20.0,130.0,193170.279923147,2.2181530728767993,7.0,25.0,4000.0,0.06392934661729864
k_io,2,3,20.0,130.0,193170.279923147,2.2181530728767993,7.0,25.0,4500.0,0.21777736021672384
k_io,2,3,20.0,130.0,193170.279923147,2.2181530728767993,7.0,25.0,5000.0,0.3458916054972314
k_io,2,3,20.0,130.0,193170.279923147,2.2181530728767993,7.0,25.0,5500.0,0.3898162782538647
k_io,2,3,20.0,130.0,193170.279923147,2.2181530728767993,7.0,25.0,6000.0,0.38248983696156846
k_io,2,3,20.0,130.0,193170.279923147,2.2181530728767993,7.0,25.0,6500.0,0.3581259394609618
k_io,2,3,20.0,130.0,193170.279923147,2.2181530728767993,7.0,25.0,7000.0,0.32626176797049466
k_io,2,3,20.0,130.0,193170.279923147,2.2181530728767993,7.0,25.0,7500.0,0.2802092232400282
k_io,2,3,20.0,130.0,193170.279923147,2.2181530728767993,7.0,25.0,8000.0,0.20543917362246467
k_io,2,3,20.0,130.0,193170.279923147,2.2181530728767993,7.0,25.0,8500.0,0.0892377887774413
k_io,2,3,20.0,130.0,193170.279923147,2.2181530728767993,7.0,25.0,9000.0,-0.07229994743672447
k_io,2,3,20.0,130.0,193170.279923147,2.2181530728767993,7.0,25.0,9500.0,-0.2698237875824244
k_io,2,3,20.0,130.0,193170.279923147,2.2181530728767993,7.0,25.0,10000.0,-0.47424188486528324
k_io,2,3,20.0,130.0,193170.279923147,2.2181530728767993,7.0,25.0,10500.0,-0.6402271791095824
k_io,2,3,20.0,130.0,193170.279923147,2.2181530728767993,7.0,25.0,11000.0,-0.7355514653767726
k_io,2,3,20.0,130.0,193170.279923147,2.2181530728767993,7.0,25.0,11500.0,-0.7651611460835187
k_io,2,3,20.0,130.0,193170.279923147,2.2181530728767993,7.0,25.0,12000.0,-0.7562038624725946
k_io,2,3,20.0,130.0,193170.279923147,2.2181530728767993,10.0,30.0,0.0,
k_io,2,3,20.0,130.0,193170.279923147,2.2181530728767993,10.0,30.0,500.0,0.5078822608961228
k_io,2,3,20.0,130.0,193170.279923147,2.2181530728767993,10.0,30.0,1000.0,0.28687168585987016
k_io,2,3,20.0,130.0,193170.279923147,2.2181530728767993,10.0,30.0,1500.0,0.10060197444140608
k_io,2,3,20.0,130.0,193170.279923147,2.2181530728767993,10.0,30.0,2000.0,0.12826461419638072
k_io,2,3,20.0,130.0,193170.279923147,2.2181530728767993,10.0,30.0,2500.0,0.17276967359158016
k_io,2,3,20.0,130.0,193170.279923147,2.2181530728767993,10.0,30.0,3000.0,0.22765991616396927
k_io,2,3,20.0,130.0,193170.279923147,2.2181530728767993,10.0,30.0,3500.0,0.32997832340829103
k_io,2,3,20.0,130.0,193170.279923147,2.2181530728767993,10.0,30.0,4000.0,0.430237602506983
k_io,2,3,20.0,130.0,193170.279923147,2.2181530728767993,10.0,30.0,4500.0,0.4313856138985262
k_io,2,3,20.0,130.0,193170.279923147,2.2181530728767993,10.0,30.0,5000.0,0.3502938367399966
k_io,2,3,20.0,130.0,193170.279923147,2.2181530728767993,10.0,30.0,5500.0,0.2895121507612103
k_io,2,3,20.0,130.0,193170.279923147,2.2181530728767993,10.0,30.0,6000.0,0.2913211957895038
k_io,2,3,20.0,130.0,193170.279923147,2.2181530728767993,10.0,30.0,6500.0,0.3299323359663185
k_io,2,3,20.0,130.0,193170.279923147,2.2181530728767993,10.0,30.0,7000.0,0.3601745640384908
k_io,2,3,20.0,130.0,193170.279923147,2.2181530728767993,10.0,30.0,7500.0,0.34317777993814297
k_io,2,3,20.0,130.0,193170.279923147,2.2181530728767993,10.0,30.0,8000.0,0.2627378730240245
k_io,2,3,20.0,130.0,193170.279923147,2.2181530728767993,10.0,30.0,8500.0,0.14151834124149612
k_io,2,3,20.0,130.0,193170.279923147,2.2181530728767993,10.0,30.0,9000.0,0.02526366045756561
k_io,2,3,20.0,130.0,193170.279923147,2.2181530728767993,10.0,30.0,9500.0,-0.05589406694088793
k_io,2,3,20.0,130.0,193170.279923147,2.2181530728767993,10.0,30.0,10000.0,-0.09675215873332019
k_io,2,3,20.0,130.0,193170.279923147,2.2181530728767993,10.0,30.0,10500.0,-0.10481848411593533
k_io,2,3,20.0,130.0,193170.279923147,2.2181530728767993,10.0,30.0,11000.0,-0.0905588633576835
k_io,2,3,20.0,130.0,193170.279923147,2.2181530728767993,10.0,30.0,11500.0,-0.06354744706436764
k_io,2,3,20.0,130.0,193170.279923147,2.2181530728767993,10.0,30.0,12000.0,-0.031512106423288326
k_io,2,3,20.0,130.0,193170.279923147,2.2181530728767993,12.0,36.0,0.0,
k_io,2,3,20.0,130.0,193170.279923147,2.2181530728767993,12.0,36.0,500.0,0.5274143142863846
k_io,2,3,20.0,130.0,193170.279923147,2.2181530728767993,12.0,36.0,1000.0,0.4208508625952221
k_io,2,3,20.0,130.0,193170.279923147,2.2181530728767993,12.0,36.0,1500.0,0.3027875846940398
k_io,2,3,20.0,130.0,193170.279923147,2.2181530728767993,12.0,36.0,2000.0,0.3110619919054626
k_io,2,3,20.0,130.0,193170.279923147,2.2181530728767993,12.0,36.0,2500.0,0.32880507679667076
k_io,2,3,20.0,130.0,193170.279923147,2.2181530728767993,12.0,36.0,3000.0,0.2720371583987506
k_io,2,3,20.0,130.0,193170.279923147,2.2181530728767993,12.0,36.0,3500.0,0.2573850978055318
k_io,2,3,20.0,130.0,193170.279923147,2.2181530728767993,12.0,36.0,4000.0,0.41375476162824787
k_io,2,3,20.0,130.0,193170.279923147,2.2181530728767993,12.0,36.0,4500.0,0.5473977267275082
k_io,2,3,20.0,130.0,193170.279923147,2.2181530728767993,12.0,36.0,5000.0,0.5111475585969595
k_io,2,3,20.0,130.0,193170.279923147,2.2181530728767993,12.0,36.0,5500.0,0.4180159297175752
k_io,2,3,20.0,130.0,193170.279923147,2.2181530728767993,12.0,36.0,6000.0,0.3451242502237642
k_io,2,3,20.0,130.0,193170.279923147,2.2181530728767993,12.0,36.0,6500.0,0.2961305730363739
k_io,2,3,20.0,130.0,193170.279923147,2.2181530728767993,12.0,36.0,7000.0,0.25737904176292975
k_io,2,3,20.0,130.0,193170.279923147,2.2181530728767993,12.0,36.0,7500.0,0.2205038532321638
k_io,2,3,20.0,130.0,193170.279923147,2.2181530728767993,12.0,36.0,8000.0,0.1854846111414391
k_io,2,3,20.0,130.0,193170.279923147,2.2181530728767993,12.0,36.0,8500.0,0.15906258822380112
k_io,2,3,20.0,130.0,193170.279923147,2.2181530728767993,12.0,36.0,9000.0,0.14952398999307995
k_io,2,3,20.0,130.0,193170.279923147,2.2181530728767993,12.0,36.0,9500.0,0.15911717231341535
k_io,2,3,20.0,130.0,193170.279923147,2.2181530728767993,12.0,36.0,10000.0,0.1819551706741951
k_io,2,3,20.0,130.0,193170.279923147,2.2181530728767993,12.0,36.0,10500.0,0.20806713326879608
k_io,2,3,20.0,130.0,193170.279923147,2.2181530728767993,12.0,36.0,11000.0,0.2288532534116655
k_io,2,3,20.0,130.0,193170.279923147,2.2181530728767993,12.0,36.0,11500.0,0.24158814298312917
k_io,2,3,20.0,130.0,193170.279923147,2.2181530728767993,12.0,36.0,12000.0,0.2506288983667918
k_io,2,3,20.0,130.0,193170.279923147,2.2181530728767993,15.0,40.0,0.0,
k_io,2,3,20.0,130.0,193170.279923147,2.2181530728767993,15.0,40.0,500.0,0.676278460568836
k_io,2,3,20.0,130.0,193170.279923147,2.2181530728767993,15.0,40.0,1000.0,0.6607774007916579
k_io,2,3,20.0,130.0,193170.279923147,2.2181530728767993,15.0,40.0,1500.0,0.4201232316848626
k_io,2,3,20.0,130.0,193170.279923147,2.2181530728767993,15.0,40.0,2000.0,0.1341858935421622
k_io,2,3,20.0,130.0,193170.279923147,2.2181530728767993,15.0,40.0,2500.0,-0.08714381798828279
k_io,2,3,20.0,130.0,193170.279923147,2.2181530728767993,15.0,40.0,3000.0,-0.22757978398767673
k_io,2,3,20.0,130.0,193170.279923147,2.2181530728767993,15.0,40.0,3500.0,-0.1988193053626898
k_io,2,3,20.0,130.0,193170.279923147,2.2181530728767993,15.0,40.0,4000.0,0.14067537374085073
k_io,2,3,20.0,130.0,193170.279923147,2.2181530728767993,15.0,40.0,4500.0,0.6329862457951041
k_io,2,3,20.0,130.0,193170.279923147,2.2181530728767993,15.0,40.0,5000.0,0.6907409190887223
k_io,2,3,20.0,130.0,193170.279923147,2.2181530728767993,15.0,40.0,5500.0,0.5084427025220067
k_io,2,3,20.0,130.0,193170.279923147,2.2181530728767993,15.0,40.0,6000.0,0.3538414832958371
k_io,2,3,20.0,130.0,193170.279923147,2.2181530728767993,15.0,40.0,6500.0,0.24670744142892045
k_io,2,3,20.0,130.0,193170.279923147,2.2181530728767993,15.0,40.0,7000.0,0.17309595220289928
k_io,2,3,20.0,130.0,193170.279923147,2.2181530728767993,15.0,40.0,7500.0,0.14012083828302774
k_io,2,3,20.0,130.0,193170.279923147,2.2181530728767993,15.0,40.0,8000.0,0.16380059871492333
k_io,2,3,20.0,130.0,193170.279923147,2.2181530728767993,15.0,40.0,8500.0,0.248515549335863
k_io,2,3,20.0,130.0,193170.279923147,2.2181530728767993,15.0,40.0,9000.0,0.3770769126906897
k_io,2,3,20.0,130.0,193170.279923147,2.2181530728767993,15.0,40.0,9500.0,0.509730917732675
k_io,2,3,20.0,130.0,193170.279923147,2.2181530728767993,15.0,40.0,10000.0,0.6015340573961532
k_io,2,3,20.0,130.0,193170.279923147,2.2181530728767993,15.0,40.0,10500.0,0.6390003557733533
k_io,2,3,20.0,130.0,193170.279923147,2.2181530728767993,15.0,40.0,11000.0,0.6451885955767231
k_io,2,3,20.0,130.0,193170.279923147,2.2181530728767993,15.0,40.0,11500.0,0.6477371313399829
k_io,2,3,20.0,130.0,193170.279923147,2.2181530728767993,15.0,40.0,12000.0,0.6602014653060274
k_io,2,3,20.0,130.0,193170.279923147,2.2181530728767993,20.0,50.0,0.0,
k_io,2,3,20.0,130.0,193170.279923147,2.2181530728767993,20.0,50.0,500.0,0.3178903616728631
k_io,2,3,20.0,130.0,193170.279923147,2.2181530728767993,20.0,50.0,1000.0,0.4407142543947713
k_io,2,3,20.0,130.0,193170.279923147,2.2181530728767993,20.0,50.0,1500.0,0.5628656412412809
k_io,2,3,20.0,130.0,193170.279923147,2.2181530728767993,20.0,50.0,2000.0,0.2310750598344472
k_io,2,3,20.0,130.0,193170.279923147,2.2181530728767993,20.0,50.0,2500.0,-0.08771118072660586
k_io,2,3,20.0,130.0,193170.279923147,2.2181530728767993,20.0,50.0,3000.0,-0.011760785715704627
k_io,2,3,20.0,130.0,193170.279923147,2.2181530728767993,20.0,50.0,3500.0,0.18403586934802582
k_io,2,3,20.0,130.0,193170.279923147,2.2181530728767993,20.0,50.0,4000.0,0.34279154663844114
k_io,2,3,20.0,130.0,193170.279923147,2.2181530728767993,20.0,50.0,4500.0,0.35437660774438723
k_io,2,3,20.0,130.0,193170.279923147,2.2181530728767993,20.0,50.0,5000.0,0.16349826047589147
k_io,2,3,20.0,130.0,193170.279923147,2.2181530728767993,20.0,50.0,5500.0,-0.1177008500709647
k_io,2,3,20.0,130.0,193170.279923147,2.2181530728767993,20.0,50.0,6000.0,-0.3349206961927618
k_io,2,3,20.0,130.0,193170.279923147,2.2181530728767993,20.0,50.0,6500.0,-0.45031105992931064
k_io,2,3,20.0,130.0,193170.279923147,2.2181530728767993,20.0,50.0,7000.0,-0.4728874022189213
k_io,2,3,20.0,130.0,193170.279923147,2.2181530728767993,20.0,50.0,7500.0,-0.3990682907758801
k_io,2,3,20.0,130.0,193170.279923147,2.2181530728767993,20.0,50.0,8000.0,-0.22243008745975076
k_io,2,3,20.0,130.0,193170.279923147,2.2181530728767993,20.0,50.0,8500.0,0.03197087025066977
k_io,2,3,20.0,130.0,193170.279923147,2.2181530728767993,20.0,50.0,9000.0,0.30417813676478855
k_io,2,3,20.0,130.0,193170.279923147,2.2181530728767993,20.0,50.0,9500.0,0.5269651447531422
k_io,2,3,20.0,130.0,193170.279923147,2.2181530728767993,20.0,50.0,10000.0,0.6498363390243521
k_io,2,3,20.0,130.0,193170.279923147,2.2181530728767993,20.0,50.0,10500.0,0.6616556560674464
k_io,2,3,20.0,130.0,193170.279923147,2.2181530728767993,20.0,50.0,11000.0,0.5869341828698191
k_io,2,3,20.0,130.0,193170.279923147,2.2181530728767993,20.0,50.0,11500.0,0.46445312985735354
k_io,2,3,20.0,130.0,193170.279923147,2.2181530728767993,20.0,50.0,12000.0,0.3356192865389619
k_io,2,3,20.0,130.0,193170.279923147,2.2181530728767993,25.0,60.0,0.0,
k_io,2,3,20.0,130.0,193170.279923147,2.2181530728767993,25.0,60.0,500.0,0.03957242766976543
k_io,2,3,20.0,130.0,193170.279923147,2.2181530728767993,25.0,60.0,1000.0,-0.059932217150190224
k_io,2,3,20.0,130.0,193170.279923147,2.2181530728767993,25.0,60.0,1500.0,-0.21066532747390893
k_io,2,3,20.0,130.0,193170.279923147,2.2181530728767993,25.0,60.0,2000.0,-0.23411968860438212
k_io,2,3,20.0,130.0,193170.279923147,2.2181530728767993,25.0,60.0,2500.0,0.08151873315235338
k_io,2,3,20.0,130.0,193170.279923147,2.2181530728767993,25.0,60.0,3000.0,0.4741812640144432
k_io,2,3,20.0,130.0,193170.279923147,2.2181530728767993,25.0,60.0,3500.0,0.570865436461088
k_io,2,3,20.0,130.0,193170.279923147,2.2181530728767993,25.0,60.0,4000.0,0.424166612806449
k_io,2,3,20.0,130.0,193170.279923147,2.2181530728767993,25.0,60.0,4500.0,0.2507167210936531
k_io,2,3,20.0,130.0,193170.279923147,2.2181530728767993,25.0,60.0,5000.0,0.062176802237395544
k_io,2,3,20.0,130.0,193170.279923147,2.2181530728767993,25.0,60.0,5500.0,-0.15706098907701374
k_io,2,3,20.0,130.0,193170.279923147,2.2181530728767993,25.0,60.0,6000.0,-0.3644016908732543
k_io,2,3,20.0,130.0,193170.279923147,2.2181530728767993,25.0,60.0,6500.0,-0.49287180060064323
k_io,2,3,20.0,130.0,193170.279923147,2.2181530728767993,25.0,60.0,7000.0,-0.544920396301851
k_io,2,3,20.0,130.0,193170.279923147,2.2181530728767993,25.0,60.0,7500.0,-0.5648723035945384
k_io,2,3,20.0,130.0,193170.279923147,2.2181530728767993,25.0,60.0,8000.0,-0.5772116350174237
k_io,2,3,20.0,130.0,193170.279923147,2.2181530728767993,25.0,60.0,8500.0,-0.5862786952590064
k_io,2,3,20.0,130.0,193170.279923147,2.2181530728767993,25.0,60.0,9000.0,-0.5900745717831123
k_io,2,3,20.0,130.0,193170.279923147,2.2181530728767993,25.0,60.0,9500.0,-0.5859423222140887
k_io,2,3,20.0,130.0,193170.279923147,2.2181530728767993,25.0,60.0,10000.0,-0.5704664446378555
k_io,2,3,20.0,130.0,193170.279923147,2.2181530728767993,25.0,60.0,10500.0,-0.5370687399797377
k_io,2,3,20.0,130.0,193170.279923147,2.2181530728767993,25.0,60.0,11000.0,-0.4724121097738954
k_io,2,3,20.0,130.0,193170.279923147,2.2181530728767993,25.0,60.0,11500.0,-0.352513453838719
k_io,2,3,20.0,130.0,193170.279923147,2.2181530728767993,25.0,60.0,12000.0,-0.1478399054456867
k_io,2,3,20.0,130.0,193170.279923147,2.2181530728767993,30.0,80.0,0.0,
k_io,2,3,20.0,130.0,193170.279923147,2.2181530728767993,30.0,80.0,500.0,0.4002883147477627
k_io,2,3,20.0,130.0,193170.279923147,2.2181530728767993,30.0,80.0,1000.0,0.2993514029302257
k_io,2,3,20.0,130.0,193170.279923147,2.2181530728767993,30.0,80.0,1500.0,0.24671854249506123
k_io,2,3,20.0,130.0,193170.279923147,2.2181530728767993,30.0,80.0,2000.0,0.15677719704019435
k_io,2,3,20.0,130.0,193170.279923147,2.2181530728767993,30.0,80.0,2500.0,0.07675132540696662
k_io,2,3,20.0,130.0,193170.279923147,2.2181530728767993,30.0,80.0,3000.0,0.08956813175574514
k_io,2,3,20.0,130.0,193170.279923147,2.2181530728767993,30.0,80.0,3500.0,0.1904111409240167
k_io,2,3,20.0,130.0,193170.279923147,2.2181530728767993,30.0,80.0,4000.0,0.2755877142173562
k_io,2,3,20.0,130.0,193170.279923147,2.2181530728767993,30.0,80.0,4500.0,0.3290387435077043
k_io,2,3,20.0,130.0,193170.279923147,2.2181530728767993,30.0,80.0,5000.0,0.3659097218318094
k_io,2,3,20.0,130.0,193170.279923147,2.2181530728767993,30.0,80.0,5500.0,0.38056488030430846
k_io,2,3,20.0,130.0,193170.279923147,2.2181530728767993,30.0,80.0,6000.0,0.3511655506351194
k_io,2,3,20.0,130.0,193170.279923147,2.2181530728767993,30.0,80.0,6500.0,0.25363607591575266
k_io,2,3,20.0,130.0,193170.279923147,2.2181530728767993,30.0,80.0,7000.0,0.08111347800760825
k_io,2,3,20.0,130.0,193170.279923147,2.2181530728767993,30.0,80.0,7500.0,-0.1395347880274968
k_io,2,3,20.0,130.0,193170.279923147,2.2181530728767993,30.0,80.0,8000.0,-0.35351954315753076
k_io,2,3,20.0,130.0,193170.279923147,2.2181530728767993,30.0,80.0,8500.0,-0.5027795824386051
k_io,2,3,20.0,130.0,193170.279923147,2.2181530728767993,30.0,80.0,9000.0,-0.5428513784805334
k_io,2,3,20.0,130.0,193170.279923147,2.2181530728767993,30.0,80.0,9500.0,-0.44868136114594304
k_io,2,3,20.0,130.0,193170.279923147,2.2181530728767993,30.0,80.0,10000.0,-0.23551089393731967
k_io,2,3,20.0,130.0,193170.279923147,2.2181530728767993,30.0,80.0,10500.0,0.025535452721885413
k_io,2,3,20.0,130.0,193170.279923147,2.2181530728767993,30.0,80.0,11000.0,0.2545719283740944
k_io,2,3,20.0,130.0,193170.279923147,2.2181530728767993,30.0,80.0,11500.0,0.411512820133751
k_io,2,3,20.0,130.0,193170.279923147,2.2181530728767993,30.0,80.0,12000.0,0.48686491009213756
k_io,7,8,0.0,20.0,517515.7520415927,0.9023710836969228,5.0,15.0,0.0,
k_io,7,8,0.0,20.0,517515.7520415927,0.9023710836969228,5.0,15.0,500.0,0.9378847766892998
k_io,7,8,0.0,20.0,517515.7520415927,0.9023710836969228,5.0,15.0,1000.0,0.9550244683573798
k_io,7,8,0.0,20.0,517515.7520415927,0.9023710836969228,5.0,15.0,1500.0,0.9549089334164291
k_io,7,8,0.0,20.0,517515.7520415927,0.9023710836969228,5.0,15.0,2000.0,0.8545927566329612
k_io,7,8,0.0,20.0,517515.7520415927,0.9023710836969228,5.0,15.0,2500.0,0.6695216540063994
k_io,7,8,0.0,20.0,517515.7520415927,0.9023710836969228,5.0,15.0,3000.0,0.6216193859684223
k_io,7,8,0.0,20.0,517515.7520415927,0.9023710836969228,5.0,15.0,3500.0,0.6858731398216958
k_io,7,8,0.0,20.0,517515.7520415927,0.9023710836969228,5.0,15.0,4000.0,0.7613563836726467
k_io,7,8,0.0,20.0,517515.7520415927,0.9023710836969228,5.0,15.0,4500.0,0.8013148571621379
k_io,7,8,0.0,20.0,517515.7520415927,0.9023710836969228,5.0,15.0,5000.0,0.8078896675708173
k_io,7,8,0.0,20.0,517515.7520415927,0.9023710836969228,5.0,15.0,5500.0,0.7962657647445355
k_io,7,8,0.0,20.0,517515.7520415927,0.9023710836969228,5.0,15.0,6000.0,0.7715014234422902
k_io,7,8,0.0,20.0,517515.7520415927,0.9023710836969228,5.0,15.0,6500.0,0.7351140266695227
k_io,7,8,0.0,20.0,517515.7520415927,0.9023710836969228,5.0,15.0,7000.0,0.695978966873117
k_io,7,8,0.0,20.0,517515.7520415927,0.9023710836969228,5.0,15.0,7500.0,0.6643350036274946
k_io,7,8,0.0,20.0,517515.7520415927,0.9023710836969228,5.0,15.0,8000.0,0.6439718998988795
k_io,7,8,0.0,20.0,517515.7520415927,0.9023710836969228,5.0,15.0,8500.0,0.6338647247858717
k_io,7,8,0.0,20.0,517515.7520415927,0.9023710836969228,5.0,15.0,9000.0,0.6335466744446641
k_io,7,8,0.0,20.0,517515.7520415927,0.9023710836969228,5.0,15.0,9500.0,0.6456592852469158
k_io,7,8,0.0,20.0,517515.7520415927,0.9023710836969228,5.0,15.0,10000.0,0.6741955850160359
k_io,7,8,0.0,20.0,517515.7520415927,0.9023710836969228,5.0,15.0,10500.0,0.7204027649386686
k_io,7,8,0.0,20.0,517515.7520415927,0.9023710836969228,5.0,15.0,11000.0,0.7795429340236301
k_io,7,8,0.0,20.0,517515.7520415927,0.9023710836969228,5.0,15.0,11500.0,0.8413746902900898
k_io,7,8,0.0,20.0,517515.7520415927,0.9023710836969228,5.0,15.0,12000.0,0.894376730317463
k_io,7,8,0.0,20.0,517515.7520415927,0.9023710836969228,7.0,25.0,0.0,
k_io,7,8,0.0,20.0,517515.7520415927,0.9023710836969228,7.0,25.0,500.0,0.6028850721836834
k_io,7,8,0.0,20.0,517515.7520415927,0.9023710836969228,7.0,25.0,1000.0,0.48606433352652384
k_io,7,8,0.0,20.0,517515.7520415927,0.9023710836969228,7.0,25.0,1500.0,0.3815942927472518
k_io,7,8,0.0,20.0,517515.7520415927,0.9023710836969228,7.0,25.0,2000.0,0.39678710992106525
k_io,7,8,0.0,20.0,517515.7520415927,0.9023710836969228,7.0,25.0,2500.0,0.48620080096899454
k_io,7,8,0.0,20.0,517515.7520415927,0.9023710836969228,7.0,25.0,3000.0,0.6223032604497384
k_io,7,8,0.0,20.0,517515.7520415927,0.9023710836969228,7.0,25.0,3500.0,0.7576310130199947
k_io,7,8,0.0,20.0,517515.7520415927,0.9023710836969228,7.0,25.0,4000.0,0.8476170268016067
k_io,7,8,0.0,20.0,517515.7520415927,0.9023710836969228,7.0,25.0,4500.0,0.8874130435760229
k_io,7,8,0.0,20.0,517515.7520415927,0.9023710836969228,7.0,25.0,5000.0,0.8898601860673296
k_io,7,8,0.0,20.0,517515.7520415927,0.9023710836969228,7.0,25.0,5500.0,0.8665250687077992
k_io,7,8,0.0,20.0,517515.7520415927,0.9023710836969228,7.0,25.0,6000.0,0.8270722498552968
k_io,7,8,0.0,20.0,517515.7520415927,0.9023710836969228,7.0,25.0,6500.0,0.7802299062313008
k_io,7,8,0.0,20.0,517515.7520415927,0.9023710836969228,7.0,25.0,7000.0,0.7326660652595323
k_io,7,8,0.0,20.0,517515.7520415927,0.9023710836969228,7.0,25.0,7500.0,0.6882459502160022
k_io,7,8,0.0,20.0,517515.7520415927,0.9023710836969228,7.0,25.0,8000.0,0.648733308108402
k_io,7,8,0.0,20.0,517515.7520415927,0.9023710836969228,7.0,25.0,8500.0,0.6144400081326674
k_io,7,8,0.0,20.0,517515.7520415927,0.9023710836969228,7.0,25.0,9000.0,0.5842135257155929
k_io,7,8,0.0,20.0,517515.7520415927,0.9023710836969228,7.0,25.0,9500.0,0.5556130235289009
k_io,7,8,0.0,20.0,517515.7520415927,0.9023710836969228,7.0,25.0,10000.0,0.5255968282639875
k_io,7,8,0.0,20.0,517515.7520415927,0.9023710836969228,7.0,25.0,10500.0,0.4917270090210561
k_io,7,8,0.0,20.0,517515.7520415927,0.9023710836969228,7.0,25.0,11000.0,0.454007322702097
k_io,7,8,0.0,20.0,517515.7520415927,0.9023710836969228,7.0,25.0,11500.0,0.41671905046378693
k_io,7,8,0.0,20.0,517515.7520415927,0.9023710836969228,7.0,25.0,12000.0,0.3880595796805479
k_io,7,8,0.0,20.0,517515.7520415927,0.9023710836969228,10.0,30.0,0.0,
k_io,7,8,0.0,20.0,517515.7520415927,0.9023710836969228,10.0,30.0,500.0,0.6137765092913627
k_io,7,8,0.0,20.0,517515.7520415927,0.9023710836969228,10.0,30.0,1000.0,0.4489118096702031
k_io,7,8,0.0,20.0,517515.7520415927,0.9023710836969228,10.0,30.0,1500.0,0.4349105218502631
k_io,7,8,0.0,20.0,517515.7520415927,0.9023710836969228,10.0,30.0,2000.0,0.484474685696194
k_io,7,8,0.0,20.0,517515.7520415927,0.9023710836969228,10.0,30.0,2500.0,0.5302986311713164
k_io,7,8,0.0,20.0,517515.7520415927,0.9023710836969228,10.0,30.0,3000.0,0.5660829473476571
k_io,7,8,0.0,20.0,517515.7520415927,0.9023710836969228,10.0,30.0,3500.0,0.596285043607657
k_io,7,8,0.0,20.0,517515.7520415927,0.9023710836969228,10.0,30.0,4000.0,0.6162525661520829
k_io,7,8,0.0,20.0,517515.7520415927,0.9023710836969228,10.0,30.0,4500.0,0.6246125171367773
k_io,7,8,0.0,20.0,517515.7520415927,0.9023710836969228,10.0,30.0,5000.0,0.632805870009884
k_io,7,8,0.0,20.0,517515.7520415927,0.9023710836969228,10.0,30.0,5500.0,0.6528390642265728
k_io,7,8,0.0,20.0,517515.7520415927,0.9023710836969228,10.0,30.0,6000.0,0.6852158722254694
k_io,7,8,0.0,20.0,517515.7520415927,0.9023710836969228,10.0,30.0,6500.0,0.723409901826969
k_io,7,8,0.0,20.0,517515.7520415927,0.9023710836969228,10.0,30.0,7000.0,0.7615876653331789
k_io,7,8,0.0,20.0,517515.7520415927,0.9023710836969228,10.0,30.0,7500.0,0.7961318664735392
k_io,7,8,0.0,20.0,517515.7520415927,0.9023710836969228,10.0,30.0,8000.0,0.823997552011332
k_io,7,8,0.0,20.0,517515.7520415927,0.9023710836969228,10.0,30.0,8500.0,0.84115793633751
k_io,7,8,0.0,20.0,517515.7520415927,0.9023710836969228,10.0,30.0,9000.0,0.8419928143264414
k_io,7,8,0.0,20.0,517515.7520415927,0.9023710836969228,10.0,30.0,9500.0,0.8197283926646517
k_io,7,8,0.0,20.0,517515.7520415927,0.9023710836969228,10.0,30.0,10000.0,0.7677950426871284
k_io,7,8,0.0,20.0,517515.7520415927,0.9023710836969228,10.0,30.0,10500.0,0.6817715365501109
k_io,7,8,0.0,20.0,517515.7520415927,0.9023710836969228,10.0,30.0,11000.0,0.5629233704779815
k_io,7,8,0.0,20.0,517515.7520415927,0.9023710836969228,10.0,30.0,11500.0,0.4271699703564241
k_io,7,8,0.0,20.0,517515.7520415927,0.9023710836969228,10.0,30.0,12000.0,0.3044328781959469
k_io,7,8,0.0,20.0,517515.7520415927,0.9023710836969228,12.0,36.0,0.0,
k_io,7,8,0.0,20.0,517515.7520415927,0.9023710836969228,12.0,36.0,500.0,0.7465132026027996
k_io,7,8,0.0,20.0,517515.7520415927,0.9023710836969228,12.0,36.0,1000.0,0.6347424697962228
k_io,7,8,0.0,20.0,517515.7520415927,0.9023710836969228,12.0,36.0,1500.0,0.5475912728842633
k_io,7,8,0.0,20.0,517515.7520415927,0.9023710836969228,12.0,36.0,2000.0,0.4569684083928907
k_io,7,8,0.0,20.0,517515.7520415927,0.9023710836969228,12.0,36.0,2500.0,0.21427133105038942
k_io,7,8,0.0,20.0,517515.7520415927,0.9023710836969228,12.0,36.0,3000.0,0.006195765113486619
k_io,7,8,0.0,20.0,517515.7520415927,0.9023710836969228,12.0,36.0,3500.0,0.0054420439324822404
k_io,7,8,0.0,20.0,517515.7520415927,0.9023710836969228,12.0,36.0,4000.0,0.05851002645706185
k_io,7,8,0.0,20.0,517515.7520415927,0.9023710836969228,12.0,36.0,4500.0,0.0926102325549423
k_io,7,8,0.0,20.0,517515.7520415927,0.9023710836969228,12.0,36.0,5000.0,0.10668127157148952
k_io,7,8,0.0,20.0,517515.7520415927,0.9023710836969228,12.0,36.0,5500.0,0.11002664886528922
k_io,7,8,0.0,20.0,517515.7520415927,0.9023710836969228,12.0,36.0,6000.0,0.10711059335259025
k_io,7,8,0.0,20.0,517515.7520415927,0.9023710836969228,12.0,36.0,6500.0,0.10683973750739163
k_io,7,8,0.0,20.0,517515.7520415927,0.9023710836969228,12.0,36.0,7000.0,0.13473669166440855
k_io,7,8,0.0,20.0,517515.7520415927,0.9023710836969228,12.0,36.0,7500.0,0.21970432231597303
k_io,7,8,0.0,20.0,517515.7520415927,0.9023710836969228,12.0,36.0,8000.0,0.3503774851007507
k_io,7,8,0.0,20.0,517515.7520415927,0.9023710836969228,12.0,36.0,8500.0,0.47731832063685437
k_io,7,8,0.0,20.0,517515.7520415927,0.9023710836969228,12.0,36.0,9000.0,0.5691159515527158
k_io,7,8,0.0,20.0,517515.7520415927,0.9023710836969228,12.0,36.0,9500.0,0.6231354781960594
k_io,7,8,0.0,20.0,517515.7520415927,0.9023710836969228,12.0,36.0,10000.0,0.646788221000104
k_io,7,8,0.0,20.0,517515.7520415927,0.9023710836969228,12.0,36.0,10500.0,0.6474244698799216
k_io,7,8,0.0,20.0,517515.7520415927,0.9023710836969228,12.0,36.0,11000.0,0.6308444318713811
k_io,7,8,0.0,20.0,517515.7520415927,0.9023710836969228,12.0,36.0,11500.0,0.6025995230151074
k_io,7,8,0.0,20.0,517515.7520415927,0.9023710836969228,12.0,36.0,12000.0,0.569254930148467
k_io,7,8,0.0,20.0,517515.7520415927,0.9023710836969228,15.0,40.0,0.0,
k_io,7,8,0.0,20.0,517515.7520415927,0.9023710836969228,15.0,40.0,500.0,0.6879591086441075
k_io,7,8,0.0,20.0,517515.7520415927,0.9023710836969228,15.0,40.0,1000.0,0.6634900231739576
k_io,7,8,0.0,20.0,517515.7520415927,0.9023710836969228,15.0,40.0,1500.0,0.5806362375907321
k_io,7,8,0.0,20.0,517515.7520415927,0.9023710836969228,15.0,40.0,2000.0,0.4437373378797829
k_io,7,8,0.0,20.0,517515.7520415927,0.9023710836969228,15.0,40.0,2500.0,0.25798727123633114
k_io,7,8,0.0,20.0,517515.7520415927,0.9023710836969228,15.0,40.0,3000.0,0.08915316076129358
k_io,7,8,0.0,20.0,517515.7520415927,0.9023710836969228,15.0,40.0,3500.0,0.06636271947478814
k_io,7,8,0.0,20.0,517515.7520415927,0.9023710836969228,15.0,40.0,4000.0,0.17890390357422337
k_io,7,8,0.0,20.0,517515.7520415927,0.9023710836969228,15.0,40.0,4500.0,0.29363567061257506
k_io,7,8,0.0,20.0,517515.7520415927,0.9023710836969228,15.0,40.0,5000.0,0.3623581487542512
k_io,7,8,0.0,20.0,517515.7520415927,0.9023710836969228,15.0,40.0,5500.0,0.38420062596637344
k_io,7,8,0.0,20.0,517515.7520415927,0.9023710836969228,15.0,40.0,6000.0,0.3654928734928725
k_io,7,8,0.0,20.0,517515.7520415927,0.9023710836969228,15.0,40.0,6500.0,0.31387265593240543
k_io,7,8,0.0,20.0,517515.7520415927,0.9023710836969228,15.0,40.0,7000.0,0.2450441655182073
k_io,7,8,0.0,20.0,517515.7520415927,0.9023710836969228,15.0,40.0,7500.0,0.18766169591572512
k_io,7,8,0.0,20.0,517515.7520415927,0.9023710836969228,15.0,40.0,8000.0,0.1711682824722666
k_io,7,8,0.0,20.0,517515.7520415927,0.9023710836969228,15.0,40.0,8500.0,0.20472189458084802
k_io,7,8,0.0,20.0,517515.7520415927,0.9023710836969228,15.0,40.0,9000.0,0.2735879404593266
k_io,7,8,0.0,20.0,517515.7520415927,0.9023710836969228,15.0,40.0,9500.0,0.3541694687487152
k_io,7,8,0.0,20.0,517515.7520415927,0.9023710836969228,15.0,40.0,10000.0,0.42778233424749273
k_io,7,8,0.0,20.0,517515.7520415927,0.9023710836969228,15.0,40.0,10500.0,0.4844491830828387
k_io,7,8,0.0,20.0,517515.7520415927,0.9023710836969228,15.0,40.0,11000.0,0.5208577300786936
k_io,7,8,0.0,20.0,517515.7520415927,0.9023710836969228,15.0,40.0,11500.0,0.5374824043972711
k_io,7,8,0.0,20.0,517515.7520415927,0.9023710836969228,15.0,40.0,12000.0,0.5367821701172117
k_io,7,8,0.0,20.0,517515.7520415927,0.9023710836969228,20.0,50.0,0.0,
k_io,7,8,0.0,20.0,517515.7520415927,0.9023710836969228,20.0,50.0,500.0,0.6921537792903055
k_io,7,8,0.0,20.0,517515.7520415927,0.9023710836969228,20.0,50.0,1000.0,0.7816165072883279
k_io,7,8,0.0,20.0,517515.7520415927,0.9023710836969228,20.0,50.0,1500.0,0.8389927446131535
k_io,7,8,0.0,20.0,517515.7520415927,0.9023710836969228,20.0,50.0,2000.0,0.871359757859315
k_io,7,8,0.0,20.0,517515.7520415927,0.9023710836969228,20.0,50.0,2500.0,0.8649585759176726
k_io,7,8,0.0,20.0,517515.7520415927,0.9023710836969228,20.0,50.0,3000.0,0.8579544463005867
k_io,7,8,0.0,20.0,517515.7520415927,0.9023710836969228,20.0,50.0,3500.0,0.8539594257905572
k_io,7,8,0.0,20.0,517515.7520415927,0.9023710836969228,20.0,50.0,4000.0,0.8485233883719772
k_io,7,8,0.0,20.0,517515.7520415927,0.9023710836969228,20.0,50.0,4500.0,0.8417980878739841
k_io,7,8,0.0,20.0,517515.7520415927,0.9023710836969228,20.0,50.0,5000.0,0.8373970867671183
k_io,7,8,0.0,20.0,517515.7520415927,0.9023710836969228,20.0,50.0,5500.0,0.8345959490168374
k_io,7,8,0.0,20.0,517515.7520415927,0.9023710836969228,20.0,50.0,6000.0,0.8266678911778108
k_io,7,8,0.0,20.0,517515.7520415927,0.9023710836969228,20.0,50.0,6500.0,0.8074935839781553
k_io,7,8,0.0,20.0,517515.7520415927,0.9023710836969228,20.0,50.0,7000.0,0.7759088930665927
k_io,7,8,0.0,20.0,517515.7520415927,0.9023710836969228,20.0,50.0,7500.0,0.7351757587676684
k_io,7,8,0.0,20.0,517515.7520415927,0.9023710836969228,20.0,50.0,8000.0,0.691142502905653
k_io,7,8,0.0,20.0,517515.7520415927,0.9023710836969228,20.0,50.0,8500.0,0.6511101193403187
k_io,7,8,0.0,20.0,517515.7520415927,0.9023710836969228,20.0,50.0,9000.0,0.6226669937465045
k_io,7,8,0.0,20.0,517515.7520415927,0.9023710836969228,20.0,50.0,9500.0,0.6112100293906633
k_io,7,8,0.0,20.0,517515.7520415927,0.9023710836969228,20.0,50.0,10000.0,0.6168870127997839
k_io,7,8,0.0,20.0,517515.7520415927,0.9023710836969228,20.0,50.0,10500.0,0.6337761718731543
k_io,7,8,0.0,20.0,517515.7520415927,0.9023710836969228,20.0,50.0,11000.0,0.6529012757715077
k_io,7,8,0.0,20.0,517515.7520415927,0.9023710836969228,20.0,50.0,11500.0,0.6668725393803637
k_io,7,8,0.0,20.0,517515.7520415927,0.9023710836969228,20.0,50.0,12000.0,0.6725637471364303
k_io,7,8,0.0,20.0,517515.7520415927,0.9023710836969228,25.0,60.0,0.0,
k_io,7,8,0.0,20.0,517515.7520415927,0.9023710836969228,25.0,60.0,500.0,0.7609777119580893
k_io,7,8,0.0,20.0,517515.7520415927,0.9023710836969228,25.0,60.0,1000.0,0.7560065674945315
k_io,7,8,0.0,20.0,517515.7520415927,0.9023710836969228,25.0,60.0,1500.0,0.7042645695467552
k_io,7,8,0.0,20.0,517515.7520415927,0.9023710836969228,25.0,60.0,2000.0,0.6932346267498131
k_io,7,8,0.0,20.0,517515.7520415927,0.9023710836969228,25.0,60.0,2500.0,0.6789004647508888
k_io,7,8,0.0,20.0,517515.7520415927,0.9023710836969228,25.0,60.0,3000.0,0.6321736696291288
k_io,7,8,0.0,20.0,517515.7520415927,0.9023710836969228,25.0,60.0,3500.0,0.5456500918293911
k_io,7,8,0.0,20.0,517515.7520415927,0.9023710836969228,25.0,60.0,4000.0,0.42457839874605563
k_io,7,8,0.0,20.0,517515.7520415927,0.9023710836969228,25.0,60.0,4500.0,0.29898151625601993
k_io,7,8,0.0,20.0,517515.7520415927,0.9023710836969228,25.0,60.0,5000.0,0.2166556460459952
k_io,7,8,0.0,20.0,517515.7520415927,0.9023710836969228,25.0,60.0,5500.0,0.20523969511215537
k_io,7,8,0.0,20.0,517515.7520415927,0.9023710836969228,25.0,60.0,6000.0,0.2508809723846582
k_io,7,8,0.0,20.0,517515.7520415927,0.9023710836969228,25.0,60.0,6500.0,0.32091436108528854
k_io,7,8,0.0,20.0,517515.7520415927,0.9023710836969228,25.0,60.0,7000.0,0.38701829452412034
k_io,7,8,0.0,20.0,517515.7520415927,0.9023710836969228,25.0,60.0,7500.0,0.42927347605615257
k_io,7,8,0.0,20.0,517515.7520415927,0.9023710836969228,25.0,60.0,8000.0,0.4368801254160897
k_io,7,8,0.0,20.0,517515.7520415927,0.9023710836969228,25.0,60.0,8500.0,0.4126551883519898
k_io,7,8,0.0,20.0,517515.7520415927,0.9023710836969228,25.0,60.0,9000.0,0.3724804621870706
k_io,7,8,0.0,20.0,517515.7520415927,0.9023710836969228,25.0,60.0,9500.0,0.33282017205486186
k_io,7,8,0.0,20.0,517515.7520415927,0.9023710836969228,25.0,60.0,10000.0,0.29789677044155366
k_io,7,8,0.0,20.0,517515.7520415927,0.9023710836969228,25.0,60.0,10500.0,0.26137819844713767
k_io,7,8,0.0,20.0,517515.7520415927,0.9023710836969228,25.0,60.0,11000.0,0.21671396002329377
k_io,7,8,0.0,20.0,517515.7520415927,0.9023710836969228,25.0,60.0,11500.0,0.1624067314813728
k_io,7,8,0.0,20.0,517515.7520415927,0.9023710836969228,25.0,60.0,12000.0,0.10076004456066331
k_io,7,8,0.0,20.0,517515.7520415927,0.9023710836969228,30.0,80.0,0.0,
k_io,7,8,0.0,20.0,517515.7520415927,0.9023710836969228,30.0,80.0,500.0,0.5706255422515182
k_io,7,8,0.0,20.0,517515.7520415927,0.9023710836969228,30.0,80.0,1000.0,0.4411697267549229
k_io,7,8,0.0,20.0,517515.7520415927,0.9023710836969228,30.0,80.0,1500.0,0.05739813585623196
k_io,7,8,0.0,20.0,517515.7520415927,0.9023710836969228,30.0,80.0,2000.0,-0.3291360145059543
k_io,7,8,0.0,20.0,517515.7520415927,0.9023710836969228,30.0,80.0,2500.0,-0.55703673410343
k_io,7,8,0.0,20.0,517515.7520415927,0.9023710836969228,30.0,80.0,3000.0,-0.5713311880527057
k_io,7,8,0.0,20.0,517515.7520415927,0.9023710836969228,30.0,80.0,3500.0,-0.4238621559273785
k_io,7,8,0.0,20.0,517515.7520415927,0.9023710836969228,30.0,80.0,4000.0,-0.24973628136020126
k_io,7,8,0.0,20.0,517515.7520415927,0.9023710836969228,30.0,80.0,4500.0,-0.10847598489112381
k_io,7,8,0.0,20.0,517515.7520415927,0.9023710836969228,30.0,80.0,5000.0,-0.0048390558697560555
k_io,7,8,0.0,20.0,517515.7520415927,0.9023710836969228,30.0,80.0,5500.0,0.06175735855271351
k_io,7,8,0.0,20.0,517515.7520415927,0.9023710836969228,30.0,80.0,6000.0,0.08651778095599376
k_io,7,8,0.0,20.0,517515.7520415927,0.9023710836969228,30.0,80.0,6500.0,0.06416657868870193
k_io,7,8,0.0,20.0,517515.7520415927,0.9023710836969228,30.0,80.0,7000.0,-0.005396525477273904
k_io,7,8,0.0,20.0,517515.7520415927,0.9023710836969228,30.0,80.0,7500.0,-0.11469358891192834
k_io,7,8,0.0,20.0,517515.7520415927,0.9023710836969228,30.0,80.0,8000.0,-0.24907994767742414
k_io,7,8,0.0,20.0,517515.7520415927,0.9023710836969228,30.0,80.0,8500.0,-0.3885367334401967
k_io,7,8,0.0,20.0,517515.7520415927,0.9023710836969228,30.0,80.0,9000.0,-0.5115608083683553
k_io,7,8,0.0,20.0,517515.7520415927,0.9023710836969228,30.0,80.0,9500.0,-0.6029084678345743
k_io,7,8,0.0,20.0,517515.7520415927,0.9023710836969228,30.0,80.0,10000.0,-0.6605500200266925
k_io,7,8,0.0,20.0,517515.7520415927,0.9023710836969228,30.0,80.0,10500.0,-0.6929356828499896
k_io,7,8,0.0,20.0,517515.7520415927,0.9023710836969228,30.0,80.0,11000.0,-0.7090377703292791
k_io,7,8,0.0,20.0,517515.7520415927,0.9023710836969228,30.0,80.0,11500.0,-0.7116794845815698
k_io,7,8,0.0,20.0,517515.7520415927,0.9023710836969228,30.0,80.0,12000.0,-0.6963108714173791
k_io,8,9,20.0,130.0,517515.7520415927,0.9023710836969228,5.0,15.0,0.0,
k_io,8,9,20.0,130.0,517515.7520415927,0.9023710836969228,5.0,15.0,500.0,0.37144466175434254
k_io,8,9,20.0,130.0,517515.7520415927,0.9023710836969228,5.0,15.0,1000.0,0.6222906009819716
k_io,8,9,20.0,130.0,517515.7520415927,0.9023710836969228,5.0,15.0,1500.0,0.6923255106218882
k_io,8,9,20.0,130.0,517515.7520415927,0.9023710836969228,5.0,15.0,2000.0,0.419634462171182
k_io,8,9,20.0,130.0,517515.7520415927,0.9023710836969228,5.0,15.0,2500.0,0.007212257146321949
k_io,8,9,20.0,130.0,517515.7520415927,0.9023710836969228,5.0,15.0,3000.0,-0.16595242656755763
k_io,8,9,20.0,130.0,517515.7520415927,0.9023710836969228,5.0,15.0,3500.0,-0.06061295448316972
k_io,8,9,20.0,130.0,517515.7520415927,0.9023710836969228,5.0,15.0,4000.0,0.13793737741156759
k_io,8,9,20.0,130.0,517515.7520415927,0.9023710836969228,5.0,15.0,4500.0,0.2903550040526971
k_io,8,9,20.0,130.0,517515.7520415927,0.9023710836969228,5.0,15.0,5000.0,0.3483339034814131
k_io,8,9,20.0,130.0,517515.7520415927,0.9023710836969228,5.0,15.0,5500.0,0.31780012575574823
k_io,8,9,20.0,130.0,517515.7520415927,0.9023710836969228,5.0,15.0,6000.0,0.2366519385840976
k_io,8,9,20.0,130.0,517515.7520415927,0.9023710836969228,5.0,15.0,6500.0,0.16233266470709196
k_io,8,9,20.0,130.0,517515.7520415927,0.9023710836969228,5.0,15.0,7000.0,0.13740574245508422
k_io,8,9,20.0,130.0,517515.7520415927,0.9023710836969228,5.0,15.0,7500.0,0.16711367332991917
k_io,8,9,20.0,130.0,517515.7520415927,0.9023710836969228,5.0,15.0,8000.0,0.2307008807390333
k_io,8,9,20.0,130.0,517515.7520415927,0.9023710836969228,5.0,15.0,8500.0,0.30047877252524763
k_io,8,9,20.0,130.0,517515.7520415927,0.9023710836969228,5.0,15.0,9000.0,0.35689914639640735
k_io,8,9,20.0,130.0,517515.7520415927,0.9023710836969228,5.0,15.0,9500.0,0.3938734519338763
k_io,8,9,20.0,130.0,517515.7520415927,0.9023710836969228,5.0,15.0,10000.0,0.41272366131303806
k_io,8,9,20.0,130.0,517515.7520415927,0.9023710836969228,5.0,15.0,10500.0,0.4161020804237906
k_io,8,9,20.0,130.0,517515.7520415927,0.9023710836969228,5.0,15.0,11000.0,0.4072932026738895
k_io,8,9,20.0,130.0,517515.7520415927,0.9023710836969228,5.0,15.0,11500.0,0.3911039226123968
k_io,8,9,20.0,130.0,517515.7520415927,0.9023710836969228,5.0,15.0,12000.0,0.37292409588532976
k_io,8,9,20.0,130.0,517515.7520415927,0.9023710836969228,7.0,25.0,0.0,
k_io,8,9,20.0,130.0,517515.7520415927,0.9023710836969228,7.0,25.0,500.0,0.6257906894386716
k_io,8,9,20.0,130.0,517515.7520415927,0.9023710836969228,7.0,25.0,1000.0,0.7366679896580934
k_io,8,9,20.0,130.0,517515.7520415927,0.9023710836969228,7.0,25.0,1500.0,0.692562114772016
k_io,8,9,20.0,130.0,517515.7520415927,0.9023710836969228,7.0,25.0,2000.0,0.6233664477048875
k_io,8,9,20.0,130.0,517515.7520415927,0.9023710836969228,7.0,25.0,2500.0,0.5607571617732566
k_io,8,9,20.0,130.0,517515.7520415927,0.9023710836969228,7.0,25.0,3000.0,0.5226221860776484
k_io,8,9,20.0,130.0,517515.7520415927,0.9023710836969228,7.0,25.0,3500.0,0.49439007742748575
k_io,8,9,20.0,130.0,517515.7520415927,0.9023710836969228,7.0,25.0,4000.0,0.45799539850375337
k_io,8,9,20.0,130.0,517515.7520415927,0.9023710836969228,7.0,25.0,4500.0,0.42496391622160584
k_io,8,9,20.0,130.0,517515.7520415927,0.9023710836969228,7.0,25.0,5000.0,0.41365586716051533
k_io,8,9,20.0,130.0,517515.7520415927,0.9023710836969228,7.0,25.0,5500.0,0.41689139482109006
k_io,8,9,20.0,130.0,517515.7520415927,0.9023710836969228,7.0,25.0,6000.0,0.4117439609664009
k_io,8,9,20.0,130.0,517515.7520415927,0.9023710836969228,7.0,25.0,6500.0,0.3778538510864066
k_io,8,9,20.0,130.0,517515.7520415927,0.9023710836969228,7.0,25.0,7000.0,0.30868607505687956
k_io,8,9,20.0,130.0,517515.7520415927,0.9023710836969228,7.0,25.0,7500.0,0.21563273942524508
k_io,8,9,20.0,130.0,517515.7520415927,0.9023710836969228,7.0,25.0,8000.0,0.11541892256665094
k_io,8,9,20.0,130.0,517515.7520415927,0.9023710836969228,7.0,25.0,8500.0,0.009198718053149733
k_io,8,9,20.0,130.0,517515.7520415927,0.9023710836969228,7.0,25.0,9000.0,-0.118393881194687
k_io,8,9,20.0,130.0,517515.7520415927,0.9023710836969228,7.0,25.0,9500.0,-0.2782670082989941
k_io,8,9,20.0,130.0,517515.7520415927,0.9023710836969228,7.0,25.0,10000.0,-0.45688461163720556
k_io,8,9,20.0,130.0,517515.7520415927,0.9023710836969228,7.0,25.0,10500.0,-0.6197666596897483
k_io,8,9,20.0,130.0,517515.7520415927,0.9023710836969228,7.0,25.0,11000.0,-0.7391916096503844
k_io,8,9,20.0,130.0,517515.7520415927,0.9023710836969228,7.0,25.0,11500.0,-0.8101399970869624
k_io,8,9,20.0,130.0,517515.7520415927,0.9023710836969228,7.0,25.0,12000.0,-0.8400214079306233
k_io,8,9,20.0,130.0,517515.7520415927,0.9023710836969228,10.0,30.0,0.0,
k_io,8,9,20.0,130.0,517515.7520415927,0.9023710836969228,10.0,30.0,500.0,0.6907872778505236
k_io,8,9,20.0,130.0,517515.7520415927,0.9023710836969228,10.0,30.0,1000.0,0.686493723511569
k_io,8,9,20.0,130.0,517515.7520415927,0.9023710836969228,10.0,30.0,1500.0,0.7488739975651241
k_io,8,9,20.0,130.0,517515.7520415927,0.9023710836969228,10.0,30.0,2000.0,0.8017944883863326
k_io,8,9,20.0,130.0,517515.7520415927,0.9023710836969228,10.0,30.0,2500.0,0.7549866652537301
k_io,8,9,20.0,130.0,517515.7520415927,0.9023710836969228,10.0,30.0,3000.0,0.6278084126728939
k_io,8,9,20.0,130.0,517515.7520415927,0.9023710836969228,10.0,30.0,3500.0,0.5173534280532547
k_io,8,9,20.0,130.0,517515.7520415927,0.9023710836969228,10.0,30.0,4000.0,0.4758518454284836
k_io,8,9,20.0,130.0,517515.7520415927,0.9023710836969228,10.0,30.0,4500.0,0.477015629920849
k_io,8,9,20.0,130.0,517515.7520415927,0.9023710836969228,10.0,30.0,5000.0,0.45212086690095665
k_io,8,9,20.0,130.0,517515.7520415927,0.9023710836969228,10.0,30.0,5500.0,0.36153669856837345
k_io,8,9,20.0,130.0,517515.7520415927,0.9023710836969228,10.0,30.0,6000.0,0.2483319383211309
k_io,8,9,20.0,130.0,517515.7520415927,0.9023710836969228,10.0,30.0,6500.0,0.1774842630820336
k_io,8,9,20.0,130.0,517515.7520415927,0.9023710836969228,10.0,30.0,7000.0,0.1761192204071175
k_io,8,9,20.0,130.0,517515.7520415927,0.9023710836969228,10.0,30.0,7500.0,0.23240399729861394
k_io,8,9,20.0,130.0,517515.7520415927,0.9023710836969228,10.0,30.0,8000.0,0.3131356152020792
k_io,8,9,20.0,130.0,517515.7520415927,0.9023710836969228,10.0,30.0,8500.0,0.3853461552713273
k_io,8,9,20.0,130.0,517515.7520415927,0.9023710836969228,10.0,30.0,9000.0,0.43336703135014215
k_io,8,9,20.0,130.0,517515.7520415927,0.9023710836969228,10.0,30.0,9500.0,0.4588991963846703
k_io,8,9,20.0,130.0,517515.7520415927,0.9023710836969228,10.0,30.0,10000.0,0.46769524598304935
k_io,8,9,20.0,130.0,517515.7520415927,0.9023710836969228,10.0,30.0,10500.0,0.4563515491966508
k_io,8,9,20.0,130.0,517515.7520415927,0.9023710836969228,10.0,30.0,11000.0,0.4073134255843579
k_io,8,9,20.0,130.0,517515.7520415927,0.9023710836969228,10.0,30.0,11500.0,0.306823226410581
k_io,8,9,20.0,130.0,517515.7520415927,0.9023710836969228,10.0,30.0,12000.0,0.17940667048363396
k_io,8,9,20.0,130.0,517515.7520415927,0.9023710836969228,12.0,36.0,0.0,
k_io,8,9,20.0,130.0,517515.7520415927,0.9023710836969228,12.0,36.0,500.0,0.28350812168632455
k_io,8,9,20.0,130.0,517515.7520415927,0.9023710836969228,12.0,36.0,1000.0,0.2713975284940714
k_io,8,9,20.0,130.0,517515.7520415927,0.9023710836969228,12.0,36.0,1500.0,0.36943024159643456
k_io,8,9,20.0,130.0,517515.7520415927,0.9023710836969228,12.0,36.0,2000.0,0.5453564973924107
k_io,8,9,20.0,130.0,517515.7520415927,0.9023710836969228,12.0,36.0,2500.0,0.45008507606573805
k_io,8,9,20.0,130.0,517515.7520415927,0.9023710836969228,12.0,36.0,3000.0,0.011445516635484697
k_io,8,9,20.0,130.0,517515.7520415927,0.9023710836969228,12.0,36.0,3500.0,-0.25315937059858185
k_io,8,9,20.0,130.0,517515.7520415927,0.9023710836969228,12.0,36.0,4000.0,-0.2541809719914469
k_io,8,9,20.0,130.0,517515.7520415927,0.9023710836969228,12.0,36.0,4500.0,-0.0911201113413448
k_io,8,9,20.0,130.0,517515.7520415927,0.9023710836969228,12.0,36.0,5000.0,0.10681555885428476
k_io,8,9,20.0,130.0,517515.7520415927,0.9023710836969228,12.0,36.0,5500.0,0.23865826182139097
k_io,8,9,20.0,130.0,517515.7520415927,0.9023710836969228,12.0,36.0,6000.0,0.291359851432037
k_io,8,9,20.0,130.0,517515.7520415927,0.9023710836969228,12.0,36.0,6500.0,0.29072588310000147
k_io,8,9,20.0,130.0,517515.7520415927,0.9023710836969228,12.0,36.0,7000.0,0.2485408292827336
k_io,8,9,20.0,130.0,517515.7520415927,0.9023710836969228,12.0,36.0,7500.0,0.15968966629119272
k_io,8,9,20.0,130.0,517515.7520415927,0.9023710836969228,12.0,36.0,8000.0,0.02842489304882
k_io,8,9,20.0,130.0,517515.7520415927,0.9023710836969228,12.0,36.0,8500.0,-0.11191625724515726
k_io,8,9,20.0,130.0,517515.7520415927,0.9023710836969228,12.0,36.0,9000.0,-0.22196305852160197
k_io,8,9,20.0,130.0,517515.7520415927,0.9023710836969228,12.0,36.0,9500.0,-0.28802916063843437
k_io,8,9,20.0,130.0,517515.7520415927,0.9023710836969228,12.0,36.0,10000.0,-0.31594014125103576
k_io,8,9,20.0,130.0,517515.7520415927,0.9023710836969228,12.0,36.0,10500.0,-0.3136001016476681
k_io,8,9,20.0,130.0,517515.7520415927,0.9023710836969228,12.0,36.0,11000.0,-0.28508579308832055
k_io,8,9,20.0,130.0,517515.7520415927,0.9023710836969228,12.0,36.0,11500.0,-0.23213138270512293
k_io,8,9,20.0,130.0,517515.7520415927,0.9023710836969228,12.0,36.0,12000.0,-0.15713588635423595
k_io,8,9,20.0,130.0,517515.7520415927,0.9023710836969228,15.0,40.0,0.0,
k_io,8,9,20.0,130.0,517515.7520415927,0.9023710836969228,15.0,40.0,500.0,0.3729771884223309
k_io,8,9,20.0,130.0,517515.7520415927,0.9023710836969228,15.0,40.0,1000.0,0.3966254151626616
k_io,8,9,20.0,130.0,517515.7520415927,0.9023710836969228,15.0,40.0,1500.0,0.33888351507890535
k_io,8,9,20.0,130.0,517515.7520415927,0.9023710836969228,15.0,40.0,2000.0,0.3521213364885129
k_io,8,9,20.0,130.0,517515.7520415927,0.9023710836969228,15.0,40.0,2500.0,0.3445030827186269
k_io,8,9,20.0,130.0,517515.7520415927,0.9023710836969228,15.0,40.0,3000.0,0.29090427374281735
k_io,8,9,20.0,130.0,517515.7520415927,0.9023710836969228,15.0,40.0,3500.0,0.2329258628803082
k_io,8,9,20.0,130.0,517515.7520415927,0.9023710836969228,15.0,40.0,4000.0,0.19880388902028234
k_io,8,9,20.0,130.0,517515.7520415927,0.9023710836969228,15.0,40.0,4500.0,0.17263996226572367
k_io,8,9,20.0,130.0,517515.7520415927,0.9023710836969228,15.0,40.0,5000.0,0.12712697430736325
k_io,8,9,20.0,130.0,517515.7520415927,0.9023710836969228,15.0,40.0,5500.0,0.05102935187040812
k_io,8,9,20.0,130.0,517515.7520415927,0.9023710836969228,15.0,40.0,6000.0,-0.05339975629049023
k_io,8,9,20.0,130.0,517515.7520415927,0.9023710836969228,15.0,40.0,6500.0,-0.18023869999800002
k_io,8,9,20.0,130.0,517515.7520415927,0.9023710836969228,15.0,40.0,7000.0,-0.3123682441141468
k_io,8,9,20.0,130.0,517515.7520415927,0.9023710836969228,15.0,40.0,7500.0,-0.41587826586276744
k_io,8,9,20.0,130.0,517515.7520415927,0.9023710836969228,15.0,40.0,8000.0,-0.4641670276332449
k_io,8,9,20.0,130.0,517515.7520415927,0.9023710836969228,15.0,40.0,8500.0,-0.46313977685194413
k_io,8,9,20.0,130.0,517515.7520415927,0.9023710836969228,15.0,40.0,9000.0,-0.43693464246251984
k_io,8,9,20.0,130.0,517515.7520415927,0.9023710836969228,15.0,40.0,9500.0,-0.40534977710051695
k_io,8,9,20.0,130.0,517515.7520415927,0.9023710836969228,15.0,40.0,10000.0,-0.3790874264161258
k_io,8,9,20.0,130.0,517515.7520415927,0.9023710836969228,15.0,40.0,10500.0,-0.3628553854118116
k_io,8,9,20.0,130.0,517515.7520415927,0.9023710836969228,15.0,40.0,11000.0,-0.35806205974914596
k_io,8,9,20.0,130.0,517515.7520415927,0.9023710836969228,15.0,40.0,11500.0,-0.364036028376545
k_io,8,9,20.0,130.0,517515.7520415927,0.9023710836969228,15.0,40.0,12000.0,-0.3782756743926578
k_io,8,9,20.0,130.0,517515.7520415927,0.9023710836969228,20.0,50.0,0.0,
k_io,8,9,20.0,130.0,517515.7520415927,0.9023710836969228,20.0,50.0,500.0,0.11531308345178452
k_io,8,9,20.0,130.0,517515.7520415927,0.9023710836969228,20.0,50.0,1000.0,-0.05382470157631634
k_io,8,9,20.0,130.0,517515.7520415927,0.9023710836969228,20.0,50.0,1500.0,-0.27042760217310347
k_io,8,9,20.0,130.0,517515.7520415927,0.9023710836969228,20.0,50.0,2000.0,-0.12015741359506113
k_io,8,9,20.0,130.0,517515.7520415927,0.9023710836969228,20.0,50.0,2500.0,0.10231006595292058
k_io,8,9,20.0,130.0,517515.7520415927,0.9023710836969228,20.0,50.0,3000.0,0.24184666313203762
k_io,8,9,20.0,130.0,517515.7520415927,0.9023710836969228,20.0,50.0,3500.0,0.34128812869558034
k_io,8,9,20.0,130.0,517515.7520415927,0.9023710836969228,20.0,50.0,4000.0,0.42412309218559097
k_io,8,9,20.0,130.0,517515.7520415927,0.9023710836969228,20.0,50.0,4500.0,0.49225590660770413
k_io,8,9,20.0,130.0,517515.7520415927,0.9023710836969228,20.0,50.0,5000.0,0.5402130874484874
k_io,8,9,20.0,130.0,517515.7520415927,0.9023710836969228,20.0,50.0,5500.0,0.5624715638156349
k_io,8,9,20.0,130.0,517515.7520415927,0.9023710836969228,20.0,50.0,6000.0,0.5580311610868252
k_io,8,9,20.0,130.0,517515.7520415927,0.9023710836969228,20.0,50.0,6500.0,0.531269121782843
k_io,8,9,20.0,130.0,517515.7520415927,0.9023710836969228,20.0,50.0,7000.0,0.48733447337518887
k_io,8,9,20.0,130.0,517515.7520415927,0.9023710836969228,20.0,50.0,7500.0,0.4267039581239052
k_io,8,9,20.0,130.0,517515.7520415927,0.9023710836969228,20.0,50.0,8000.0,0.3465160622806412
k_io,8,9,20.0,130.0,517515.7520415927,0.9023710836969228,20.0,50.0,8500.0,0.2504654866295753
k_io,8,9,20.0,130.0,517515.7520415927,0.9023710836969228,20.0,50.0,9000.0,0.1457745404494375
k_io,8,9,20.0,130.0,517515.7520415927,0.9023710836969228,20.0,50.0,9500.0,0.03563080679684613
k_io,8,9,20.0,130.0,517515.7520415927,0.9023710836969228,20.0,50.0,10000.0,-0.0738358802863309
k_io,8,9,20.0,130.0,517515.7520415927,0.9023710836969228,20.0,50.0,10500.0,-0.16930522596458786
k_io,8,9,20.0,130.0,517515.7520415927,0.9023710836969228,20.0,50.0,11000.0,-0.23390884529523598
k_io,8,9,20.0,130.0,517515.7520415927,0.9023710836969228,20.0,50.0,11500.0,-0.2521766256885897
k_io,8,9,20.0,130.0,517515.7520415927,0.9023710836969228,20.0,50.0,12000.0,-0.21333725783423504
k_io,8,9,20.0,130.0,517515.7520415927,0.9023710836969228,25.0,60.0,0.0,
k_io,8,9,20.0,130.0,517515.7520415927,0.9023710836969228,25.0,60.0,500.0,-0.13266034111977887
k_io,8,9,20.0,130.0,517515.7520415927,0.9023710836969228,25.0,60.0,1000.0,-0.04673784430979869
k_io,8,9,20.0,130.0,517515.7520415927,0.9023710836969228,25.0,60.0,1500.0,0.019362107260170756
k_io,8,9,20.0,130.0,517515.7520415927,0.9023710836969228,25.0,60.0,2000.0,0.1744393619518474
k_io,8,9,20.0,130.0,517515.7520415927,0.9023710836969228,25.0,60.0,2500.0,0.26176712310975775
k_io,8,9,20.0,130.0,517515.7520415927,0.9023710836969228,25.0,60.0,3000.0,0.19582073585150161
k_io,8,9,20.0,130.0,517515.7520415927,0.9023710836969228,25.0,60.0,3500.0,0.07595359007650085
k_io,8,9,20.0,130.0,517515.7520415927,0.9023710836969228,25.0,60.0,4000.0,-0.00838949325843123
k_io,8,9,20.0,130.0,517515.7520415927,0.9023710836969228,25.0,60.0,4500.0,-0.01094625497534264
k_io,8,9,20.0,130.0,517515.7520415927,0.9023710836969228,25.0,60.0,5000.0,0.05993258619617105
k_io,8,9,20.0,130.0,517515.7520415927,0.9023710836969228,25.0,60.0,5500.0,0.16815516835958477
k_io,8,9,20.0,130.0,517515.7520415927,0.9023710836969228,25.0,60.0,6000.0,0.28396487984134167
k_io,8,9,20.0,130.0,517515.7520415927,0.9023710836969228,25.0,60.0,6500.0,0.39191231687935174
k_io,8,9,20.0,130.0,517515.7520415927,0.9023710836969228,25.0,60.0,7000.0,0.477432668627145
k_io,8,9,20.0,130.0,517515.7520415927,0.9023710836969228,25.0,60.0,7500.0,0.5152817369240404
k_io,8,9,20.0,130.0,517515.7520415927,0.9023710836969228,25.0,60.0,8000.0,0.4785554211713092
k_io,8,9,20.0,130.0,517515.7520415927,0.9023710836969228,25.0,60.0,8500.0,0.36634848946504195
k_io,8,9,20.0,130.0,517515.7520415927,0.9023710836969228,25.0,60.0,9000.0,0.21107545199566505
k_io,8,9,20.0,130.0,517515.7520415927,0.9023710836969228,25.0,60.0,9500.0,0.055346763158008336
k_io,8,9,20.0,130.0,517515.7520415927,0.9023710836969228,25.0,60.0,10000.0,-0.06861221081469077
k_io,8,9,20.0,130.0,517515.7520415927,0.9023710836969228,25.0,60.0,10500.0,-0.14791096241344656
k_io,8,9,20.0,130.0,517515.7520415927,0.9023710836969228,25.0,60.0,11000.0,-0.18593523694540773
k_io,8,9,20.0,130.0,517515.7520415927,0.9023710836969228,25.0,60.0,11500.0,-0.19147955955255117
k_io,8,9,20.0,130.0,517515.7520415927,0.9023710836969228,25.0,60.0,12000.0,-0.17143230611621116
k_io,8,9,20.0,130.0,517515.7520415927,0.9023710836969228,30.0,80.0,0.0,
k_io,8,9,20.0,130.0,517515.7520415927,0.9023710836969228,30.0,80.0,500.0,-0.11959043073521512
k_io,8,9,20.0,130.0,517515.7520415927,0.9023710836969228,30.0,80.0,1000.0,-0.03401632664116241
k_io,8,9,20.0,130.0,517515.7520415927,0.9023710836969228,30.0,80.0,1500.0,-0.06853778149583302
k_io,8,9,20.0,130.0,517515.7520415927,0.9023710836969228,30.0,80.0,2000.0,-0.22476381736416864
k_io,8,9,20.0,130.0,517515.7520415927,0.9023710836969228,30.0,80.0,2500.0,-0.3535515000511655
k_io,8,9,20.0,130.0,517515.7520415927,0.9023710836969228,30.0,80.0,3000.0,-0.453664486425407
k_io,8,9,20.0,130.0,517515.7520415927,0.9023710836969228,30.0,80.0,3500.0,-0.5273464444018567
k_io,8,9,20.0,130.0,517515.7520415927,0.9023710836969228,30.0,80.0,4000.0,-0.5235331470954897
k_io,8,9,20.0,130.0,517515.7520415927,0.9023710836969228,30.0,80.0,4500.0,-0.4312418485732101
k_io,8,9,20.0,130.0,517515.7520415927,0.9023710836969228,30.0,80.0,5000.0,-0.30771233673285076
k_io,8,9,20.0,130.0,517515.7520415927,0.9023710836969228,30.0,80.0,5500.0,-0.17022160971037426
k_io,8,9,20.0,130.0,517515.7520415927,0.9023710836969228,30.0,80.0,6000.0,-0.007453686670079986
k_io,8,9,20.0,130.0,517515.7520415927,0.9023710836969228,30.0,80.0,6500.0,0.17599642788423261
k_io,8,9,20.0,130.0,517515.7520415927,0.9023710836969228,30.0,80.0,7000.0,0.34650456453611367
k_io,8,9,20.0,130.0,517515.7520415927,0.9023710836969228,30.0,80.0,7500.0,0.467451554838717
k_io,8,9,20.0,130.0,517515.7520415927,0.9023710836969228,30.0,80.0,8000.0,0.5351116602330358
k_io,8,9,20.0,130.0,517515.7520415927,0.9023710836969228,30.0,80.0,8500.0,0.5768066876884294
k_io,8,9,20.0,130.0,517515.7520415927,0.9023710836969228,30.0,80.0,9000.0,0.6193771278219333
k_io,8,9,20.0,130.0,517515.7520415927,0.9023710836969228,30.0,80.0,9500.0,0.6641354555473863
k_io,8,9,20.0,130.0,517515.7520415927,0.9023710836969228,30.0,80.0,10000.0,0.6918455098003051
k_io,8,9,20.0,130.0,517515.7520415927,0.9023710836969228,30.0,80.0,10500.0,0.6870475536230427
k_io,8,9,20.0,130.0,517515.7520415927,0.9023710836969228,30.0,80.0,11000.0,0.64958256087313
k_io,8,9,20.0,130.0,517515.7520415927,0.9023710836969228,30.0,80.0,11500.0,0.5889366248913528
k_io,8,9,20.0,130.0,517515.7520415927,0.9023710836969228,30.0,80.0,12000.0,0.5148439211074984
k_io,13,14,0.0,20.0,1390103.6228368934,0.36545072371170084,5.0,15.0,0.0,
k_io,13,14,0.0,20.0,1390103.6228368934,0.36545072371170084,5.0,15.0,500.0,0.7647656365293878
k_io,13,14,0.0,20.0,1390103.6228368934,0.36545072371170084,5.0,15.0,1000.0,0.6733211367968565
k_io,13,14,0.0,20.0,1390103.6228368934,0.36545072371170084,5.0,15.0,1500.0,0.6030325166039774
k_io,13,14,0.0,20.0,1390103.6228368934,0.36545072371170084,5.0,15.0,2000.0,0.5037510033811179
k_io,13,14,0.0,20.0,1390103.6228368934,0.36545072371170084,5.0,15.0,2500.0,0.4486292529012035
k_io,13,14,0.0,20.0,1390103.6228368934,0.36545072371170084,5.0,15.0,3000.0,0.4720795975624343
k_io,13,14,0.0,20.0,1390103.6228368934,0.36545072371170084,5.0,15.0,3500.0,0.5430945106095477
k_io,13,14,0.0,20.0,1390103.6228368934,0.36545072371170084,5.0,15.0,4000.0,0.616747618957866
k_io,13,14,0.0,20.0,1390103.6228368934,0.36545072371170084,5.0,15.0,4500.0,0.6597204827420203
k_io,13,14,0.0,20.0,1390103.6228368934,0.36545072371170084,5.0,15.0,5000.0,0.6815194141535996
k_io,13,14,0.0,20.0,1390103.6228368934,0.36545072371170084,5.0,15.0,5500.0,0.7093559871284737
k_io,13,14,0.0,20.0,1390103.6228368934,0.36545072371170084,5.0,15.0,6000.0,0.7497865734316481
k_io,13,14,0.0,20.0,1390103.6228368934,0.36545072371170084,5.0,15.0,6500.0,0.7884661960542284
k_io,13,14,0.0,20.0,1390103.6228368934,0.36545072371170084,5.0,15.0,7000.0,0.8114162634376414
k_io,13,14,0.0,20.0,1390103.6228368934,0.36545072371170084,5.0,15.0,7500.0,0.8128330795372053
k_io,13,14,0.0,20.0,1390103.6228368934,0.36545072371170084,5.0,15.0,8000.0,0.791501013715176
k_io,13,14,0.0,20.0,1390103.6228368934,0.36545072371170084,5.0,15.0,8500.0,0.7487921648996577
k_io,13,14,0.0,20.0,1390103.6228368934,0.36545072371170084,5.0,15.0,9000.0,0.6925184678134605
k_io,13,14,0.0,20.0,1390103.6228368934,0.36545072371170084,5.0,15.0,9500.0,0.6413676452747373
k_io,13,14,0.0,20.0,1390103.6228368934,0.36545072371170084,5.0,15.0,10000.0,0.6158540875200174
k_io,13,14,0.0,20.0,1390103.6228368934,0.36545072371170084,5.0,15.0,10500.0,0.6212827632739076
k_io,13,14,0.0,20.0,1390103.6228368934,0.36545072371170084,5.0,15.0,11000.0,0.648968466324576
k_io,13,14,0.0,20.0,1390103.6228368934,0.36545072371170084,5.0,15.0,11500.0,0.688668404167054
k_io,13,14,0.0,20.0,1390103.6228368934,0.36545072371170084,5.0,15.0,12000.0,0.7337596560457741
k_io,13,14,0.0,20.0,1390103.6228368934,0.36545072371170084,7.0,25.0,0.0,
k_io,13,14,0.0,20.0,1390103.6228368934,0.36545072371170084,7.0,25.0,500.0,0.6538512146395757
k_io,13,14,0.0,20.0,1390103.6228368934,0.36545072371170084,7.0,25.0,1000.0,0.321770886858133
k_io,13,14,0.0,20.0,1390103.6228368934,0.36545072371170084,7.0,25.0,1500.0,0.1581301641425511
k_io,13,14,0.0,20.0,1390103.6228368934,0.36545072371170084,7.0,25.0,2000.0,0.310718063511127
k_io,13,14,0.0,20.0,1390103.6228368934,0.36545072371170084,7.0,25.0,2500.0,0.34632821233749544
k_io,13,14,0.0,20.0,1390103.6228368934,0.36545072371170084,7.0,25.0,3000.0,0.29594353532620554
k_io,13,14,0.0,20.0,1390103.6228368934,0.36545072371170084,7.0,25.0,3500.0,0.2263255897595513
k_io,13,14,0.0,20.0,1390103.6228368934,0.36545072371170084,7.0,25.0,4000.0,0.19131656702564814
k_io,13,14,0.0,20.0,1390103.6228368934,0.36545072371170084,7.0,25.0,4500.0,0.22514912871989867
k_io,13,14,0.0,20.0,1390103.6228368934,0.36545072371170084,7.0,25.0,5000.0,0.3152852766830557
k_io,13,14,0.0,20.0,1390103.6228368934,0.36545072371170084,7.0,25.0,5500.0,0.4136280482092704
k_io,13,14,0.0,20.0,1390103.6228368934,0.36545072371170084,7.0,25.0,6000.0,0.4888455429919718
k_io,13,14,0.0,20.0,1390103.6228368934,0.36545072371170084,7.0,25.0,6500.0,0.5405265671559446
k_io,13,14,0.0,20.0,1390103.6228368934,0.36545072371170084,7.0,25.0,7000.0,0.5765444934422685
k_io,13,14,0.0,20.0,1390103.6228368934,0.36545072371170084,7.0,25.0,7500.0,0.6002245655253626
k_io,13,14,0.0,20.0,1390103.6228368934,0.36545072371170084,7.0,25.0,8000.0,0.6106484037045279
k_io,13,14,0.0,20.0,1390103.6228368934,0.36545072371170084,7.0,25.0,8500.0,0.60799243648223
k_io,13,14,0.0,20.0,1390103.6228368934,0.36545072371170084,7.0,25.0,9000.0,0.5980138362546694
k_io,13,14,0.0,20.0,1390103.6228368934,0.36545072371170084,7.0,25.0,9500.0,0.5902270726610459
k_io,13,14,0.0,20.0,1390103.6228368934,0.36545072371170084,7.0,25.0,10000.0,0.5907998723244422
k_io,13,14,0.0,20.0,1390103.6228368934,0.36545072371170084,7.0,25.0,10500.0,0.5980553342416817
k_io,13,14,0.0,20.0,1390103.6228368934,0.36545072371170084,7.0,25.0,11000.0,0.603871992627147
k_io,13,14,0.0,20.0,1390103.6228368934,0.36545072371170084,7.0,25.0,11500.0,0.5975626422650873
k_io,13,14,0.0,20.0,1390103.6228368934,0.36545072371170084,7.0,25.0,12000.0,0.5695955584741728
k_io,13,14,0.0,20.0,1390103.6228368934,0.36545072371170084,10.0,30.0,0.0,
k_io,13,14,0.0,20.0,1390103.6228368934,0.36545072371170084,10.0,30.0,500.0,0.6668543939942584
k_io,13,14,0.0,20.0,1390103.6228368934,0.36545072371170084,10.0,30.0,1000.0,0.4470075561904385
k_io,13,14,0.0,20.0,1390103.6228368934,0.36545072371170084,10.0,30.0,1500.0,0.35258077118612363
k_io,13,14,0.0,20.0,1390103.6228368934,0.36545072371170084,10.0,30.0,2000.0,0.4262977032867624
k_io,13,14,0.0,20.0,1390103.6228368934,0.36545072371170084,10.0,30.0,2500.0,0.5696014217332773
k_io,13,14,0.0,20.0,1390103.6228368934,0.36545072371170084,10.0,30.0,3000.0,0.64703121179973
k_io,13,14,0.0,20.0,1390103.6228368934,0.36545072371170084,10.0,30.0,3500.0,0.6272214079935666
k_io,13,14,0.0,20.0,1390103.6228368934,0.36545072371170084,10.0,30.0,4000.0,0.5394508583248123
k_io,13,14,0.0,20.0,1390103.6228368934,0.36545072371170084,10.0,30.0,4500.0,0.4417686007464892
k_io,13,14,0.0,20.0,1390103.6228368934,0.36545072371170084,10.0,30.0,5000.0,0.4344281187000839
k_io,13,14,0.0,20.0,1390103.6228368934,0.36545072371170084,10.0,30.0,5500.0,0.509221302394822
k_io,13,14,0.0,20.0,1390103.6228368934,0.36545072371170084,10.0,30.0,6000.0,0.6070299128156209
k_io,13,14,0.0,20.0,1390103.6228368934,0.36545072371170084,10.0,30.0,6500.0,0.7006617877351233
k_io,13,14,0.0,20.0,1390103.6228368934,0.36545072371170084,10.0,30.0,7000.0,0.7822513630642861
k_io,13,14,0.0,20.0,1390103.6228368934,0.36545072371170084,10.0,30.0,7500.0,0.8378365413787688
k_io,13,14,0.0,20.0,1390103.6228368934,0.36545072371170084,10.0,30.0,8000.0,0.8309629873588249
k_io,13,14,0.0,20.0,1390103.6228368934,0.36545072371170084,10.0,30.0,8500.0,0.7635274639114796
k_io,13,14,0.0,20.0,1390103.6228368934,0.36545072371170084,10.0,30.0,9000.0,0.706409437774226
k_io,13,14,0.0,20.0,1390103.6228368934,0.36545072371170084,10.0,30.0,9500.0,0.6897150286553696
k_io,13,14,0.0,20.0,1390103.6228368934,0.36545072371170084,10.0,30.0,10000.0,0.6984194030874502
k_io,13,14,0.0,20.0,1390103.6228368934,0.36545072371170084,10.0,30.0,10500.0,0.7135635077129154
k_io,13,14,0.0,20.0,1390103.6228368934,0.36545072371170084,10.0,30.0,11000.0,0.7235850927837624
k_io,13,14,0.0,20.0,1390103.6228368934,0.36545072371170084,10.0,30.0,11500.0,0.7234350510102096
k_io,13,14,0.0,20.0,1390103.6228368934,0.36545072371170084,10.0,30.0,12000.0,0.712352407463971
k_io,13,14,0.0,20.0,1390103.6228368934,0.36545072371170084,12.0,36.0,0.0,
k_io,13,14,0.0,20.0,1390103.6228368934,0.36545072371170084,12.0,36.0,500.0,0.449544603593223
k_io,13,14,0.0,20.0,1390103.6228368934,0.36545072371170084,12.0,36.0,1000.0,0.43726750906165307
k_io,13,14,0.0,20.0,1390103.6228368934,0.36545072371170084,12.0,36.0,1500.0,0.658624159436143
k_io,13,14,0.0,20.0,1390103.6228368934,0.36545072371170084,12.0,36.0,2000.0,0.8188586069385207
k_io,13,14,0.0,20.0,1390103.6228368934,0.36545072371170084,12.0,36.0,2500.0,0.9146608028813329
k_io,13,14,0.0,20.0,1390103.6228368934,0.36545072371170084,12.0,36.0,3000.0,0.9514821981898642
k_io,13,14,0.0,20.0,1390103.6228368934,0.36545072371170084,12.0,36.0,3500.0,0.9158949039161159
k_io,13,14,0.0,20.0,1390103.6228368934,0.36545072371170084,12.0,36.0,4000.0,0.8184385130936382
k_io,13,14,0.0,20.0,1390103.6228368934,0.36545072371170084,12.0,36.0,4500.0,0.6870564933391546
k_io,13,14,0.0,20.0,1390103.6228368934,0.36545072371170084,12.0,36.0,5000.0,0.5508618251703646
k_io,13,14,0.0,20.0,1390103.6228368934,0.36545072371170084,12.0,36.0,5500.0,0.424933323750808
k_io,13,14,0.0,20.0,1390103.6228368934,0.36545072371170084,12.0,36.0,6000.0,0.3177857366232762
k_io,13,14,0.0,20.0,1390103.6228368934,0.36545072371170084,12.0,36.0,6500.0,0.2662833977469018
k_io,13,14,0.0,20.0,1390103.6228368934,0.36545072371170084,12.0,36.0,7000.0,0.32567220887149095
k_io,13,14,0.0,20.0,1390103.6228368934,0.36545072371170084,12.0,36.0,7500.0,0.46040365323961596
k_io,13,14,0.0,20.0,1390103.6228368934,0.36545072371170084,12.0,36.0,8000.0,0.5772700648182547
k_io,13,14,0.0,20.0,1390103.6228368934,0.36545072371170084,12.0,36.0,8500.0,0.6468016490070538
k_io,13,14,0.0,20.0,1390103.6228368934,0.36545072371170084,12.0,36.0,9000.0,0.6788294747468592
k_io,13,14,0.0,20.0,1390103.6228368934,0.36545072371170084,12.0,36.0,9500.0,0.6863640411781174
k_io,13,14,0.0,20.0,1390103.6228368934,0.36545072371170084,12.0,36.0,10000.0,0.6797030276199506
k_io,13,14,0.0,20.0,1390103.6228368934,0.36545072371170084,12.0,36.0,10500.0,0.667338055871647
k_io,13,14,0.0,20.0,1390103.6228368934,0.36545072371170084,12.0,36.0,11000.0,0.6558619863824968
k_io,13,14,0.0,20.0,1390103.6228368934,0.36545072371170084,12.0,36.0,11500.0,0.6491877016473189
k_io,13,14,0.0,20.0,1390103.6228368934,0.36545072371170084,12.0,36.0,12000.0,0.6484704855508187
k_io,13,14,0.0,20.0,1390103.6228368934,0.36545072371170084,15.0,40.0,0.0,
k_io,13,14,0.0,20.0,1390103.6228368934,0.36545072371170084,15.0,40.0,500.0,0.5081879278640892
k_io,13,14,0.0,20.0,1390103.6228368934,0.36545072371170084,15.0,40.0,1000.0,0.3405749161791461
k_io,13,14,0.0,20.0,1390103.6228368934,0.36545072371170084,15.0,40.0,1500.0,0.4950663767904631
k_io,13,14,0.0,20.0,1390103.6228368934,0.36545072371170084,15.0,40.0,2000.0,0.6705604497027086
k_io,13,14,0.0,20.0,1390103.6228368934,0.36545072371170084,15.0,40.0,2500.0,0.7734996730477747
k_io,13,14,0.0,20.0,1390103.6228368934,0.36545072371170084,15.0,40.0,3000.0,0.8103193301972523
k_io,13,14,0.0,20.0,1390103.6228368934,0.36545072371170084,15.0,40.0,3500.0,0.7999656270363465
k_io,13,14,0.0,20.0,1390103.6228368934,0.36545072371170084,15.0,40.0,4000.0,0.7632592949794672
k_io,13,14,0.0,20.0,1390103.6228368934,0.36545072371170084,15.0,40.0,4500.0,0.7056751380596004
k_io,13,14,0.0,20.0,1390103.6228368934,0.36545072371170084,15.0,40.0,5000.0,0.6064557779673172
k_io,13,14,0.0,20.0,1390103.6228368934,0.36545072371170084,15.0,40.0,5500.0,0.485668347115664
k_io,13,14,0.0,20.0,1390103.6228368934,0.36545072371170084,15.0,40.0,6000.0,0.3849774913341148
k_io,13,14,0.0,20.0,1390103.6228368934,0.36545072371170084,15.0,40.0,6500.0,0.30947504795761993
k_io,13,14,0.0,20.0,1390103.6228368934,0.36545072371170084,15.0,40.0,7000.0,0.2542016809636707
k_io,13,14,0.0,20.0,1390103.6228368934,0.36545072371170084,15.0,40.0,7500.0,0.21442277997665773
k_io,13,14,0.0,20.0,1390103.6228368934,0.36545072371170084,15.0,40.0,8000.0,0.1830716599381458
k_io,13,14,0.0,20.0,1390103.6228368934,0.36545072371170084,15.0,40.0,8500.0,0.15293168114508315
k_io,13,14,0.0,20.0,1390103.6228368934,0.36545072371170084,15.0,40.0,9000.0,0.11944798531331083
k_io,13,14,0.0,20.0,1390103.6228368934,0.36545072371170084,15.0,40.0,9500.0,0.08094865731826945
k_io,13,14,0.0,20.0,1390103.6228368934,0.36545072371170084,15.0,40.0,10000.0,0.03782072858555209
k_io,13,14,0.0,20.0,1390103.6228368934,0.36545072371170084,15.0,40.0,10500.0,-0.008079396017899493
k_io,13,14,0.0,20.0,1390103.6228368934,0.36545072371170084,15.0,40.0,11000.0,-0.05336033706805902
k_io,13,14,0.0,20.0,1390103.6228368934,0.36545072371170084,15.0,40.0,11500.0,-0.09214780179247052
k_io,13,14,0.0,20.0,1390103.6228368934,0.36545072371170084,15.0,40.0,12000.0,-0.11422661673472091
k_io,13,14,0.0,20.0,1390103.6228368934,0.36545072371170084,20.0,50.0,0.0,
k_io,13,14,0.0,20.0,1390103.6228368934,0.36545072371170084,20.0,50.0,500.0,0.5825124165875065
k_io,13,14,0.0,20.0,1390103.6228368934,0.36545072371170084,20.0,50.0,1000.0,0.479235067457029
k_io,13,14,0.0,20.0,1390103.6228368934,0.36545072371170084,20.0,50.0,1500.0,0.4363659578175154
k_io,13,14,0.0,20.0,1390103.6228368934,0.36545072371170084,20.0,50.0,2000.0,0.46220640495139115
k_io,13,14,0.0,20.0,1390103.6228368934,0.36545072371170084,20.0,50.0,2500.0,0.5243321877164092
k_io,13,14,0.0,20.0,1390103.6228368934,0.36545072371170084,20.0,50.0,3000.0,0.5743487299109464
k_io,13,14,0.0,20.0,1390103.6228368934,0.36545072371170084,20.0,50.0,3500.0,0.6012835924467579
k_io,13,14,0.0,20.0,1390103.6228368934,0.36545072371170084,20.0,50.0,4000.0,0.6160396802040295
k_io,13,14,0.0,20.0,1390103.6228368934,0.36545072371170084,20.0,50.0,4500.0,0.6283425923512146
k_io,13,14,0.0,20.0,1390103.6228368934,0.36545072371170084,20.0,50.0,5000.0,0.6431354981418339
k_io,13,14,0.0,20.0,1390103.6228368934,0.36545072371170084,20.0,50.0,5500.0,0.662379048782166
k_io,13,14,0.0,20.0,1390103.6228368934,0.36545072371170084,20.0,50.0,6000.0,0.6851165337526398
k_io,13,14,0.0,20.0,1390103.6228368934,0.36545072371170084,20.0,50.0,6500.0,0.7078636093724204
k_io,13,14,0.0,20.0,1390103.6228368934,0.36545072371170084,20.0,50.0,7000.0,0.7267849511868364
k_io,13,14,0.0,20.0,1390103.6228368934,0.36545072371170084,20.0,50.0,7500.0,0.739444329154295
k_io,13,14,0.0,20.0,1390103.6228368934,0.36545072371170084,20.0,50.0,8000.0,0.7439773514640317
k_io,13,14,0.0,20.0,1390103.6228368934,0.36545072371170084,20.0,50.0,8500.0,0.7366848391694549
k_io,13,14,0.0,20.0,1390103.6228368934,0.36545072371170084,20.0,50.0,9000.0,0.7101156427863397
k_io,13,14,0.0,20.0,1390103.6228368934,0.36545072371170084,20.0,50.0,9500.0,0.6530181711840217
k_io,13,14,0.0,20.0,1390103.6228368934,0.36545072371170084,20.0,50.0,10000.0,0.5542777284358708
k_io,13,14,0.0,20.0,1390103.6228368934,0.36545072371170084,20.0,50.0,10500.0,0.4139369028794952
k_io,13,14,0.0,20.0,1390103.6228368934,0.36545072371170084,20.0,50.0,11000.0,0.2555266167946308
k_io,13,14,0.0,20.0,1390103.6228368934,0.36545072371170084,20.0,50.0,11500.0,0.11643133498337738
k_io,13,14,0.0,20.0,1390103.6228368934,0.36545072371170084,20.0,50.0,12000.0,0.017934243378276735
k_io,13,14,0.0,20.0,1390103.6228368934,0.36545072371170084,25.0,60.0,0.0,
k_io,13,14,0.0,20.0,1390103.6228368934,0.36545072371170084,25.0,60.0,500.0,0.3336375878486303
k_io,13,14,0.0,20.0,1390103.6228368934,0.36545072371170084,25.0,60.0,1000.0,-0.007089500501992868
k_io,13,14,0.0,20.0,1390103.6228368934,0.36545072371170084,25.0,60.0,1500.0,-0.10109839091751374
k_io,13,14,0.0,20.0,1390103.6228368934,0.36545072371170084,25.0,60.0,2000.0,-0.09130801177806652
k_io,13,14,0.0,20.0,1390103.6228368934,0.36545072371170084,25.0,60.0,2500.0,-0.014766770496878618
k_io,13,14,0.0,20.0,1390103.6228368934,0.36545072371170084,25.0,60.0,3000.0,0.060404399518407884
k_io,13,14,0.0,20.0,1390103.6228368934,0.36545072371170084,25.0,60.0,3500.0,0.09296357303689441
k_io,13,14,0.0,20.0,1390103.6228368934,0.36545072371170084,25.0,60.0,4000.0,0.10098621102819379
k_io,13,14,0.0,20.0,1390103.6228368934,0.36545072371170084,25.0,60.0,4500.0,0.12057528369343971
k_io,13,14,0.0,20.0,1390103.6228368934,0.36545072371170084,25.0,60.0,5000.0,0.17615587327299667
k_io,13,14,0.0,20.0,1390103.6228368934,0.36545072371170084,25.0,60.0,5500.0,0.2647570050041949
k_io,13,14,0.0,20.0,1390103.6228368934,0.36545072371170084,25.0,60.0,6000.0,0.35892701834715623
k_io,13,14,0.0,20.0,1390103.6228368934,0.36545072371170084,25.0,60.0,6500.0,0.4305775403301202
k_io,13,14,0.0,20.0,1390103.6228368934,0.36545072371170084,25.0,60.0,7000.0,0.467852470278174
k_io,13,14,0.0,20.0,1390103.6228368934,0.36545072371170084,25.0,60.0,7500.0,0.47066598725713515
k_io,13,14,0.0,20.0,1390103.6228368934,0.36545072371170084,25.0,60.0,8000.0,0.441708909544868
k_io,13,14,0.0,20.0,1390103.6228368934,0.36545072371170084,25.0,60.0,8500.0,0.38435274128516045
k_io,13,14,0.0,20.0,1390103.6228368934,0.36545072371170084,25.0,60.0,9000.0,0.3056890979004547
k_io,13,14,0.0,20.0,1390103.6228368934,0.36545072371170084,25.0,60.0,9500.0,0.2173385926138226
k_io,13,14,0.0,20.0,1390103.6228368934,0.36545072371170084,25.0,60.0,10000.0,0.13066513486962072
k_io,13,14,0.0,20.0,1390103.6228368934,0.36545072371170084,25.0,60.0,10500.0,0.05252564373986377
k_io,13,14,0.0,20.0,1390103.6228368934,0.36545072371170084,25.0,60.0,11000.0,-0.014158021181339724
k_io,13,14,0.0,20.0,1390103.6228368934,0.36545072371170084,25.0,60.0,11500.0,-0.06774384238905373
k_io,13,14,0.0,20.0,1390103.6228368934,0.36545072371170084,25.0,60.0,12000.0,-0.10616711195940665
k_io,13,14,0.0,20.0,1390103.6228368934,0.36545072371170084,30.0,80.0,0.0,
k_io,13,14,0.0,20.0,1390103.6228368934,0.36545072371170084,30.0,80.0,500.0,0.4143466695205043
k_io,13,14,0.0,20.0,1390103.6228368934,0.36545072371170084,30.0,80.0,1000.0,-0.0265576878575519
k_io,13,14,0.0,20.0,1390103.6228368934,0.36545072371170084,30.0,80.0,1500.0,-0.1898819727786225
k_io,13,14,0.0,20.0,1390103.6228368934,0.36545072371170084,30.0,80.0,2000.0,-0.15518156549076478
k_io,13,14,0.0,20.0,1390103.6228368934,0.36545072371170084,30.0,80.0,2500.0,-0.020401138237909806
k_io,13,14,0.0,20.0,1390103.6228368934,0.36545072371170084,30.0,80.0,3000.0,0.13432988175682548
k_io,13,14,0.0,20.0,1390103.6228368934,0.36545072371170084,30.0,80.0,3500.0,0.25571712347638104
k_io,13,14,0.0,20.0,1390103.6228368934,0.36545072371170084,30.0,80.0,4000.0,0.3331340174411139
k_io,13,14,0.0,20.0,1390103.6228368934,0.36545072371170084,30.0,80.0,4500.0,0.37585875649386064
k_io,13,14,0.0,20.0,1390103.6228368934,0.36545072371170084,30.0,80.0,5000.0,0.38938965431851985
k_io,13,14,0.0,20.0,1390103.6228368934,0.36545072371170084,30.0,80.0,5500.0,0.3726935521220596
k_io,13,14,0.0,20.0,1390103.6228368934,0.36545072371170084,30.0,80.0,6000.0,0.32463989140192995
k_io,13,14,0.0,20.0,1390103.6228368934,0.36545072371170084,30.0,80.0,6500.0,0.2505150385830698
k_io,13,14,0.0,20.0,1390103.6228368934,0.36545072371170084,30.0,80.0,7000.0,0.16404785255351698
k_io,13,14,0.0,20.0,1390103.6228368934,0.36545072371170084,30.0,80.0,7500.0,0.0842355113969034
k_io,13,14,0.0,20.0,1390103.6228368934,0.36545072371170084,30.0,80.0,8000.0,0.02901240870963206
k_io,13,14,0.0,20.0,1390103.6228368934,0.36545072371170084,30.0,80.0,8500.0,0.008465883311295438
k_io,13,14,0.0,20.0,1390103.6228368934,0.36545072371170084,30.0,80.0,9000.0,0.021729822769725994
k_io,13,14,0.0,20.0,1390103.6228368934,0.36545072371170084,30.0,80.0,9500.0,0.06016903516348768
k_io,13,14,0.0,20.0,1390103.6228368934,0.36545072371170084,30.0,80.0,10000.0,0.11368735122230397
k_io,13,14,0.0,20.0,1390103.6228368934,0.36545072371170084,30.0,80.0,10500.0,0.17468815156438824
k_io,13,14,0.0,20.0,1390103.6228368934,0.36545072371170084,30.0,80.0,11000.0,0.23832647037462829
k_io,13,14,0.0,20.0,1390103.6228368934,0.36545072371170084,30.0,80.0,11500.0,0.3007611867773753
k_io,13,14,0.0,20.0,1390103.6228368934,0.36545072371170084,30.0,80.0,12000.0,0.3569437359816579
k_io,14,15,20.0,130.0,1390103.6228368934,0.36545072371170084,5.0,15.0,0.0,
k_io,14,15,20.0,130.0,1390103.6228368934,0.36545072371170084,5.0,15.0,500.0,0.05159962824684139
k_io,14,15,20.0,130.0,1390103.6228368934,0.36545072371170084,5.0,15.0,1000.0,0.2660844187827036
k_io,14,15,20.0,130.0,1390103.6228368934,0.36545072371170084,5.0,15.0,1500.0,0.2762126143674917
k_io,14,15,20.0,130.0,1390103.6228368934,0.36545072371170084,5.0,15.0,2000.0,0.06565172337813205
k_io,14,15,20.0,130.0,1390103.6228368934,0.36545072371170084,5.0,15.0,2500.0,0.04579837114274272
k_io,14,15,20.0,130.0,1390103.6228368934,0.36545072371170084,5.0,15.0,3000.0,0.1976160213722879
k_io,14,15,20.0,130.0,1390103.6228368934,0.36545072371170084,5.0,15.0,3500.0,0.3890528545344168
k_io,14,15,20.0,130.0,1390103.6228368934,0.36545072371170084,5.0,15.0,4000.0,0.5382511664322792
k_io,14,15,20.0,130.0,1390103.6228368934,0.36545072371170084,5.0,15.0,4500.0,0.601827350679258
k_io,14,15,20.0,130.0,1390103.6228368934,0.36545072371170084,5.0,15.0,5000.0,0.5949875319205873
k_io,14,15,20.0,130.0,1390103.6228368934,0.36545072371170084,5.0,15.0,5500.0,0.5534114704367682
k_io,14,15,20.0,130.0,1390103.6228368934,0.36545072371170084,5.0,15.0,6000.0,0.4931208466367312
k_io,14,15,20.0,130.0,1390103.6228368934,0.36545072371170084,5.0,15.0,6500.0,0.41861053579155194
k_io,14,15,20.0,130.0,1390103.6228368934,0.36545072371170084,5.0,15.0,7000.0,0.3373704579539703
k_io,14,15,20.0,130.0,1390103.6228368934,0.36545072371170084,5.0,15.0,7500.0,0.2588719530388738
k_io,14,15,20.0,130.0,1390103.6228368934,0.36545072371170084,5.0,15.0,8000.0,0.18741984651139662
k_io,14,15,20.0,130.0,1390103.6228368934,0.36545072371170084,5.0,15.0,8500.0,0.11786645576514104
k_io,14,15,20.0,130.0,1390103.6228368934,0.36545072371170084,5.0,15.0,9000.0,0.03885985161687265
k_io,14,15,20.0,130.0,1390103.6228368934,0.36545072371170084,5.0,15.0,9500.0,-0.05446915400330152
k_io,14,15,20.0,130.0,1390103.6228368934,0.36545072371170084,5.0,15.0,10000.0,-0.15049443794958198
k_io,14,15,20.0,130.0,1390103.6228368934,0.36545072371170084,5.0,15.0,10500.0,-0.22967309965638963
k_io,14,15,20.0,130.0,1390103.6228368934,0.36545072371170084,5.0,15.0,11000.0,-0.27738148980394645
k_io,14,15,20.0,130.0,1390103.6228368934,0.36545072371170084,5.0,15.0,11500.0,-0.286571896450004
k_io,14,15,20.0,130.0,1390103.6228368934,0.36545072371170084,5.0,15.0,12000.0,-0.25625100341328605
k_io,14,15,20.0,130.0,1390103.6228368934,0.36545072371170084,7.0,25.0,0.0,
k_io,14,15,20.0,130.0,1390103.6228368934,0.36545072371170084,7.0,25.0,500.0,0.2159423292991577
k_io,14,15,20.0,130.0,1390103.6228368934,0.36545072371170084,7.0,25.0,1000.0,0.07996991628417104
k_io,14,15,20.0,130.0,1390103.6228368934,0.36545072371170084,7.0,25.0,1500.0,0.4018818968465339
k_io,14,15,20.0,130.0,1390103.6228368934,0.36545072371170084,7.0,25.0,2000.0,0.34484972564348126
k_io,14,15,20.0,130.0,1390103.6228368934,0.36545072371170084,7.0,25.0,2500.0,0.18424588818008722
k_io,14,15,20.0,130.0,1390103.6228368934,0.36545072371170084,7.0,25.0,3000.0,0.0474942951925195
k_io,14,15,20.0,130.0,1390103.6228368934,0.36545072371170084,7.0,25.0,3500.0,-0.07868046421385524
k_io,14,15,20.0,130.0,1390103.6228368934,0.36545072371170084,7.0,25.0,4000.0,-0.21970837507760782
k_io,14,15,20.0,130.0,1390103.6228368934,0.36545072371170084,7.0,25.0,4500.0,-0.37234736121894346
k_io,14,15,20.0,130.0,1390103.6228368934,0.36545072371170084,7.0,25.0,5000.0,-0.5171009776330973
k_io,14,15,20.0,130.0,1390103.6228368934,0.36545072371170084,7.0,25.0,5500.0,-0.6349362134292572
k_io,14,15,20.0,130.0,1390103.6228368934,0.36545072371170084,7.0,25.0,6000.0,-0.7122474850250551
k_io,14,15,20.0,130.0,1390103.6228368934,0.36545072371170084,7.0,25.0,6500.0,-0.7465236116998539
k_io,14,15,20.0,130.0,1390103.6228368934,0.36545072371170084,7.0,25.0,7000.0,-0.746649138753315
k_io,14,15,20.0,130.0,1390103.6228368934,0.36545072371170084,7.0,25.0,7500.0,-0.7248539815281763
k_io,14,15,20.0,130.0,1390103.6228368934,0.36545072371170084,7.0,25.0,8000.0,-0.6903248991242378
k_io,14,15,20.0,130.0,1390103.6228368934,0.36545072371170084,7.0,25.0,8500.0,-0.6483311117308812
k_io,14,15,20.0,130.0,1390103.6228368934,0.36545072371170084,7.0,25.0,9000.0,-0.6017292547361613
k_io,14,15,20.0,130.0,1390103.6228368934,0.36545072371170084,7.0,25.0,9500.0,-0.552405899813097
k_io,14,15,20.0,130.0,1390103.6228368934,0.36545072371170084,7.0,25.0,10000.0,-0.5025079953865682
k_io,14,15,20.0,130.0,1390103.6228368934,0.36545072371170084,7.0,25.0,10500.0,-0.45581795104917794
k_io,14,15,20.0,130.0,1390103.6228368934,0.36545072371170084,7.0,25.0,11000.0,-0.41827964842831267
k_io,14,15,20.0,130.0,1390103.6228368934,0.36545072371170084,7.0,25.0,11500.0,-0.39663638894734055
k_io,14,15,20.0,130.0,1390103.6228368934,0.36545072371170084,7.0,25.0,12000.0,-0.3959619035754378
k_io,14,15,20.0,130.0,1390103.6228368934,0.36545072371170084,10.0,30.0,0.0,
k_io,14,15,20.0,130.0,1390103.6228368934,0.36545072371170084,10.0,30.0,500.0,-0.066263553196391
k_io,14,15,20.0,130.0,1390103.6228368934,0.36545072371170084,10.0,30.0,1000.0,-0.44343644316833786
k_io,14,15,20.0,130.0,1390103.6228368934,0.36545072371170084,10.0,30.0,1500.0,-0.47077558982506323
k_io,14,15,20.0,130.0,1390103.6228368934,0.36545072371170084,10.0,30.0,2000.0,-0.2873706326792788
k_io,14,15,20.0,130.0,1390103.6228368934,0.36545072371170084,10.0,30.0,2500.0,-0.12417064951537714
k_io,14,15,20.0,130.0,1390103.6228368934,0.36545072371170084,10.0,30.0,3000.0,0.02062384655925911
k_io,14,15,20.0,130.0,1390103.6228368934,0.36545072371170084,10.0,30.0,3500.0,0.18348869695503006
k_io,14,15,20.0,130.0,1390103.6228368934,0.36545072371170084,10.0,30.0,4000.0,0.35538589123144937
k_io,14,15,20.0,130.0,1390103.6228368934,0.36545072371170084,10.0,30.0,4500.0,0.45541337434639323
k_io,14,15,20.0,130.0,1390103.6228368934,0.36545072371170084,10.0,30.0,5000.0,0.466540475108794
k_io,14,15,20.0,130.0,1390103.6228368934,0.36545072371170084,10.0,30.0,5500.0,0.48418436291229466
k_io,14,15,20.0,130.0,1390103.6228368934,0.36545072371170084,10.0,30.0,6000.0,0.5259638999505213
k_io,14,15,20.0,130.0,1390103.6228368934,0.36545072371170084,10.0,30.0,6500.0,0.5755704921060641
k_io,14,15,20.0,130.0,1390103.6228368934,0.36545072371170084,10.0,30.0,7000.0,0.6192280172392515
k_io,14,15,20.0,130.0,1390103.6228368934,0.36545072371170084,10.0,30.0,7500.0,0.6329700033973559
k_io,14,15,20.0,130.0,1390103.6228368934,0.36545072371170084,10.0,30.0,8000.0,0.5668537045074098
k_io,14,15,20.0,130.0,1390103.6228368934,0.36545072371170084,10.0,30.0,8500.0,0.41586216590134595
k_io,14,15,20.0,130.0,1390103.6228368934,0.36545072371170084,10.0,30.0,9000.0,0.2553036563569659
k_io,14,15,20.0,130.0,1390103.6228368934,0.36545072371170084,10.0,30.0,9500.0,0.12714615572580332
k_io,14,15,20.0,130.0,1390103.6228368934,0.36545072371170084,10.0,30.0,10000.0,0.030325709343020917
k_io,14,15,20.0,130.0,1390103.6228368934,0.36545072371170084,10.0,30.0,10500.0,-0.043211197020828436
k_io,14,15,20.0,130.0,1390103.6228368934,0.36545072371170084,10.0,30.0,11000.0,-0.09801251893799727
k_io,14,15,20.0,130.0,1390103.6228368934,0.36545072371170084,10.0,30.0,11500.0,-0.13505571826520402
k_io,14,15,20.0,130.0,1390103.6228368934,0.36545072371170084,10.0,30.0,12000.0,-0.15394982604110116
k_io,14,15,20.0,130.0,1390103.6228368934,0.36545072371170084,12.0,36.0,0.0,
k_io,14,15,20.0,130.0,1390103.6228368934,0.36545072371170084,12.0,36.0,500.0,0.3429585956880389
k_io,14,15,20.0,130.0,1390103.6228368934,0.36545072371170084,12.0,36.0,1000.0,-0.14049479605378024
k_io,14,15,20.0,130.0,1390103.6228368934,0.36545072371170084,12.0,36.0,1500.0,-0.2745264045223681
k_io,14,15,20.0,130.0,1390103.6228368934,0.36545072371170084,12.0,36.0,2000.0,-0.2530079220396858
k_io,14,15,20.0,130.0,1390103.6228368934,0.36545072371170084,12.0,36.0,2500.0,-0.21618993308471557
k_io,14,15,20.0,130.0,1390103.6228368934,0.36545072371170084,12.0,36.0,3000.0,-0.12817069917055715
k_io,14,15,20.0,130.0,1390103.6228368934,0.36545072371170084,12.0,36.0,3500.0,0.01348733626674653
k_io,14,15,20.0,130.0,1390103.6228368934,0.36545072371170084,12.0,36.0,4000.0,0.1514407770757113
k_io,14,15,20.0,130.0,1390103.6228368934,0.36545072371170084,12.0,36.0,4500.0,0.24235585600704462
k_io,14,15,20.0,130.0,1390103.6228368934,0.36545072371170084,12.0,36.0,5000.0,0.29584773968287503
k_io,14,15,20.0,130.0,1390103.6228368934,0.36545072371170084,12.0,36.0,5500.0,0.34614190924424826
k_io,14,15,20.0,130.0,1390103.6228368934,0.36545072371170084,12.0,36.0,6000.0,0.4035568824841831
k_io,14,15,20.0,130.0,1390103.6228368934,0.36545072371170084,12.0,36.0,6500.0,0.43702334514963725
k_io,14,15,20.0,130.0,1390103.6228368934,0.36545072371170084,12.0,36.0,7000.0,0.39161303158178984
k_io,14,15,20.0,130.0,1390103.6228368934,0.36545072371170084,12.0,36.0,7500.0,0.27343893705629096
k_io,14,15,20.0,130.0,1390103.6228368934,0.36545072371170084,12.0,36.0,8000.0,0.16066286217330056
k_io,14,15,20.0,130.0,1390103.6228368934,0.36545072371170084,12.0,36.0,8500.0,0.09363620327930576
k_io,14,15,20.0,130.0,1390103.6228368934,0.36545072371170084,12.0,36.0,9000.0,0.06591986072485208
k_io,14,15,20.0,130.0,1390103.6228368934,0.36545072371170084,12.0,36.0,9500.0,0.05725620350337459
k_io,14,15,20.0,130.0,1390103.6228368934,0.36545072371170084,12.0,36.0,10000.0,0.04837887234356065
k_io,14,15,20.0,130.0,1390103.6228368934,0.36545072371170084,12.0,36.0,10500.0,0.026488044461019485
k_io,14,15,20.0,130.0,1390103.6228368934,0.36545072371170084,12.0,36.0,11000.0,-0.013063727975098402
k_io,14,15,20.0,130.0,1390103.6228368934,0.36545072371170084,12.0,36.0,11500.0,-0.06747190134675173
k_io,14,15,20.0,130.0,1390103.6228368934,0.36545072371170084,12.0,36.0,12000.0,-0.1286206925020002
k_io,14,15,20.0,130.0,1390103.6228368934,0.36545072371170084,15.0,40.0,0.0,
k_io,14,15,20.0,130.0,1390103.6228368934,0.36545072371170084,15.0,40.0,500.0,0.7057256829125966
k_io,14,15,20.0,130.0,1390103.6228368934,0.36545072371170084,15.0,40.0,1000.0,0.11240311328722588
k_io,14,15,20.0,130.0,1390103.6228368934,0.36545072371170084,15.0,40.0,1500.0,-0.31936010177152896
k_io,14,15,20.0,130.0,1390103.6228368934,0.36545072371170084,15.0,40.0,2000.0,-0.4295691845729688
k_io,14,15,20.0,130.0,1390103.6228368934,0.36545072371170084,15.0,40.0,2500.0,-0.4508132617718396
k_io,14,15,20.0,130.0,1390103.6228368934,0.36545072371170084,15.0,40.0,3000.0,-0.4581213721865582
k_io,14,15,20.0,130.0,1390103.6228368934,0.36545072371170084,15.0,40.0,3500.0,-0.45331127257481607
k_io,14,15,20.0,130.0,1390103.6228368934,0.36545072371170084,15.0,40.0,4000.0,-0.4048923116554832
k_io,14,15,20.0,130.0,1390103.6228368934,0.36545072371170084,15.0,40.0,4500.0,-0.24369341343757017
k_io,14,15,20.0,130.0,1390103.6228368934,0.36545072371170084,15.0,40.0,5000.0,0.05021278205179033
k_io,14,15,20.0,130.0,1390103.6228368934,0.36545072371170084,15.0,40.0,5500.0,0.33939394613974133
k_io,14,15,20.0,130.0,1390103.6228368934,0.36545072371170084,15.0,40.0,6000.0,0.53501608459309
k_io,14,15,20.0,130.0,1390103.6228368934,0.36545072371170084,15.0,40.0,6500.0,0.6527345223785886
k_io,14,15,20.0,130.0,1390103.6228368934,0.36545072371170084,15.0,40.0,7000.0,0.7169474768466744
k_io,14,15,20.0,130.0,1390103.6228368934,0.36545072371170084,15.0,40.0,7500.0,0.7411192764695832
k_io,14,15,20.0,130.0,1390103.6228368934,0.36545072371170084,15.0,40.0,8000.0,0.7337676832989019
k_io,14,15,20.0,130.0,1390103.6228368934,0.36545072371170084,15.0,40.0,8500.0,0.7024577625152
k_io,14,15,20.0,130.0,1390103.6228368934,0.36545072371170084,15.0,40.0,9000.0,0.6542525140217562
k_io,14,15,20.0,130.0,1390103.6228368934,0.36545072371170084,15.0,40.0,9500.0,0.5943490230389026
k_io,14,15,20.0,130.0,1390103.6228368934,0.36545072371170084,15.0,40.0,10000.0,0.5249295609844333
k_io,14,15,20.0,130.0,1390103.6228368934,0.36545072371170084,15.0,40.0,10500.0,0.44539109761077894
k_io,14,15,20.0,130.0,1390103.6228368934,0.36545072371170084,15.0,40.0,11000.0,0.3535840805896393
k_io,14,15,20.0,130.0,1390103.6228368934,0.36545072371170084,15.0,40.0,11500.0,0.24729528395482872
k_io,14,15,20.0,130.0,1390103.6228368934,0.36545072371170084,15.0,40.0,12000.0,0.12669325909595439
k_io,14,15,20.0,130.0,1390103.6228368934,0.36545072371170084,20.0,50.0,0.0,
k_io,14,15,20.0,130.0,1390103.6228368934,0.36545072371170084,20.0,50.0,500.0,0.5184167355950137
k_io,14,15,20.0,130.0,1390103.6228368934,0.36545072371170084,20.0,50.0,1000.0,0.37832985258390817
k_io,14,15,20.0,130.0,1390103.6228368934,0.36545072371170084,20.0,50.0,1500.0,0.2117028424572217
k_io,14,15,20.0,130.0,1390103.6228368934,0.36545072371170084,20.0,50.0,2000.0,0.11908905321094243
k_io,14,15,20.0,130.0,1390103.6228368934,0.36545072371170084,20.0,50.0,2500.0,0.12089302860076387
k_io,14,15,20.0,130.0,1390103.6228368934,0.36545072371170084,20.0,50.0,3000.0,0.1820155429444129
k_io,14,15,20.0,130.0,1390103.6228368934,0.36545072371170084,20.0,50.0,3500.0,0.25482517705826174
k_io,14,15,20.0,130.0,1390103.6228368934,0.36545072371170084,20.0,50.0,4000.0,0.30688197612856455
k_io,14,15,20.0,130.0,1390103.6228368934,0.36545072371170084,20.0,50.0,4500.0,0.32617210416617837
k_io,14,15,20.0,130.0,1390103.6228368934,0.36545072371170084,20.0,50.0,5000.0,0.30810139003591996
k_io,14,15,20.0,130.0,1390103.6228368934,0.36545072371170084,20.0,50.0,5500.0,0.24958274723664073
k_io,14,15,20.0,130.0,1390103.6228368934,0.36545072371170084,20.0,50.0,6000.0,0.15219458157344726
k_io,14,15,20.0,130.0,1390103.6228368934,0.36545072371170084,20.0,50.0,6500.0,0.02838837339072661
k_io,14,15,20.0,130.0,1390103.6228368934,0.36545072371170084,20.0,50.0,7000.0,-0.0972006113390706
k_io,14,15,20.0,130.0,1390103.6228368934,0.36545072371170084,20.0,50.0,7500.0,-0.19497842106072036
k_io,14,15,20.0,130.0,1390103.6228368934,0.36545072371170084,20.0,50.0,8000.0,-0.23915512658215204
k_io,14,15,20.0,130.0,1390103.6228368934,0.36545072371170084,20.0,50.0,8500.0,-0.21425035993628538
k_io,14,15,20.0,130.0,1390103.6228368934,0.36545072371170084,20.0,50.0,9000.0,-0.12544532499775757
k_io,14,15,20.0,130.0,1390103.6228368934,0.36545072371170084,20.0,50.0,9500.0,2.9829889094911635e-05
k_io,14,15,20.0,130.0,1390103.6228368934,0.36545072371170084,20.0,50.0,10000.0,0.13305806504774734
k_io,14,15,20.0,130.0,1390103.6228368934,0.36545072371170084,20.0,50.0,10500.0,0.250747060820372
k_io,14,15,20.0,130.0,1390103.6228368934,0.36545072371170084,20.0,50.0,11000.0,0.3298101290135366
k_io,14,15,20.0,130.0,1390103.6228368934,0.36545072371170084,20.0,50.0,11500.0,0.35510034177453603
k_io,14,15,20.0,130.0,1390103.6228368934,0.36545072371170084,20.0,50.0,12000.0,0.33059434079510897
k_io,14,15,20.0,130.0,1390103.6228368934,0.36545072371170084,25.0,60.0,0.0,
k_io,14,15,20.0,130.0,1390103.6228368934,0.36545072371170084,25.0,60.0,500.0,0.23071030250242566
k_io,14,15,20.0,130.0,1390103.6228368934,0.36545072371170084,25.0,60.0,1000.0,0.3399523285566654
k_io,14,15,20.0,130.0,1390103.6228368934,0.36545072371170084,25.0,60.0,1500.0,0.33232419777307315
k_io,14,15,20.0,130.0,1390103.6228368934,0.36545072371170084,25.0,60.0,2000.0,0.2423082813575882
k_io,14,15,20.0,130.0,1390103.6228368934,0.36545072371170084,25.0,60.0,2500.0,0.16178659491802985
k_io,14,15,20.0,130.0,1390103.6228368934,0.36545072371170084,25.0,60.0,3000.0,0.09985803125419787
k_io,14,15,20.0,130.0,1390103.6228368934,0.36545072371170084,25.0,60.0,3500.0,0.05190963636981352
k_io,14,15,20.0,130.0,1390103.6228368934,0.36545072371170084,25.0,60.0,4000.0,0.01617580402183374
k_io,14,15,20.0,130.0,1390103.6228368934,0.36545072371170084,25.0,60.0,4500.0,-0.013718902420675737
k_io,14,15,20.0,130.0,1390103.6228368934,0.36545072371170084,25.0,60.0,5000.0,-0.05086816224280256
k_io,14,15,20.0,130.0,1390103.6228368934,0.36545072371170084,25.0,60.0,5500.0,-0.10690050363936479
k_io,14,15,20.0,130.0,1390103.6228368934,0.36545072371170084,25.0,60.0,6000.0,-0.18625282728511144
k_io,14,15,20.0,130.0,1390103.6228368934,0.36545072371170084,25.0,60.0,6500.0,-0.28577287675420465
k_io,14,15,20.0,130.0,1390103.6228368934,0.36545072371170084,25.0,60.0,7000.0,-0.3924141534165327
k_io,14,15,20.0,130.0,1390103.6228368934,0.36545072371170084,25.0,60.0,7500.0,-0.4783597916968254
k_io,14,15,20.0,130.0,1390103.6228368934,0.36545072371170084,25.0,60.0,8000.0,-0.5004260088329271
k_io,14,15,20.0,130.0,1390103.6228368934,0.36545072371170084,25.0,60.0,8500.0,-0.4160712175043779
k_io,14,15,20.0,130.0,1390103.6228368934,0.36545072371170084,25.0,60.0,9000.0,-0.21740845461786293
k_io,14,15,20.0,130.0,1390103.6228368934,0.36545072371170084,25.0,60.0,9500.0,0.04875793096311656
k_io,14,15,20.0,130.0,1390103.6228368934,0.36545072371170084,25.0,60.0,10000.0,0.3036824565805029
k_io,14,15,20.0,130.0,1390103.6228368934,0.36545072371170084,25.0,60.0,10500.0,0.4833961427479513
k_io,14,15,20.0,130.0,1390103.6228368934,0.36545072371170084,25.0,60.0,11000.0,0.5722694599690481
k_io,14,15,20.0,130.0,1390103.6228368934,0.36545072371170084,25.0,60.0,11500.0,0.593194503597301
k_io,14,15,20.0,130.0,1390103.6228368934,0.36545072371170084,25.0,60.0,12000.0,0.5738083356943559
k_io,14,15,20.0,130.0,1390103.6228368934,0.36545072371170084,30.0,80.0,0.0,
k_io,14,15,20.0,130.0,1390103.6228368934,0.36545072371170084,30.0,80.0,500.0,0.12165955326045426
k_io,14,15,20.0,130.0,1390103.6228368934,0.36545072371170084,30.0,80.0,1000.0,-0.1547191289786336
k_io,14,15,20.0,130.0,1390103.6228368934,0.36545072371170084,30.0,80.0,1500.0,-0.21366502073810145
k_io,14,15,20.0,130.0,1390103.6228368934,0.36545072371170084,30.0,80.0,2000.0,-0.10901995610112365
k_io,14,15,20.0,130.0,1390103.6228368934,0.36545072371170084,30.0,80.0,2500.0,0.05737160428933325
k_io,14,15,20.0,130.0,1390103.6228368934,0.36545072371170084,30.0,80.0,3000.0,0.1848338243018529
k_io,14,15,20.0,130.0,1390103.6228368934,0.36545072371170084,30.0,80.0,3500.0,0.25760983000460314
k_io,14,15,20.0,130.0,1390103.6228368934,0.36545072371170084,30.0,80.0,4000.0,0.2934329708053484
k_io,14,15,20.0,130.0,1390103.6228368934,0.36545072371170084,30.0,80.0,4500.0,0.31304567061647537
k_io,14,15,20.0,130.0,1390103.6228368934,0.36545072371170084,30.0,80.0,5000.0,0.3305406293828449
k_io,14,15,20.0,130.0,1390103.6228368934,0.36545072371170084,30.0,80.0,5500.0,0.3568738322673577
k_io,14,15,20.0,130.0,1390103.6228368934,0.36545072371170084,30.0,80.0,6000.0,0.40050738482024123
k_io,14,15,20.0,130.0,1390103.6228368934,0.36545072371170084,30.0,80.0,6500.0,0.4600986423562394
k_io,14,15,20.0,130.0,1390103.6228368934,0.36545072371170084,30.0,80.0,7000.0,0.5149770852590134
k_io,14,15,20.0,130.0,1390103.6228368934,0.36545072371170084,30.0,80.0,7500.0,0.5319966519584303
k_io,14,15,20.0,130.0,1390103.6228368934,0.36545072371170084,30.0,80.0,8000.0,0.4969824521343638
k_io,14,15,20.0,130.0,1390103.6228368934,0.36545072371170084,30.0,80.0,8500.0,0.4273490690518352
k_io,14,15,20.0,130.0,1390103.6228368934,0.36545072371170084,30.0,80.0,9000.0,0.3498224830707376
k_io,14,15,20.0,130.0,1390103.6228368934,0.36545072371170084,30.0,80.0,9500.0,0.28196359318859565
k_io,14,15,20.0,130.0,1390103.6228368934,0.36545072371170084,30.0,80.0,10000.0,0.22925644841015605
k_io,14,15,20.0,130.0,1390103.6228368934,0.36545072371170084,30.0,80.0,10500.0,0.18890671613475146
k_io,14,15,20.0,130.0,1390103.6228368934,0.36545072371170084,30.0,80.0,11000.0,0.15440778441586112
k_io,14,15,20.0,130.0,1390103.6228368934,0.36545072371170084,30.0,80.0,11500.0,0.11901893170797523
k_io,14,15,20.0,130.0,1390103.6228368934,0.36545072371170084,30.0,80.0,12000.0,0.07761481978561097
k_io,19,20,0.0,20.0,3727848.3315850324,0.1490756062395141,5.0,15.0,0.0,
k_io,19,20,0.0,20.0,3727848.3315850324,0.1490756062395141,5.0,15.0,500.0,0.5721558033547547
k_io,19,20,0.0,20.0,3727848.3315850324,0.1490756062395141,5.0,15.0,1000.0,0.6207934241639429
k_io,19,20,0.0,20.0,3727848.3315850324,0.1490756062395141,5.0,15.0,1500.0,0.5344735590530393
k_io,19,20,0.0,20.0,3727848.3315850324,0.1490756062395141,5.0,15.0,2000.0,0.35911995966651394
k_io,19,20,0.0,20.0,3727848.3315850324,0.1490756062395141,5.0,15.0,2500.0,0.15062978230950183
k_io,19,20,0.0,20.0,3727848.3315850324,0.1490756062395141,5.0,15.0,3000.0,0.024963684250105145
k_io,19,20,0.0,20.0,3727848.3315850324,0.1490756062395141,5.0,15.0,3500.0,0.028513769281512287
k_io,19,20,0.0,20.0,3727848.3315850324,0.1490756062395141,5.0,15.0,4000.0,0.1027299024392284
k_io,19,20,0.0,20.0,3727848.3315850324,0.1490756062395141,5.0,15.0,4500.0,0.18068752239500846
k_io,19,20,0.0,20.0,3727848.3315850324,0.1490756062395141,5.0,15.0,5000.0,0.22407278533414876
k_io,19,20,0.0,20.0,3727848.3315850324,0.1490756062395141,5.0,15.0,5500.0,0.21811608050905915
k_io,19,20,0.0,20.0,3727848.3315850324,0.1490756062395141,5.0,15.0,6000.0,0.17243332764218336
k_io,19,20,0.0,20.0,3727848.3315850324,0.1490756062395141,5.0,15.0,6500.0,0.12073299663431954
k_io,19,20,0.0,20.0,3727848.3315850324,0.1490756062395141,5.0,15.0,7000.0,0.10423086696743017
k_io,19,20,0.0,20.0,3727848.3315850324,0.1490756062395141,5.0,15.0,7500.0,0.1495492153462506
k_io,19,20,0.0,20.0,3727848.3315850324,0.1490756062395141,5.0,15.0,8000.0,0.2562368780898161
k_io,19,20,0.0,20.0,3727848.3315850324,0.1490756062395141,5.0,15.0,8500.0,0.39045877401009893
k_io,19,20,0.0,20.0,3727848.3315850324,0.1490756062395141,5.0,15.0,9000.0,0.500753192732657
k_io,19,20,0.0,20.0,3727848.3315850324,0.1490756062395141,5.0,15.0,9500.0,0.5572086583715644
k_io,19,20,0.0,20.0,3727848.3315850324,0.1490756062395141,5.0,15.0,10000.0,0.5614164044071224
k_io,19,20,0.0,20.0,3727848.3315850324,0.1490756062395141,5.0,15.0,10500.0,0.5287278743653242
k_io,19,20,0.0,20.0,3727848.3315850324,0.1490756062395141,5.0,15.0,11000.0,0.47631401355134934
k_io,19,20,0.0,20.0,3727848.3315850324,0.1490756062395141,5.0,15.0,11500.0,0.41858658934653104
k_io,19,20,0.0,20.0,3727848.3315850324,0.1490756062395141,5.0,15.0,12000.0,0.3650619665900287
k_io,19,20,0.0,20.0,3727848.3315850324,0.1490756062395141,7.0,25.0,0.0,
k_io,19,20,0.0,20.0,3727848.3315850324,0.1490756062395141,7.0,25.0,500.0,-0.21189437596188115
k_io,19,20,0.0,20.0,3727848.3315850324,0.1490756062395141,7.0,25.0,1000.0,-0.2775225760065542
k_io,19,20,0.0,20.0,3727848.3315850324,0.1490756062395141,7.0,25.0,1500.0,-0.2280292589644214
k_io,19,20,0.0,20.0,3727848.3315850324,0.1490756062395141,7.0,25.0,2000.0,-0.021564414036272732
k_io,19,20,0.0,20.0,3727848.3315850324,0.1490756062395141,7.0,25.0,2500.0,0.16185722752120815
k_io,19,20,0.0,20.0,3727848.3315850324,0.1490756062395141,7.0,25.0,3000.0,0.2552172687282407
k_io,19,20,0.0,20.0,3727848.3315850324,0.1490756062395141,7.0,25.0,3500.0,0.2959610977939375
k_io,19,20,0.0,20.0,3727848.3315850324,0.1490756062395141,7.0,25.0,4000.0,0.31938113880122926
k_io,19,20,0.0,20.0,3727848.3315850324,0.1490756062395141,7.0,25.0,4500.0,0.3369779667776704
k_io,19,20,0.0,20.0,3727848.3315850324,0.1490756062395141,7.0,25.0,5000.0,0.3468008714228734
k_io,19,20,0.0,20.0,3727848.3315850324,0.1490756062395141,7.0,25.0,5500.0,0.34652860200062907
k_io,19,20,0.0,20.0,3727848.3315850324,0.1490756062395141,7.0,25.0,6000.0,0.3380365699277597
k_io,19,20,0.0,20.0,3727848.3315850324,0.1490756062395141,7.0,25.0,6500.0,0.32209184052843304
k_io,19,20,0.0,20.0,3727848.3315850324,0.1490756062395141,7.0,25.0,7000.0,0.29496795460451003
k_io,19,20,0.0,20.0,3727848.3315850324,0.1490756062395141,7.0,25.0,7500.0,0.2532644087009183
k_io,19,20,0.0,20.0,3727848.3315850324,0.1490756062395141,7.0,25.0,8000.0,0.1973341951909285
k_io,19,20,0.0,20.0,3727848.3315850324,0.1490756062395141,7.0,25.0,8500.0,0.1318574552457964
k_io,19,20,0.0,20.0,3727848.3315850324,0.1490756062395141,7.0,25.0,9000.0,0.06635394597775209
k_io,19,20,0.0,20.0,3727848.3315850324,0.1490756062395141,7.0,25.0,9500.0,0.012833215755087918
k_io,19,20,0.0,20.0,3727848.3315850324,0.1490756062395141,7.0,25.0,10000.0,-0.0211316746607989
k_io,19,20,0.0,20.0,3727848.3315850324,0.1490756062395141,7.0,25.0,10500.0,-0.03610920743097121
k_io,19,20,0.0,20.0,3727848.3315850324,0.1490756062395141,7.0,25.0,11000.0,-0.03610099157571901
k_io,19,20,0.0,20.0,3727848.3315850324,0.1490756062395141,7.0,25.0,11500.0,-0.02340505847399865
k_io,19,20,0.0,20.0,3727848.3315850324,0.1490756062395141,7.0,25.0,12000.0,0.0009557395313747442
k_io,19,20,0.0,20.0,3727848.3315850324,0.1490756062395141,10.0,30.0,0.0,
k_io,19,20,0.0,20.0,3727848.3315850324,0.1490756062395141,10.0,30.0,500.0,0.2176041282018145
k_io,19,20,0.0,20.0,3727848.3315850324,0.1490756062395141,10.0,30.0,1000.0,0.25228252743014584
k_io,19,20,0.0,20.0,3727848.3315850324,0.1490756062395141,10.0,30.0,1500.0,0.3813760191220951
k_io,19,20,0.0,20.0,3727848.3315850324,0.1490756062395141,10.0,30.0,2000.0,0.5225143834624748
k_io,19,20,0.0,20.0,3727848.3315850324,0.1490756062395141,10.0,30.0,2500.0,0.5987785298498574
k_io,19,20,0.0,20.0,3727848.3315850324,0.1490756062395141,10.0,30.0,3000.0,0.5928289934766223
k_io,19,20,0.0,20.0,3727848.3315850324,0.1490756062395141,10.0,30.0,3500.0,0.5326438619715057
k_io,19,20,0.0,20.0,3727848.3315850324,0.1490756062395141,10.0,30.0,4000.0,0.4672286559883857
k_io,19,20,0.0,20.0,3727848.3315850324,0.1490756062395141,10.0,30.0,4500.0,0.43109849851996584
k_io,19,20,0.0,20.0,3727848.3315850324,0.1490756062395141,10.0,30.0,5000.0,0.4308780136969848
k_io,19,20,0.0,20.0,3727848.3315850324,0.1490756062395141,10.0,30.0,5500.0,0.45416306072159196
k_io,19,20,0.0,20.0,3727848.3315850324,0.1490756062395141,10.0,30.0,6000.0,0.48395012742051347
k_io,19,20,0.0,20.0,3727848.3315850324,0.1490756062395141,10.0,30.0,6500.0,0.5069956457576703
k_io,19,20,0.0,20.0,3727848.3315850324,0.1490756062395141,10.0,30.0,7000.0,0.5153640634712962
k_io,19,20,0.0,20.0,3727848.3315850324,0.1490756062395141,10.0,30.0,7500.0,0.505959545868156
k_io,19,20,0.0,20.0,3727848.3315850324,0.1490756062395141,10.0,30.0,8000.0,0.48079302241097066
k_io,19,20,0.0,20.0,3727848.3315850324,0.1490756062395141,10.0,30.0,8500.0,0.4471984403289946
k_io,19,20,0.0,20.0,3727848.3315850324,0.1490756062395141,10.0,30.0,9000.0,0.4159949234883934
k_io,19,20,0.0,20.0,3727848.3315850324,0.1490756062395141,10.0,30.0,9500.0,0.3973639304193915
k_io,19,20,0.0,20.0,3727848.3315850324,0.1490756062395141,10.0,30.0,10000.0,0.3968140884879741
k_io,19,20,0.0,20.0,3727848.3315850324,0.1490756062395141,10.0,30.0,10500.0,0.4138903257559585
k_io,19,20,0.0,20.0,3727848.3315850324,0.1490756062395141,10.0,30.0,11000.0,0.44376702280817
k_io,19,20,0.0,20.0,3727848.3315850324,0.1490756062395141,10.0,30.0,11500.0,0.47981090954888456
k_io,19,20,0.0,20.0,3727848.3315850324,0.1490756062395141,10.0,30.0,12000.0,0.5154830186530789
k_io,19,20,0.0,20.0,3727848.3315850324,0.1490756062395141,12.0,36.0,0.0,
k_io,19,20,0.0,20.0,3727848.3315850324,0.1490756062395141,12.0,36.0,500.0,0.20058251020406695
k_io,19,20,0.0,20.0,3727848.3315850324,0.1490756062395141,12.0,36.0,1000.0,0.38108112765655444
k_io,19,20,0.0,20.0,3727848.3315850324,0.1490756062395141,12.0,36.0,1500.0,0.5527669267211344
k_io,19,20,0.0,20.0,3727848.3315850324,0.1490756062395141,12.0,36.0,2000.0,0.6532798811778351
k_io,19,20,0.0,20.0,3727848.3315850324,0.1490756062395141,12.0,36.0,2500.0,0.6791836919649944
k_io,19,20,0.0,20.0,3727848.3315850324,0.1490756062395141,12.0,36.0,3000.0,0.6070398685234021
k_io,19,20,0.0,20.0,3727848.3315850324,0.1490756062395141,12.0,36.0,3500.0,0.4527104219251163
k_io,19,20,0.0,20.0,3727848.3315850324,0.1490756062395141,12.0,36.0,4000.0,0.30272272478121137
k_io,19,20,0.0,20.0,3727848.3315850324,0.1490756062395141,12.0,36.0,4500.0,0.22447531965590256
k_io,19,20,0.0,20.0,3727848.3315850324,0.1490756062395141,12.0,36.0,5000.0,0.20777711453559503
k_io,19,20,0.0,20.0,3727848.3315850324,0.1490756062395141,12.0,36.0,5500.0,0.20956495781011125
k_io,19,20,0.0,20.0,3727848.3315850324,0.1490756062395141,12.0,36.0,6000.0,0.1992425490173045
k_io,19,20,0.0,20.0,3727848.3315850324,0.1490756062395141,12.0,36.0,6500.0,0.16645639653242159
k_io,19,20,0.0,20.0,3727848.3315850324,0.1490756062395141,12.0,36.0,7000.0,0.11569884385876027
k_io,19,20,0.0,20.0,3727848.3315850324,0.1490756062395141,12.0,36.0,7500.0,0.0601853002025954
k_io,19,20,0.0,20.0,3727848.3315850324,0.1490756062395141,12.0,36.0,8000.0,0.014425338681475424
k_io,19,20,0.0,20.0,3727848.3315850324,0.1490756062395141,12.0,36.0,8500.0,-0.012838116671708569
k_io,19,20,0.0,20.0,3727848.3315850324,0.1490756062395141,12.0,36.0,9000.0,-0.020830977044619052
k_io,19,20,0.0,20.0,3727848.3315850324,0.1490756062395141,12.0,36.0,9500.0,-0.013736639054603187
k_io,19,20,0.0,20.0,3727848.3315850324,0.1490756062395141,12.0,36.0,10000.0,0.0032769456079256706
k_io,19,20,0.0,20.0,3727848.3315850324,0.1490756062395141,12.0,36.0,10500.0,0.026008589441927268
k_io,19,20,0.0,20.0,3727848.3315850324,0.1490756062395141,12.0,36.0,11000.0,0.051331979439089445
k_io,19,20,0.0,20.0,3727848.3315850324,0.1490756062395141,12.0,36.0,11500.0,0.07675323531062561
k_io,19,20,0.0,20.0,3727848.3315850324,0.1490756062395141,12.0,36.0,12000.0,0.10014741810435729
k_io,19,20,0.0,20.0,3727848.3315850324,0.1490756062395141,15.0,40.0,0.0,
k_io,19,20,0.0,20.0,3727848.3315850324,0.1490756062395141,15.0,40.0,500.0,-0.1078225855468686
k_io,19,20,0.0,20.0,3727848.3315850324,0.1490756062395141,15.0,40.0,1000.0,0.1263765085857366
k_io,19,20,0.0,20.0,3727848.3315850324,0.1490756062395141,15.0,40.0,1500.0,0.327138450259548
k_io,19,20,0.0,20.0,3727848.3315850324,0.1490756062395141,15.0,40.0,2000.0,0.38330095806303854
k_io,19,20,0.0,20.0,3727848.3315850324,0.1490756062395141,15.0,40.0,2500.0,0.35711511518520606
k_io,19,20,0.0,20.0,3727848.3315850324,0.1490756062395141,15.0,40.0,3000.0,0.26086079937665585
k_io,19,20,0.0,20.0,3727848.3315850324,0.1490756062395141,15.0,40.0,3500.0,0.09763637887420452
k_io,19,20,0.0,20.0,3727848.3315850324,0.1490756062395141,15.0,40.0,4000.0,-0.10519577616289957
k_io,19,20,0.0,20.0,3727848.3315850324,0.1490756062395141,15.0,40.0,4500.0,-0.28039767399689136
k_io,19,20,0.0,20.0,3727848.3315850324,0.1490756062395141,15.0,40.0,5000.0,-0.37520665833423883
k_io,19,20,0.0,20.0,3727848.3315850324,0.1490756062395141,15.0,40.0,5500.0,-0.40781561120146587
k_io,19,20,0.0,20.0,3727848.3315850324,0.1490756062395141,15.0,40.0,6000.0,-0.411400935091021
k_io,19,20,0.0,20.0,3727848.3315850324,0.1490756062395141,15.0,40.0,6500.0,-0.39407380702592737
k_io,19,20,0.0,20.0,3727848.3315850324,0.1490756062395141,15.0,40.0,7000.0,-0.3490060878430246
k_io,19,20,0.0,20.0,3727848.3315850324,0.1490756062395141,15.0,40.0,7500.0,-0.2735542171051451
k_io,19,20,0.0,20.0,3727848.3315850324,0.1490756062395141,15.0,40.0,8000.0,-0.17845959532934458
k_io,19,20,0.0,20.0,3727848.3315850324,0.1490756062395141,15.0,40.0,8500.0,-0.0826199711599261
k_io,19,20,0.0,20.0,3727848.3315850324,0.1490756062395141,15.0,40.0,9000.0,-0.0028264167100958276
k_io,19,20,0.0,20.0,3727848.3315850324,0.1490756062395141,15.0,40.0,9500.0,0.05122220132174433
k_io,19,20,0.0,20.0,3727848.3315850324,0.1490756062395141,15.0,40.0,10000.0,0.0760623339822066
k_io,19,20,0.0,20.0,3727848.3315850324,0.1490756062395141,15.0,40.0,10500.0,0.07208604890739642
k_io,19,20,0.0,20.0,3727848.3315850324,0.1490756062395141,15.0,40.0,11000.0,0.042522309062992134
k_io,19,20,0.0,20.0,3727848.3315850324,0.1490756062395141,15.0,40.0,11500.0,-0.005807497604992837
k_io,19,20,0.0,20.0,3727848.3315850324,0.1490756062395141,15.0,40.0,12000.0,-0.061438582349099755
k_io,19,20,0.0,20.0,3727848.3315850324,0.1490756062395141,20.0,50.0,0.0,
k_io,19,20,0.0,20.0,3727848.3315850324,0.1490756062395141,20.0,50.0,500.0,-0.7343497009879941
k_io,19,20,0.0,20.0,3727848.3315850324,0.1490756062395141,20.0,50.0,1000.0,-0.4616409239951063
k_io,19,20,0.0,20.0,3727848.3315850324,0.1490756062395141,20.0,50.0,1500.0,-0.21925024698243864
k_io,19,20,0.0,20.0,3727848.3315850324,0.1490756062395141,20.0,50.0,2000.0,-0.2001029878191761
k_io,19,20,0.0,20.0,3727848.3315850324,0.1490756062395141,20.0,50.0,2500.0,-0.26658849975356147
k_io,19,20,0.0,20.0,3727848.3315850324,0.1490756062395141,20.0,50.0,3000.0,-0.2968872210697209
k_io,19,20,0.0,20.0,3727848.3315850324,0.1490756062395141,20.0,50.0,3500.0,-0.268526890052052
k_io,19,20,0.0,20.0,3727848.3315850324,0.1490756062395141,20.0,50.0,4000.0,-0.2247681080295534
k_io,19,20,0.0,20.0,3727848.3315850324,0.1490756062395141,20.0,50.0,4500.0,-0.201786677306071
k_io,19,20,0.0,20.0,3727848.3315850324,0.1490756062395141,20.0,50.0,5000.0,-0.21228035871325998
k_io,19,20,0.0,20.0,3727848.3315850324,0.1490756062395141,20.0,50.0,5500.0,-0.25628710087106066
k_io,19,20,0.0,20.0,3727848.3315850324,0.1490756062395141,20.0,50.0,6000.0,-0.3305449523405979
k_io,19,20,0.0,20.0,3727848.3315850324,0.1490756062395141,20.0,50.0,6500.0,-0.42987349319981155
k_io,19,20,0.0,20.0,3727848.3315850324,0.1490756062395141,20.0,50.0,7000.0,-0.5413225027180336
k_io,19,20,0.0,20.0,3727848.3315850324,0.1490756062395141,20.0,50.0,7500.0,-0.636761153676052
k_io,19,20,0.0,20.0,3727848.3315850324,0.1490756062395141,20.0,50.0,8000.0,-0.6792600489543822
k_io,19,20,0.0,20.0,3727848.3315850324,0.1490756062395141,20.0,50.0,8500.0,-0.6471986371142777
k_io,19,20,0.0,20.0,3727848.3315850324,0.1490756062395141,20.0,50.0,9000.0,-0.5479321740605688
k_io,19,20,0.0,20.0,3727848.3315850324,0.1490756062395141,20.0,50.0,9500.0,-0.4090554264615258
k_io,19,20,0.0,20.0,3727848.3315850324,0.1490756062395141,20.0,50.0,10000.0,-0.263943138925624
k_io,19,20,0.0,20.0,3727848.3315850324,0.1490756062395141,20.0,50.0,10500.0,-0.1396670782099956
k_io,19,20,0.0,20.0,3727848.3315850324,0.1490756062395141,20.0,50.0,11000.0,-0.050141548768589936
k_io,19,20,0.0,20.0,3727848.3315850324,0.1490756062395141,20.0,50.0,11500.0,0.0031476051935666128
k_io,19,20,0.0,20.0,3727848.3315850324,0.1490756062395141,20.0,50.0,12000.0,0.02589950487568691
k_io,19,20,0.0,20.0,3727848.3315850324,0.1490756062395141,25.0,60.0,0.0,
k_io,19,20,0.0,20.0,3727848.3315850324,0.1490756062395141,25.0,60.0,500.0,-0.7350567305142268
k_io,19,20,0.0,20.0,3727848.3315850324,0.1490756062395141,25.0,60.0,1000.0,-0.5353609136488465
k_io,19,20,0.0,20.0,3727848.3315850324,0.1490756062395141,25.0,60.0,1500.0,-0.26340815666813894
k_io,19,20,0.0,20.0,3727848.3315850324,0.1490756062395141,25.0,60.0,2000.0,-0.13140116192678686
k_io,19,20,0.0,20.0,3727848.3315850324,0.1490756062395141,25.0,60.0,2500.0,-0.1790396053092774
k_io,19,20,0.0,20.0,3727848.3315850324,0.1490756062395141,25.0,60.0,3000.0,-0.29068706063376054
k_io,19,20,0.0,20.0,3727848.3315850324,0.1490756062395141,25.0,60.0,3500.0,-0.4046476979480826
k_io,19,20,0.0,20.0,3727848.3315850324,0.1490756062395141,25.0,60.0,4000.0,-0.5221766682089355
k_io,19,20,0.0,20.0,3727848.3315850324,0.1490756062395141,25.0,60.0,4500.0,-0.6241214281477654
k_io,19,20,0.0,20.0,3727848.3315850324,0.1490756062395141,25.0,60.0,5000.0,-0.6915364157776585
k_io,19,20,0.0,20.0,3727848.3315850324,0.1490756062395141,25.0,60.0,5500.0,-0.7249796250595698
k_io,19,20,0.0,20.0,3727848.3315850324,0.1490756062395141,25.0,60.0,6000.0,-0.7340538324994098
k_io,19,20,0.0,20.0,3727848.3315850324,0.1490756062395141,25.0,60.0,6500.0,-0.7250633954925114
k_io,19,20,0.0,20.0,3727848.3315850324,0.1490756062395141,25.0,60.0,7000.0,-0.6979586668914839
k_io,19,20,0.0,20.0,3727848.3315850324,0.1490756062395141,25.0,60.0,7500.0,-0.6507020452813047
k_io,19,20,0.0,20.0,3727848.3315850324,0.1490756062395141,25.0,60.0,8000.0,-0.5855925336024387
k_io,19,20,0.0,20.0,3727848.3315850324,0.1490756062395141,25.0,60.0,8500.0,-0.5119160789310674
k_io,19,20,0.0,20.0,3727848.3315850324,0.1490756062395141,25.0,60.0,9000.0,-0.44299678803233233
k_io,19,20,0.0,20.0,3727848.3315850324,0.1490756062395141,25.0,60.0,9500.0,-0.3903951771091049
k_io,19,20,0.0,20.0,3727848.3315850324,0.1490756062395141,25.0,60.0,10000.0,-0.3595277186375016
k_io,19,20,0.0,20.0,3727848.3315850324,0.1490756062395141,25.0,60.0,10500.0,-0.34851615624788823
k_io,19,20,0.0,20.0,3727848.3315850324,0.1490756062395141,25.0,60.0,11000.0,-0.3496902732063517
k_io,19,20,0.0,20.0,3727848.3315850324,0.1490756062395141,25.0,60.0,11500.0,-0.35331637248135733
k_io,19,20,0.0,20.0,3727848.3315850324,0.1490756062395141,25.0,60.0,12000.0,-0.352571333041522
k_io,19,20,0.0,20.0,3727848.3315850324,0.1490756062395141,30.0,80.0,0.0,
k_io,19,20,0.0,20.0,3727848.3315850324,0.1490756062395141,30.0,80.0,500.0,-0.17240574791445554
k_io,19,20,0.0,20.0,3727848.3315850324,0.1490756062395141,30.0,80.0,1000.0,-0.22258440169567886
k_io,19,20,0.0,20.0,3727848.3315850324,0.1490756062395141,30.0,80.0,1500.0,-0.3302339855519206
k_io,19,20,0.0,20.0,3727848.3315850324,0.1490756062395141,30.0,80.0,2000.0,-0.5177936572796011
k_io,19,20,0.0,20.0,3727848.3315850324,0.1490756062395141,30.0,80.0,2500.0,-0.6664242575435247
k_io,19,20,0.0,20.0,3727848.3315850324,0.1490756062395141,30.0,80.0,3000.0,-0.49497976755555617
k_io,19,20,0.0,20.0,3727848.3315850324,0.1490756062395141,30.0,80.0,3500.0,-0.19122578120298048
k_io,19,20,0.0,20.0,3727848.3315850324,0.1490756062395141,30.0,80.0,4000.0,0.02032313229058012
k_io,19,20,0.0,20.0,3727848.3315850324,0.1490756062395141,30.0,80.0,4500.0,0.15215083938829396
k_io,19,20,0.0,20.0,3727848.3315850324,0.1490756062395141,30.0,80.0,5000.0,0.23823457868380818
k_io,19,20,0.0,20.0,3727848.3315850324,0.1490756062395141,30.0,80.0,5500.0,0.28941885643261767
k_io,19,20,0.0,20.0,3727848.3315850324,0.1490756062395141,30.0,80.0,6000.0,0.3045582302699546
k_io,19,20,0.0,20.0,3727848.3315850324,0.1490756062395141,30.0,80.0,6500.0,0.28208241715871885
k_io,19,20,0.0,20.0,3727848.3315850324,0.1490756062395141,30.0,80.0,7000.0,0.22661170640149414
k_io,19,20,0.0,20.0,3727848.3315850324,0.1490756062395141,30.0,80.0,7500.0,0.15034614710007763
k_io,19,20,0.0,20.0,3727848.3315850324,0.1490756062395141,30.0,80.0,8000.0,0.06888000814873177
k_io,19,20,0.0,20.0,3727848.3315850324,0.1490756062395141,30.0,80.0,8500.0,-0.006113656124837863
k_io,19,20,0.0,20.0,3727848.3315850324,0.1490756062395141,30.0,80.0,9000.0,-0.07200518216865073
k_io,19,20,0.0,20.0,3727848.3315850324,0.1490756062395141,30.0,80.0,9500.0,-0.1348850428527471
k_io,19,20,0.0,20.0,3727848.3315850324,0.1490756062395141,30.0,80.0,10000.0,-0.20067757972374622
k_io,19,20,0.0,20.0,3727848.3315850324,0.1490756062395141,30.0,80.0,10500.0,-0.2218071267191908
k_io,19,20,0.0,20.0,3727848.3315850324,0.1490756062395141,30.0,80.0,11000.0,-0.10826450101784493
k_io,19,20,0.0,20.0,3727848.3315850324,0.1490756062395141,30.0,80.0,11500.0,0.015219467529118109
k_io,19,20,0.0,20.0,3727848.3315850324,0.1490756062395141,30.0,80.0,12000.0,0.10723377161822553
k_io,20,21,20.0,130.0,3727848.3315850324,0.1490756062395141,5.0,15.0,0.0,
k_io,20,21,20.0,130.0,3727848.3315850324,0.1490756062395141,5.0,15.0,500.0,0.10994075294093703
k_io,20,21,20.0,130.0,3727848.3315850324,0.1490756062395141,5.0,15.0,1000.0,0.06245328996417562
k_io,20,21,20.0,130.0,3727848.3315850324,0.1490756062395141,5.0,15.0,1500.0,-0.10960245330791843
k_io,20,21,20.0,130.0,3727848.3315850324,0.1490756062395141,5.0,15.0,2000.0,-0.21186154105832816
k_io,20,21,20.0,130.0,3727848.3315850324,0.1490756062395141,5.0,15.0,2500.0,-0.2149147795125319
k_io,20,21,20.0,130.0,3727848.3315850324,0.1490756062395141,5.0,15.0,3000.0,-0.1398304105396016
k_io,20,21,20.0,130.0,3727848.3315850324,0.1490756062395141,5.0,15.0,3500.0,0.00028590840973430646
k_io,20,21,20.0,130.0,3727848.3315850324,0.1490756062395141,5.0,15.0,4000.0,0.15450151146789393
k_io,20,21,20.0,130.0,3727848.3315850324,0.1490756062395141,5.0,15.0,4500.0,0.2495495192629734
k_io,20,21,20.0,130.0,3727848.3315850324,0.1490756062395141,5.0,15.0,5000.0,0.26961597943467447
k_io,20,21,20.0,130.0,3727848.3315850324,0.1490756062395141,5.0,15.0,5500.0,0.24979920297391833
k_io,20,21,20.0,130.0,3727848.3315850324,0.1490756062395141,5.0,15.0,6000.0,0.22001000217874048
k_io,20,21,20.0,130.0,3727848.3315850324,0.1490756062395141,5.0,15.0,6500.0,0.18934827135487575
k_io,20,21,20.0,130.0,3727848.3315850324,0.1490756062395141,5.0,15.0,7000.0,0.15427515230927494
k_io,20,21,20.0,130.0,3727848.3315850324,0.1490756062395141,5.0,15.0,7500.0,0.10839122278479225
k_io,20,21,20.0,130.0,3727848.3315850324,0.1490756062395141,5.0,15.0,8000.0,0.04811118160664451
k_io,20,21,20.0,130.0,3727848.3315850324,0.1490756062395141,5.0,15.0,8500.0,-0.022655017242776618
k_io,20,21,20.0,130.0,3727848.3315850324,0.1490756062395141,5.0,15.0,9000.0,-0.08833985669830598
k_io,20,21,20.0,130.0,3727848.3315850324,0.1490756062395141,5.0,15.0,9500.0,-0.12777442472958087
k_io,20,21,20.0,130.0,3727848.3315850324,0.1490756062395141,5.0,15.0,10000.0,-0.13091561528470622
k_io,20,21,20.0,130.0,3727848.3315850324,0.1490756062395141,5.0,15.0,10500.0,-0.10421528002871837
k_io,20,21,20.0,130.0,3727848.3315850324,0.1490756062395141,5.0,15.0,11000.0,-0.060879128438517414
k_io,20,21,20.0,130.0,3727848.3315850324,0.1490756062395141,5.0,15.0,11500.0,-0.011899307488216132
k_io,20,21,20.0,130.0,3727848.3315850324,0.1490756062395141,5.0,15.0,12000.0,0.03665926552590437
k_io,20,21,20.0,130.0,3727848.3315850324,0.1490756062395141,7.0,25.0,0.0,
k_io,20,21,20.0,130.0,3727848.3315850324,0.1490756062395141,7.0,25.0,500.0,0.4359714717642483
k_io,20,21,20.0,130.0,3727848.3315850324,0.1490756062395141,7.0,25.0,1000.0,0.20357336163244233
k_io,20,21,20.0,130.0,3727848.3315850324,0.1490756062395141,7.0,25.0,1500.0,0.0011775812805746716
k_io,20,21,20.0,130.0,3727848.3315850324,0.1490756062395141,7.0,25.0,2000.0,-0.12209135786379607
k_io,20,21,20.0,130.0,3727848.3315850324,0.1490756062395141,7.0,25.0,2500.0,-0.15097976163468538
k_io,20,21,20.0,130.0,3727848.3315850324,0.1490756062395141,7.0,25.0,3000.0,-0.12701480761860953
k_io,20,21,20.0,130.0,3727848.3315850324,0.1490756062395141,7.0,25.0,3500.0,-0.09219464487001848
k_io,20,21,20.0,130.0,3727848.3315850324,0.1490756062395141,7.0,25.0,4000.0,-0.06469855508070661
k_io,20,21,20.0,130.0,3727848.3315850324,0.1490756062395141,7.0,25.0,4500.0,-0.05018736088573477
k_io,20,21,20.0,130.0,3727848.3315850324,0.1490756062395141,7.0,25.0,5000.0,-0.0485156707381049
k_io,20,21,20.0,130.0,3727848.3315850324,0.1490756062395141,7.0,25.0,5500.0,-0.05837972376658303
k_io,20,21,20.0,130.0,3727848.3315850324,0.1490756062395141,7.0,25.0,6000.0,-0.08102138194531416
k_io,20,21,20.0,130.0,3727848.3315850324,0.1490756062395141,7.0,25.0,6500.0,-0.11604572117845238
k_io,20,21,20.0,130.0,3727848.3315850324,0.1490756062395141,7.0,25.0,7000.0,-0.15354474616991204
k_io,20,21,20.0,130.0,3727848.3315850324,0.1490756062395141,7.0,25.0,7500.0,-0.17993368045436658
k_io,20,21,20.0,130.0,3727848.3315850324,0.1490756062395141,7.0,25.0,8000.0,-0.18858104907561368
k_io,20,21,20.0,130.0,3727848.3315850324,0.1490756062395141,7.0,25.0,8500.0,-0.18018992781774043
k_io,20,21,20.0,130.0,3727848.3315850324,0.1490756062395141,7.0,25.0,9000.0,-0.15882896631409885
k_io,20,21,20.0,130.0,3727848.3315850324,0.1490756062395141,7.0,25.0,9500.0,-0.12940231653813744
k_io,20,21,20.0,130.0,3727848.3315850324,0.1490756062395141,7.0,25.0,10000.0,-0.09637573563534989
k_io,20,21,20.0,130.0,3727848.3315850324,0.1490756062395141,7.0,25.0,10500.0,-0.0630849534951597
k_io,20,21,20.0,130.0,3727848.3315850324,0.1490756062395141,7.0,25.0,11000.0,-0.03181539905947854
k_io,20,21,20.0,130.0,3727848.3315850324,0.1490756062395141,7.0,25.0,11500.0,-0.004587964292059334
k_io,20,21,20.0,130.0,3727848.3315850324,0.1490756062395141,7.0,25.0,12000.0,0.01641762978703424
k_io,20,21,20.0,130.0,3727848.3315850324,0.1490756062395141,10.0,30.0,0.0,
k_io,20,21,20.0,130.0,3727848.3315850324,0.1490756062395141,10.0,30.0,500.0,0.10532435325361626
k_io,20,21,20.0,130.0,3727848.3315850324,0.1490756062395141,10.0,30.0,1000.0,-0.08387555507358525
k_io,20,21,20.0,130.0,3727848.3315850324,0.1490756062395141,10.0,30.0,1500.0,-0.27074530536998853
k_io,20,21,20.0,130.0,3727848.3315850324,0.1490756062395141,10.0,30.0,2000.0,-0.40267721143201624
k_io,20,21,20.0,130.0,3727848.3315850324,0.1490756062395141,10.0,30.0,2500.0,-0.45847015468200214
k_io,20,21,20.0,130.0,3727848.3315850324,0.1490756062395141,10.0,30.0,3000.0,-0.43606304436886384
k_io,20,21,20.0,130.0,3727848.3315850324,0.1490756062395141,10.0,30.0,3500.0,-0.36479983548714023
k_io,20,21,20.0,130.0,3727848.3315850324,0.1490756062395141,10.0,30.0,4000.0,-0.2868040594445843
k_io,20,21,20.0,130.0,3727848.3315850324,0.1490756062395141,10.0,30.0,4500.0,-0.22582923036732788
k_io,20,21,20.0,130.0,3727848.3315850324,0.1490756062395141,10.0,30.0,5000.0,-0.19377125754904778
k_io,20,21,20.0,130.0,3727848.3315850324,0.1490756062395141,10.0,30.0,5500.0,-0.2006947255776241
k_io,20,21,20.0,130.0,3727848.3315850324,0.1490756062395141,10.0,30.0,6000.0,-0.2489183258767513
k_io,20,21,20.0,130.0,3727848.3315850324,0.1490756062395141,10.0,30.0,6500.0,-0.33155986956671013
k_io,20,21,20.0,130.0,3727848.3315850324,0.1490756062395141,10.0,30.0,7000.0,-0.43389707744916717
k_io,20,21,20.0,130.0,3727848.3315850324,0.1490756062395141,10.0,30.0,7500.0,-0.5345590278553342
k_io,20,21,20.0,130.0,3727848.3315850324,0.1490756062395141,10.0,30.0,8000.0,-0.6109262572446095
k_io,20,21,20.0,130.0,3727848.3315850324,0.1490756062395141,10.0,30.0,8500.0,-0.6475448509926688
k_io,20,21,20.0,130.0,3727848.3315850324,0.1490756062395141,10.0,30.0,9000.0,-0.640779350543349
k_io,20,21,20.0,130.0,3727848.3315850324,0.1490756062395141,10.0,30.0,9500.0,-0.5967631929343781
k_io,20,21,20.0,130.0,3727848.3315850324,0.1490756062395141,10.0,30.0,10000.0,-0.5261611508551705
k_io,20,21,20.0,130.0,3727848.3315850324,0.1490756062395141,10.0,30.0,10500.0,-0.43974510294827257
k_io,20,21,20.0,130.0,3727848.3315850324,0.1490756062395141,10.0,30.0,11000.0,-0.34605591639865285
k_io,20,21,20.0,130.0,3727848.3315850324,0.1490756062395141,10.0,30.0,11500.0,-0.25104463695609996
k_io,20,21,20.0,130.0,3727848.3315850324,0.1490756062395141,10.0,30.0,12000.0,-0.1592417191556974
k_io,20,21,20.0,130.0,3727848.3315850324,0.1490756062395141,12.0,36.0,0.0,
k_io,20,21,20.0,130.0,3727848.3315850324,0.1490756062395141,12.0,36.0,500.0,0.1087988652371343
k_io,20,21,20.0,130.0,3727848.3315850324,0.1490756062395141,12.0,36.0,1000.0,0.0031496876931355754
k_io,20,21,20.0,130.0,3727848.3315850324,0.1490756062395141,12.0,36.0,1500.0,-0.2462029064521684
k_io,20,21,20.0,130.0,3727848.3315850324,0.1490756062395141,12.0,36.0,2000.0,-0.5046664327319372
k_io,20,21,20.0,130.0,3727848.3315850324,0.1490756062395141,12.0,36.0,2500.0,-0.4958462343124766
k_io,20,21,20.0,130.0,3727848.3315850324,0.1490756062395141,12.0,36.0,3000.0,-0.24750560553204107
k_io,20,21,20.0,130.0,3727848.3315850324,0.1490756062395141,12.0,36.0,3500.0,-0.02811201500038894
k_io,20,21,20.0,130.0,3727848.3315850324,0.1490756062395141,12.0,36.0,4000.0,0.10482265843159293
k_io,20,21,20.0,130.0,3727848.3315850324,0.1490756062395141,12.0,36.0,4500.0,0.15813508745504296
k_io,20,21,20.0,130.0,3727848.3315850324,0.1490756062395141,12.0,36.0,5000.0,0.15446486566009826
k_io,20,21,20.0,130.0,3727848.3315850324,0.1490756062395141,12.0,36.0,5500.0,0.11519484600485828
k_io,20,21,20.0,130.0,3727848.3315850324,0.1490756062395141,12.0,36.0,6000.0,0.057356678756862775
k_io,20,21,20.0,130.0,3727848.3315850324,0.1490756062395141,12.0,36.0,6500.0,-0.005859565911257477
k_io,20,21,20.0,130.0,3727848.3315850324,0.1490756062395141,12.0,36.0,7000.0,-0.06678099953727544
k_io,20,21,20.0,130.0,3727848.3315850324,0.1490756062395141,12.0,36.0,7500.0,-0.1241931586480202
k_io,20,21,20.0,130.0,3727848.3315850324,0.1490756062395141,12.0,36.0,8000.0,-0.1792389170474917
k_io,20,21,20.0,130.0,3727848.3315850324,0.1490756062395141,12.0,36.0,8500.0,-0.2306021009244576
k_io,20,21,20.0,130.0,3727848.3315850324,0.1490756062395141,12.0,36.0,9000.0,-0.27448569904073666
k_io,20,21,20.0,130.0,3727848.3315850324,0.1490756062395141,12.0,36.0,9500.0,-0.3075325256637879
k_io,20,21,20.0,130.0,3727848.3315850324,0.1490756062395141,12.0,36.0,10000.0,-0.3287988563196527
k_io,20,21,20.0,130.0,3727848.3315850324,0.1490756062395141,12.0,36.0,10500.0,-0.3398745873491009
k_io,20,21,20.0,130.0,3727848.3315850324,0.1490756062395141,12.0,36.0,11000.0,-0.3440564747265587
k_io,20,21,20.0,130.0,3727848.3315850324,0.1490756062395141,12.0,36.0,11500.0,-0.3453416766302767
k_io,20,21,20.0,130.0,3727848.3315850324,0.1490756062395141,12.0,36.0,12000.0,-0.3475133785524945
k_io,20,21,20.0,130.0,3727848.3315850324,0.1490756062395141,15.0,40.0,0.0,
k_io,20,21,20.0,130.0,3727848.3315850324,0.1490756062395141,15.0,40.0,500.0,0.4054300235441961
k_io,20,21,20.0,130.0,3727848.3315850324,0.1490756062395141,15.0,40.0,1000.0,0.28999108251453953
k_io,20,21,20.0,130.0,3727848.3315850324,0.1490756062395141,15.0,40.0,1500.0,0.06057229054378274
k_io,20,21,20.0,130.0,3727848.3315850324,0.1490756062395141,15.0,40.0,2000.0,-0.1052638141498994
k_io,20,21,20.0,130.0,3727848.3315850324,0.1490756062395141,15.0,40.0,2500.0,-0.17786651546092808
k_io,20,21,20.0,130.0,3727848.3315850324,0.1490756062395141,15.0,40.0,3000.0,-0.17541395558740483
k_io,20,21,20.0,130.0,3727848.3315850324,0.1490756062395141,15.0,40.0,3500.0,-0.1218785627268419
k_io,20,21,20.0,130.0,3727848.3315850324,0.1490756062395141,15.0,40.0,4000.0,-0.03696459965616021
k_io,20,21,20.0,130.0,3727848.3315850324,0.1490756062395141,15.0,40.0,4500.0,0.06476717050802457
k_io,20,21,20.0,130.0,3727848.3315850324,0.1490756062395141,15.0,40.0,5000.0,0.17187364038177638
k_io,20,21,20.0,130.0,3727848.3315850324,0.1490756062395141,15.0,40.0,5500.0,0.27185924922934496
k_io,20,21,20.0,130.0,3727848.3315850324,0.1490756062395141,15.0,40.0,6000.0,0.3512042476105935
k_io,20,21,20.0,130.0,3727848.3315850324,0.1490756062395141,15.0,40.0,6500.0,0.39948420278524815
k_io,20,21,20.0,130.0,3727848.3315850324,0.1490756062395141,15.0,40.0,7000.0,0.4097681388114401
k_io,20,21,20.0,130.0,3727848.3315850324,0.1490756062395141,15.0,40.0,7500.0,0.375469464691803
k_io,20,21,20.0,130.0,3727848.3315850324,0.1490756062395141,15.0,40.0,8000.0,0.29183170988079155
k_io,20,21,20.0,130.0,3727848.3315850324,0.1490756062395141,15.0,40.0,8500.0,0.16756865587074896
k_io,20,21,20.0,130.0,3727848.3315850324,0.1490756062395141,15.0,40.0,9000.0,0.03475310859194942
k_io,20,21,20.0,130.0,3727848.3315850324,0.1490756062395141,15.0,40.0,9500.0,-0.07111535645981264
k_io,20,21,20.0,130.0,3727848.3315850324,0.1490756062395141,15.0,40.0,10000.0,-0.13794234748299206
k_io,20,21,20.0,130.0,3727848.3315850324,0.1490756062395141,15.0,40.0,10500.0,-0.1718731065519509
k_io,20,21,20.0,130.0,3727848.3315850324,0.1490756062395141,15.0,40.0,11000.0,-0.18210738121662912
k_io,20,21,20.0,130.0,3727848.3315850324,0.1490756062395141,15.0,40.0,11500.0,-0.17492984627227448
k_io,20,21,20.0,130.0,3727848.3315850324,0.1490756062395141,15.0,40.0,12000.0,-0.1536487828178438
k_io,20,21,20.0,130.0,3727848.3315850324,0.1490756062395141,20.0,50.0,0.0,
k_io,20,21,20.0,130.0,3727848.3315850324,0.1490756062395141,20.0,50.0,500.0,0.5527532914163441
k_io,20,21,20.0,130.0,3727848.3315850324,0.1490756062395141,20.0,50.0,1000.0,0.5411414733195525
k_io,20,21,20.0,130.0,3727848.3315850324,0.1490756062395141,20.0,50.0,1500.0,0.3743606979240461
k_io,20,21,20.0,130.0,3727848.3315850324,0.1490756062395141,20.0,50.0,2000.0,0.18032462098882845
k_io,20,21,20.0,130.0,3727848.3315850324,0.1490756062395141,20.0,50.0,2500.0,0.05328649638890808
k_io,20,21,20.0,130.0,3727848.3315850324,0.1490756062395141,20.0,50.0,3000.0,-0.034105268949468574
k_io,20,21,20.0,130.0,3727848.3315850324,0.1490756062395141,20.0,50.0,3500.0,-0.09516431696268113
k_io,20,21,20.0,130.0,3727848.3315850324,0.1490756062395141,20.0,50.0,4000.0,-0.12301242982144557
k_io,20,21,20.0,130.0,3727848.3315850324,0.1490756062395141,20.0,50.0,4500.0,-0.1103037765747822
k_io,20,21,20.0,130.0,3727848.3315850324,0.1490756062395141,20.0,50.0,5000.0,-0.05610330890145796
k_io,20,21,20.0,130.0,3727848.3315850324,0.1490756062395141,20.0,50.0,5500.0,0.02945171533576747
k_io,20,21,20.0,130.0,3727848.3315850324,0.1490756062395141,20.0,50.0,6000.0,0.12417090261398805
k_io,20,21,20.0,130.0,3727848.3315850324,0.1490756062395141,20.0,50.0,6500.0,0.2054606257798327
k_io,20,21,20.0,130.0,3727848.3315850324,0.1490756062395141,20.0,50.0,7000.0,0.2630866995564371
k_io,20,21,20.0,130.0,3727848.3315850324,0.1490756062395141,20.0,50.0,7500.0,0.2979029346681351
k_io,20,21,20.0,130.0,3727848.3315850324,0.1490756062395141,20.0,50.0,8000.0,0.3147247069174719
k_io,20,21,20.0,130.0,3727848.3315850324,0.1490756062395141,20.0,50.0,8500.0,0.31868593112124716
k_io,20,21,20.0,130.0,3727848.3315850324,0.1490756062395141,20.0,50.0,9000.0,0.3145440399864184
k_io,20,21,20.0,130.0,3727848.3315850324,0.1490756062395141,20.0,50.0,9500.0,0.30640234782685977
k_io,20,21,20.0,130.0,3727848.3315850324,0.1490756062395141,20.0,50.0,10000.0,0.2971368587775192
k_io,20,21,20.0,130.0,3727848.3315850324,0.1490756062395141,20.0,50.0,10500.0,0.28817217371128867
k_io,20,21,20.0,130.0,3727848.3315850324,0.1490756062395141,20.0,50.0,11000.0,0.27992696300088826
k_io,20,21,20.0,130.0,3727848.3315850324,0.1490756062395141,20.0,50.0,11500.0,0.2723406477673873
k_io,20,21,20.0,130.0,3727848.3315850324,0.1490756062395141,20.0,50.0,12000.0,0.26499184762124567
k_io,20,21,20.0,130.0,3727848.3315850324,0.1490756062395141,25.0,60.0,0.0,
k_io,20,21,20.0,130.0,3727848.3315850324,0.1490756062395141,25.0,60.0,500.0,0.10021040507554098
k_io,20,21,20.0,130.0,3727848.3315850324,0.1490756062395141,25.0,60.0,1000.0,-0.10333324221116964
k_io,20,21,20.0,130.0,3727848.3315850324,0.1490756062395141,25.0,60.0,1500.0,-0.0352895892673679
k_io,20,21,20.0,130.0,3727848.3315850324,0.1490756062395141,25.0,60.0,2000.0,0.22502169117999274
k_io,20,21,20.0,130.0,3727848.3315850324,0.1490756062395141,25.0,60.0,2500.0,0.45578073512220074
k_io,20,21,20.0,130.0,3727848.3315850324,0.1490756062395141,25.0,60.0,3000.0,0.6123037495299651
k_io,20,21,20.0,130.0,3727848.3315850324,0.1490756062395141,25.0,60.0,3500.0,0.6954737779558469
k_io,20,21,20.0,130.0,3727848.3315850324,0.1490756062395141,25.0,60.0,4000.0,0.7169057816305787
k_io,20,21,20.0,130.0,3727848.3315850324,0.1490756062395141,25.0,60.0,4500.0,0.6991378388236932
k_io,20,21,20.0,130.0,3727848.3315850324,0.1490756062395141,25.0,60.0,5000.0,0.6604601737443432
k_io,20,21,20.0,130.0,3727848.3315850324,0.1490756062395141,25.0,60.0,5500.0,0.6061283344542847
k_io,20,21,20.0,130.0,3727848.3315850324,0.1490756062395141,25.0,60.0,6000.0,0.5309739113755665
k_io,20,21,20.0,130.0,3727848.3315850324,0.1490756062395141,25.0,60.0,6500.0,0.4268682391274479
k_io,20,21,20.0,130.0,3727848.3315850324,0.1490756062395141,25.0,60.0,7000.0,0.2910390848518119
k_io,20,21,20.0,130.0,3727848.3315850324,0.1490756062395141,25.0,60.0,7500.0,0.13134911616507566
k_io,20,21,20.0,130.0,3727848.3315850324,0.1490756062395141,25.0,60.0,8000.0,-0.03599958738931097
k_io,20,21,20.0,130.0,3727848.3315850324,0.1490756062395141,25.0,60.0,8500.0,-0.19460402087470602
k_io,20,21,20.0,130.0,3727848.3315850324,0.1490756062395141,25.0,60.0,9000.0,-0.334202892473111
k_io,20,21,20.0,130.0,3727848.3315850324,0.1490756062395141,25.0,60.0,9500.0,-0.45103293963199087
k_io,20,21,20.0,130.0,3727848.3315850324,0.1490756062395141,25.0,60.0,10000.0,-0.5441930509857347
k_io,20,21,20.0,130.0,3727848.3315850324,0.1490756062395141,25.0,60.0,10500.0,-0.611761072197243
k_io,20,21,20.0,130.0,3727848.3315850324,0.1490756062395141,25.0,60.0,11000.0,-0.6495596503866274
k_io,20,21,20.0,130.0,3727848.3315850324,0.1490756062395141,25.0,60.0,11500.0,-0.6540107204272869
k_io,20,21,20.0,130.0,3727848.3315850324,0.1490756062395141,25.0,60.0,12000.0,-0.626690037775446
k_io,20,21,20.0,130.0,3727848.3315850324,0.1490756062395141,30.0,80.0,0.0,
k_io,20,21,20.0,130.0,3727848.3315850324,0.1490756062395141,30.0,80.0,500.0,0.06836436500422935
k_io,20,21,20.0,130.0,3727848.3315850324,0.1490756062395141,30.0,80.0,1000.0,-0.23663932609202967
k_io,20,21,20.0,130.0,3727848.3315850324,0.1490756062395141,30.0,80.0,1500.0,-0.32203180639560497
k_io,20,21,20.0,130.0,3727848.3315850324,0.1490756062395141,30.0,80.0,2000.0,-0.21130507809602103
k_io,20,21,20.0,130.0,3727848.3315850324,0.1490756062395141,30.0,80.0,2500.0,-0.0848163792277628
k_io,20,21,20.0,130.0,3727848.3315850324,0.1490756062395141,30.0,80.0,3000.0,0.009390068038181473
k_io,20,21,20.0,130.0,3727848.3315850324,0.1490756062395141,30.0,80.0,3500.0,0.07406367286059351
k_io,20,21,20.0,130.0,3727848.3315850324,0.1490756062395141,30.0,80.0,4000.0,0.10765649607664063
k_io,20,21,20.0,130.0,3727848.3315850324,0.1490756062395141,30.0,80.0,4500.0,0.11816468774819663
k_io,20,21,20.0,130.0,3727848.3315850324,0.1490756062395141,30.0,80.0,5000.0,0.12445519016031827
k_io,20,21,20.0,130.0,3727848.3315850324,0.1490756062395141,30.0,80.0,5500.0,0.15306346076109062
k_io,20,21,20.0,130.0,3727848.3315850324,0.1490756062395141,30.0,80.0,6000.0,0.21438516680358521
k_io,20,21,20.0,130.0,3727848.3315850324,0.1490756062395141,30.0,80.0,6500.0,0.2990764669104287
k_io,20,21,20.0,130.0,3727848.3315850324,0.1490756062395141,30.0,80.0,7000.0,0.39134021049081597
k_io,20,21,20.0,130.0,3727848.3315850324,0.1490756062395141,30.0,80.0,7500.0,0.47538271864574205
k_io,20,21,20.0,130.0,3727848.3315850324,0.1490756062395141,30.0,80.0,8000.0,0.5381847699172708
k_io,20,21,20.0,130.0,3727848.3315850324,0.1490756062395141,30.0,80.0,8500.0,0.572320993834413
k_io,20,21,20.0,130.0,3727848.3315850324,0.1490756062395141,30.0,80.0,9000.0,0.5797150586340769
k_io,20,21,20.0,130.0,3727848.3315850324,0.1490756062395141,30.0,80.0,9500.0,0.5735839354292105
k_io,20,21,20.0,130.0,3727848.3315850324,0.1490756062395141,30.0,80.0,10000.0,0.56538361260011
k_io,20,21,20.0,130.0,3727848.3315850324,0.1490756062395141,30.0,80.0,10500.0,0.4838984555294633
k_io,20,21,20.0,130.0,3727848.3315850324,0.1490756062395141,30.0,80.0,11000.0,0.2550473249809277
k_io,20,21,20.0,130.0,3727848.3315850324,0.1490756062395141,30.0,80.0,11500.0,0.10101458677661095
k_io,20,21,20.0,130.0,3727848.3315850324,0.1490756062395141,30.0,80.0,12000.0,0.029035877897186483
k_io,4,5,0.0,20.0,9999135.937500007,0.06052197947728917,5.0,15.0,0.0,
k_io,4,5,0.0,20.0,9999135.937500007,0.06052197947728917,5.0,15.0,500.0,0.8989576172369187
k_io,4,5,0.0,20.0,9999135.937500007,0.06052197947728917,5.0,15.0,1000.0,0.9039446647421805
k_io,4,5,0.0,20.0,9999135.937500007,0.06052197947728917,5.0,15.0,1500.0,0.8762164196072495
k_io,4,5,0.0,20.0,9999135.937500007,0.06052197947728917,5.0,15.0,2000.0,0.8311720238390166
k_io,4,5,0.0,20.0,9999135.937500007,0.06052197947728917,5.0,15.0,2500.0,0.7836718923236053
k_io,4,5,0.0,20.0,9999135.937500007,0.06052197947728917,5.0,15.0,3000.0,0.7471115159519007
k_io,4,5,0.0,20.0,9999135.937500007,0.06052197947728917,5.0,15.0,3500.0,0.722098964186643
k_io,4,5,0.0,20.0,9999135.937500007,0.06052197947728917,5.0,15.0,4000.0,0.6946264443364126
k_io,4,5,0.0,20.0,9999135.937500007,0.06052197947728917,5.0,15.0,4500.0,0.6544344498682525
k_io,4,5,0.0,20.0,9999135.937500007,0.06052197947728917,5.0,15.0,5000.0,0.6107787454611915
k_io,4,5,0.0,20.0,9999135.937500007,0.06052197947728917,5.0,15.0,5500.0,0.5800080327368422
k_io,4,5,0.0,20.0,9999135.937500007,0.06052197947728917,5.0,15.0,6000.0,0.5637631803064499
k_io,4,5,0.0,20.0,9999135.937500007,0.06052197947728917,5.0,15.0,6500.0,0.5475889553372882
k_io,4,5,0.0,20.0,9999135.937500007,0.06052197947728917,5.0,15.0,7000.0,0.5201121287622801
k_io,4,5,0.0,20.0,9999135.937500007,0.06052197947728917,5.0,15.0,7500.0,0.48824264926757305
k_io,4,5,0.0,20.0,9999135.937500007,0.06052197947728917,5.0,15.0,8000.0,0.4678358437039246
k_io,4,5,0.0,20.0,9999135.937500007,0.06052197947728917,5.0,15.0,8500.0,0.46881571590029997
k_io,4,5,0.0,20.0,9999135.937500007,0.06052197947728917,5.0,15.0,9000.0,0.49142401813513625
k_io,4,5,0.0,20.0,9999135.937500007,0.06052197947728917,5.0,15.0,9500.0,0.5288197206607227
k_io,4,5,0.0,20.0,9999135.937500007,0.06052197947728917,5.0,15.0,10000.0,0.5714732530984594
k_io,4,5,0.0,20.0,9999135.937500007,0.06052197947728917,5.0,15.0,10500.0,0.6116610225538581
k_io,4,5,0.0,20.0,9999135.937500007,0.06052197947728917,5.0,15.0,11000.0,0.6459112963005849
k_io,4,5,0.0,20.0,9999135.937500007,0.06052197947728917,5.0,15.0,11500.0,0.674514023514228
k_io,4,5,0.0,20.0,9999135.937500007,0.06052197947728917,5.0,15.0,12000.0,0.6995663493050998
k_io,4,5,0.0,20.0,9999135.937500007,0.06052197947728917,7.0,25.0,0.0,
k_io,4,5,0.0,20.0,9999135.937500007,0.06052197947728917,7.0,25.0,500.0,0.8233312561844526
k_io,4,5,0.0,20.0,9999135.937500007,0.06052197947728917,7.0,25.0,1000.0,0.905104407556792
k_io,4,5,0.0,20.0,9999135.937500007,0.06052197947728917,7.0,25.0,1500.0,0.9240569831723325
k_io,4,5,0.0,20.0,9999135.937500007,0.06052197947728917,7.0,25.0,2000.0,0.9054844147313117
k_io,4,5,0.0,20.0,9999135.937500007,0.06052197947728917,7.0,25.0,2500.0,0.8652470571204038
k_io,4,5,0.0,20.0,9999135.937500007,0.06052197947728917,7.0,25.0,3000.0,0.800648187442251
k_io,4,5,0.0,20.0,9999135.937500007,0.06052197947728917,7.0,25.0,3500.0,0.7155816853900107
k_io,4,5,0.0,20.0,9999135.937500007,0.06052197947728917,7.0,25.0,4000.0,0.6447260736077951
k_io,4,5,0.0,20.0,9999135.937500007,0.06052197947728917,7.0,25.0,4500.0,0.6242293338022455
k_io,4,5,0.0,20.0,9999135.937500007,0.06052197947728917,7.0,25.0,5000.0,0.6514222117434643
k_io,4,5,0.0,20.0,9999135.937500007,0.06052197947728917,7.0,25.0,5500.0,0.696931059196788
k_io,4,5,0.0,20.0,9999135.937500007,0.06052197947728917,7.0,25.0,6000.0,0.7348184716234785
k_io,4,5,0.0,20.0,9999135.937500007,0.06052197947728917,7.0,25.0,6500.0,0.7598014611195409
k_io,4,5,0.0,20.0,9999135.937500007,0.06052197947728917,7.0,25.0,7000.0,0.7818202211691518
k_io,4,5,0.0,20.0,9999135.937500007,0.06052197947728917,7.0,25.0,7500.0,0.8094030873512333
k_io,4,5,0.0,20.0,9999135.937500007,0.06052197947728917,7.0,25.0,8000.0,0.8423565210953574
k_io,4,5,0.0,20.0,9999135.937500007,0.06052197947728917,7.0,25.0,8500.0,0.8749343711951213
k_io,4,5,0.0,20.0,9999135.937500007,0.06052197947728917,7.0,25.0,9000.0,0.9010441564476984
k_io,4,5,0.0,20.0,9999135.937500007,0.06052197947728917,7.0,25.0,9500.0,0.9170184217594901
k_io,4,5,0.0,20.0,9999135.937500007,0.06052197947728917,7.0,25.0,10000.0,0.9214452724905029
k_io,4,5,0.0,20.0,9999135.937500007,0.06052197947728917,7.0,25.0,10500.0,0.913484546764774
k_io,4,5,0.0,20.0,9999135.937500007,0.06052197947728917,7.0,25.0,11000.0,0.8912886078665817
k_io,4,5,0.0,20.0,9999135.937500007,0.06052197947728917,7.0,25.0,11500.0,0.8519719063402429
k_io,4,5,0.0,20.0,9999135.937500007,0.06052197947728917,7.0,25.0,12000.0,0.7944302092393887
k_io,4,5,0.0,20.0,9999135.937500007,0.06052197947728917,10.0,30.0,0.0,
k_io,4,5,0.0,20.0,9999135.937500007,0.06052197947728917,10.0,30.0,500.0,0.6119770214616006
k_io,4,5,0.0,20.0,9999135.937500007,0.06052197947728917,10.0,30.0,1000.0,0.693257773126892
k_io,4,5,0.0,20.0,9999135.937500007,0.06052197947728917,10.0,30.0,1500.0,0.7569310230394154
k_io,4,5,0.0,20.0,9999135.937500007,0.06052197947728917,10.0,30.0,2000.0,0.7723321971412929
k_io,4,5,0.0,20.0,9999135.937500007,0.06052197947728917,10.0,30.0,2500.0,0.7464322940379357
k_io,4,5,0.0,20.0,9999135.937500007,0.06052197947728917,10.0,30.0,3000.0,0.6870004442399448
k_io,4,5,0.0,20.0,9999135.937500007,0.06052197947728917,10.0,30.0,3500.0,0.600801172437585
k_io,4,5,0.0,20.0,9999135.937500007,0.06052197947728917,10.0,30.0,4000.0,0.5002915046348018
k_io,4,5,0.0,20.0,9999135.937500007,0.06052197947728917,10.0,30.0,4500.0,0.4014585315127838
k_io,4,5,0.0,20.0,9999135.937500007,0.06052197947728917,10.0,30.0,5000.0,0.31722736308922667
k_io,4,5,0.0,20.0,9999135.937500007,0.06052197947728917,10.0,30.0,5500.0,0.2553559126976505
k_io,4,5,0.0,20.0,9999135.937500007,0.06052197947728917,10.0,30.0,6000.0,0.22001267206735495
k_io,4,5,0.0,20.0,9999135.937500007,0.06052197947728917,10.0,30.0,6500.0,0.2116835565175938
k_io,4,5,0.0,20.0,9999135.937500007,0.06052197947728917,10.0,30.0,7000.0,0.22499992499618243
k_io,4,5,0.0,20.0,9999135.937500007,0.06052197947728917,10.0,30.0,7500.0,0.24902692073139637
k_io,4,5,0.0,20.0,9999135.937500007,0.06052197947728917,10.0,30.0,8000.0,0.2720159429304342
k_io,4,5,0.0,20.0,9999135.937500007,0.06052197947728917,10.0,30.0,8500.0,0.28625014911700253
k_io,4,5,0.0,20.0,9999135.937500007,0.06052197947728917,10.0,30.0,9000.0,0.289096274578299
k_io,4,5,0.0,20.0,9999135.937500007,0.06052197947728917,10.0,30.0,9500.0,0.28146226177242983
k_io,4,5,0.0,20.0,9999135.937500007,0.06052197947728917,10.0,30.0,10000.0,0.26606050760607775
k_io,4,5,0.0,20.0,9999135.937500007,0.06052197947728917,10.0,30.0,10500.0,0.24636895511031956
k_io,4,5,0.0,20.0,9999135.937500007,0.06052197947728917,10.0,30.0,11000.0,0.22619828434689185
k_io,4,5,0.0,20.0,9999135.937500007,0.06052197947728917,10.0,30.0,11500.0,0.20951030232447784
k_io,4,5,0.0,20.0,9999135.937500007,0.06052197947728917,10.0,30.0,12000.0,0.20017082158438135
k_io,4,5,0.0,20.0,9999135.937500007,0.06052197947728917,12.0,36.0,0.0,
k_io,4,5,0.0,20.0,9999135.937500007,0.06052197947728917,12.0,36.0,500.0,0.594004464027905
k_io,4,5,0.0,20.0,9999135.937500007,0.06052197947728917,12.0,36.0,1000.0,0.5218801372437872
k_io,4,5,0.0,20.0,9999135.937500007,0.06052197947728917,12.0,36.0,1500.0,0.4886964687066355
k_io,4,5,0.0,20.0,9999135.937500007,0.06052197947728917,12.0,36.0,2000.0,0.5017074711541519
k_io,4,5,0.0,20.0,9999135.937500007,0.06052197947728917,12.0,36.0,2500.0,0.525713655396915
k_io,4,5,0.0,20.0,9999135.937500007,0.06052197947728917,12.0,36.0,3000.0,0.5222593552708807
k_io,4,5,0.0,20.0,9999135.937500007,0.06052197947728917,12.0,36.0,3500.0,0.4782948296998007
k_io,4,5,0.0,20.0,9999135.937500007,0.06052197947728917,12.0,36.0,4000.0,0.406768278099406
k_io,4,5,0.0,20.0,9999135.937500007,0.06052197947728917,12.0,36.0,4500.0,0.33350653925830454
k_io,4,5,0.0,20.0,9999135.937500007,0.06052197947728917,12.0,36.0,5000.0,0.28129877470846104
k_io,4,5,0.0,20.0,9999135.937500007,0.06052197947728917,12.0,36.0,5500.0,0.2589188060104218
k_io,4,5,0.0,20.0,9999135.937500007,0.06052197947728917,12.0,36.0,6000.0,0.262802226079966
k_io,4,5,0.0,20.0,9999135.937500007,0.06052197947728917,12.0,36.0,6500.0,0.28609400430131215
k_io,4,5,0.0,20.0,9999135.937500007,0.06052197947728917,12.0,36.0,7000.0,0.3245448004331346
k_io,4,5,0.0,20.0,9999135.937500007,0.06052197947728917,12.0,36.0,7500.0,0.37639607228673366
k_io,4,5,0.0,20.0,9999135.937500007,0.06052197947728917,12.0,36.0,8000.0,0.4395694728305406
k_io,4,5,0.0,20.0,9999135.937500007,0.06052197947728917,12.0,36.0,8500.0,0.5098857563330661
k_io,4,5,0.0,20.0,9999135.937500007,0.06052197947728917,12.0,36.0,9000.0,0.5813653382110631
k_io,4,5,0.0,20.0,9999135.937500007,0.06052197947728917,12.0,36.0,9500.0,0.6477365421569631
k_io,4,5,0.0,20.0,9999135.937500007,0.06052197947728917,12.0,36.0,10000.0,0.7042331954115852
k_io,4,5,0.0,20.0,9999135.937500007,0.06052197947728917,12.0,36.0,10500.0,0.7487289948993793
k_io,4,5,0.0,20.0,9999135.937500007,0.06052197947728917,12.0,36.0,11000.0,0.7814125567147175
k_io,4,5,0.0,20.0,9999135.937500007,0.06052197947728917,12.0,36.0,11500.0,0.8034326356942358
k_io,4,5,0.0,20.0,9999135.937500007,0.06052197947728917,12.0,36.0,12000.0,0.8157206655373922
k_io,4,5,0.0,20.0,9999135.937500007,0.06052197947728917,15.0,40.0,0.0,
k_io,4,5,0.0,20.0,9999135.937500007,0.06052197947728917,15.0,40.0,500.0,0.5795380289084066
k_io,4,5,0.0,20.0,9999135.937500007,0.06052197947728917,15.0,40.0,1000.0,0.5462561728922748
k_io,4,5,0.0,20.0,9999135.937500007,0.06052197947728917,15.0,40.0,1500.0,0.5775538587663634
k_io,4,5,0.0,20.0,9999135.937500007,0.06052197947728917,15.0,40.0,2000.0,0.639468652488757
k_io,4,5,0.0,20.0,9999135.937500007,0.06052197947728917,15.0,40.0,2500.0,0.6733637822869454
k_io,4,5,0.0,20.0,9999135.937500007,0.06052197947728917,15.0,40.0,3000.0,0.6523011028987246
k_io,4,5,0.0,20.0,9999135.937500007,0.06052197947728917,15.0,40.0,3500.0,0.588009355088175
k_io,4,5,0.0,20.0,9999135.937500007,0.06052197947728917,15.0,40.0,4000.0,0.5070624166192033
k_io,4,5,0.0,20.0,9999135.937500007,0.06052197947728917,15.0,40.0,4500.0,0.43082641598548466
k_io,4,5,0.0,20.0,9999135.937500007,0.06052197947728917,15.0,40.0,5000.0,0.37107938069768814
k_io,4,5,0.0,20.0,9999135.937500007,0.06052197947728917,15.0,40.0,5500.0,0.33290917732309777
k_io,4,5,0.0,20.0,9999135.937500007,0.06052197947728917,15.0,40.0,6000.0,0.3170623537466748
k_io,4,5,0.0,20.0,9999135.937500007,0.06052197947728917,15.0,40.0,6500.0,0.32099813978065556
k_io,4,5,0.0,20.0,9999135.937500007,0.06052197947728917,15.0,40.0,7000.0,0.3399840903366683
k_io,4,5,0.0,20.0,9999135.937500007,0.06052197947728917,15.0,40.0,7500.0,0.3684644504547248
k_io,4,5,0.0,20.0,9999135.937500007,0.06052197947728917,15.0,40.0,8000.0,0.40132999781834766
k_io,4,5,0.0,20.0,9999135.937500007,0.06052197947728917,15.0,40.0,8500.0,0.43487756932902294
k_io,4,5,0.0,20.0,9999135.937500007,0.06052197947728917,15.0,40.0,9000.0,0.4671326480430943
k_io,4,5,0.0,20.0,9999135.937500007,0.06052197947728917,15.0,40.0,9500.0,0.4973758224984089
k_io,4,5,0.0,20.0,9999135.937500007,0.06052197947728917,15.0,40.0,10000.0,0.525314350348669
k_io,4,5,0.0,20.0,9999135.937500007,0.06052197947728917,15.0,40.0,10500.0,0.5505809533782177
k_io,4,5,0.0,20.0,9999135.937500007,0.06052197947728917,15.0,40.0,11000.0,0.5727115257245211
k_io,4,5,0.0,20.0,9999135.937500007,0.06052197947728917,15.0,40.0,11500.0,0.5913346371772482
k_io,4,5,0.0,20.0,9999135.937500007,0.06052197947728917,15.0,40.0,12000.0,0.6062885671084592
k_io,4,5,0.0,20.0,9999135.937500007,0.06052197947728917,20.0,50.0,0.0,
k_io,4,5,0.0,20.0,9999135.937500007,0.06052197947728917,20.0,50.0,500.0,0.08631023808687106
k_io,4,5,0.0,20.0,9999135.937500007,0.06052197947728917,20.0,50.0,1000.0,0.2096235604722988
k_io,4,5,0.0,20.0,9999135.937500007,0.06052197947728917,20.0,50.0,1500.0,0.41472015206307516
k_io,4,5,0.0,20.0,9999135.937500007,0.06052197947728917,20.0,50.0,2000.0,0.5485138760963689
k_io,4,5,0.0,20.0,9999135.937500007,0.06052197947728917,20.0,50.0,2500.0,0.5775658295498608
k_io,4,5,0.0,20.0,9999135.937500007,0.06052197947728917,20.0,50.0,3000.0,0.5365350135871615
k_io,4,5,0.0,20.0,9999135.937500007,0.06052197947728917,20.0,50.0,3500.0,0.4721509455164176
k_io,4,5,0.0,20.0,9999135.937500007,0.06052197947728917,20.0,50.0,4000.0,0.4182984643552735
k_io,4,5,0.0,20.0,9999135.937500007,0.06052197947728917,20.0,50.0,4500.0,0.385411429256907
k_io,4,5,0.0,20.0,9999135.937500007,0.06052197947728917,20.0,50.0,5000.0,0.3664574462739916
k_io,4,5,0.0,20.0,9999135.937500007,0.06052197947728917,20.0,50.0,5500.0,0.35041635004287036
k_io,4,5,0.0,20.0,9999135.937500007,0.06052197947728917,20.0,50.0,6000.0,0.3324471758135829
k_io,4,5,0.0,20.0,9999135.937500007,0.06052197947728917,20.0,50.0,6500.0,0.3149897423009908
k_io,4,5,0.0,20.0,9999135.937500007,0.06052197947728917,20.0,50.0,7000.0,0.3025601863339258
k_io,4,5,0.0,20.0,9999135.937500007,0.06052197947728917,20.0,50.0,7500.0,0.2974544491260103
k_io,4,5,0.0,20.0,9999135.937500007,0.06052197947728917,20.0,50.0,8000.0,0.29900969947693373
k_io,4,5,0.0,20.0,9999135.937500007,0.06052197947728917,20.0,50.0,8500.0,0.30462512820281795
k_io,4,5,0.0,20.0,9999135.937500007,0.06052197947728917,20.0,50.0,9000.0,0.3107949603905091
k_io,4,5,0.0,20.0,9999135.937500007,0.06052197947728917,20.0,50.0,9500.0,0.3137283254670683
k_io,4,5,0.0,20.0,9999135.937500007,0.06052197947728917,20.0,50.0,10000.0,0.30995184021231076
k_io,4,5,0.0,20.0,9999135.937500007,0.06052197947728917,20.0,50.0,10500.0,0.29727863017848216
k_io,4,5,0.0,20.0,9999135.937500007,0.06052197947728917,20.0,50.0,11000.0,0.27618078210957003
k_io,4,5,0.0,20.0,9999135.937500007,0.06052197947728917,20.0,50.0,11500.0,0.2508265826900406
k_io,4,5,0.0,20.0,9999135.937500007,0.06052197947728917,20.0,50.0,12000.0,0.22865094640827327
k_io,4,5,0.0,20.0,9999135.937500007,0.06052197947728917,25.0,60.0,0.0,
k_io,4,5,0.0,20.0,9999135.937500007,0.06052197947728917,25.0,60.0,500.0,-0.17077358581893556
k_io,4,5,0.0,20.0,9999135.937500007,0.06052197947728917,25.0,60.0,1000.0,-0.06902472869112472
k_io,4,5,0.0,20.0,9999135.937500007,0.06052197947728917,25.0,60.0,1500.0,0.034016941243195084
k_io,4,5,0.0,20.0,9999135.937500007,0.06052197947728917,25.0,60.0,2000.0,0.12823400306261476
k_io,4,5,0.0,20.0,9999135.937500007,0.06052197947728917,25.0,60.0,2500.0,0.2035310722334448
k_io,4,5,0.0,20.0,9999135.937500007,0.06052197947728917,25.0,60.0,3000.0,0.2566015281833081
k_io,4,5,0.0,20.0,9999135.937500007,0.06052197947728917,25.0,60.0,3500.0,0.27788679767304425
k_io,4,5,0.0,20.0,9999135.937500007,0.06052197947728917,25.0,60.0,4000.0,0.26099453215139456
k_io,4,5,0.0,20.0,9999135.937500007,0.06052197947728917,25.0,60.0,4500.0,0.21450433129634663
k_io,4,5,0.0,20.0,9999135.937500007,0.06052197947728917,25.0,60.0,5000.0,0.15938784761935718
k_io,4,5,0.0,20.0,9999135.937500007,0.06052197947728917,25.0,60.0,5500.0,0.11523051038698262
k_io,4,5,0.0,20.0,9999135.937500007,0.06052197947728917,25.0,60.0,6000.0,0.0909080840855365
k_io,4,5,0.0,20.0,9999135.937500007,0.06052197947728917,25.0,60.0,6500.0,0.08530746575875899
k_io,4,5,0.0,20.0,9999135.937500007,0.06052197947728917,25.0,60.0,7000.0,0.09197295928496563
k_io,4,5,0.0,20.0,9999135.937500007,0.06052197947728917,25.0,60.0,7500.0,0.1033869488688207
k_io,4,5,0.0,20.0,9999135.937500007,0.06052197947728917,25.0,60.0,8000.0,0.11470064856739094
k_io,4,5,0.0,20.0,9999135.937500007,0.06052197947728917,25.0,60.0,8500.0,0.12543906968747956
k_io,4,5,0.0,20.0,9999135.937500007,0.06052197947728917,25.0,60.0,9000.0,0.13735950315869372
k_io,4,5,0.0,20.0,9999135.937500007,0.06052197947728917,25.0,60.0,9500.0,0.15091669360473373
k_io,4,5,0.0,20.0,9999135.937500007,0.06052197947728917,25.0,60.0,10000.0,0.16404816820983006
k_io,4,5,0.0,20.0,9999135.937500007,0.06052197947728917,25.0,60.0,10500.0,0.17349148102869727
k_io,4,5,0.0,20.0,9999135.937500007,0.06052197947728917,25.0,60.0,11000.0,0.1767203441896151
k_io,4,5,0.0,20.0,9999135.937500007,0.06052197947728917,25.0,60.0,11500.0,0.17304616466259667
k_io,4,5,0.0,20.0,9999135.937500007,0.06052197947728917,25.0,60.0,12000.0,0.16361494313455593
k_io,4,5,0.0,20.0,9999135.937500007,0.06052197947728917,30.0,80.0,0.0,
k_io,4,5,0.0,20.0,9999135.937500007,0.06052197947728917,30.0,80.0,500.0,-0.3445925451544672
k_io,4,5,0.0,20.0,9999135.937500007,0.06052197947728917,30.0,80.0,1000.0,-0.2593329247522013
k_io,4,5,0.0,20.0,9999135.937500007,0.06052197947728917,30.0,80.0,1500.0,-0.25299952052735014
k_io,4,5,0.0,20.0,9999135.937500007,0.06052197947728917,30.0,80.0,2000.0,-0.277060479085266
k_io,4,5,0.0,20.0,9999135.937500007,0.06052197947728917,30.0,80.0,2500.0,-0.2827307704822505
k_io,4,5,0.0,20.0,9999135.937500007,0.06052197947728917,30.0,80.0,3000.0,-0.24706161560665077
k_io,4,5,0.0,20.0,9999135.937500007,0.06052197947728917,30.0,80.0,3500.0,-0.17199967003273264
k_io,4,5,0.0,20.0,9999135.937500007,0.06052197947728917,30.0,80.0,4000.0,-0.07655569308294739
k_io,4,5,0.0,20.0,9999135.937500007,0.06052197947728917,30.0,80.0,4500.0,0.010635769905170006
k_io,4,5,0.0,20.0,9999135.937500007,0.06052197947728917,30.0,80.0,5000.0,0.06671401540585362
k_io,4,5,0.0,20.0,9999135.937500007,0.06052197947728917,30.0,80.0,5500.0,0.08597808348031209
k_io,4,5,0.0,20.0,9999135.937500007,0.06052197947728917,30.0,80.0,6000.0,0.07459887512267499
k_io,4,5,0.0,20.0,9999135.937500007,0.06052197947728917,30.0,80.0,6500.0,0.03998252045107346
k_io,4,5,0.0,20.0,9999135.937500007,0.06052197947728917,30.0,80.0,7000.0,-0.013380798212238247
k_io,4,5,0.0,20.0,9999135.937500007,0.06052197947728917,30.0,80.0,7500.0,-0.0826062985831758
k_io,4,5,0.0,20.0,9999135.937500007,0.06052197947728917,30.0,80.0,8000.0,-0.16405062661948214
k_io,4,5,0.0,20.0,9999135.937500007,0.06052197947728917,30.0,80.0,8500.0,-0.25224917167930366
k_io,4,5,0.0,20.0,9999135.937500007,0.06052197947728917,30.0,80.0,9000.0,-0.3406630749670105
k_io,4,5,0.0,20.0,9999135.937500007,0.06052197947728917,30.0,80.0,9500.0,-0.42336722842965663
k_io,4,5,0.0,20.0,9999135.937500007,0.06052197947728917,30.0,80.0,10000.0,-0.4961932682467733
k_io,4,5,0.0,20.0,9999135.937500007,0.06052197947728917,30.0,80.0,10500.0,-0.5567186152733832
k_io,4,5,0.0,20.0,9999135.937500007,0.06052197947728917,30.0,80.0,11000.0,-0.6037487518899584
k_io,4,5,0.0,20.0,9999135.937500007,0.06052197947728917,30.0,80.0,11500.0,-0.6370402404765668
k_io,4,5,0.0,20.0,9999135.937500007,0.06052197947728917,30.0,80.0,12000.0,-0.6573239428603346
k_io,5,6,20.0,130.0,9999135.937500007,0.06052197947728917,5.0,15.0,0.0,
k_io,5,6,20.0,130.0,9999135.937500007,0.06052197947728917,5.0,15.0,500.0,0.24705271376014526
k_io,5,6,20.0,130.0,9999135.937500007,0.06052197947728917,5.0,15.0,1000.0,-0.21143932090038658
k_io,5,6,20.0,130.0,9999135.937500007,0.06052197947728917,5.0,15.0,1500.0,-0.5302578267134749
k_io,5,6,20.0,130.0,9999135.937500007,0.06052197947728917,5.0,15.0,2000.0,-0.678466068433994
k_io,5,6,20.0,130.0,9999135.937500007,0.06052197947728917,5.0,15.0,2500.0,-0.6782633493227251
k_io,5,6,20.0,130.0,9999135.937500007,0.06052197947728917,5.0,15.0,3000.0,-0.6036049077730897
k_io,5,6,20.0,130.0,9999135.937500007,0.06052197947728917,5.0,15.0,3500.0,-0.5296059131377837
k_io,5,6,20.0,130.0,9999135.937500007,0.06052197947728917,5.0,15.0,4000.0,-0.49887725538162997
k_io,5,6,20.0,130.0,9999135.937500007,0.06052197947728917,5.0,15.0,4500.0,-0.516283458475576
k_io,5,6,20.0,130.0,9999135.937500007,0.06052197947728917,5.0,15.0,5000.0,-0.5578540747353614
k_io,5,6,20.0,130.0,9999135.937500007,0.06052197947728917,5.0,15.0,5500.0,-0.5817769666325191
k_io,5,6,20.0,130.0,9999135.937500007,0.06052197947728917,5.0,15.0,6000.0,-0.5467490391989843
k_io,5,6,20.0,130.0,9999135.937500007,0.06052197947728917,5.0,15.0,6500.0,-0.44105611309887344
k_io,5,6,20.0,130.0,9999135.937500007,0.06052197947728917,5.0,15.0,7000.0,-0.29722782374641143
k_io,5,6,20.0,130.0,9999135.937500007,0.06052197947728917,5.0,15.0,7500.0,-0.16329981223729248
k_io,5,6,20.0,130.0,9999135.937500007,0.06052197947728917,5.0,15.0,8000.0,-0.06374223503086258
k_io,5,6,20.0,130.0,9999135.937500007,0.06052197947728917,5.0,15.0,8500.0,0.003034065782792725
k_io,5,6,20.0,130.0,9999135.937500007,0.06052197947728917,5.0,15.0,9000.0,0.0478421243371143
k_io,5,6,20.0,130.0,9999135.937500007,0.06052197947728917,5.0,15.0,9500.0,0.07969642841264958
k_io,5,6,20.0,130.0,9999135.937500007,0.06052197947728917,5.0,15.0,10000.0,0.10247816343745693
k_io,5,6,20.0,130.0,9999135.937500007,0.06052197947728917,5.0,15.0,10500.0,0.11539396250899796
k_io,5,6,20.0,130.0,9999135.937500007,0.06052197947728917,5.0,15.0,11000.0,0.11524480870488411
k_io,5,6,20.0,130.0,9999135.937500007,0.06052197947728917,5.0,15.0,11500.0,0.09938998810824126
k_io,5,6,20.0,130.0,9999135.937500007,0.06052197947728917,5.0,15.0,12000.0,0.06812488919142638
k_io,5,6,20.0,130.0,9999135.937500007,0.06052197947728917,7.0,25.0,0.0,
k_io,5,6,20.0,130.0,9999135.937500007,0.06052197947728917,7.0,25.0,500.0,0.2851190282372984
k_io,5,6,20.0,130.0,9999135.937500007,0.06052197947728917,7.0,25.0,1000.0,0.1882247070911872
k_io,5,6,20.0,130.0,9999135.937500007,0.06052197947728917,7.0,25.0,1500.0,0.0272593015379094
k_io,5,6,20.0,130.0,9999135.937500007,0.06052197947728917,7.0,25.0,2000.0,-0.16744541039969385
k_io,5,6,20.0,130.0,9999135.937500007,0.06052197947728917,7.0,25.0,2500.0,-0.3535382497763606
k_io,5,6,20.0,130.0,9999135.937500007,0.06052197947728917,7.0,25.0,3000.0,-0.4915461171884656
k_io,5,6,20.0,130.0,9999135.937500007,0.06052197947728917,7.0,25.0,3500.0,-0.5592869074594585
k_io,5,6,20.0,130.0,9999135.937500007,0.06052197947728917,7.0,25.0,4000.0,-0.5671190415458183
k_io,5,6,20.0,130.0,9999135.937500007,0.06052197947728917,7.0,25.0,4500.0,-0.539282378348052
k_io,5,6,20.0,130.0,9999135.937500007,0.06052197947728917,7.0,25.0,5000.0,-0.49398498443968275
k_io,5,6,20.0,130.0,9999135.937500007,0.06052197947728917,7.0,25.0,5500.0,-0.4381063340217058
k_io,5,6,20.0,130.0,9999135.937500007,0.06052197947728917,7.0,25.0,6000.0,-0.3697358427570131
k_io,5,6,20.0,130.0,9999135.937500007,0.06052197947728917,7.0,25.0,6500.0,-0.28398538921093747
k_io,5,6,20.0,130.0,9999135.937500007,0.06052197947728917,7.0,25.0,7000.0,-0.17913282675792158
k_io,5,6,20.0,130.0,9999135.937500007,0.06052197947728917,7.0,25.0,7500.0,-0.06048926752848305
k_io,5,6,20.0,130.0,9999135.937500007,0.06052197947728917,7.0,25.0,8000.0,0.05987966186561241
k_io,5,6,20.0,130.0,9999135.937500007,0.06052197947728917,7.0,25.0,8500.0,0.16740482709748647
k_io,5,6,20.0,130.0,9999135.937500007,0.06052197947728917,7.0,25.0,9000.0,0.25040426740921795
k_io,5,6,20.0,130.0,9999135.937500007,0.06052197947728917,7.0,25.0,9500.0,0.30327675901799583
k_io,5,6,20.0,130.0,9999135.937500007,0.06052197947728917,7.0,25.0,10000.0,0.32660181156619666
k_io,5,6,20.0,130.0,9999135.937500007,0.06052197947728917,7.0,25.0,10500.0,0.3256319982245792
k_io,5,6,20.0,130.0,9999135.937500007,0.06052197947728917,7.0,25.0,11000.0,0.3086295286510057
k_io,5,6,20.0,130.0,9999135.937500007,0.06052197947728917,7.0,25.0,11500.0,0.28507252400514743
k_io,5,6,20.0,130.0,9999135.937500007,0.06052197947728917,7.0,25.0,12000.0,0.2634350443022339
k_io,5,6,20.0,130.0,9999135.937500007,0.06052197947728917,10.0,30.0,0.0,
k_io,5,6,20.0,130.0,9999135.937500007,0.06052197947728917,10.0,30.0,500.0,0.005858560155592077
k_io,5,6,20.0,130.0,9999135.937500007,0.06052197947728917,10.0,30.0,1000.0,-0.10290962812520177
k_io,5,6,20.0,130.0,9999135.937500007,0.06052197947728917,10.0,30.0,1500.0,-0.25879957083451427
k_io,5,6,20.0,130.0,9999135.937500007,0.06052197947728917,10.0,30.0,2000.0,-0.41229802732366994
k_io,5,6,20.0,130.0,9999135.937500007,0.06052197947728917,10.0,30.0,2500.0,-0.5288267387412273
k_io,5,6,20.0,130.0,9999135.937500007,0.06052197947728917,10.0,30.0,3000.0,-0.5983247363272904
k_io,5,6,20.0,130.0,9999135.937500007,0.06052197947728917,10.0,30.0,3500.0,-0.6307275225223705
k_io,5,6,20.0,130.0,9999135.937500007,0.06052197947728917,10.0,30.0,4000.0,-0.6413240505313605
k_io,5,6,20.0,130.0,9999135.937500007,0.06052197947728917,10.0,30.0,4500.0,-0.6310565912308247
k_io,5,6,20.0,130.0,9999135.937500007,0.06052197947728917,10.0,30.0,5000.0,-0.5906764573942385
k_io,5,6,20.0,130.0,9999135.937500007,0.06052197947728917,10.0,30.0,5500.0,-0.5157304560766885
k_io,5,6,20.0,130.0,9999135.937500007,0.06052197947728917,10.0,30.0,6000.0,-0.41563563197257214
k_io,5,6,20.0,130.0,9999135.937500007,0.06052197947728917,10.0,30.0,6500.0,-0.30936501603996974
k_io,5,6,20.0,130.0,9999135.937500007,0.06052197947728917,10.0,30.0,7000.0,-0.21340118222822654
k_io,5,6,20.0,130.0,9999135.937500007,0.06052197947728917,10.0,30.0,7500.0,-0.13392232680664226
k_io,5,6,20.0,130.0,9999135.937500007,0.06052197947728917,10.0,30.0,8000.0,-0.06731855356509046
k_io,5,6,20.0,130.0,9999135.937500007,0.06052197947728917,10.0,30.0,8500.0,-0.005498509296134067
k_io,5,6,20.0,130.0,9999135.937500007,0.06052197947728917,10.0,30.0,9000.0,0.057682931865164516
k_io,5,6,20.0,130.0,9999135.937500007,0.06052197947728917,10.0,30.0,9500.0,0.12119369157719351
k_io,5,6,20.0,130.0,9999135.937500007,0.06052197947728917,10.0,30.0,10000.0,0.17644218048216936
k_io,5,6,20.0,130.0,9999135.937500007,0.06052197947728917,10.0,30.0,10500.0,0.21368802998164912
k_io,5,6,20.0,130.0,9999135.937500007,0.06052197947728917,10.0,30.0,11000.0,0.22880014515704794
k_io,5,6,20.0,130.0,9999135.937500007,0.06052197947728917,10.0,30.0,11500.0,0.22387007639971737
k_io,5,6,20.0,130.0,9999135.937500007,0.06052197947728917,10.0,30.0,12000.0,0.2042900669761171
k_io,5,6,20.0,130.0,9999135.937500007,0.06052197947728917,12.0,36.0,0.0,
k_io,5,6,20.0,130.0,9999135.937500007,0.06052197947728917,12.0,36.0,500.0,0.18988686355443474
k_io,5,6,20.0,130.0,9999135.937500007,0.06052197947728917,12.0,36.0,1000.0,0.16045745867569844
k_io,5,6,20.0,130.0,9999135.937500007,0.06052197947728917,12.0,36.0,1500.0,0.10652575097215175
k_io,5,6,20.0,130.0,9999135.937500007,0.06052197947728917,12.0,36.0,2000.0,-0.003221173587538233
k_io,5,6,20.0,130.0,9999135.937500007,0.06052197947728917,12.0,36.0,2500.0,-0.13175175183129068
k_io,5,6,20.0,130.0,9999135.937500007,0.06052197947728917,12.0,36.0,3000.0,-0.24567765045908926
k_io,5,6,20.0,130.0,9999135.937500007,0.06052197947728917,12.0,36.0,3500.0,-0.348356490083158
k_io,5,6,20.0,130.0,9999135.937500007,0.06052197947728917,12.0,36.0,4000.0,-0.4534043607144018
k_io,5,6,20.0,130.0,9999135.937500007,0.06052197947728917,12.0,36.0,4500.0,-0.5634487180847414
k_io,5,6,20.0,130.0,9999135.937500007,0.06052197947728917,12.0,36.0,5000.0,-0.6653005956645651
k_io,5,6,20.0,130.0,9999135.937500007,0.06052197947728917,12.0,36.0,5500.0,-0.7379802023529386
k_io,5,6,20.0,130.0,9999135.937500007,0.06052197947728917,12.0,36.0,6000.0,-0.7665093510745498
k_io,5,6,20.0,130.0,9999135.937500007,0.06052197947728917,12.0,36.0,6500.0,-0.7497346102402019
k_io,5,6,20.0,130.0,9999135.937500007,0.06052197947728917,12.0,36.0,7000.0,-0.697872035790692
k_io,5,6,20.0,130.0,9999135.937500007,0.06052197947728917,12.0,36.0,7500.0,-0.6245213116957348
k_io,5,6,20.0,130.0,9999135.937500007,0.06052197947728917,12.0,36.0,8000.0,-0.539036931861215
k_io,5,6,20.0,130.0,9999135.937500007,0.06052197947728917,12.0,36.0,8500.0,-0.44335517079256265
k_io,5,6,20.0,130.0,9999135.937500007,0.06052197947728917,12.0,36.0,9000.0,-0.33445326737797976
k_io,5,6,20.0,130.0,9999135.937500007,0.06052197947728917,12.0,36.0,9500.0,-0.21012283201864923
k_io,5,6,20.0,130.0,9999135.937500007,0.06052197947728917,12.0,36.0,10000.0,-0.07409294816637411
k_io,5,6,20.0,130.0,9999135.937500007,0.06052197947728917,12.0,36.0,10500.0,0.06304944356661188
k_io,5,6,20.0,130.0,9999135.937500007,0.06052197947728917,12.0,36.0,11000.0,0.18805105969842262
k_io,5,6,20.0,130.0,9999135.937500007,0.06052197947728917,12.0,36.0,11500.0,0.29082978261648285
k_io,5,6,20.0,130.0,9999135.937500007,0.06052197947728917,12.0,36.0,12000.0,0.3672513981378967
k_io,5,6,20.0,130.0,9999135.937500007,0.06052197947728917,15.0,40.0,0.0,
k_io,5,6,20.0,130.0,9999135.937500007,0.06052197947728917,15.0,40.0,500.0,0.3624097184702371
k_io,5,6,20.0,130.0,9999135.937500007,0.06052197947728917,15.0,40.0,1000.0,0.3672272667485929
k_io,5,6,20.0,130.0,9999135.937500007,0.06052197947728917,15.0,40.0,1500.0,0.2933243379716331
k_io,5,6,20.0,130.0,9999135.937500007,0.06052197947728917,15.0,40.0,2000.0,0.17064705071640016
k_io,5,6,20.0,130.0,9999135.937500007,0.06052197947728917,15.0,40.0,2500.0,0.05993947123667074
k_io,5,6,20.0,130.0,9999135.937500007,0.06052197947728917,15.0,40.0,3000.0,-0.018364610701589713
k_io,5,6,20.0,130.0,9999135.937500007,0.06052197947728917,15.0,40.0,3500.0,-0.09568948538164856
k_io,5,6,20.0,130.0,9999135.937500007,0.06052197947728917,15.0,40.0,4000.0,-0.20229645470982274
k_io,5,6,20.0,130.0,9999135.937500007,0.06052197947728917,15.0,40.0,4500.0,-0.3408087343211503
k_io,5,6,20.0,130.0,9999135.937500007,0.06052197947728917,15.0,40.0,5000.0,-0.48905523700593806
k_io,5,6,20.0,130.0,9999135.937500007,0.06052197947728917,15.0,40.0,5500.0,-0.6175173841085998
k_io,5,6,20.0,130.0,9999135.937500007,0.06052197947728917,15.0,40.0,6000.0,-0.7054086989501175
k_io,5,6,20.0,130.0,9999135.937500007,0.06052197947728917,15.0,40.0,6500.0,-0.7448903656907248
k_io,5,6,20.0,130.0,9999135.937500007,0.06052197947728917,15.0,40.0,7000.0,-0.7366234255765067
k_io,5,6,20.0,130.0,9999135.937500007,0.06052197947728917,15.0,40.0,7500.0,-0.6838120362683777
k_io,5,6,20.0,130.0,9999135.937500007,0.06052197947728917,15.0,40.0,8000.0,-0.5891757170672625
k_io,5,6,20.0,130.0,9999135.937500007,0.06052197947728917,15.0,40.0,8500.0,-0.4568855422203279
k_io,5,6,20.0,130.0,9999135.937500007,0.06052197947728917,15.0,40.0,9000.0,-0.29805140079842823
k_io,5,6,20.0,130.0,9999135.937500007,0.06052197947728917,15.0,40.0,9500.0,-0.13295094556098916
k_io,5,6,20.0,130.0,9999135.937500007,0.06052197947728917,15.0,40.0,10000.0,0.015997162347008785
k_io,5,6,20.0,130.0,9999135.937500007,0.06052197947728917,15.0,40.0,10500.0,0.13460838120227692
k_io,5,6,20.0,130.0,9999135.937500007,0.06052197947728917,15.0,40.0,11000.0,0.22013309972890951
k_io,5,6,20.0,130.0,9999135.937500007,0.06052197947728917,15.0,40.0,11500.0,0.2772500784477672
k_io,5,6,20.0,130.0,9999135.937500007,0.06052197947728917,15.0,40.0,12000.0,0.31306163386277147
k_io,5,6,20.0,130.0,9999135.937500007,0.06052197947728917,20.0,50.0,0.0,
k_io,5,6,20.0,130.0,9999135.937500007,0.06052197947728917,20.0,50.0,500.0,0.16129916934414645
k_io,5,6,20.0,130.0,9999135.937500007,0.06052197947728917,20.0,50.0,1000.0,0.32619247675840435
k_io,5,6,20.0,130.0,9999135.937500007,0.06052197947728917,20.0,50.0,1500.0,0.2910161278523112
k_io,5,6,20.0,130.0,9999135.937500007,0.06052197947728917,20.0,50.0,2000.0,0.1436029833205126
k_io,5,6,20.0,130.0,9999135.937500007,0.06052197947728917,20.0,50.0,2500.0,0.039329099948716036
k_io,5,6,20.0,130.0,9999135.937500007,0.06052197947728917,20.0,50.0,3000.0,-0.000763033599479542
k_io,5,6,20.0,130.0,9999135.937500007,0.06052197947728917,20.0,50.0,3500.0,-0.01859442433769957
k_io,5,6,20.0,130.0,9999135.937500007,0.06052197947728917,20.0,50.0,4000.0,-0.041872661015071214
k_io,5,6,20.0,130.0,9999135.937500007,0.06052197947728917,20.0,50.0,4500.0,-0.08271524109933465
k_io,5,6,20.0,130.0,9999135.937500007,0.06052197947728917,20.0,50.0,5000.0,-0.14498067905105272
k_io,5,6,20.0,130.0,9999135.937500007,0.06052197947728917,20.0,50.0,5500.0,-0.22699509114288718
k_io,5,6,20.0,130.0,9999135.937500007,0.06052197947728917,20.0,50.0,6000.0,-0.3226898450913127
k_io,5,6,20.0,130.0,9999135.937500007,0.06052197947728917,20.0,50.0,6500.0,-0.4224671131991731
k_io,5,6,20.0,130.0,9999135.937500007,0.06052197947728917,20.0,50.0,7000.0,-0.5122426187743375
k_io,5,6,20.0,130.0,9999135.937500007,0.06052197947728917,20.0,50.0,7500.0,-0.5708775622817567
k_io,5,6,20.0,130.0,9999135.937500007,0.06052197947728917,20.0,50.0,8000.0,-0.5734294726848261
k_io,5,6,20.0,130.0,9999135.937500007,0.06052197947728917,20.0,50.0,8500.0,-0.5100290118626932
k_io,5,6,20.0,130.0,9999135.937500007,0.06052197947728917,20.0,50.0,9000.0,-0.402573978841153
k_io,5,6,20.0,130.0,9999135.937500007,0.06052197947728917,20.0,50.0,9500.0,-0.28713399778248944
k_io,5,6,20.0,130.0,9999135.937500007,0.06052197947728917,20.0,50.0,10000.0,-0.18705582520316733
k_io,5,6,20.0,130.0,9999135.937500007,0.06052197947728917,20.0,50.0,10500.0,-0.10907837567116539
k_io,5,6,20.0,130.0,9999135.937500007,0.06052197947728917,20.0,50.0,11000.0,-0.05130735939500315
k_io,5,6,20.0,130.0,9999135.937500007,0.06052197947728917,20.0,50.0,11500.0,-0.009480973675527223
k_io,5,6,20.0,130.0,9999135.937500007,0.06052197947728917,20.0,50.0,12000.0,0.020063425639492923
k_io,5,6,20.0,130.0,9999135.937500007,0.06052197947728917,25.0,60.0,0.0,
k_io,5,6,20.0,130.0,9999135.937500007,0.06052197947728917,25.0,60.0,500.0,0.03224979671607165
k_io,5,6,20.0,130.0,9999135.937500007,0.06052197947728917,25.0,60.0,1000.0,0.19164008620150236
k_io,5,6,20.0,130.0,9999135.937500007,0.06052197947728917,25.0,60.0,1500.0,0.2619523779013848
k_io,5,6,20.0,130.0,9999135.937500007,0.06052197947728917,25.0,60.0,2000.0,0.26255528557176855
k_io,5,6,20.0,130.0,9999135.937500007,0.06052197947728917,25.0,60.0,2500.0,0.23946867252862472
k_io,5,6,20.0,130.0,9999135.937500007,0.06052197947728917,25.0,60.0,3000.0,0.2131302913731554
k_io,5,6,20.0,130.0,9999135.937500007,0.06052197947728917,25.0,60.0,3500.0,0.18881529857005563
k_io,5,6,20.0,130.0,9999135.937500007,0.06052197947728917,25.0,60.0,4000.0,0.1724458581812576
k_io,5,6,20.0,130.0,9999135.937500007,0.06052197947728917,25.0,60.0,4500.0,0.17429653282564656
k_io,5,6,20.0,130.0,9999135.937500007,0.06052197947728917,25.0,60.0,5000.0,0.20241675821940563
k_io,5,6,20.0,130.0,9999135.937500007,0.06052197947728917,25.0,60.0,5500.0,0.2559109684179561
k_io,5,6,20.0,130.0,9999135.937500007,0.06052197947728917,25.0,60.0,6000.0,0.32234895080009657
k_io,5,6,20.0,130.0,9999135.937500007,0.06052197947728917,25.0,60.0,6500.0,0.3785533224919612
k_io,5,6,20.0,130.0,9999135.937500007,0.06052197947728917,25.0,60.0,7000.0,0.399096130005932
k_io,5,6,20.0,130.0,9999135.937500007,0.06052197947728917,25.0,60.0,7500.0,0.3712172674988508
k_io,5,6,20.0,130.0,9999135.937500007,0.06052197947728917,25.0,60.0,8000.0,0.3016657149216466
k_io,5,6,20.0,130.0,9999135.937500007,0.06052197947728917,25.0,60.0,8500.0,0.21088933112889288
k_io,5,6,20.0,130.0,9999135.937500007,0.06052197947728917,25.0,60.0,9000.0,0.12388517300576392
k_io,5,6,20.0,130.0,9999135.937500007,0.06052197947728917,25.0,60.0,9500.0,0.06251575777471186
k_io,5,6,20.0,130.0,9999135.937500007,0.06052197947728917,25.0,60.0,10000.0,0.04027800827240605
k_io,5,6,20.0,130.0,9999135.937500007,0.06052197947728917,25.0,60.0,10500.0,0.06046389661943029
k_io,5,6,20.0,130.0,9999135.937500007,0.06052197947728917,25.0,60.0,11000.0,0.11672744086391885
k_io,5,6,20.0,130.0,9999135.937500007,0.06052197947728917,25.0,60.0,11500.0,0.19525321955026306
k_io,5,6,20.0,130.0,9999135.937500007,0.06052197947728917,25.0,60.0,12000.0,0.2793127745934415
k_io,5,6,20.0,130.0,9999135.937500007,0.06052197947728917,30.0,80.0,0.0,
k_io,5,6,20.0,130.0,9999135.937500007,0.06052197947728917,30.0,80.0,500.0,-0.10091438356005789
k_io,5,6,20.0,130.0,9999135.937500007,0.06052197947728917,30.0,80.0,1000.0,-0.15301699421480416
k_io,5,6,20.0,130.0,9999135.937500007,0.06052197947728917,30.0,80.0,1500.0,-0.1791996023316397
k_io,5,6,20.0,130.0,9999135.937500007,0.06052197947728917,30.0,80.0,2000.0,-0.21693858472600833
k_io,5,6,20.0,130.0,9999135.937500007,0.06052197947728917,30.0,80.0,2500.0,-0.27506401632185395
k_io,5,6,20.0,130.0,9999135.937500007,0.06052197947728917,30.0,80.0,3000.0,-0.3469947286075631
k_io,5,6,20.0,130.0,9999135.937500007,0.06052197947728917,30.0,80.0,3500.0,-0.42095275489722367
k_io,5,6,20.0,130.0,9999135.937500007,0.06052197947728917,30.0,80.0,4000.0,-0.4835832331987922
k_io,5,6,20.0,130.0,9999135.937500007,0.06052197947728917,30.0,80.0,4500.0,-0.525618196981529
k_io,5,6,20.0,130.0,9999135.937500007,0.06052197947728917,30.0,80.0,5000.0,-0.5485791217090069
k_io,5,6,20.0,130.0,9999135.937500007,0.06052197947728917,30.0,80.0,5500.0,-0.5617192508364022
k_io,5,6,20.0,130.0,9999135.937500007,0.06052197947728917,30.0,80.0,6000.0,-0.571330646349966
k_io,5,6,20.0,130.0,9999135.937500007,0.06052197947728917,30.0,80.0,6500.0,-0.5803995757375319
k_io,5,6,20.0,130.0,9999135.937500007,0.06052197947728917,30.0,80.0,7000.0,-0.5913048160880889
k_io,5,6,20.0,130.0,9999135.937500007,0.06052197947728917,30.0,80.0,7500.0,-0.6007809806002903
k_io,5,6,20.0,130.0,9999135.937500007,0.06052197947728917,30.0,80.0,8000.0,-0.600507551722903
k_io,5,6,20.0,130.0,9999135.937500007,0.06052197947728917,30.0,80.0,8500.0,-0.5822885940464596
k_io,5,6,20.0,130.0,9999135.937500007,0.06052197947728917,30.0,80.0,9000.0,-0.5420047438000111
k_io,5,6,20.0,130.0,9999135.937500007,0.06052197947728917,30.0,80.0,9500.0,-0.48142857461739735
k_io,5,6,20.0,130.0,9999135.937500007,0.06052197947728917,30.0,80.0,10000.0,-0.4082200456737588
k_io,5,6,20.0,130.0,9999135.937500007,0.06052197947728917,30.0,80.0,10500.0,-0.3344353226862418
k_io,5,6,20.0,130.0,9999135.937500007,0.06052197947728917,30.0,80.0,11000.0,-0.27339600805391256
k_io,5,6,20.0,130.0,9999135.937500007,0.06052197947728917,30.0,80.0,11500.0,-0.23550687081554508
k_io,5,6,20.0,130.0,9999135.937500007,0.06052197947728917,30.0,80.0,12000.0,-0.22547808369162098
