configuration,n_ensembles,n_walkers,axis_walks,delta_ms,Delta_ms,b_s_mm2,n_cellular_entries,se_min,se_q05,se_q25,se_median,se_q75,se_q95,se_max,se_mean
"20 x 200,000",20,200000,12000000,5.0,15.0,0.0,24,0.0,0.0,0.0,0.0,0.0,0.0,0.0,0.0
"20 x 200,000",20,200000,12000000,5.0,15.0,500.0,24,8.630091326763941e-05,9.355975826542363e-05,0.00015204423368131916,0.00017689550580267773,0.0001956615963847567,0.00023269056786196152,0.00027425981578195783,0.0001719435023194713
"20 x 200,000",20,200000,12000000,5.0,15.0,1000.0,24,0.00012848837630276196,0.00013411448235671114,0.00017661375087384747,0.00021754542063975163,0.0002680415456328051,0.0036178879559090804,0.0041168556638375466,0.0006175470605857624
"20 x 200,000",20,200000,12000000,5.0,15.0,1500.0,24,0.00012529789921610364,0.00012865170487907056,0.00017314009019346878,0.00023186348453217275,0.0002803001066474494,0.0037515167955862174,0.005686225273881661,0.0008562443243260572
"20 x 200,000",20,200000,12000000,5.0,15.0,2000.0,24,0.0001215665416732097,0.00012376394056755333,0.0001727156266381946,0.00021997898640357738,0.0002617400742359138,0.003408628926313953,0.005380098004485466,0.0008217434726443943
"20 x 200,000",20,200000,12000000,5.0,15.0,2500.0,24,0.00013487126176937273,0.00015460067597762486,0.00017054582722762614,0.0002019766632897568,0.0002586798462981052,0.002862506846537288,0.003623975833522601,0.0005889209471389859
"20 x 200,000",20,200000,12000000,5.0,15.0,3000.0,24,0.00011738297133982443,0.0001472976944987727,0.0001881086488509457,0.00020417895400336096,0.00024572265775180677,0.00027156041320471584,0.0002868679354926023,0.00021029391390047837
"20 x 200,000",20,200000,12000000,5.0,15.0,3500.0,24,8.27951427704328e-05,0.00013964795307780622,0.0001762406374242897,0.0002105661935458242,0.00022909719284834829,0.000256983754621449,0.0002616013790390285,0.0002017006522639658
"20 x 200,000",20,200000,12000000,5.0,15.0,4000.0,24,7.984418832972149e-05,0.0001333645544636177,0.00016978483858127565,0.00019078273031056188,0.00022466805436551694,0.0002586561373454426,0.0002823898872421152,0.00019551495406735736
"20 x 200,000",20,200000,12000000,5.0,15.0,4500.0,24,9.223368384961638e-05,0.00012693628607982882,0.00016266711927167995,0.00019399763065434836,0.0002185491831535079,0.00026542983485662906,0.00028810652319856314,0.00019377223837307688
"20 x 200,000",20,200000,12000000,5.0,15.0,5000.0,24,0.00010359347762709263,0.00011666222705090088,0.00015786084749069642,0.00020070993550779838,0.00021745458475152117,0.0002766216915468383,0.0002805473902757885,0.00019428205159638788
"20 x 200,000",20,200000,12000000,5.0,15.0,5500.0,24,0.00011150608144814424,0.00011679760230275343,0.0001542618343039346,0.00019611897646952604,0.00022758412198047007,0.00027546411182330263,0.0006779167805176278,0.0002094723949622206
"20 x 200,000",20,200000,12000000,5.0,15.0,6000.0,24,0.00011123505265567606,0.00012201341977292435,0.00014562798945257565,0.00019182479684694569,0.00023514092680612778,0.0002787597085992334,0.001352289948778841,0.00023381005189568356
"20 x 200,000",20,200000,12000000,5.0,15.0,6500.0,24,0.00010989071397548605,0.00012003397886736991,0.000134245906719682,0.00018088878403884284,0.0002349420691940871,0.00026669055533257,0.001207902609238478,0.00022358353105599718
"20 x 200,000",20,200000,12000000,5.0,15.0,7000.0,24,0.0001036920079414815,0.00011115338101418549,0.000142721066808908,0.0001741611927724272,0.00022546075514935063,0.0002515157621834602,0.00028728618497416005,0.00018251102522676222
"20 x 200,000",20,200000,12000000,5.0,15.0,7500.0,24,8.739333932195328e-05,0.00011404255433303332,0.00015093268680059984,0.0001766596819229999,0.00021205496060406855,0.00025062230893523665,0.00027663779069018996,0.0001811446737572367
"20 x 200,000",20,200000,12000000,5.0,15.0,8000.0,24,8.026387315467987e-05,0.00011417826663283657,0.00015394303176345994,0.00018244310407232022,0.00020830403932521133,0.0002445222559916173,0.00026469833354104727,0.00018073814791316162
"20 x 200,000",20,200000,12000000,5.0,15.0,8500.0,24,7.986915175444122e-05,0.00011152165862867501,0.00014753744883180215,0.00017884430012451356,0.0002178430120011882,0.00024189770000860645,0.00025249297686997905,0.0001805863235678721
"20 x 200,000",20,200000,12000000,5.0,15.0,9000.0,24,8.54571311557069e-05,0.00011010479380840142,0.00014103820229948883,0.00018558263493235653,0.00021992486968125315,0.0002421450934739864,0.0002608300536049035,0.00018045688914779888
"20 x 200,000",20,200000,12000000,5.0,15.0,9500.0,24,9.67550850685179e-05,0.00010892770681170702,0.0001350766846647875,0.00018683692058209684,0.00021892762123423273,0.0002398595623786032,0.00028349742724833986,0.0001805134583960155
"20 x 200,000",20,200000,12000000,5.0,15.0,10000.0,24,0.00010763628542692938,0.00011158574762164266,0.00013097392237347422,0.0001840743272900715,0.000216488360552665,0.00024068622645602873,0.0018917248347974517,0.00024718572789890735
"20 x 200,000",20,200000,12000000,5.0,15.0,10500.0,24,0.0001149681823384133,0.00012014453339010058,0.0001391889945248796,0.00018793227948738067,0.00021379047668615975,0.00023646870346951808,0.0026223592185225237,0.00027820324165781207
"20 x 200,000",20,200000,12000000,5.0,15.0,11000.0,24,0.00012295988201776843,0.00012689311757562571,0.0001510040796026501,0.00018828477556387835,0.000209197170513029,0.00022772282188519754,0.002825569954421711,0.0002881144467008177
"20 x 200,000",20,200000,12000000,5.0,15.0,11500.0,24,9.867821016912907e-05,0.00012664817490576236,0.00014604905669889952,0.00019046290258048333,0.00021443005586503397,0.00023146868026893962,0.0025715532953065356,0.0002794170201261281
"20 x 200,000",20,200000,12000000,5.0,15.0,12000.0,24,7.832576466368829e-05,0.00011741886118159096,0.00015292191397535957,0.00019144100644070478,0.00022110775248248936,0.0002459271876986771,0.0017263285496739624,0.0002462421300820895
"20 x 200,000",20,200000,12000000,7.0,25.0,0.0,24,0.0,0.0,0.0,0.0,0.0,0.0,0.0,0.0
"20 x 200,000",20,200000,12000000,7.0,25.0,500.0,24,0.00011013099265869773,0.00013456199204783426,0.0001510889968531638,0.00017373735216723134,0.00018769202726857882,0.0002246239197395,0.00023142336487826538,0.00017231533479999822
"20 x 200,000",20,200000,12000000,7.0,25.0,1000.0,24,9.513511743296245e-05,0.000130537619591751,0.00016868987041511086,0.0001953453826731643,0.00024142921960823447,0.0005774900097544536,0.003299778600777602,0.00034150914701261545
"20 x 200,000",20,200000,12000000,7.0,25.0,1500.0,24,9.210340575984121e-05,0.00014601833522623353,0.00016807004277829678,0.00019571964093533428,0.00026413970802409426,0.0015925139418529511,0.005291758289965227,0.0004814013551872412
"20 x 200,000",20,200000,12000000,7.0,25.0,2000.0,24,0.00013641970490540736,0.000145611919250413,0.00017658174858870452,0.0002000742549227516,0.0002573752369637251,0.0026607510228373495,0.006035727389942443,0.0005735798281848976
"20 x 200,000",20,200000,12000000,7.0,25.0,2500.0,24,0.00015326038939005338,0.00016596785318464288,0.00018637181715457494,0.00020424347348176568,0.0002493711284320369,0.003397467832077734,0.00597107836689403,0.0006041876424578332
"20 x 200,000",20,200000,12000000,7.0,25.0,3000.0,24,0.0001426233716264957,0.000154139168865268,0.00019386200730055208,0.00020948324628551135,0.0002415777117144566,0.0034414714884158037,0.005369801378996754,0.000582493223926034
"20 x 200,000",20,200000,12000000,7.0,25.0,3500.0,24,0.00013440502685135776,0.00014111287647130638,0.0001888453948116918,0.00021442839224266236,0.00023103858773382394,0.0031753461128347154,0.004485668905557081,0.00060627283312827
"20 x 200,000",20,200000,12000000,7.0,25.0,4000.0,24,0.0001242030600169582,0.00013978175090837753,0.00017850557295326277,0.00020823388167623988,0.00023950205738417965,0.003212441380561738,0.00357947029566662,0.0005713266142614227
"20 x 200,000",20,200000,12000000,7.0,25.0,4500.0,24,0.00011696001463850805,0.00014334683675974497,0.0001747385692943204,0.0002051424971128135,0.00023420313813459845,0.002340196198755111,0.003740464809356011,0.0004958945193956595
"20 x 200,000",20,200000,12000000,7.0,25.0,5000.0,24,0.00011951959247714088,0.00014596540203238705,0.000183325692657796,0.00020390989232409466,0.00022540721350289438,0.0012882798221111058,0.003356461252724623,0.00041611769830658267
"20 x 200,000",20,200000,12000000,7.0,25.0,5500.0,24,0.00013283397697254305,0.00014783107338450145,0.00018710631531375463,0.00019414085609332149,0.00023531779452982935,0.00028506165013860926,0.002613077343910136,0.00030497119981537433
"20 x 200,000",20,200000,12000000,7.0,25.0,6000.0,24,0.00015009717053922396,0.00015175122996384687,0.000176520270223802,0.00020827741519408193,0.00022992673341254197,0.00027516249484912426,0.0014046525995418837,0.0002540386825419895
"20 x 200,000",20,200000,12000000,7.0,25.0,6500.0,24,0.00015090557591052132,0.00015696513905302367,0.00016646532695633343,0.00020834737967381485,0.000231476024812871,0.00026740103708216737,0.00027463594473610734,0.0002055819383101588
"20 x 200,000",20,200000,12000000,7.0,25.0,7000.0,24,0.00013330247898907062,0.00015563906588105786,0.00016651323089767112,0.00019673591878184533,0.0002389357956124879,0.00026389418195559754,0.00027621636470727607,0.000202227630822937
"20 x 200,000",20,200000,12000000,7.0,25.0,7500.0,24,0.00012229044711029098,0.00014777389139725632,0.00016649133584558157,0.0001819163432671529,0.00023348948193288843,0.00026289470192766655,0.0012931232367303462,0.00023989494792283164
"20 x 200,000",20,200000,12000000,7.0,25.0,8000.0,24,0.0001274942310514734,0.0001349886452520866,0.00016643313576866452,0.00018658806009293704,0.00023148744370974538,0.0002623999587274599,0.0020643465721526576,0.00026789174784271714
"20 x 200,000",20,200000,12000000,7.0,25.0,8500.0,24,0.00011932188457027111,0.00013050614363188757,0.00016055878605207154,0.00017775820556420317,0.00022265044703422736,0.0002609863209326216,0.0022552937054369617,0.00027264869165634766
"20 x 200,000",20,200000,12000000,7.0,25.0,9000.0,24,0.00010555164293917422,0.00013298999761619668,0.00015619537501254508,0.000175501056287357,0.00021889063980052675,0.0002638171891826667,0.002140512567459827,0.00026548031811220185
"20 x 200,000",20,200000,12000000,7.0,25.0,9500.0,24,9.384816216244126e-05,0.00013194708976657112,0.00015373434498523758,0.00017871696718620714,0.00020818515888033884,0.00026655855963202515,0.0018074077902760963,0.0002497776104246812
"20 x 200,000",20,200000,12000000,7.0,25.0,10000.0,24,8.570148288228128e-05,0.00011894627177080498,0.00015699570010187933,0.00017564810300367496,0.00021903939430390458,0.00026323828491470815,0.0012279728530412814,0.0002243438681379645
"20 x 200,000",20,200000,12000000,7.0,25.0,10500.0,24,8.330370673155277e-05,0.00011075399134702669,0.00015495363555412036,0.00017627972795560278,0.00022372725177775946,0.00025900353390774907,0.000286153369464563,0.0001846792564855825
"20 x 200,000",20,200000,12000000,7.0,25.0,11000.0,24,8.810554294671849e-05,0.00010776058593184135,0.00015653506516657444,0.00018209497752365674,0.00022172799587407538,0.00026223576414355544,0.000276801519502999,0.0001851642628031057
"20 x 200,000",20,200000,12000000,7.0,25.0,11500.0,24,9.958453429650456e-05,0.00010832516379857113,0.00016037811717659094,0.00018687803127362488,0.00021348612986582776,0.0002663627016911341,0.00026930855106265835,0.00018689383741024576
"20 x 200,000",20,200000,12000000,7.0,25.0,12000.0,24,0.00010266929258379789,0.00011952342365151856,0.00016052307024488758,0.0001933849424241886,0.00020857037918834442,0.00025962103721628986,0.00027729243488812,0.0001893187140406669
"20 x 200,000",20,200000,12000000,10.0,30.0,0.0,24,0.0,0.0,0.0,0.0,0.0,0.0,0.0,0.0
"20 x 200,000",20,200000,12000000,10.0,30.0,500.0,24,0.00011168042706047549,0.00011496494852738773,0.00015561704171741548,0.0001739833086838516,0.00018988206476417893,0.00020820740844711654,0.000224807212609925,0.00017006478814233432
"20 x 200,000",20,200000,12000000,10.0,30.0,1000.0,24,0.00010917980794609946,0.00013877767025717466,0.00017418428085319627,0.00021070357713049516,0.0002436573356392118,0.0002735040671144012,0.0008221100951184938,0.0002298915723646645
"20 x 200,000",20,200000,12000000,10.0,30.0,1500.0,24,0.00010393076102046373,0.00013487512403705486,0.00017407339269311195,0.00022414769749168274,0.00026487696773365985,0.0024868522663745525,0.0033657670617892516,0.0004888098798958689
"20 x 200,000",20,200000,12000000,10.0,30.0,2000.0,24,0.00011278510788777217,0.00013414718336939087,0.00017894354559196463,0.00022119378426097166,0.00026087772957095813,0.0038693924544525114,0.0047540392665073395,0.0006125066360604191
"20 x 200,000",20,200000,12000000,10.0,30.0,2500.0,24,0.00012947895247082883,0.0001346985756581534,0.0001785695591027202,0.0002179245621005251,0.000249650055273532,0.004158368134633324,0.005268105058336434,0.0006700377654685479
"20 x 200,000",20,200000,12000000,10.0,30.0,3000.0,24,0.0001308804893540225,0.00013539704322320498,0.00018395384819674626,0.00021883494134953006,0.00023715367109518483,0.0035914376153774337,0.005132289348502345,0.0006351355960448393
"20 x 200,000",20,200000,12000000,10.0,30.0,3500.0,24,0.00011616279903301745,0.00013605115776274706,0.0001810307745750471,0.00020128611662361992,0.0002416499731120799,0.002233660508386138,0.00453911417477849,0.0005332401935737933
"20 x 200,000",20,200000,12000000,10.0,30.0,4000.0,24,9.925587890555147e-05,0.00014298711858707784,0.00015734300380279657,0.00021274015711693014,0.00023747500732051576,0.0012778749739525098,0.0036373467280917137,0.0003943122951194213
"20 x 200,000",20,200000,12000000,10.0,30.0,4500.0,24,0.00010084116599978033,0.00010776910918230945,0.0001614107953788383,0.0002086604309800135,0.00023653059908223997,0.0009713809455812375,0.0024760156183336363,0.0003268382898547995
"20 x 200,000",20,200000,12000000,10.0,30.0,5000.0,24,8.021568775777908e-05,0.00010361975867490853,0.0001528919123379368,0.00020501900792083483,0.0002528873243374199,0.00030999098036948357,0.0005285701813067982,0.00021283580029531293
"20 x 200,000",20,200000,12000000,10.0,30.0,5500.0,24,9.011362840149956e-05,0.0001239920744211931,0.0001538036144383232,0.00020407273241626018,0.0002516085803617596,0.00028085636881866756,0.0011461339651455391,0.00023989516581225234
"20 x 200,000",20,200000,12000000,10.0,30.0,6000.0,24,0.00012631329178644534,0.0001326978889704877,0.00016973251428064486,0.00020391617333411,0.0002489895365293379,0.0002756832207852993,0.0019846880055325376,0.00027815701811300086
"20 x 200,000",20,200000,12000000,10.0,30.0,6500.0,24,0.00013809670456235278,0.00015884746847308695,0.0001808706610138104,0.00019813490758744832,0.0002487636366176216,0.0002763557763055635,0.002278349425542302,0.0002922660840799183
"20 x 200,000",20,200000,12000000,10.0,30.0,7000.0,24,0.0001497758835177977,0.00015734253556628868,0.00018292374785357405,0.0001975224412747034,0.00024334104719480552,0.00027537933339224206,0.002139048385791244,0.00028634655310455455
"20 x 200,000",20,200000,12000000,10.0,30.0,7500.0,24,0.000148394114026427,0.0001502985991553652,0.00018089353644523554,0.00020630118737190455,0.00022984279547728085,0.00027298145761370967,0.0014770589077938742,0.00025766072916225184
"20 x 200,000",20,200000,12000000,10.0,30.0,8000.0,24,0.0001346016314510395,0.00014583901132077002,0.00017770529086866618,0.00020736358895671653,0.0002342866036156378,0.00027701912333404435,0.00028177988945068917,0.00020728290782522896
"20 x 200,000",20,200000,12000000,10.0,30.0,8500.0,24,0.00012527542021097989,0.00015021705115337054,0.00017958030099689504,0.000203951924875387,0.0002433936712159249,0.00026241924164673746,0.00028424814717083977,0.00020734322030837573
"20 x 200,000",20,200000,12000000,10.0,30.0,9000.0,24,0.0001158472710059677,0.0001415932905032606,0.000190136474522409,0.00021058907196230071,0.00024191368610768018,0.00025966293047281395,0.000286875662106849,0.00020857226302790343
"20 x 200,000",20,200000,12000000,10.0,30.0,9500.0,24,0.00010079115700635593,0.00012804970186718366,0.00019382252836372486,0.00021375492288987517,0.0002392589938658088,0.00026498326784736397,0.0002856761947427919,0.00021021887105012862
"20 x 200,000",20,200000,12000000,10.0,30.0,10000.0,24,8.016457485168709e-05,0.00011355324922172048,0.00019315661161680637,0.0002093676771084435,0.00025679409050539546,0.0002752628461175337,0.0002807672251285784,0.0002116968519145512
"20 x 200,000",20,200000,12000000,10.0,30.0,10500.0,24,6.527975682454178e-05,0.00010170246020580704,0.00018682990045597984,0.00020611879839917032,0.000261007184487155,0.0002840793797437651,0.00028597377484467087,0.00021314803620126987
"20 x 200,000",20,200000,12000000,10.0,30.0,11000.0,24,7.77572949084779e-05,9.278339563301426e-05,0.00017905558106600517,0.00021188604141904153,0.00026480709760714365,0.000784665038057509,0.002157272822763472,0.00033148622274188974
"20 x 200,000",20,200000,12000000,10.0,30.0,11500.0,24,8.572764132074744e-05,0.00011482073468988383,0.0001779015707868973,0.00022214802908319102,0.00025953583365003434,0.001208644473699184,0.0031102719329689573,0.0004291066409174052
"20 x 200,000",20,200000,12000000,10.0,30.0,12000.0,24,8.911007919481434e-05,0.000125220544808434,0.00017802431024498415,0.00023112713590605984,0.00026511331696190673,0.0015681739543497077,0.0037297422736494376,0.000436108457801992
"20 x 200,000",20,200000,12000000,12.0,36.0,0.0,24,0.0,0.0,0.0,0.0,0.0,0.0,0.0,0.0
"20 x 200,000",20,200000,12000000,12.0,36.0,500.0,24,9.628584142562867e-05,0.0001245821109249645,0.00014413446440725934,0.00016645148393429777,0.00017891505982499834,0.0002124684541947044,0.00023874393474154578,0.00016494895771582398
"20 x 200,000",20,200000,12000000,12.0,36.0,1000.0,24,0.00011590599875604176,0.00015315696217088525,0.00019728712387234013,0.00022222084228088344,0.00023036583089659448,0.00028227011343795954,0.0002835727252995759,0.0002146546622254866
"20 x 200,000",20,200000,12000000,12.0,36.0,1500.0,24,0.00016162825047070711,0.00016666073457514882,0.00020792580346305488,0.00024224817309952156,0.0002623814391129226,0.00027317905508203157,0.0026105366993337178,0.0003305706556545505
"20 x 200,000",20,200000,12000000,12.0,36.0,2000.0,24,0.00013545639497631888,0.00014013591995034282,0.00019823018359022948,0.0002461859178327726,0.00028033121623350146,0.0004500358588973555,0.0032962187190381186,0.0003657140642397503
"20 x 200,000",20,200000,12000000,12.0,36.0,2500.0,24,8.889180670308301e-05,0.00012766596627988272,0.0001959549722015225,0.00021426391534668275,0.000270767773722581,0.002105928448667569,0.0033048016991171223,0.000493874008777155
"20 x 200,000",20,200000,12000000,12.0,36.0,3000.0,24,0.0001217891851019935,0.0001406215065968257,0.00016698733966024105,0.00020528057075072355,0.00025796614351159377,0.0028353603840012595,0.0028517608503374203,0.0005274863028966612
"20 x 200,000",20,200000,12000000,12.0,36.0,3500.0,24,0.00012579090276842937,0.00014824025537602786,0.00018054229018585693,0.0001992371912075957,0.00024287778563400128,0.002867353903460403,0.0031337042415465035,0.0005150136031032861
"20 x 200,000",20,200000,12000000,12.0,36.0,4000.0,24,0.00011424294399451092,0.00014779294636613774,0.00018017879544177427,0.00020455343539285377,0.0002429490739638244,0.0025471851029302173,0.0029128217254425445,0.00045499898180690994
"20 x 200,000",20,200000,12000000,12.0,36.0,4500.0,24,0.0001236592977035916,0.0001423399712012203,0.0001849048673955839,0.00021179227469723757,0.00026187535806635766,0.0017828763873170836,0.0021920476313144824,0.00039521048366956925
"20 x 200,000",20,200000,12000000,12.0,36.0,5000.0,24,0.00013277003366675557,0.0001434657080806176,0.00017735480701164594,0.00021474634709735485,0.00027486737136244674,0.0009488887831733282,0.002296771187447412,0.00034630498178848967
"20 x 200,000",20,200000,12000000,12.0,36.0,5500.0,24,0.00012169690048661834,0.00013374909633630098,0.00017616822300456578,0.00021317096259776018,0.00027088887555749613,0.0012200992131513584,0.002814861699619335,0.00038935459446115664
"20 x 200,000",20,200000,12000000,12.0,36.0,6000.0,24,0.00011811543480807609,0.0001221875286123353,0.0001821920708657586,0.00020791756174912758,0.00025426052852836503,0.001488366074157563,0.002931237530268749,0.00038625063663028986
"20 x 200,000",20,200000,12000000,12.0,36.0,6500.0,24,0.00010571806632888433,0.000126275748911846,0.00017018410391758876,0.0002082085094455984,0.00024178260097415297,0.0023077913079622573,0.002775579313384779,0.0004235716745363463
"20 x 200,000",20,200000,12000000,12.0,36.0,7000.0,24,0.00010204525526499256,0.00012429008613753213,0.00015708436001840822,0.00020846727400529387,0.00023885580921642716,0.0021585532893592455,0.0029935728080287176,0.00040608938904911047
"20 x 200,000",20,200000,12000000,12.0,36.0,7500.0,24,0.00011105157148730895,0.00012778279757412922,0.00015132527681902116,0.00020635134388968075,0.00022876999656516676,0.0019533640081579595,0.003113660714166919,0.00039796790968237337
"20 x 200,000",20,200000,12000000,12.0,36.0,8000.0,24,0.000128757962274635,0.00013617030290950325,0.0001565203752311408,0.00019663496151596315,0.00022834994640153524,0.0019432023628937606,0.003038121967997142,0.0003945547949588844
"20 x 200,000",20,200000,12000000,12.0,36.0,8500.0,24,0.00012996925259754606,0.00014921768670282827,0.00016291889555682606,0.00018695359918728628,0.00023916002491621596,0.0021860918240972907,0.0028006053776900653,0.00039981155544286
"20 x 200,000",20,200000,12000000,12.0,36.0,9000.0,24,0.00012967501775580761,0.00015203234309067926,0.0001738892595526362,0.00019352791616925082,0.000247718802024843,0.0020721627350838044,0.003024246881727875,0.00040858598574577384
"20 x 200,000",20,200000,12000000,12.0,36.0,9500.0,24,0.00013322593348260724,0.0001513947516107742,0.00017947147626792907,0.00020852658006162623,0.0002475730574043352,0.0015176723881441386,0.0036138769447455936,0.0004112465182110416
"20 x 200,000",20,200000,12000000,12.0,36.0,10000.0,24,0.00013882792785707815,0.00015489400707535794,0.00018129757486065053,0.00021332712351779031,0.0002458289589780368,0.00028673753285891483,0.004214729329404231,0.00038043864526067435
"20 x 200,000",20,200000,12000000,12.0,36.0,10500.0,24,0.00013672488743766425,0.00014800261292505402,0.00018438098020807936,0.0002241572461351805,0.00025377621777154525,0.0008933038188157506,0.004782094039077873,0.00043616013723950855
"20 x 200,000",20,200000,12000000,12.0,36.0,11000.0,24,0.00011632961736583889,0.00015456151011034082,0.00018880084098392088,0.0002270846804706615,0.00025445548395686655,0.0014949865996912756,0.00529184463676817,0.00048766262109497534
"20 x 200,000",20,200000,12000000,12.0,36.0,11500.0,24,9.572111174826575e-05,0.00015840543035425088,0.00018480809261325226,0.0002271966226914915,0.000252350925253137,0.0017469468905962112,0.005731374752353262,0.0005182830421545545
"20 x 200,000",20,200000,12000000,12.0,36.0,12000.0,24,7.85365944943889e-05,0.00015625207839005978,0.0001897388231585709,0.00022286518030799929,0.000254637932159278,0.0018750723506827365,0.00609480246615962,0.0005576758723067706
"20 x 200,000",20,200000,12000000,15.0,40.0,0.0,24,0.0,0.0,0.0,0.0,0.0,0.0,0.0,0.0
"20 x 200,000",20,200000,12000000,15.0,40.0,500.0,24,0.00011756566542450859,0.00012684749467446228,0.00015523246256540717,0.00017595759398418253,0.00019736532367859276,0.00022797937125684488,0.0002428677296760209,0.00017813265422438239
"20 x 200,000",20,200000,12000000,15.0,40.0,1000.0,24,0.00016491783362116775,0.0001772696926430588,0.00019199931305541345,0.00021074446261643576,0.0002661211941015039,0.001497485584732515,0.0019805741042267827,0.0004526791611596489
"20 x 200,000",20,200000,12000000,15.0,40.0,1500.0,24,0.00017388767122626742,0.00018031267779032223,0.00021542280612543002,0.0002394713614702462,0.00027189956246567975,0.0014806946249819714,0.0031896442166576646,0.0004885907355227576
"20 x 200,000",20,200000,12000000,15.0,40.0,2000.0,24,0.0001422256528578546,0.00017404563388888648,0.00020459930758141045,0.0002504797471770372,0.0002778626821753963,0.0024595528863485963,0.003846092520805044,0.0004921934852149442
"20 x 200,000",20,200000,12000000,15.0,40.0,2500.0,24,0.00011020929736645389,0.00013856479016980587,0.00019644350835149813,0.00023723339655397265,0.0002794484638461592,0.0033049173055884557,0.004179129413084592,0.0006536138493614521
"20 x 200,000",20,200000,12000000,15.0,40.0,3000.0,24,9.027938855346068e-05,9.820670849969339e-05,0.00019600543510768728,0.00023806797714829412,0.00027031109254320885,0.0035984592279783272,0.004357089855235319,0.0006536076271840679
"20 x 200,000",20,200000,12000000,15.0,40.0,3500.0,24,8.029296305718352e-05,9.54363649626842e-05,0.00018085858483786243,0.0002343600161593864,0.0002613950230111698,0.004071255377175664,0.004451775717859322,0.000628979060322412
"20 x 200,000",20,200000,12000000,15.0,40.0,4000.0,24,9.87720639592618e-05,0.00010589168517434839,0.00016806626219870621,0.0002074139311434829,0.0002588917397216413,0.003833993756465764,0.00493417560483,0.0005759307851919838
"20 x 200,000",20,200000,12000000,15.0,40.0,4500.0,24,9.420957276263469e-05,0.00011342579907784276,0.00016812102085709938,0.00020133380094990722,0.00025300214114381907,0.003933394736899083,0.005157877112814214,0.0006560158637265561
"20 x 200,000",20,200000,12000000,15.0,40.0,5000.0,24,0.00010565987682689886,0.00011427998438454632,0.00017289446151818138,0.00019550835567428543,0.00025988939283696035,0.0038503554517662427,0.00518213459324774,0.0006978088463204151
"20 x 200,000",20,200000,12000000,15.0,40.0,5500.0,24,0.00010578428857121471,0.00012493071118800135,0.00017538329770947468,0.00019781150791086432,0.0002611686095635697,0.0036371649293885744,0.005084578617859781,0.0006882423862395203
"20 x 200,000",20,200000,12000000,15.0,40.0,6000.0,24,0.00010329039380258848,0.00013725648962511204,0.0001787590392536984,0.00020266474671936903,0.00025748749529009397,0.003304383398578518,0.004940290834225362,0.0006561319450816846
"20 x 200,000",20,200000,12000000,15.0,40.0,6500.0,24,0.00010999102900645706,0.0001397408080103491,0.00017381206832070198,0.00020437970098250075,0.00025370864199132095,0.0028618118861057262,0.004802631577194037,0.0006129998816213197
"20 x 200,000",20,200000,12000000,15.0,40.0,7000.0,24,0.00012122966844759486,0.00012887493565974338,0.00017167607785766815,0.00020510430898468843,0.0002475132090514242,0.0026864835605087947,0.004696361307186188,0.0005785991323846392
"20 x 200,000",20,200000,12000000,15.0,40.0,7500.0,24,0.00011581539108215895,0.0001299734866370375,0.00017462290697993688,0.0002072288585286489,0.0002483894500162728,0.002508224806905278,0.004625454206169011,0.0005425570796719416
"20 x 200,000",20,200000,12000000,15.0,40.0,8000.0,24,0.0001131132252700909,0.00012753904001596951,0.00017611497299680262,0.00019986887307305276,0.00025922586022333817,0.0023701725169521046,0.004587573535195673,0.0005041508363820582
"20 x 200,000",20,200000,12000000,15.0,40.0,8500.0,24,0.00011771720537013302,0.00012107410128964372,0.00017793605392295536,0.00019633649119133692,0.00026559924217945546,0.002372077643013392,0.004584048056596951,0.0004923987080960318
"20 x 200,000",20,200000,12000000,15.0,40.0,9000.0,24,0.00011858894868035005,0.0001279512760215348,0.00017185715612768433,0.00019945185048577768,0.00027242183122888185,0.002437799423622499,0.0046204801417686955,0.0004990543171823781
"20 x 200,000",20,200000,12000000,15.0,40.0,9500.0,24,0.00012694022773373804,0.00013223189985313007,0.00016582517734709594,0.00021242949015825254,0.00027478863656904583,0.002729598684059994,0.004700868156172454,0.0005825950240456213
"20 x 200,000",20,200000,12000000,15.0,40.0,10000.0,24,0.00011894657795174973,0.0001332186482646493,0.00016260278684882267,0.00022359850332752209,0.0002764261354441208,0.0029970025346496587,0.004821571650113467,0.000622125379789673
"20 x 200,000",20,200000,12000000,15.0,40.0,10500.0,24,8.751781656892169e-05,0.0001425573383465306,0.00017224862842575678,0.00021498571805088443,0.0002716478556168402,0.0033119186992921217,0.004969794405029806,0.0006912418816124791
"20 x 200,000",20,200000,12000000,15.0,40.0,11000.0,24,5.9207206330050265e-05,0.00015283339167908842,0.0001776638052613985,0.0002119492232226212,0.000268081833227635,0.003305923064303246,0.005126916921760256,0.0007268166108280917
"20 x 200,000",20,200000,12000000,15.0,40.0,11500.0,24,4.823523820794209e-05,0.0001503486957844791,0.00016997537726337885,0.00021805855884586052,0.00026647186583566814,0.0031064346806535244,0.005273765218406325,0.0007285132109131238
"20 x 200,000",20,200000,12000000,15.0,40.0,12000.0,24,6.769708584324413e-05,0.0001310999242854397,0.0001720107332711318,0.00022577936716175936,0.0002695593941144082,0.0027568304647137515,0.005394796190930836,0.0006998408854144867
"20 x 200,000",20,200000,12000000,20.0,50.0,0.0,24,0.0,0.0,0.0,0.0,0.0,0.0,0.0,0.0
"20 x 200,000",20,200000,12000000,20.0,50.0,500.0,24,9.599443785441279e-05,0.00012511600004566197,0.000138624179265969,0.00015984154059261446,0.00019363700285221676,0.00024157111497234268,0.0002479550950269391,0.00016929275088035616
"20 x 200,000",20,200000,12000000,20.0,50.0,1000.0,24,0.00014394865019201202,0.00015570440385876674,0.0001764646313522484,0.00019997164578625207,0.00024834021880401315,0.002700783623601799,0.003279303544181416,0.0005386145764220239
"20 x 200,000",20,200000,12000000,20.0,50.0,1500.0,24,0.00012903317069732644,0.0001615336754145844,0.00018861813093641326,0.00021785005575517832,0.000262146918841918,0.0038962515444822803,0.004561933428388469,0.0007022148112509841
"20 x 200,000",20,200000,12000000,20.0,50.0,2000.0,24,0.00011681079319089148,0.00014018644402665384,0.000193762954596995,0.00022440267109847438,0.0002530648166980866,0.004337187246492266,0.005332827382160548,0.000756254978775193
"20 x 200,000",20,200000,12000000,20.0,50.0,2500.0,24,0.00011933331073048957,0.00014157532853625366,0.00020066366238365442,0.00021814839846142066,0.00026705015457567486,0.004350549911796553,0.005876741018648147,0.0008202840308985752
"20 x 200,000",20,200000,12000000,20.0,50.0,3000.0,24,0.0001306739960160448,0.00014480054201109122,0.0002070672980106033,0.0002269858413925145,0.0002668563641506545,0.004088510689296132,0.005979803027406853,0.0009688023562695521
"20 x 200,000",20,200000,12000000,20.0,50.0,3500.0,24,0.0001422776033678601,0.00014520923489544474,0.000205380065977239,0.00024865399541106894,0.0002628545506185019,0.003642394447147598,0.005636588843917976,0.0009683671033398992
"20 x 200,000",20,200000,12000000,20.0,50.0,4000.0,24,0.00013800565093286064,0.00014652896988518043,0.0002061929497745239,0.0002445853811310609,0.000554728733598497,0.0033766570137118723,0.0050678629900386685,0.0009206171410091906
"20 x 200,000",20,200000,12000000,20.0,50.0,4500.0,24,0.00012742686280031604,0.0001479188502858576,0.00020738920549721998,0.00024577952351632166,0.0005100803463686894,0.0031312311264952,0.004549189374279552,0.000773255201575734
"20 x 200,000",20,200000,12000000,20.0,50.0,5000.0,24,0.00012352606396895329,0.00014269817498446872,0.00020760682382323908,0.0002451836256523449,0.0002727203751722292,0.0029481651363944387,0.004238486922455215,0.0006821747244485817
"20 x 200,000",20,200000,12000000,20.0,50.0,5500.0,24,0.00013251825302508323,0.00013755589547594064,0.00019946779068870547,0.0002303679620767872,0.00026229419705529915,0.0028344538551898432,0.004122803828386748,0.0005703094575579992
"20 x 200,000",20,200000,12000000,20.0,50.0,6000.0,24,0.00013596385585215484,0.0001453023063014491,0.00017064949440454686,0.00022237854417415253,0.00025025220562750706,0.002827215127916197,0.004101620418502951,0.000543007700243574
"20 x 200,000",20,200000,12000000,20.0,50.0,6500.0,24,0.00013266247803229495,0.00013794830347222932,0.00016587251020760637,0.0002094188864789067,0.00024058020061290964,0.0028803435934771082,0.004075438906503273,0.0005173073646698808
"20 x 200,000",20,200000,12000000,20.0,50.0,7000.0,24,0.00013190555853482834,0.0001413927165739186,0.00016344693831938249,0.00019271851255412738,0.00022875527813715158,0.0029104934890277832,0.0039709735922258795,0.00048338980132089053
"20 x 200,000",20,200000,12000000,20.0,50.0,7500.0,24,0.00013786401627004474,0.0001385966526972136,0.00016009324847895872,0.00018914010000790424,0.0002200592778226655,0.0030011916824422024,0.0037409724724869736,0.00047424797847538916
"20 x 200,000",20,200000,12000000,20.0,50.0,8000.0,24,0.00013244542416057247,0.0001385604002930643,0.00015376521185958488,0.00018821051783052218,0.00022957204046287824,0.0029006440592563225,0.00349577593983865,0.00045688032489280667
"20 x 200,000",20,200000,12000000,20.0,50.0,8500.0,24,0.00013719940164334078,0.0001392575784301659,0.00015077385098757426,0.00018273708719768943,0.00024199852163898903,0.0024547732346631313,0.0033980964589549424,0.00043049412318294373
"20 x 200,000",20,200000,12000000,20.0,50.0,9000.0,24,0.00013897797555326792,0.00014233492581270716,0.00014759891143871902,0.0001749535048697339,0.00023700163397115121,0.0018953269086515682,0.003175757559228112,0.0003948059552825142
"20 x 200,000",20,200000,12000000,20.0,50.0,9500.0,24,0.00012825391901081408,0.00013533540290828835,0.00015471196965403076,0.00018143250377022102,0.00022963407443471375,0.0013286441819144142,0.0028131013924308484,0.0004073474552073179
"20 x 200,000",20,200000,12000000,20.0,50.0,10000.0,24,0.00011152387024349557,0.0001320718992938435,0.0001606816700281064,0.00019190282980542477,0.00022967557615766196,0.0017824843909679175,0.002273569458191125,0.00037538247667026273
"20 x 200,000",20,200000,12000000,20.0,50.0,10500.0,24,9.767303799333633e-05,0.00012488695381179828,0.00016508033211514077,0.0002003715781765332,0.00023437950963720781,0.0012535926935948421,0.0023563434406492422,0.0003355348685075835
"20 x 200,000",20,200000,12000000,20.0,50.0,11000.0,24,9.402219675637714e-05,0.00012005324876332153,0.00016551394523119106,0.00019580779702020552,0.00024801974928774886,0.0009709988580953099,0.0025788292775400998,0.00033311535912814734
"20 x 200,000",20,200000,12000000,20.0,50.0,11500.0,24,0.00010536528298209653,0.00012076680457676269,0.00016147954251270172,0.0001949219867046277,0.0002517208805586252,0.0014515711378271553,0.0026717729247474342,0.0003625934008969654
"20 x 200,000",20,200000,12000000,20.0,50.0,12000.0,24,0.00012523484520874466,0.0001271092730031132,0.00015996963862864838,0.0002007854449155466,0.0002568114653129138,0.0018303921892713732,0.002659890475804453,0.00038277138812617227
"20 x 200,000",20,200000,12000000,25.0,60.0,0.0,24,0.0,0.0,0.0,0.0,0.0,0.0,0.0,0.0
"20 x 200,000",20,200000,12000000,25.0,60.0,500.0,24,0.00011700453780617695,0.00011852458885014561,0.00013985625814085488,0.0001565179853679622,0.00018450391416272938,0.00022798751758083095,0.00025090411732572946,0.00016307409697461782
"20 x 200,000",20,200000,12000000,25.0,60.0,1000.0,24,0.00013545750879332856,0.00015765807421303345,0.00018402154095539225,0.00020375478234947747,0.00022339635481714604,0.002732810305374452,0.0043446432548522144,0.0004966760385847632
"20 x 200,000",20,200000,12000000,25.0,60.0,1500.0,24,0.00014294238133971354,0.0001499368133359818,0.0001875536446888723,0.00020832604761236508,0.00023930322196996794,0.004213715041016438,0.005660153256850572,0.0006971897562357484
"20 x 200,000",20,200000,12000000,25.0,60.0,2000.0,24,0.0001126041069730494,0.00015159359624533124,0.0001796864494268694,0.00021688727290086892,0.00023343119043802893,0.004531362151658172,0.005926546978842175,0.0007567382911492218
"20 x 200,000",20,200000,12000000,25.0,60.0,2500.0,24,0.0001248255831578666,0.00013130197263397307,0.00017106098811345513,0.00021949065166094095,0.00024684119372225035,0.0042631261151332535,0.0056567796922138485,0.0007363304356099888
"20 x 200,000",20,200000,12000000,25.0,60.0,3000.0,24,9.905289902025101e-05,0.00013044484163874398,0.0001727753627661541,0.00022140467841372344,0.00025574665257846663,0.0037692773373232467,0.005148198875641012,0.0006900484225652517
"20 x 200,000",20,200000,12000000,25.0,60.0,3500.0,24,9.892341558220557e-05,0.00012803465196896765,0.0001869816726835448,0.00022796378116388057,0.0002579313208185927,0.0031428219075467084,0.0045956069599422285,0.0006713099399131214
"20 x 200,000",20,200000,12000000,25.0,60.0,4000.0,24,0.00011870583949136821,0.00013547301849986459,0.0001756021830386149,0.00022101376041746334,0.00027803537647597,0.0023324421335199907,0.0040696825441027705,0.0005615781382125999
"20 x 200,000",20,200000,12000000,25.0,60.0,4500.0,24,0.0001313372753252849,0.00014048565955662634,0.00017272090920186013,0.00021803486738207587,0.00027519618361569574,0.0012432910272052566,0.003548452413197761,0.00041538771939980955
"20 x 200,000",20,200000,12000000,25.0,60.0,5000.0,24,9.955073481800597e-05,0.00014415880476045483,0.0001681872984711344,0.00021479103932003576,0.000264335651971683,0.0005134904915445866,0.002944764664657674,0.00033423596561201456
"20 x 200,000",20,200000,12000000,25.0,60.0,5500.0,24,9.0739198578813e-05,0.00013518959452928428,0.00017249830690193132,0.00020996509246842116,0.00025358054485469895,0.00028031327693384307,0.0021000436460143707,0.00028310849030243506
"20 x 200,000",20,200000,12000000,25.0,60.0,6000.0,24,9.973114648631792e-05,0.00012730346824711548,0.00017342146929637416,0.0002031802787924474,0.0002368075222171548,0.00028560993442717543,0.0002884714553577215,0.0002048278912814898
"20 x 200,000",20,200000,12000000,25.0,60.0,6500.0,24,0.00011228655378474247,0.00012187902690267231,0.00017656640222280342,0.00019930192848066587,0.0002350550981864476,0.0002738414800245757,0.0018534541554503373,0.00026738400414567324
"20 x 200,000",20,200000,12000000,25.0,60.0,7000.0,24,0.00011893961709579365,0.00012139682189597439,0.00016647912208369784,0.00019699231227698823,0.0002487993521927067,0.00026901299885157416,0.0026099502170739072,0.0002966602940765278
"20 x 200,000",20,200000,12000000,25.0,60.0,7500.0,24,0.00012086461291956235,0.00012476871393037305,0.00015296417572619535,0.00018239615549908538,0.0002436228190341841,0.00026890985243827037,0.002958360789942119,0.00030897466637456664
"20 x 200,000",20,200000,12000000,25.0,60.0,8000.0,24,0.0001243627367491505,0.00012803199310588908,0.0001546135521886247,0.00018683107318034448,0.00023922787611595588,0.0002720884652328481,0.0028966900351532873,0.00030446194492479614
"20 x 200,000",20,200000,12000000,25.0,60.0,8500.0,24,0.00011811296682400779,0.00011981812225597479,0.0001575470539934407,0.00018360555357341954,0.00023854035861762903,0.0002751037532273505,0.00238642622310826,0.00028171373295749836
"20 x 200,000",20,200000,12000000,25.0,60.0,9000.0,24,0.0001062208880834713,0.00011014773406869724,0.00015411855593931711,0.00018650222724538333,0.00024126147201518802,0.0002768109751032918,0.001135002191181469,0.0002284009252482321
"20 x 200,000",20,200000,12000000,25.0,60.0,9500.0,24,9.241179703126859e-05,0.00010074355847102113,0.00015954867583537995,0.00019522435123390833,0.000235011551551939,0.0002676940282699255,0.00028332259190524863,0.00019119662093889343
"20 x 200,000",20,200000,12000000,25.0,60.0,10000.0,24,8.115983083824705e-05,0.00010007355226752154,0.00016052727296722686,0.00019237563665594826,0.0002353603949682964,0.00025754695486178593,0.0002814814621782319,0.000188735439696317
"20 x 200,000",20,200000,12000000,25.0,60.0,10500.0,24,7.795099311363286e-05,0.00010231735194908235,0.0001576251397900058,0.00018072187567604977,0.0002256153978723418,0.00025974508647234635,0.0002757486086323515,0.0001860964722137259
"20 x 200,000",20,200000,12000000,25.0,60.0,11000.0,24,8.208331090947795e-05,0.00010201874918442166,0.0001461673445821785,0.00018188146444465808,0.00022928608712555217,0.0002649135312267862,0.0002667082688295222,0.00018351466426562926
"20 x 200,000",20,200000,12000000,25.0,60.0,11500.0,24,9.08090933156168e-05,9.569000922617476e-05,0.00013129691065248315,0.0001724217096793546,0.00022821190331136687,0.00025523675156650027,0.00027259403655738903,0.0001813072241398741
"20 x 200,000",20,200000,12000000,25.0,60.0,12000.0,24,8.352967194987135e-05,0.0001023159012082563,0.00013505856614767428,0.00018008948115327063,0.00022478385866439522,0.0002469116886471033,0.0002791782340575948,0.00017990496826150086
"20 x 200,000",20,200000,12000000,30.0,80.0,0.0,24,0.0,0.0,0.0,0.0,0.0,0.0,0.0,0.0
"20 x 200,000",20,200000,12000000,30.0,80.0,500.0,24,0.00010830218105254272,0.00011647650720550924,0.00015384431915595238,0.0001903047126298162,0.00020300722905640812,0.00022868136031176285,0.00024439768418837787,0.00017958423116740105
"20 x 200,000",20,200000,12000000,30.0,80.0,1000.0,24,0.00013091555144001724,0.00015437658773019076,0.0001831748762797613,0.00020719519028465443,0.00023567791489619548,0.00027331409285311726,0.00403400130686693,0.00036762047900481214
"20 x 200,000",20,200000,12000000,30.0,80.0,1500.0,24,9.741518785397386e-05,0.00013074600251411928,0.0001805904257243777,0.00021054378196220435,0.0002642400303718298,0.0008346413926068092,0.004732803887028505,0.0004254174399621973
"20 x 200,000",20,200000,12000000,30.0,80.0,2000.0,24,8.216637596924213e-05,0.0001146984656797031,0.00015001219423889256,0.00021916863582187242,0.0002545529521133968,0.0016091244435537813,0.004287621455793899,0.000438262206586314
"20 x 200,000",20,200000,12000000,30.0,80.0,2500.0,24,8.337590283890878e-05,0.00010471222543282826,0.0001470263873144369,0.00021472824942741066,0.00023968240703119454,0.0014513486539820732,0.003552188024275641,0.00041868602556026065
"20 x 200,000",20,200000,12000000,30.0,80.0,3000.0,24,0.0001137322254166437,0.00011875865015604355,0.0001461888419216896,0.00020215709240758246,0.00022836216328373885,0.0012454370733666112,0.00276094519526937,0.000348684423264709
"20 x 200,000",20,200000,12000000,30.0,80.0,3500.0,24,0.00011674479867332563,0.00012688560762029387,0.00015711239156720804,0.00020622549129502976,0.00022890898818634647,0.00028065783430915493,0.001961219263920901,0.00026902182140365927
"20 x 200,000",20,200000,12000000,30.0,80.0,4000.0,24,0.00011312098511795007,0.00012137771842768206,0.00016395621451608083,0.00021083954555614837,0.000234382671340932,0.0002596780175918289,0.0012399179802212606,0.00023909779235312275
"20 x 200,000",20,200000,12000000,30.0,80.0,4500.0,24,0.00010276976472620096,0.000109729579637354,0.00016189309353921918,0.00021042446457047325,0.0002337724330680255,0.00027072217848854365,0.000905452686863453,0.00022397032009590905
"20 x 200,000",20,200000,12000000,30.0,80.0,5000.0,24,9.877595806277526e-05,0.00010298478334843865,0.00016769223363079144,0.00020518035904320238,0.00022143288079295626,0.00028265709956677135,0.001240227776982933,0.00023565788883232134
"20 x 200,000",20,200000,12000000,30.0,80.0,5500.0,24,9.632520036209985e-05,0.00010241151976781614,0.00017139240314236885,0.00019587412977265954,0.00022360321234607029,0.0002838848075633174,0.0018150267443684796,0.0002566676122676271
"20 x 200,000",20,200000,12000000,30.0,80.0,6000.0,24,9.381128334702549e-05,0.00011119967507668238,0.00016428132002881956,0.0001894468024455725,0.00021739577891342275,0.0002758637903398382,0.002356383581929877,0.0002760731296869983
"20 x 200,000",20,200000,12000000,30.0,80.0,6500.0,24,0.00010628263922352356,0.00012328200844813317,0.00016398965194521813,0.0001836196277912523,0.00021974899056564792,0.00026221563874307297,0.002783863219736964,0.0002911693580213664
"20 x 200,000",20,200000,12000000,30.0,80.0,7000.0,24,0.000125880352512098,0.00013274974912222962,0.00015142166194057627,0.00018105132811350167,0.000216173126096407,0.00024915399432918746,0.0030707016668217956,0.0003014283883610869
"20 x 200,000",20,200000,12000000,30.0,80.0,7500.0,24,0.00013219295480308712,0.00013847096104809163,0.0001586733315617872,0.0001773956339994754,0.0002126119077394858,0.00024048521266675777,0.0032180350436086915,0.00030723908284002917
"20 x 200,000",20,200000,12000000,30.0,80.0,8000.0,24,0.0001282612457080783,0.0001392560895851475,0.00015920084821256686,0.0001765335051950291,0.00021460997057192116,0.0002324777530385699,0.003247021126482157,0.0003092931575726672
"20 x 200,000",20,200000,12000000,30.0,80.0,8500.0,24,0.0001213214256736186,0.0001294916074607874,0.00015596946560587015,0.0001829949886419865,0.00021942342958870714,0.00023765112307418668,0.0031895502331755615,0.00030825501708673666
"20 x 200,000",20,200000,12000000,30.0,80.0,9000.0,24,0.00010571130482671354,0.00012036541519509553,0.00016040489336663336,0.00018008959618476755,0.00021718392430263017,0.00025790554393462933,0.003077941363201341,0.0003047649370054419
"20 x 200,000",20,200000,12000000,30.0,80.0,9500.0,24,8.116153201385648e-05,0.00012036052596297675,0.00015412510458883853,0.0001817281975977005,0.00022204384789878802,0.0002714933569265598,0.002937988822991483,0.0002995200986719032
"20 x 200,000",20,200000,12000000,30.0,80.0,10000.0,24,5.7789401727160095e-05,0.00011523527231423098,0.0001517124130969184,0.0001807090624847307,0.00023589139699496022,0.00027617387083999517,0.0027877406980478456,0.0002933499039950956
"20 x 200,000",20,200000,12000000,30.0,80.0,10500.0,24,4.4683786930700764e-05,0.0001090924599492202,0.00015257262855689765,0.0001878164255240318,0.00023313385638660926,0.0002723519884334863,0.002639785639019414,0.00028726445981039426
"20 x 200,000",20,200000,12000000,30.0,80.0,11000.0,24,5.315198274432219e-05,0.0001029629971790512,0.00014936947329421296,0.0001971784174998792,0.00023128408032350848,0.0002651953792815271,0.002502058423578798,0.0002821529649633167
"20 x 200,000",20,200000,12000000,30.0,80.0,11500.0,24,7.569098282706568e-05,9.91590747711802e-05,0.00014785814985254558,0.00020252350167821159,0.0002299041725842175,0.00027323252870310803,0.0023742091364397575,0.00027779038551405713
"20 x 200,000",20,200000,12000000,30.0,80.0,12000.0,24,9.46417802727876e-05,0.0001034461136949645,0.0001497184069177863,0.000199715711046248,0.0002271342588737942,0.00028076943932664174,0.00224175607621217,0.0002732482133287331
"40 x 100,000 (current)",40,100000,12000000,5.0,15.0,0.0,24,0.0,0.0,0.0,0.0,0.0,0.0,0.0,0.0
"40 x 100,000 (current)",40,100000,12000000,5.0,15.0,500.0,24,8.630091326763941e-05,9.355975826542363e-05,0.00015204423368131916,0.00017689550580267773,0.0001956615963847567,0.00023269056786196152,0.00027425981578195783,0.0001719435023194713
"40 x 100,000 (current)",40,100000,12000000,5.0,15.0,1000.0,24,0.00012848837630276196,0.00013411448235671114,0.00017661375087384747,0.00021754542063975163,0.0002680415456328051,0.002567419600405833,0.002918204404270254,0.0004886973790817227
"40 x 100,000 (current)",40,100000,12000000,5.0,15.0,1500.0,24,0.00012529789921610364,0.00012865170487907056,0.00017314009019346878,0.00023186348453217275,0.0002803001066474494,0.0026606447137590018,0.004025946547003816,0.0006545300135388452
"40 x 100,000 (current)",40,100000,12000000,5.0,15.0,2000.0,24,0.0001215665416732097,0.00012376394056755333,0.0001727156266381946,0.00021997898640357738,0.0002617400742359138,0.002418902547130173,0.0038097761004553684,0.0006286095212538306
"40 x 100,000 (current)",40,100000,12000000,5.0,15.0,2500.0,24,0.00013487126176937273,0.00015460067597762486,0.00017054582722762614,0.0002019766632897568,0.0002586798462981052,0.002034548983124955,0.0025706549919513864,0.00046687022222504753
"40 x 100,000 (current)",40,100000,12000000,5.0,15.0,3000.0,24,0.00011738297133982443,0.0001472976944987727,0.0001881086488509457,0.00020417895400336096,0.00024572265775180677,0.00027156041320471584,0.0002868679354926023,0.00021029391390047837
"40 x 100,000 (current)",40,100000,12000000,5.0,15.0,3500.0,24,8.27951427704328e-05,0.00013964795307780622,0.0001762406374242897,0.0002105661935458242,0.00022909719284834829,0.000256983754621449,0.0002616013790390285,0.0002017006522639658
"40 x 100,000 (current)",40,100000,12000000,5.0,15.0,4000.0,24,7.984418832972149e-05,0.0001333645544636177,0.00016978483858127565,0.00019078273031056188,0.00022466805436551694,0.0002586561373454426,0.0002823898872421152,0.00019551495406735736
"40 x 100,000 (current)",40,100000,12000000,5.0,15.0,4500.0,24,9.223368384961638e-05,0.00012693628607982882,0.00016266711927167995,0.00019399763065434836,0.0002185491831535079,0.00026542983485662906,0.00028810652319856314,0.00019377223837307688
"40 x 100,000 (current)",40,100000,12000000,5.0,15.0,5000.0,24,0.00010359347762709263,0.00011666222705090088,0.00015786084749069642,0.00020070993550779838,0.00021745458475152117,0.0002766216915468383,0.0002805473902757885,0.00019428205159638788
"40 x 100,000 (current)",40,100000,12000000,5.0,15.0,5500.0,24,0.00011150608144814424,0.00011679760230275343,0.0001542618343039346,0.00019611897646952604,0.00022758412198047007,0.00027546411182330263,0.0005210107938616622,0.000202934645518222
"40 x 100,000 (current)",40,100000,12000000,5.0,15.0,6000.0,24,0.00011123505265567606,0.00012201341977292435,0.00014562798945257565,0.00019182479684694569,0.00023514092680612778,0.0002787597085992334,0.0009777580065899777,0.00021820455430448092
"40 x 100,000 (current)",40,100000,12000000,5.0,15.0,6500.0,24,0.00010989071397548605,0.00012003397886736991,0.000134245906719682,0.00018088878403884284,0.0002349420691940871,0.00026669055533257,0.0008781691314144607,0.0002098446361466631
"40 x 100,000 (current)",40,100000,12000000,5.0,15.0,7000.0,24,0.0001036920079414815,0.00011115338101418549,0.000142721066808908,0.0001741611927724272,0.00022546075514935063,0.0002515157621834602,0.00028728618497416005,0.00018251102522676222
"40 x 100,000 (current)",40,100000,12000000,5.0,15.0,7500.0,24,8.739333932195328e-05,0.00011404255433303332,0.00015093268680059984,0.0001766596819229999,0.00021205496060406855,0.00025062230893523665,0.00027663779069018996,0.0001811446737572367
"40 x 100,000 (current)",40,100000,12000000,5.0,15.0,8000.0,24,8.026387315467987e-05,0.00011417826663283657,0.00015394303176345994,0.00018244310407232022,0.00020830403932521133,0.0002445222559916173,0.00026469833354104727,0.00018073814791316162
"40 x 100,000 (current)",40,100000,12000000,5.0,15.0,8500.0,24,7.986915175444122e-05,0.00011152165862867501,0.00014753744883180215,0.00017884430012451356,0.0002178430120011882,0.00024189770000860645,0.00025249297686997905,0.0001805863235678721
"40 x 100,000 (current)",40,100000,12000000,5.0,15.0,9000.0,24,8.54571311557069e-05,0.00011010479380840142,0.00014103820229948883,0.00018558263493235653,0.00021992486968125315,0.0002421450934739864,0.0002608300536049035,0.00018045688914779888
"40 x 100,000 (current)",40,100000,12000000,5.0,15.0,9500.0,24,9.67550850685179e-05,0.00010892770681170702,0.0001350766846647875,0.00018683692058209684,0.00021892762123423273,0.0002398595623786032,0.00028349742724833986,0.0001805134583960155
"40 x 100,000 (current)",40,100000,12000000,5.0,15.0,10000.0,24,0.00010763628542692938,0.00011158574762164266,0.00013097392237347422,0.0001840743272900715,0.000216488360552665,0.00024068622645602873,0.0013531363907461026,0.00022474454273010112
"40 x 100,000 (current)",40,100000,12000000,5.0,15.0,10500.0,24,0.0001149681823384133,0.00012014453339010058,0.0001391889945248796,0.00018793227948738067,0.00021379047668615975,0.00023646870346951808,0.001865489373368741,0.00024666699810973775
"40 x 100,000 (current)",40,100000,12000000,5.0,15.0,11000.0,24,0.00012295988201776843,0.00012689311757562571,0.0001510040796026501,0.00018828477556387835,0.000209197170513029,0.00022772282188519754,0.002008379807290449,0.0002540648572370151
"40 x 100,000 (current)",40,100000,12000000,5.0,15.0,11500.0,24,9.867821016912907e-05,0.00012664817490576236,0.00014604905669889952,0.00019046290258048333,0.00021443005586503397,0.00023146868026893962,0.0018297840970911345,0.0002485099702004864
"40 x 100,000 (current)",40,100000,12000000,5.0,15.0,12000.0,24,7.832576466368829e-05,0.00011741886118159096,0.00015292191397535957,0.00019144100644070478,0.00022110775248248936,0.0002459271876986771,0.0012376476870969257,0.000225880427474713
"40 x 100,000 (current)",40,100000,12000000,7.0,25.0,0.0,24,0.0,0.0,0.0,0.0,0.0,0.0,0.0,0.0
"40 x 100,000 (current)",40,100000,12000000,7.0,25.0,500.0,24,0.00011013099265869773,0.00013456199204783426,0.0001510889968531638,0.00017373735216723134,0.00018769202726857882,0.0002246239197395,0.00023142336487826538,0.00017231533479999822
"40 x 100,000 (current)",40,100000,12000000,7.0,25.0,1000.0,24,9.513511743296245e-05,0.000130537619591751,0.00016868987041511086,0.0001953453826731643,0.00024142921960823447,0.0004573452650187855,0.0023422075214936783,0.00029572090377109564
"40 x 100,000 (current)",40,100000,12000000,7.0,25.0,1500.0,24,9.210340575984121e-05,0.00014601833522623353,0.00016807004277829678,0.00019571964093533428,0.00026413970802409426,0.0011523080605370989,0.0037474017087009122,0.0003954744446288824
"40 x 100,000 (current)",40,100000,12000000,7.0,25.0,2000.0,24,0.00013641970490540736,0.000145611919250413,0.00017658174858870452,0.0002000742549227516,0.0002573752369637251,0.0018989013699838783,0.004272782375632695,0.00046055797980162493
"40 x 100,000 (current)",40,100000,12000000,7.0,25.0,2500.0,24,0.00015326038939005338,0.00016596785318464288,0.00018637181715457494,0.00020424347348176568,0.0002493711284320369,0.002420592703903078,0.004227121372572782,0.00048363673199961166
"40 x 100,000 (current)",40,100000,12000000,7.0,25.0,3000.0,24,0.0001426233716264957,0.000154139168865268,0.00019386200730055208,0.00020948324628551135,0.0002415777117144566,0.0024515083470563145,0.0038025057648351287,0.00046866163503403034
"40 x 100,000 (current)",40,100000,12000000,7.0,25.0,3500.0,24,0.00013440502685135776,0.00014111287647130638,0.0001888453948116918,0.00021442839224266236,0.00023103858773382394,0.0022546633077775084,0.0031784083173512327,0.00048214126393556297
"40 x 100,000 (current)",40,100000,12000000,7.0,25.0,4000.0,24,0.0001242030600169582,0.00013978175090837753,0.00017850557295326277,0.00020823388167623988,0.00023950205738417965,0.0022814601005491124,0.002539285424178721,0.00045454313348660476
"40 x 100,000 (current)",40,100000,12000000,7.0,25.0,4500.0,24,0.00011696001463850805,0.00014334683675974497,0.0001747385692943204,0.0002051424971128135,0.00023420313813459845,0.0016676996011443374,0.002652773107840551,0.0004030360654947713
"40 x 100,000 (current)",40,100000,12000000,7.0,25.0,5000.0,24,0.00011951959247714088,0.00014596540203238705,0.000183325692657796,0.00020390989232409466,0.00022540721350289438,0.0009335634837679127,0.002382138269955701,0.00034699001455830734
"40 x 100,000 (current)",40,100000,12000000,7.0,25.0,5500.0,24,0.00013283397697254305,0.00014783107338450145,0.00018710631531375463,0.00019414085609332149,0.00023531779452982935,0.00028506165013860926,0.0018589656450012447,0.00027354987902750383
"40 x 100,000 (current)",40,100000,12000000,7.0,25.0,6000.0,24,0.00015009717053922396,0.00015175122996384687,0.000176520270223802,0.00020827741519408193,0.00022992673341254197,0.00027516249484912426,0.0010139975983041343,0.00023776139082374998
"40 x 100,000 (current)",40,100000,12000000,7.0,25.0,6500.0,24,0.00015090557591052132,0.00015696513905302367,0.00016646532695633343,0.00020834737967381485,0.000231476024812871,0.00026740103708216737,0.00027463594473610734,0.0002055819383101588
"40 x 100,000 (current)",40,100000,12000000,7.0,25.0,7000.0,24,0.00013330247898907062,0.00015563906588105786,0.00016651323089767112,0.00019673591878184533,0.0002389357956124879,0.00026389418195559754,0.00027621636470727607,0.000202227630822937
"40 x 100,000 (current)",40,100000,12000000,7.0,25.0,7500.0,24,0.00012229044711029098,0.00014777389139725632,0.00016649133584558157,0.0001819163432671529,0.00023348948193288843,0.00026289470192766655,0.0009368834075554173,0.00022505162170720957
"40 x 100,000 (current)",40,100000,12000000,7.0,25.0,8000.0,24,0.0001274942310514734,0.0001349886452520866,0.00016643313576866452,0.00018658806009293704,0.00023148744370974538,0.0002623999587274599,0.0014739165687534287,0.00024329049770108264
"40 x 100,000 (current)",40,100000,12000000,7.0,25.0,8500.0,24,0.00011932188457027111,0.00013050614363188757,0.00016055878605207154,0.00017775820556420317,0.00022265044703422736,0.0002609863209326216,0.001607744232009077,0.00024566746359685245
"40 x 100,000 (current)",40,100000,12000000,7.0,25.0,9000.0,24,0.00010555164293917422,0.00013298999761619668,0.00015619537501254508,0.000175501056287357,0.00021889063980052675,0.0002638171891826667,0.0015272732867412427,0.0002399286814155941
"40 x 100,000 (current)",40,100000,12000000,7.0,25.0,9500.0,24,9.384816216244126e-05,0.00013194708976657112,0.00015373434498523758,0.00017871696718620714,0.00020818515888033884,0.00026655855963202515,0.001294228776855942,0.00022839515153217475
"40 x 100,000 (current)",40,100000,12000000,7.0,25.0,10000.0,24,8.570148288228128e-05,0.00011894627177080498,0.00015699570010187933,0.00017564810300367496,0.00021903939430390458,0.00026323828491470815,0.0008919783240470807,0.00021034409609653945
"40 x 100,000 (current)",40,100000,12000000,7.0,25.0,10500.0,24,8.330370673155277e-05,0.00011075399134702669,0.00015495363555412036,0.00017627972795560278,0.00022372725177775946,0.00025900353390774907,0.000286153369464563,0.0001846792564855825
"40 x 100,000 (current)",40,100000,12000000,7.0,25.0,11000.0,24,8.810554294671849e-05,0.00010776058593184135,0.00015653506516657444,0.00018209497752365674,0.00022172799587407538,0.00026223576414355544,0.000276801519502999,0.0001851642628031057
"40 x 100,000 (current)",40,100000,12000000,7.0,25.0,11500.0,24,9.958453429650456e-05,0.00010832516379857113,0.00016037811717659094,0.00018687803127362488,0.00021348612986582776,0.0002663627016911341,0.00026930855106265835,0.00018689383741024576
"40 x 100,000 (current)",40,100000,12000000,7.0,25.0,12000.0,24,0.00010266929258379789,0.00011952342365151856,0.00016052307024488758,0.0001933849424241886,0.00020857037918834442,0.00025962103721628986,0.00027729243488812,0.0001893187140406669
"40 x 100,000 (current)",40,100000,12000000,10.0,30.0,0.0,24,0.0,0.0,0.0,0.0,0.0,0.0,0.0,0.0
"40 x 100,000 (current)",40,100000,12000000,10.0,30.0,500.0,24,0.00011168042706047549,0.00011496494852738773,0.00015561704171741548,0.0001739833086838516,0.00018988206476417893,0.00020820740844711654,0.000224807212609925,0.00017006478814233432
"40 x 100,000 (current)",40,100000,12000000,10.0,30.0,1000.0,24,0.00010917980794609946,0.00013877767025717466,0.00017418428085319627,0.00021070357713049516,0.0002436573356392118,0.0002735040671144012,0.0006161161991982812,0.000221308493367989
"40 x 100,000 (current)",40,100000,12000000,10.0,30.0,1500.0,24,0.00010393076102046373,0.00013487512403705486,0.00017407339269311195,0.00022414769749168274,0.00026487696773365985,0.001771027930341004,0.002388694334522396,0.0004003553145284096
"40 x 100,000 (current)",40,100000,12000000,10.0,30.0,2000.0,24,0.00011278510788777217,0.00013414718336939087,0.00017894354559196463,0.00022119378426097166,0.00026087772957095813,0.002745335720223471,0.003367805122095619,0.0004878702195272879
"40 x 100,000 (current)",40,100000,12000000,10.0,30.0,2500.0,24,0.00012947895247082883,0.0001346985756581534,0.0001785695591027202,0.0002179245621005251,0.000249650055273532,0.0029481456771998714,0.0037307012905754898,0.0005273528913508313
"40 x 100,000 (current)",40,100000,12000000,10.0,30.0,3000.0,24,0.0001308804893540225,0.00013539704322320498,0.00018395384819674626,0.00021883494134953006,0.00023715367109518483,0.002548177183467052,0.0036348127386485784,0.0005018798915539109
"40 x 100,000 (current)",40,100000,12000000,10.0,30.0,3500.0,24,0.00011616279903301745,0.00013605115776274706,0.0001810307745750471,0.00020128611662361992,0.0002416499731120799,0.001592692266714257,0.00321612272970174,0.00042949956791969225
"40 x 100,000 (current)",40,100000,12000000,10.0,30.0,4000.0,24,9.925587890555147e-05,0.00014298711858707784,0.00015734300380279657,0.00021274015711693014,0.00023747500732051576,0.0009331748373570892,0.0025800798973765163,0.00033336244498690477
"40 x 100,000 (current)",40,100000,12000000,10.0,30.0,4500.0,24,0.00010084116599978033,0.00010776910918230945,0.0001614107953788383,0.0002086604309800135,0.00023653059908223997,0.0007219927708388053,0.0017626665418571707,0.0002848905011416902
"40 x 100,000 (current)",40,100000,12000000,10.0,30.0,5000.0,24,8.021568775777908e-05,0.00010361975867490853,0.0001528919123379368,0.00020501900792083483,0.0002528873243374199,0.0002989528102390717,0.00042586369292300257,0.00020801527650822285
"40 x 100,000 (current)",40,100000,12000000,10.0,30.0,5500.0,24,9.011362840149956e-05,0.0001239920744211931,0.0001538036144383232,0.00020407273241626018,0.0002516085803617596,0.00028085636881866756,0.0008357500820800347,0.00022696250401785635
"40 x 100,000 (current)",40,100000,12000000,10.0,30.0,6000.0,24,0.00012631329178644534,0.0001326978889704877,0.00016973251428064486,0.00020391617333411,0.0002489895365293379,0.0002756832207852993,0.0014181536962963597,0.00025455142189482674
"40 x 100,000 (current)",40,100000,12000000,10.0,30.0,6500.0,24,0.00013809670456235278,0.00015884746847308695,0.0001808706610138104,0.00019813490758744832,0.0002487636366176216,0.0002763557763055635,0.0016239164754078754,0.0002649980444909838
"40 x 100,000 (current)",40,100000,12000000,10.0,30.0,7000.0,24,0.0001497758835177977,0.00015734253556628868,0.00018292374785357405,0.0001975224412747034,0.00024334104719480552,0.00027537933339224206,0.0015262472489884235,0.000260813172404437
"40 x 100,000 (current)",40,100000,12000000,10.0,30.0,7500.0,24,0.000148394114026427,0.0001502985991553652,0.00018089353644523554,0.00020630118737190455,0.00022984279547728085,0.00027298145761370967,0.0010641983721155013,0.00024045820684231965
"40 x 100,000 (current)",40,100000,12000000,10.0,30.0,8000.0,24,0.0001346016314510395,0.00014583901132077002,0.00017770529086866618,0.00020736358895671653,0.0002342866036156378,0.00027701912333404435,0.00028177988945068917,0.00020728290782522896
"40 x 100,000 (current)",40,100000,12000000,10.0,30.0,8500.0,24,0.00012527542021097989,0.00015021705115337054,0.00017958030099689504,0.000203951924875387,0.0002433936712159249,0.00026241924164673746,0.00028424814717083977,0.00020734322030837573
"40 x 100,000 (current)",40,100000,12000000,10.0,30.0,9000.0,24,0.0001158472710059677,0.0001415932905032606,0.000190136474522409,0.00021058907196230071,0.00024191368610768018,0.00025966293047281395,0.000286875662106849,0.00020857226302790343
"40 x 100,000 (current)",40,100000,12000000,10.0,30.0,9500.0,24,0.00010079115700635593,0.00012804970186718366,0.00019382252836372486,0.00021375492288987517,0.0002392589938658088,0.00026498326784736397,0.0002856761947427919,0.00021021887105012862
"40 x 100,000 (current)",40,100000,12000000,10.0,30.0,10000.0,24,8.016457485168709e-05,0.00011355324922172048,0.00019315661161680637,0.0002093676771084435,0.00025679409050539546,0.0002752628461175337,0.0002807672251285784,0.0002116968519145512
"40 x 100,000 (current)",40,100000,12000000,10.0,30.0,10500.0,24,6.527975682454178e-05,0.00010170246020580704,0.00018682990045597984,0.00020611879839917032,0.000261007184487155,0.0002840793797437651,0.00028597377484467087,0.00021314803620126987
"40 x 100,000 (current)",40,100000,12000000,10.0,30.0,11000.0,24,7.77572949084779e-05,9.278339563301426e-05,0.00017905558106600517,0.00021188604141904153,0.00026480709760714365,0.0005912355327385129,0.0015390190650487752,0.00029033012045445646
"40 x 100,000 (current)",40,100000,12000000,10.0,30.0,11500.0,24,8.572764132074744e-05,0.00011482073468988383,0.0001779015707868973,0.00022214802908319102,0.00025953583365003434,0.0008786857724865846,0.0022087467974337607,0.0003566234782801316
"40 x 100,000 (current)",40,100000,12000000,10.0,30.0,12000.0,24,8.911007919481434e-05,0.000125220544808434,0.00017802431024498415,0.00023112713590605984,0.00026511331696190673,0.001129966006387334,0.002645213673900561,0.0003647428447848148
"40 x 100,000 (current)",40,100000,12000000,12.0,36.0,0.0,24,0.0,0.0,0.0,0.0,0.0,0.0,0.0,0.0
"40 x 100,000 (current)",40,100000,12000000,12.0,36.0,500.0,24,9.628584142562867e-05,0.0001245821109249645,0.00014413446440725934,0.00016645148393429777,0.00017891505982499834,0.0002124684541947044,0.00023874393474154578,0.00016494895771582398
"40 x 100,000 (current)",40,100000,12000000,12.0,36.0,1000.0,24,0.00011590599875604176,0.00015315696217088525,0.00019728712387234013,0.00022222084228088344,0.00023036583089659448,0.00028227011343795954,0.0002835727252995759,0.0002146546622254866
"40 x 100,000 (current)",40,100000,12000000,12.0,36.0,1500.0,24,0.00016162825047070711,0.00016666073457514882,0.00020792580346305488,0.00024224817309952156,0.0002623814391129226,0.00027317905508203157,0.0018571800117249697,0.00029918079367085264
"40 x 100,000 (current)",40,100000,12000000,12.0,36.0,2000.0,24,0.00013545639497631888,0.00014013591995034282,0.00019823018359022948,0.0002461859178327726,0.00028033121623350146,0.0003791515318636689,0.0023396998928356845,0.0003223843912345662
"40 x 100,000 (current)",40,100000,12000000,12.0,36.0,2500.0,24,8.889180670308301e-05,0.00012766596627988272,0.0001959549722015225,0.00021426391534668275,0.000270767773722581,0.0015030470493953903,0.0023457458945739147,0.000404687258711952
"40 x 100,000 (current)",40,100000,12000000,12.0,36.0,3000.0,24,0.0001217891851019935,0.0001406215065968257,0.00016698733966024105,0.00020528057075072355,0.00025796614351159377,0.0020152684167707145,0.0020268045392748827,0.0004255823266382934
"40 x 100,000 (current)",40,100000,12000000,12.0,36.0,3500.0,24,0.00012579090276842937,0.00014824025537602786,0.00018054229018585693,0.0001992371912075957,0.00024287778563400128,0.0020379644013067705,0.0022252455602494612,0.0004163390035615934
"40 x 100,000 (current)",40,100000,12000000,12.0,36.0,4000.0,24,0.00011424294399451092,0.00014779294636613774,0.00018017879544177427,0.00020455343539285377,0.0002429490739638244,0.0018145555429013483,0.002069766138666808,0.0003755739131989595
"40 x 100,000 (current)",40,100000,12000000,12.0,36.0,4500.0,24,0.0001236592977035916,0.0001423399712012203,0.0001849048673955839,0.00021179227469723757,0.00026187535806635766,0.0012778648290323966,0.0015633947280333214,0.00033476018855123027
"40 x 100,000 (current)",40,100000,12000000,12.0,36.0,5000.0,24,0.00013277003366675557,0.0001434657080806176,0.00017735480701164594,0.00021474634709735485,0.00027486737136244674,0.0007021223014508588,0.0016368401297655688,0.00030202651644484294
"40 x 100,000 (current)",40,100000,12000000,12.0,36.0,5500.0,24,0.00012169690048661834,0.00013374909633630098,0.00017616822300456578,0.00021317096259776018,0.00027088887555749613,0.0008868809731983336,0.0020008472856913873,0.0003310484601974227
"40 x 100,000 (current)",40,100000,12000000,12.0,36.0,6000.0,24,0.00011811543480807609,0.0001221875286123353,0.0001821920708657586,0.00020791756174912758,0.00025426052852836503,0.0010769236654259294,0.0020827249929106545,0.0003288105887377177
"40 x 100,000 (current)",40,100000,12000000,12.0,36.0,6500.0,24,0.00010571806632888433,0.000126275748911846,0.00017018410391758876,0.0002082085094455984,0.00024178260097415297,0.0016476021210953494,0.001973217405434948,0.000352206645622374
"40 x 100,000 (current)",40,100000,12000000,12.0,36.0,7000.0,24,0.00010204525526499256,0.00012429008613753213,0.00015708436001840822,0.00020846727400529387,0.00023885580921642716,0.0015490016137348977,0.0021265948709500685,0.0003400853242382672
"40 x 100,000 (current)",40,100000,12000000,12.0,36.0,7500.0,24,0.00011105157148730895,0.00012778279757412922,0.00015132527681902116,0.00020635134388968075,0.00022876999656516676,0.0014046788140692405,0.0022111327839231844,0.0003334662462119863
"40 x 100,000 (current)",40,100000,12000000,12.0,36.0,8000.0,24,0.000128757962274635,0.00013617030290950325,0.0001565203752311408,0.00019663496151596315,0.00022834994640153524,0.0013971171442963286,0.0021579525511187868,0.00033111218599103957
"40 x 100,000 (current)",40,100000,12000000,12.0,36.0,8500.0,24,0.00012996925259754606,0.00014921768670282827,0.00016291889555682606,0.00018695359918728628,0.00023916002491621596,0.0015671247396151285,0.0019908194060335865,0.0003357289495413811
"40 x 100,000 (current)",40,100000,12000000,12.0,36.0,9000.0,24,0.00012967501775580761,0.00015203234309067926,0.0001738892595526362,0.00019352791616925082,0.000247718802024843,0.0014868161800555553,0.0021481855756631117,0.0003433899727465926
"40 x 100,000 (current)",40,100000,12000000,12.0,36.0,9500.0,24,0.00013322593348260724,0.0001513947516107742,0.00017947147626792907,0.00020852658006162623,0.0002475730574043352,0.0010992360965583637,0.002563536610339033,0.00034697075468989694
"40 x 100,000 (current)",40,100000,12000000,12.0,36.0,10000.0,24,0.00013882792785707815,0.00015489400707535794,0.00018129757486065053,0.00021332712351779031,0.0002458289589780368,0.00028673753285891483,0.002987245943463106,0.00032929350417979414
"40 x 100,000 (current)",40,100000,12000000,12.0,36.0,10500.0,24,0.00013672488743766425,0.00014800261292505402,0.00018438098020807936,0.0002241572461351805,0.00025377621777154525,0.0006685262295651993,0.0033876065837045964,0.0003670379839886342
"40 x 100,000 (current)",40,100000,12000000,12.0,36.0,11000.0,24,0.00011632961736583889,0.00015456151011034082,0.00018880084098392088,0.0002270846804706615,0.00025445548395686655,0.001084019760258741,0.003747462674465576,0.0004031679393601841
"40 x 100,000 (current)",40,100000,12000000,12.0,36.0,11500.0,24,9.572111174826575e-05,0.00015840543035425088,0.00018480809261325226,0.0002271966226914915,0.000252350925253137,0.0012599134333641765,0.004057831310271889,0.0004246778763211622
"40 x 100,000 (current)",40,100000,12000000,12.0,36.0,12000.0,24,7.85365944943889e-05,0.00015625207839005978,0.0001897388231585709,0.00022286518030799929,0.000254637932159278,0.0013431734745761325,0.004314507528956157,0.00045032019141034676
"40 x 100,000 (current)",40,100000,12000000,15.0,40.0,0.0,24,0.0,0.0,0.0,0.0,0.0,0.0,0.0,0.0
"40 x 100,000 (current)",40,100000,12000000,15.0,40.0,500.0,24,0.00011756566542450859,0.00012684749467446228,0.00015523246256540717,0.00017595759398418253,0.00019736532367859276,0.00022797937125684488,0.0002428677296760209,0.00017813265422438239
"40 x 100,000 (current)",40,100000,12000000,15.0,40.0,1000.0,24,0.00016491783362116775,0.0001772696926430588,0.00019199931305541345,0.00021074446261643576,0.0002661211941015039,0.0010784097455870901,0.0014152750820365376,0.00037318836947800244
"40 x 100,000 (current)",40,100000,12000000,15.0,40.0,1500.0,24,0.00017388767122626742,0.00018031267779032223,0.00021542280612543002,0.0002394713614702462,0.00027189956246567975,0.0010667231181869662,0.002264637229468665,0.0004042623354753212
"40 x 100,000 (current)",40,100000,12000000,15.0,40.0,2000.0,24,0.0001422256528578546,0.00017404563388888648,0.00020459930758141045,0.0002504797471770372,0.0002778626821753963,0.0017605499836162908,0.002727247789615552,0.00041131010657556306
"40 x 100,000 (current)",40,100000,12000000,15.0,40.0,2500.0,24,0.00011020929736645389,0.00013856479016980587,0.00019644350835149813,0.00023723339655397265,0.0002794484638461592,0.002345930710399332,0.0029621323387588627,0.0005181801098505976
"40 x 100,000 (current)",40,100000,12000000,15.0,40.0,3000.0,24,9.027938855346068e-05,9.820670849969339e-05,0.00019600543510768728,0.00023806797714829412,0.00027031109254320885,0.002552693211268448,0.0030876824108000377,0.0005180257815416346
"40 x 100,000 (current)",40,100000,12000000,15.0,40.0,3500.0,24,8.029296305718352e-05,9.54363649626842e-05,0.00018085858483786243,0.0002343600161593864,0.0002613950230111698,0.0028867238750017845,0.0031544920649333717,0.0004981087445529584
"40 x 100,000 (current)",40,100000,12000000,15.0,40.0,4000.0,24,9.87720639592618e-05,0.00010589168517434839,0.00016806626219870621,0.0002074139311434829,0.0002588917397216413,0.002729326381832954,0.0034949550950357593,0.00046181290244894866
"40 x 100,000 (current)",40,100000,12000000,15.0,40.0,4500.0,24,9.420957276263469e-05,0.00011342579907784276,0.00016812102085709938,0.00020133380094990722,0.00025300214114381907,0.0027899241243430142,0.0036528776084222988,0.0005128904838138833
"40 x 100,000 (current)",40,100000,12000000,15.0,40.0,5000.0,24,0.00010565987682689886,0.00011427998438454632,0.00017289446151818138,0.00019550835567428543,0.00025988939283696035,0.0027306312416508624,0.00367000356102472,0.0005420498854689534
"40 x 100,000 (current)",40,100000,12000000,15.0,40.0,5500.0,24,0.00010578428857121471,0.00012493071118800135,0.00017538329770947468,0.00019781150791086432,0.0002611686095635697,0.0025800831056354916,0.0036011298959167117,0.0005360607554828568
"40 x 100,000 (current)",40,100000,12000000,15.0,40.0,6000.0,24,0.00010329039380258848,0.00013725648962511204,0.0001787590392536984,0.00020266474671936903,0.00025748749529009397,0.0023454834021201967,0.003499271842831338,0.0005143481297339097
"40 x 100,000 (current)",40,100000,12000000,15.0,40.0,6500.0,24,0.00010999102900645706,0.0001397408080103491,0.00017381206832070198,0.00020437970098250075,0.00025370864199132095,0.0020338756869702043,0.0034021025410468316,0.000485679662659857
"40 x 100,000 (current)",40,100000,12000000,15.0,40.0,7000.0,24,0.00012122966844759486,0.00012887493565974338,0.00017167607785766815,0.00020510430898468843,0.0002475132090514242,0.0019106245171503448,0.003327096546613045,0.0004613497728624366
"40 x 100,000 (current)",40,100000,12000000,15.0,40.0,7500.0,24,0.00011581539108215895,0.0001299734866370375,0.00017462290697993688,0.0002072288585286489,0.0002483894500162728,0.0017857398561156098,0.003277053550577098,0.00043605572361847143
"40 x 100,000 (current)",40,100000,12000000,15.0,40.0,8000.0,24,0.0001131132252700909,0.00012753904001596951,0.00017611497299680262,0.00019986887307305276,0.00025922586022333817,0.001691715532044418,0.00325032031299694,0.0004100085058199945
"40 x 100,000 (current)",40,100000,12000000,15.0,40.0,8500.0,24,0.00011771720537013302,0.00012107410128964372,0.00017793605392295536,0.00019633649119133692,0.00026559924217945546,0.0016989604670094962,0.0032478323477762535,0.00040372711356164494
"40 x 100,000 (current)",40,100000,12000000,15.0,40.0,9000.0,24,0.00011858894868035005,0.0001279512760215348,0.00017185715612768433,0.00019945185048577768,0.00027242183122888185,0.00174513378193801,0.0032735431930717056,0.0004089777461982148
"40 x 100,000 (current)",40,100000,12000000,15.0,40.0,9500.0,24,0.00012694022773373804,0.00013223189985313007,0.00016582517734709594,0.00021242949015825254,0.00027478863656904583,0.0019409820159238117,0.003330277372460854,0.0004656216679929219
"40 x 100,000 (current)",40,100000,12000000,15.0,40.0,10000.0,24,0.00011894657795174973,0.0001332186482646493,0.00016260278684882267,0.00022359850332752209,0.0002764261354441208,0.0021290237398144986,0.003415471161531834,0.0004939401693369387
"40 x 100,000 (current)",40,100000,12000000,15.0,40.0,10500.0,24,8.751781656892169e-05,0.0001425573383465306,0.00017224862842575678,0.00021498571805088443,0.0002716478556168402,0.002350881190843481,0.003520098703275158,0.0005402126329969246
"40 x 100,000 (current)",40,100000,12000000,15.0,40.0,11000.0,24,5.9207206330050265e-05,0.00015283339167908842,0.0001776638052613985,0.0002119492232226212,0.000268081833227635,0.00234678980153609,0.0036310198605877244,0.0005631466771639371
"40 x 100,000 (current)",40,100000,12000000,15.0,40.0,11500.0,24,4.823523820794209e-05,0.0001503486957844791,0.00016997537726337885,0.00021805855884586052,0.00026647186583566814,0.002206107454882775,0.0037346976391808245,0.0005636779839985175
"40 x 100,000 (current)",40,100000,12000000,15.0,40.0,12000.0,24,6.769708584324413e-05,0.0001310999242854397,0.0001720107332711318,0.00022577936716175936,0.0002695593941144082,0.0019600454527563213,0.0038201543996948073,0.0005434809735033093
"40 x 100,000 (current)",40,100000,12000000,20.0,50.0,0.0,24,0.0,0.0,0.0,0.0,0.0,0.0,0.0,0.0
"40 x 100,000 (current)",40,100000,12000000,20.0,50.0,500.0,24,9.599443785441279e-05,0.00012511600004566197,0.000138624179265969,0.00015984154059261446,0.00019363700285221676,0.00024157111497234268,0.0002479550950269391,0.00016929275088035616
"40 x 100,000 (current)",40,100000,12000000,20.0,50.0,1000.0,24,0.00014394865019201202,0.00015570440385876674,0.0001764646313522484,0.00019997164578625207,0.00024834021880401315,0.0019206205885297224,0.002327784898590732,0.0004342209502927405
"40 x 100,000 (current)",40,100000,12000000,20.0,50.0,1500.0,24,0.00012903317069732644,0.0001615336754145844,0.00018861813093641326,0.00021785005575517832,0.000262146918841918,0.002762849229758345,0.0032322260083711275,0.0005489053575369631
"40 x 100,000 (current)",40,100000,12000000,20.0,50.0,2000.0,24,0.00011681079319089148,0.00014018644402665384,0.000193762954596995,0.00022440267109847438,0.0002530648166980866,0.0030736481928606645,0.0037763991593351637,0.0005896072513467451
"40 x 100,000 (current)",40,100000,12000000,20.0,50.0,2500.0,24,0.00011933331073048957,0.00014157532853625366,0.00020066366238365442,0.00021814839846142066,0.00026705015457567486,0.0030830691518090748,0.004160493860925346,0.0006340541035786252
"40 x 100,000 (current)",40,100000,12000000,20.0,50.0,3000.0,24,0.0001306739960160448,0.00014480054201109122,0.0002070672980106033,0.0002269858413925145,0.0002668563641506545,0.0028982124440251173,0.004233283452588398,0.0007366677784874744
"40 x 100,000 (current)",40,100000,12000000,20.0,50.0,3500.0,24,0.0001422776033678601,0.00014520923489544474,0.000205380065977239,0.00024865399541106894,0.0002628545506185019,0.0025836461324086177,0.003990893830253688,0.0007375412789714398
"40 x 100,000 (current)",40,100000,12000000,20.0,50.0,4000.0,24,0.00013800565093286064,0.00014652896988518043,0.0002061929497745239,0.0002445853811310609,0.0004578221574567846,0.002396368995072104,0.0035893292283612687,0.0007021036562595836
"40 x 100,000 (current)",40,100000,12000000,20.0,50.0,4500.0,24,0.00012742686280031604,0.0001479188502858576,0.00020738920549721998,0.00024577952351632166,0.000416442128923305,0.0022235062938877168,0.0032232326394778985,0.0005986354562569858
"40 x 100,000 (current)",40,100000,12000000,20.0,50.0,5000.0,24,0.00012352606396895329,0.00014269817498446872,0.00020760682382323908,0.0002451836256523449,0.0002727203751722292,0.0020946711704457593,0.0030040060523538574,0.0005358581153355298
"40 x 100,000 (current)",40,100000,12000000,20.0,50.0,5500.0,24,0.00013251825302508323,0.00013755589547594064,0.00019946779068870547,0.0002303679620767872,0.00026229419705529915,0.0020148026119717203,0.002922400104425621,0.00045984039317825513
"40 x 100,000 (current)",40,100000,12000000,20.0,50.0,6000.0,24,0.00013596385585215484,0.0001453023063014491,0.00017064949440454686,0.00022237854417415253,0.00025025220562750706,0.002010133967556654,0.0029074579438758577,0.00043809318786890123
"40 x 100,000 (current)",40,100000,12000000,20.0,50.0,6500.0,24,0.00013266247803229495,0.00013794830347222932,0.00016587251020760637,0.0002094188864789067,0.00024058020061290964,0.002048761853020653,0.0028889907938563883,0.00041786809218514396
"40 x 100,000 (current)",40,100000,12000000,20.0,50.0,7000.0,24,0.00013190555853482834,0.0001413927165739186,0.00016344693831938249,0.00019271851255412738,0.00022875527813715158,0.002078065668960254,0.0028153121144456287,0.00039443195444928544
"40 x 100,000 (current)",40,100000,12000000,20.0,50.0,7500.0,24,0.00013786401627004474,0.0001385966526972136,0.00016009324847895872,0.00018914010000790424,0.0002200592778226655,0.002141723166408208,0.0026531310157282694,0.00038679044150093344
"40 x 100,000 (current)",40,100000,12000000,20.0,50.0,8000.0,24,0.00013244542416057247,0.0001385604002930643,0.00015376521185958488,0.00018821051783052218,0.00022957204046287824,0.002070598323893836,0.002480300662710887,0.00037388033857314553
"40 x 100,000 (current)",40,100000,12000000,20.0,50.0,8500.0,24,0.00013719940164334078,0.0001392575784301659,0.00015077385098757426,0.00018273708719768943,0.00024199852163898903,0.001756421847966629,0.0024114718407743695,0.00035515185297951287
"40 x 100,000 (current)",40,100000,12000000,20.0,50.0,9000.0,24,0.00013897797555326792,0.00014233492581270716,0.00014759891143871902,0.0001749535048697339,0.00023700163397115121,0.001363960305646938,0.0022548580230613,0.00033038775877533674
"40 x 100,000 (current)",40,100000,12000000,20.0,50.0,9500.0,24,0.00012825391901081408,0.00013533540290828835,0.00015471196965403076,0.00018143250377022102,0.00022963407443471375,0.0009615006408745806,0.0019996090589699915,0.00033554968178260377
"40 x 100,000 (current)",40,100000,12000000,20.0,50.0,10000.0,24,0.00011152387024349557,0.0001320718992938435,0.0001606816700281064,0.00019190282980542477,0.00022967557615766196,0.001278193621378691,0.0016205633919339317,0.0003159058909094461
"40 x 100,000 (current)",40,100000,12000000,20.0,50.0,10500.0,24,9.767303799333633e-05,0.00012488695381179828,0.00016508033211514077,0.0002003715781765332,0.00023437950963720781,0.0009164728648255631,0.0016786434617905082,0.0002907718875860539
"40 x 100,000 (current)",40,100000,12000000,20.0,50.0,11000.0,24,9.402219675637714e-05,0.00012005324876332153,0.00016551394523119106,0.00019580779702020552,0.00024801974928774886,0.0007215433388067262,0.0018348969693188944,0.0002898899678890979
"40 x 100,000 (current)",40,100000,12000000,20.0,50.0,11500.0,24,0.00010536528298209653,0.00012076680457676269,0.00016147954251270172,0.0001949219867046277,0.0002517208805586252,0.0010536356404935517,0.0019002241834513622,0.00031093889465013866
"40 x 100,000 (current)",40,100000,12000000,20.0,50.0,12000.0,24,0.00012523484520874466,0.0001271092730031132,0.00015996963862864838,0.0002007854449155466,0.0002568114653129138,0.0013184026100661612,0.0018918708566665662,0.00032567304226968126
"40 x 100,000 (current)",40,100000,12000000,25.0,60.0,0.0,24,0.0,0.0,0.0,0.0,0.0,0.0,0.0,0.0
"40 x 100,000 (current)",40,100000,12000000,25.0,60.0,500.0,24,0.00011700453780617695,0.00011852458885014561,0.00013985625814085488,0.0001565179853679622,0.00018450391416272938,0.00022798751758083095,0.00025090411732572946,0.00016307409697461782
"40 x 100,000 (current)",40,100000,12000000,25.0,60.0,1000.0,24,0.00013545750879332856,0.00015765807421303345,0.00018402154095539225,0.00020375478234947747,0.00022339635481714604,0.00195177123619417,0.0030789006435143515,0.00040565053423096575
"40 x 100,000 (current)",40,100000,12000000,25.0,60.0,1500.0,24,0.00014294238133971354,0.0001499368133359818,0.0001875536446888723,0.00020832604761236508,0.00023930322196996794,0.0029870114076389013,0.004007534667621072,0.0005463813418305207
"40 x 100,000 (current)",40,100000,12000000,25.0,60.0,2000.0,24,0.0001126041069730494,0.00015159359624533124,0.0001796864494268694,0.00021688727290086892,0.00023343119043802893,0.0032107728726413856,0.00419566993612204,0.0005875152445183257
"40 x 100,000 (current)",40,100000,12000000,25.0,60.0,2500.0,24,0.0001248255831578666,0.00013130197263397307,0.00017106098811345513,0.00021949065166094095,0.00024684119372225035,0.0030214573746672694,0.004005152295454964,0.0005733252341055912
"40 x 100,000 (current)",40,100000,12000000,25.0,60.0,3000.0,24,9.905289902025101e-05,0.00013044484163874398,0.0001727753627661541,0.00022140467841372344,0.00025574665257846663,0.002673138483068491,0.003646044774580032,0.0005410420258377065
"40 x 100,000 (current)",40,100000,12000000,25.0,60.0,3500.0,24,9.892341558220557e-05,0.00012803465196896765,0.0001869816726835448,0.00022796378116388057,0.0002579313208185927,0.0022317323734003768,0.003255989608675278,0.0005267750270394147
"40 x 100,000 (current)",40,100000,12000000,25.0,60.0,4000.0,24,0.00011870583949136821,0.00013547301849986459,0.0001756021830386149,0.00022101376041746334,0.00027803537647597,0.0016620830279267956,0.0028849306181525517,0.00045017260883227695
"40 x 100,000 (current)",40,100000,12000000,25.0,60.0,4500.0,24,0.0001313372753252849,0.00014048565955662634,0.00017272090920186013,0.00021803486738207587,0.00027519618361569574,0.0009035684948741064,0.0025174240665869494,0.00034985312465558356
"40 x 100,000 (current)",40,100000,12000000,25.0,60.0,5000.0,24,9.955073481800597e-05,0.00014415880476045483,0.0001681872984711344,0.00021479103932003576,0.000264335651971683,0.00041796964126041155,0.0020922442810950344,0.000294031888341798
"40 x 100,000 (current)",40,100000,12000000,25.0,60.0,5500.0,24,9.0739198578813e-05,0.00013518959452928428,0.00017249830690193132,0.00020996509246842116,0.00025358054485469895,0.00028031327693384307,0.001498919051933537,0.00025806163221573367
"40 x 100,000 (current)",40,100000,12000000,25.0,60.0,6000.0,24,9.973114648631792e-05,0.00012730346824711548,0.00017342146929637416,0.0002031802787924474,0.0002368075222171548,0.00028560993442717543,0.0002884714553577215,0.0002048278912814898
"40 x 100,000 (current)",40,100000,12000000,25.0,60.0,6500.0,24,0.00011228655378474247,0.00012187902690267231,0.00017656640222280342,0.00019930192848066587,0.0002350550981864476,0.0002738414800245757,0.001326390900091194,0.00024542303517237563
"40 x 100,000 (current)",40,100000,12000000,25.0,60.0,7000.0,24,0.00011893961709579365,0.00012139682189597439,0.00016647912208369784,0.00019699231227698823,0.0002487993521927067,0.00026901299885157416,0.0018567678192140057,0.0002652776941656985
"40 x 100,000 (current)",40,100000,12000000,25.0,60.0,7500.0,24,0.00012086461291956235,0.00012476871393037305,0.00015296417572619535,0.00018239615549908538,0.0002436228190341841,0.00026890985243827037,0.002101812538834076,0.00027328515591173156
"40 x 100,000 (current)",40,100000,12000000,25.0,60.0,8000.0,24,0.0001243627367491505,0.00012803199310588908,0.0001546135521886247,0.00018683107318034448,0.00023922787611595588,0.0002720884652328481,0.0020584152269512686,0.00026953382791637865
"40 x 100,000 (current)",40,100000,12000000,25.0,60.0,8500.0,24,0.00011811296682400779,0.00011981812225597479,0.0001575470539934407,0.00018360555357341954,0.00023854035861762903,0.0002751037532273505,0.001699759314090099,0.00025310261174840834
"40 x 100,000 (current)",40,100000,12000000,25.0,60.0,9000.0,24,0.0001062208880834713,0.00011014773406869724,0.00015411855593931711,0.00018650222724538333,0.00024126147201518802,0.0002768109751032918,0.0008281193474735599,0.00021561414009373591
"40 x 100,000 (current)",40,100000,12000000,25.0,60.0,9500.0,24,9.241179703126859e-05,0.00010074355847102113,0.00015954867583537995,0.00019522435123390833,0.000235011551551939,0.0002676940282699255,0.00028332259190524863,0.00019119662093889343
"40 x 100,000 (current)",40,100000,12000000,25.0,60.0,10000.0,24,8.115983083824705e-05,0.00010007355226752154,0.00016052727296722686,0.00019237563665594826,0.0002353603949682964,0.00025754695486178593,0.0002814814621782319,0.000188735439696317
"40 x 100,000 (current)",40,100000,12000000,25.0,60.0,10500.0,24,7.795099311363286e-05,0.00010231735194908235,0.0001576251397900058,0.00018072187567604977,0.0002256153978723418,0.00025974508647234635,0.0002757486086323515,0.0001860964722137259
"40 x 100,000 (current)",40,100000,12000000,25.0,60.0,11000.0,24,8.208331090947795e-05,0.00010201874918442166,0.0001461673445821785,0.00018188146444465808,0.00022928608712555217,0.0002649135312267862,0.0002667082688295222,0.00018351466426562926
"40 x 100,000 (current)",40,100000,12000000,25.0,60.0,11500.0,24,9.08090933156168e-05,9.569000922617476e-05,0.00013129691065248315,0.0001724217096793546,0.00022821190331136687,0.00025523675156650027,0.00027259403655738903,0.0001813072241398741
"40 x 100,000 (current)",40,100000,12000000,25.0,60.0,12000.0,24,8.352967194987135e-05,0.0001023159012082563,0.00013505856614767428,0.00018008948115327063,0.00022478385866439522,0.0002469116886471033,0.0002791782340575948,0.00017990496826150086
"40 x 100,000 (current)",40,100000,12000000,30.0,80.0,0.0,24,0.0,0.0,0.0,0.0,0.0,0.0,0.0,0.0
"40 x 100,000 (current)",40,100000,12000000,30.0,80.0,500.0,24,0.00010830218105254272,0.00011647650720550924,0.00015384431915595238,0.0001903047126298162,0.00020300722905640812,0.00022868136031176285,0.00024439768418837787,0.00017958423116740105
"40 x 100,000 (current)",40,100000,12000000,30.0,80.0,1000.0,24,0.00013091555144001724,0.00015437658773019076,0.0001831748762797613,0.00020719519028465443,0.00023567791489619548,0.00027331409285311726,0.002859763965534344,0.00031869392311595433
"40 x 100,000 (current)",40,100000,12000000,30.0,80.0,1500.0,24,9.741518785397386e-05,0.00013074600251411928,0.0001805904257243777,0.00021054378196220435,0.0002642400303718298,0.0006284576212431003,0.0033528171711566276,0.0003578109458516676
"40 x 100,000 (current)",40,100000,12000000,30.0,80.0,2000.0,24,8.216637596924213e-05,0.0001146984656797031,0.00015001219423889256,0.00021916863582187242,0.0002545529521133968,0.001163175837284109,0.003038670028278616,0.0003643623379756442
"40 x 100,000 (current)",40,100000,12000000,30.0,80.0,2500.0,24,8.337590283890878e-05,0.00010471222543282826,0.0001470263873144369,0.00021472824942741066,0.00023968240703119454,0.0010467485042867039,0.0025200568538368945,0.0003465129193641462
"40 x 100,000 (current)",40,100000,12000000,30.0,80.0,3000.0,24,0.0001137322254166437,0.00011875865015604355,0.0001461888419216896,0.00020215709240758246,0.00022836216328373885,0.0009105626098554235,0.0019629253302933295,0.0002990181806793746
"40 x 100,000 (current)",40,100000,12000000,30.0,80.0,3500.0,24,0.00011674479867332563,0.00012688560762029387,0.00015711239156720804,0.00020622549129502976,0.00022890898818634647,0.00028065783430915493,0.0014017336292084482,0.00024570991995730704
"40 x 100,000 (current)",40,100000,12000000,30.0,80.0,4000.0,24,0.00011312098511795007,0.00012137771842768206,0.00016395621451608083,0.00021083954555614837,0.000234382671340932,0.0002596780175918289,0.0009002027357793642,0.00022494299050137707
"40 x 100,000 (current)",40,100000,12000000,30.0,80.0,4500.0,24,0.00010276976472620096,0.000109729579637354,0.00016189309353921918,0.00021042446457047325,0.0002337724330680255,0.00027072217848854365,0.0006720036835768014,0.00021424327829229852
"40 x 100,000 (current)",40,100000,12000000,30.0,80.0,5000.0,24,9.877595806277526e-05,0.00010298478334843865,0.00016769223363079144,0.00020518035904320238,0.00022143288079295626,0.00028265709956677135,0.0009004160905196445,0.00022149906856301768
"40 x 100,000 (current)",40,100000,12000000,30.0,80.0,5500.0,24,9.632520036209985e-05,0.00010241151976781614,0.00017139240314236885,0.00019587412977265954,0.00022360321234607029,0.0002838848075633174,0.0012995490402647712,0.00023518937459663923
"40 x 100,000 (current)",40,100000,12000000,30.0,80.0,6000.0,24,9.381128334702549e-05,0.00011119967507668238,0.00016428132002881956,0.0001894468024455725,0.00021739577891342275,0.0002758637903398382,0.001678671635329854,0.0002478351319119973
"40 x 100,000 (current)",40,100000,12000000,30.0,80.0,6500.0,24,0.00010628263922352356,0.00012328200844813317,0.00016398965194521813,0.0001836196277912523,0.00021974899056564792,0.00026221563874307297,0.001979043678085149,0.00025763521045254074
"40 x 100,000 (current)",40,100000,12000000,30.0,80.0,7000.0,24,0.000125880352512098,0.00013274974912222962,0.00015142166194057627,0.00018105132811350167,0.000216173126096407,0.00024915399432918746,0.0021808876701879315,0.00026435280516800923
"40 x 100,000 (current)",40,100000,12000000,30.0,80.0,7500.0,24,0.00013219295480308712,0.00013847096104809163,0.0001586733315617872,0.0001773956339994754,0.0002126119077394858,0.00024048521266675777,0.0022846315759030957,0.00026834727168562934
"40 x 100,000 (current)",40,100000,12000000,30.0,80.0,8000.0,24,0.0001282612457080783,0.0001392560895851475,0.00015920084821256686,0.0001765335051950291,0.00021460997057192116,0.0002324777530385699,0.002305046586205449,0.000270044218394471
"40 x 100,000 (current)",40,100000,12000000,30.0,80.0,8500.0,24,0.0001213214256736186,0.0001294916074607874,0.00015596946560587015,0.0001829949886419865,0.00021942342958870714,0.00023765112307418668,0.00226457104362875,0.0002697142175222862
"40 x 100,000 (current)",40,100000,12000000,30.0,80.0,9000.0,24,0.00010571130482671354,0.00012036541519509553,0.00016040489336663336,0.00018008959618476755,0.00021718392430263017,0.00025790554393462933,0.0021859844885816393,0.00026760006722962096
"40 x 100,000 (current)",40,100000,12000000,30.0,80.0,9500.0,24,8.116153201385648e-05,0.00012036052596297675,0.00015412510458883853,0.0001817281975977005,0.00022204384789878802,0.0002714933569265598,0.002087475946850192,0.00026408206216601605
"40 x 100,000 (current)",40,100000,12000000,30.0,80.0,10000.0,24,5.7789401727160095e-05,0.00011523527231423098,0.0001517124130969184,0.0001807090624847307,0.00023589139699496022,0.00027617387083999517,0.0019817708662816726,0.00025976782767150506
"40 x 100,000 (current)",40,100000,12000000,30.0,80.0,10500.0,24,4.4683786930700764e-05,0.0001090924599492202,0.00015257262855689765,0.0001878164255240318,0.00023313385638660926,0.0002723519884334863,0.0018777382076991553,0.0002555124835053835
"40 x 100,000 (current)",40,100000,12000000,30.0,80.0,11000.0,24,5.315198274432219e-05,0.0001029629971790512,0.00014936947329421296,0.0001971784174998792,0.00023128408032350848,0.0002651953792815271,0.001780958967569853,0.0002521071542962773
"40 x 100,000 (current)",40,100000,12000000,30.0,80.0,11500.0,24,7.569098282706568e-05,9.91590747711802e-05,0.00014785814985254558,0.00020252350167821159,0.0002299041725842175,0.00027323252870310803,0.0016911833662981894,0.00024933097842482513
"40 x 100,000 (current)",40,100000,12000000,30.0,80.0,12000.0,24,9.46417802727876e-05,0.0001034461136949645,0.0001497184069177863,0.000199715711046248,0.0002271342588737942,0.00028076943932664174,0.0015982496110694849,0.00024643544394778796
"60 x 66,667",60,66667,12000060,5.0,15.0,0.0,24,0.0,0.0,0.0,0.0,0.0,0.0,0.0,0.0
"60 x 66,667",60,66667,12000060,5.0,15.0,500.0,24,8.63006975161653e-05,9.355952436690508e-05,0.00015204385357216036,0.00017689506356557158,0.0001956611072326001,0.00023268998613772333,0.00027425913013498954,0.00017194307246232743
"60 x 66,667",60,66667,12000060,5.0,15.0,1000.0,24,0.00012848805508302577,0.00013411414707176258,0.000176613309341126,0.0002175448767782395,0.00026804087553145386,0.0021037344028196816,0.002388525763837337,0.00043204486225440473
"60 x 66,667",60,66667,12000060,5.0,15.0,1500.0,24,0.00012529758597253025,0.00012865138325101447,0.00017313965734486647,0.00023186290487563514,0.00028029940589981064,0.0021788551436081687,0.0032913939945461547,0.0005655741479494047
"60 x 66,667",60,66667,12000060,5.0,15.0,2000.0,24,0.0001215662377579952,0.0001237636311588622,0.0001727151948507472,0.00021997843645817365,0.00026173941988818204,0.0019820531685609336,0.0031151308134406063,0.0005434598433713638
"60 x 66,667",60,66667,12000060,5.0,15.0,2500.0,24,0.00013487092459248272,0.00015460028947738427,0.00017054540086465693,0.0002019761583499921,0.00025867919960091457,0.0016696876867564046,0.0021055376398621444,0.0004131898573376866
"60 x 66,667",60,66667,12000060,5.0,15.0,3000.0,24,0.00011738267788349654,0.00014729732625591737,0.00018810817858108707,0.00020417844355789013,0.00024572204344746603,0.0002715597343062287,0.00028686721832545293,0.00021029338816766507
"60 x 66,667",60,66667,12000060,5.0,15.0,3500.0,24,8.279493578335209e-05,0.0001396476039592327,0.0001762401968243484,0.0002105656671323144,0.0002290966201075139,0.0002569831121644717,0.00026160072503803337,0.0002017001480142261
"60 x 66,667",60,66667,12000060,5.0,15.0,4000.0,24,7.98439887199992e-05,0.00013336422105348183,0.0001697844141207709,0.00019078225335552467,0.00022466749269748728,0.0002586554907075241,0.00028238918127004446,0.00019551446528180512
"60 x 66,667",60,66667,12000060,5.0,15.0,4500.0,24,9.223345326627144e-05,0.00012693596874030364,0.00016266671260540676,0.00019399714566209041,0.00021854863678259887,0.00026542917128453026,0.00028810580293495613,0.00019377175394429756
"60 x 66,667",60,66667,12000060,5.0,15.0,5000.0,24,0.00010359321864436975,0.00011666193539642697,0.00015786045284005762,0.00020070943373484126,0.0002174540411170979,0.0002766209999952027,0.0002805466889099429,0.00019428156589308029
"60 x 66,667",60,66667,12000060,5.0,15.0,5500.0,24,0.00011150580268398598,0.00011679731030984265,0.00015426144865079503,0.00019611848617392345,0.00022758355302229872,0.0002754634231656055,0.00045688677590124456,0.0002002623583735808
"60 x 66,667",60,66667,12000060,5.0,15.0,6000.0,24,0.00011123477456908725,0.00012201311474051878,0.00014562762538396728,0.00019182431728675188,0.00023514033895601517,0.0002787590117025753,0.0008155475711122348,0.0002114453424996453
"60 x 66,667",60,66667,12000060,5.0,15.0,6500.0,24,0.00010989043924973133,0.00012003367878354805,0.00013424557110617373,0.00018088833181857856,0.00023494148184111666,0.00026668988860868183,0.0007361372449206375,0.00020392620774207221
"60 x 66,667",60,66667,12000060,5.0,15.0,7000.0,24,0.00010369174871243373,0.00011115310313177501,0.00014272071000757898,0.000174160757371078,0.00022546019149957642,0.0002515151333964127,0.00028728546676139085,0.00018251056895091024
"60 x 66,667",60,66667,12000060,5.0,15.0,7500.0,24,8.739312083942426e-05,0.00011404226922771663,0.0001509323094702978,0.0001766592402754513,0.00021205443046865507,0.0002506216823818139,0.00027663709909830675,0.0001811442208972505
"60 x 66,667",60,66667,12000060,5.0,15.0,8000.0,24,8.026367249574945e-05,0.00011417798118824041,0.00015394264690732375,0.00018244264796627043,0.00020830351856706585,0.0002445216446882697,0.00026469767179769494,0.00018073769606948624
"60 x 66,667",60,66667,12000060,5.0,15.0,8500.0,24,7.986895208231062e-05,0.00011152137982557397,0.00014753707998956323,0.00017884385301543995,0.00021784246739570048,0.00024189709526662418,0.000252492345639904,0.0001805858721037562
"60 x 66,667",60,66667,12000060,5.0,15.0,9000.0,24,8.545691751368017e-05,0.00011010451854744911,0.0001410378497053053,0.000185582170977509,0.00021992431987114073,0.00024214448811352284,0.0002608294015322148,0.00018045643800726778
"60 x 66,667",60,66667,12000060,5.0,15.0,9500.0,24,9.675484318171229e-05,0.00010892743449346118,0.00013507634697434217,0.00018683645349154695,0.00021892707391723206,0.0002398589627319459,0.00028349671850742955,0.0001805130071140618
"60 x 66,667",60,66667,12000060,5.0,15.0,10000.0,24,0.0001076360163372249,0.00011158546865831972,0.00013097359493989617,0.00018407386710597896,0.00021648781933379318,0.00024068562474271901,0.001117331384335367,0.00021491891322158278
"60 x 66,667",60,66667,12000060,5.0,15.0,10500.0,24,0.00011496789491903528,0.00012014423302989346,0.00013918864655369816,0.00018793180965844382,0.0002137899422119723,0.00023646811229997627,0.0015322568635450756,0.0002327818878563166
"60 x 66,667",60,66667,12000060,5.0,15.0,11000.0,24,0.00012295957461921613,0.00012689280034402137,0.00015100370209386675,0.0001882843048537046,0.00020919664752206394,0.0002277222525802777,0.0016482830444641099,0.00023906039949826846
"60 x 66,667",60,66667,12000060,5.0,15.0,11500.0,24,9.867796347452875e-05,0.00012664785828651241,0.00014604869157762697,0.00019046242642501245,0.00021442951979190456,0.00023146810159940895,0.0015032799436870054,0.00023490519980451396
"60 x 66,667",60,66667,12000060,5.0,15.0,12000.0,24,7.832556885001093e-05,0.00011741856763553881,0.0001529215316720083,0.00019144052783998344,0.00022110719971518103,0.00024592657288301337,0.0010241867795300365,0.00021698578721495877
"60 x 66,667",60,66667,12000060,7.0,25.0,0.0,24,0.0,0.0,0.0,0.0,0.0,0.0,0.0,0.0
"60 x 66,667",60,66667,12000060,7.0,25.0,500.0,24,0.00011013071733224856,0.00013456165564411566,0.00015108861913208811,0.0001737369178254797,0.00018769155804027027,0.00022462335818180647,0.00023142278632202275,0.00017231490401327666
"60 x 66,667",60,66667,12000060,7.0,25.0,1000.0,24,9.513487959606074e-05,0.0001305372932489258,0.0001686894486920163,0.00019534489431153893,0.00024142861603744883,0.0004087259046906162,0.0019196531137007284,0.0002757307288627369
"60 x 66,667",60,66667,12000060,7.0,25.0,1500.0,24,9.210317550219026e-05,0.0001460179701817644,0.00016806962260476548,0.00019571915163806684,0.0002641390476773005,0.0009597474297822012,0.003064276489705665,0.0003575711901159519
"60 x 66,667",60,66667,12000060,7.0,25.0,2000.0,24,0.00013641936385742402,0.00014561155522198,0.00017658130713598847,0.00020007375473899,0.0002573745935280456,0.001563573700033357,0.0034926909655438234,0.0004107833627697111
"60 x 66,667",60,66667,12000060,7.0,25.0,2500.0,24,0.00015326000624051674,0.00016596743826656585,0.00018637135122677928,0.00020424296287499674,0.0002493705050065536,0.0019890101454639753,0.0034554518411857894,0.00043032735496821036
"60 x 66,667",60,66667,12000060,7.0,25.0,3000.0,24,0.0001426230150694037,0.0001541387835187909,0.00019386152264735127,0.00020948272257935953,0.00024157710777244207,0.0020141124479772015,0.0031092031276276325,0.00041833257457731915
"60 x 66,667",60,66667,12000060,7.0,25.0,3500.0,24,0.00013440469084005066,0.00014111252369043814,0.00018884492269997518,0.000214427856173692,0.00023103801013952058,0.0018485295858253778,0.0026005057807379555,0.00042736038585914374
"60 x 66,667",60,66667,12000060,7.0,25.0,4000.0,24,0.00012420274951047255,0.00013978140145531074,0.00017850512669100388,0.00020823336109348784,0.00023950145863128154,0.0018708485419484365,0.002080005850491179,0.0004032497312775691
"60 x 66,667",60,66667,12000060,7.0,25.0,4500.0,24,0.00011695972223956795,0.00014334647839399695,0.00017473813244953533,0.0002051419842584939,0.00023420255262894874,0.0013721336645208504,0.0021723829010791827,0.0003621912233115622
"60 x 66,667",60,66667,12000060,7.0,25.0,5000.0,24,0.00011951929367928019,0.00014596503712025036,0.000183325234345283,0.0002039093825512755,0.0002254066499869738,0.0007802753544908622,0.001952135374209028,0.0003167623799201757
"60 x 66,667",60,66667,12000060,7.0,25.0,5500.0,24,0.00013283364488884592,0.0001478307038082039,0.00018710584754972047,0.0001941403707430013,0.0002353172062375491,0.0002850609374871564,0.0015269619752883358,0.00025971590255886146
"60 x 66,667",60,66667,12000060,7.0,25.0,6000.0,24,0.00015009679529770476,0.00015175085058719462,0.0001765198289247813,0.0002082768945024965,0.000229926158597864,0.0002751618069454668,0.0008445342586445083,0.00023069992956103788
"60 x 66,667",60,66667,12000060,7.0,25.0,6500.0,24,0.00015090519864799628,0.00015696474664164757,0.00016646491079457665,0.00020834685880731895,0.00023147544612497903,0.00026740036858208157,0.0002746352581488202,0.00020558142435724036
"60 x 66,667",60,66667,12000060,7.0,25.0,7000.0,24,0.00013330214573412284,0.00015563867678485227,0.00016651281461615492,0.00019673542694389275,0.00023893519827523888,0.0002638935222226167,0.00027621567416895385,0.0002022271252557558
"60 x 66,667",60,66667,12000060,7.0,25.0,7500.0,24,0.00012229014138531965,0.0001477735219639132,0.0001664909196188028,0.00018191588847800018,0.00023348889821137253,0.00026289404469337634,0.0007829076407948521,0.00021863549972356397
"60 x 66,667",60,66667,12000060,7.0,25.0,8000.0,24,0.000127493912317091,0.00013498830778173898,0.00016643271968738542,0.00018658759362453605,0.00023148686499330627,0.00026239930273002304,0.0012149337686517927,0.00023249909300528452
"60 x 66,667",60,66667,12000060,7.0,25.0,8500.0,24,0.00011932158626667832,0.00013050581736775196,0.00016055838465661165,0.00017775776117035573,0.0002226498904101971,0.00026098566846926603,0.001323255469723124,0.0002338133184746447
"60 x 66,667",60,66667,12000060,7.0,25.0,9000.0,24,0.00010555137906105641,0.00013298966514244942,0.0001561949845255719,0.00017550061753636158,0.00021889009257597934,0.000263816529642167,0.0012581016742333638,0.00022871275683201573
"60 x 66,667",60,66667,12000060,7.0,25.0,9500.0,24,9.384792754291568e-05,0.00013194675990008372,0.00015373396065081636,0.00017871652039546466,0.00020818463841939337,0.000266557893238125,0.00106979567161579,0.00021904333597642283
"60 x 66,667",60,66667,12000060,7.0,25.0,10000.0,24,8.570126862937752e-05,0.00011894597440624068,0.0001569953076141009,0.00017564766388506413,0.00021903884670747227,0.0002632376268214637,0.0007471239844629228,0.00020430806566965824
"60 x 66,667",60,66667,12000060,7.0,25.0,10500.0,24,8.330349847306691e-05,0.00011075371446308664,0.00015495324817148417,0.00017627928725793548,0.00022372669246172744,0.00025900288640134245,0.000286152654083822,0.00018467879478917268
"60 x 66,667",60,66667,12000060,7.0,25.0,11000.0,24,8.810532268368711e-05,0.00010776031653138677,0.00015653467383037903,0.00018209452228792007,0.0002217274415561644,0.0002622351085566036,0.0002768008275017953,0.00018516379989418457
"60 x 66,667",60,66667,12000060,7.0,25.0,11500.0,24,9.958428533610242e-05,0.00010832489298667717,0.00016037771623280154,0.0001868775640802987,0.00021348559615250455,0.000266362035786877,0.0002693078777938054,0.0001868933701774044
"60 x 66,667",60,66667,12000060,7.0,25.0,12000.0,24,0.00010266903591152895,0.00011952312484407994,0.00016052266893871688,0.00019338445896364552,0.0002085698577643518,0.00025962038816613076,0.00027729174165963235,0.00018931824074565665
"60 x 66,667",60,66667,12000060,10.0,30.0,0.0,24,0.0,0.0,0.0,0.0,0.0,0.0,0.0,0.0
"60 x 66,667",60,66667,12000060,10.0,30.0,500.0,24,0.00011168014786045484,0.00011496466111609421,0.00015561665267627012,0.00017398287372721096,0.00018988159006079713,0.00020820688793054734,0.000224806650594001,0.0001700643629819583
"60 x 66,667",60,66667,12000060,10.0,30.0,1000.0,24,0.00010917953499760315,0.00013877732331430006,0.0001741838453941271,0.0002107030503735277,0.00024365672649815696,0.00027350338335679756,0.0005299466718984265,0.00021771760730653314
"60 x 66,667",60,66667,12000060,10.0,30.0,1500.0,24,0.00010393050119453553,0.00013487478685050922,0.00017407295751126214,0.0002241471371245404,0.0002648763055437237,0.00145618929467024,0.001957468887015267,0.00036147685119753277
"60 x 66,667",60,66667,12000060,10.0,30.0,2000.0,24,0.0001127848259260598,0.00013414684800269007,0.00017894309823477823,0.00022119323127858467,0.0002608770773790799,0.0022490380630616124,0.0027548475314232643,0.0004329199143862661
"60 x 66,667",60,66667,12000060,10.0,30.0,2500.0,24,0.00012947862877466152,0.00013469823891297707,0.0001785691126804965,0.00021792401729116287,0.00024964943115073426,0.002413438635688092,0.0030506609296097804,0.00046434786232444817
"60 x 66,667",60,66667,12000060,10.0,30.0,3000.0,24,0.0001308801621540261,0.00013539670473186626,0.00018395338831385033,0.00021883439426422825,0.00023715307821323036,0.0020876058529790817,0.0029724882603313755,0.00044305988123038726
"60 x 66,667",60,66667,12000060,10.0,30.0,3500.0,24,0.00011616250862710889,0.00013605081763612813,0.00018103032199980783,0.0002012856134102154,0.00024164936898941257,0.0013111577180689685,0.002631236902317231,0.00038381203005225965
"60 x 66,667",60,66667,12000060,10.0,30.0,4000.0,24,9.925563076678474e-05,0.00014298676112062185,0.00015734261044676214,0.00021273962526853179,0.00023747441363522378,0.0007834469882836335,0.002113208984540842,0.0003065694395542012
"60 x 66,667",60,66667,12000060,10.0,30.0,4500.0,24,0.00010084091389781072,0.00010776883976054684,0.00016141039185336309,0.00020865990933089225,0.0002365300077579597,0.0006151999701828564,0.0014488292697789958,0.00026657856679580995
"60 x 66,667",60,66667,12000060,10.0,30.0,5000.0,24,8.02154872193117e-05,0.00010361949962648326,0.0001528915301095893,0.00020501849537523704,0.00025288669212147983,0.00029516577543704873,0.000385595579694416,0.0002061513604567785
"60 x 66,667",60,66667,12000060,10.0,30.0,5500.0,24,9.011340311827336e-05,0.00012399176444216945,0.00015380322993072902,0.0002040722222363423,0.0002516079513426675,0.0002808556666803785,0.0007024453674446036,0.00022140766056088818
"60 x 66,667",60,66667,12000060,10.0,30.0,6000.0,24,0.00012631297600440005,0.00013269755722700928,0.0001697320899509504,0.00020391566354558836,0.00024898891405783084,0.0002756825315798318,0.001169850687905318,0.0002442049745594878
"60 x 66,667",60,66667,12000060,10.0,30.0,6500.0,24,0.00013809635932188603,0.00015884707135590498,0.00018087020883885349,0.00019813441225203685,0.00024876301471086224,0.0002763550854187136,0.0013363559308235532,0.0002530158617980087
"60 x 66,667",60,66667,12000060,10.0,30.0,7000.0,24,0.00014977550907949305,0.00015734214221142483,0.00018292329054591934,0.00019752194747045196,0.00024334043884446886,0.0002753786449464902,0.001257271306365369,0.00024960534841481606
"60 x 66,667",60,66667,12000060,10.0,30.0,7500.0,24,0.0001483937430425331,0.00015029822341027635,0.0001808930842130903,0.00020630067162087017,0.00022984222087244692,0.0002729807751626248,0.0008847539081134649,0.0002329808638858867
"60 x 66,667",60,66667,12000060,10.0,30.0,8000.0,24,0.00013460129494822273,0.00014583864672460897,0.00017770484660710497,0.00020736307054968818,0.0002342860179013252,0.00027701843078883307,0.00028177918500360723,0.00020728238961990265
"60 x 66,667",60,66667,12000060,10.0,30.0,8500.0,24,0.00012527510702360381,0.00015021667561215091,0.0001795798520478261,0.00020395141499748685,0.00024339306273402867,0.0002624185856010935,0.00028424743655313664,0.00020734270195226878
"60 x 66,667",60,66667,12000060,10.0,30.0,9000.0,24,0.00011584698138887625,0.00014159293652136177,0.0001901359991830052,0.00021058854549159506,0.00024191308132573284,0.00025966228131792216,0.0002868749449203832,0.00020857174159920124
"60 x 66,667",60,66667,12000060,10.0,30.0,9500.0,24,0.00010079090502940832,0.00012804938174412945,0.00019382204380922102,0.0002137543885045719,0.00023925839572056716,0.0002649826053916785,0.0002856754805549832,0.00021021834550492176
"60 x 66,667",60,66667,12000060,10.0,30.0,10000.0,24,8.016437444100151e-05,0.000113552965339662,0.00019315612872708817,0.00020936715369121353,0.0002567934485225766,0.00027526215796299893,0.0002807665232131477,0.00021169632267440603
"60 x 66,667",60,66667,12000060,10.0,30.0,10500.0,24,6.527959362576172e-05,0.00010170220595060997,0.00018682943338298023,0.00020611828310410665,0.0002610065319716407,0.00028407866954797896,0.00028597305991291477,0.00021314750333317767
"60 x 66,667",60,66667,12000060,10.0,30.0,11000.0,24,7.775710051596959e-05,9.278316367539502e-05,0.0001790551334287311,0.0002118855117059244,0.0002648064355918822,0.0005107242946135171,0.0012676081740173493,0.00027263690906264475
"60 x 66,667",60,66667,12000060,10.0,30.0,11500.0,24,8.572742700244783e-05,0.00011482044763912355,0.00017790112603463813,0.00022214747371520095,0.0002595351848128833,0.0007365527022511881,0.001811119075202527,0.0003251432382761599
"60 x 66,667",60,66667,12000060,10.0,30.0,12000.0,24,8.910985642045174e-05,0.00012522023175824592,0.0001780238651858775,0.00023112655809038687,0.00026511265418109966,0.0009392119854451434,0.0021662288925319495,0.00033353951636202377
"60 x 66,667",60,66667,12000060,12.0,36.0,0.0,24,0.0,0.0,0.0,0.0,0.0,0.0,0.0,0.0
"60 x 66,667",60,66667,12000060,12.0,36.0,500.0,24,9.628560071192778e-05,0.00012458179947085512,0.00014413410407244958,0.0001664510678071484,0.00017891461253902608,0.00021246792302556078,0.00023874333788394714,0.00016494854534497607
"60 x 66,667",60,66667,12000060,12.0,36.0,1000.0,24,0.00011590570899213148,0.00015315657927991567,0.00019728663065638,0.00022222028673086103,0.0002303652549841769,0.00028226940776532224,0.00028357201637042113,0.0002146541255908434
"60 x 66,667",60,66667,12000060,12.0,36.0,1500.0,24,0.00016162784640159618,0.0001666603179248748,0.00020792528365049548,0.00024224756748135988,0.00026238078316178466,0.0002731783721369549,0.001525512730771865,0.00028536076913748636
"60 x 66,667",60,66667,12000060,12.0,36.0,2000.0,24,0.00013545605633660132,0.0001401355696118567,0.00019822968801662893,0.00024618530237028604,0.00028033051540808895,0.00035192699968610003,0.0019176133830372075,0.0003034624016595825
"60 x 66,667",60,66667,12000060,12.0,36.0,2500.0,24,8.889158447439961e-05,0.00012766564711616385,0.00019595448231592903,0.0002142633796889031,0.00027076709680568515,0.0012385024034967601,0.0019225312903531058,0.00036546054381838286
"60 x 66,667",60,66667,12000060,12.0,36.0,3000.0,24,0.00012178888063017251,0.00014062115504437752,0.0001669869221934574,0.00020528005755122118,0.0002579654985986534,0.0016538800001892715,0.0016632503684242414,0.0003806788309863103
"60 x 66,667",60,66667,12000060,12.0,36.0,3500.0,24,0.00012579058829235174,0.00014823988477677917,0.00018054183883182403,0.00019923669311648555,0.00024287717844181413,0.001672466639051403,0.0018245335193924192,0.0003728810356504319
"60 x 66,667",60,66667,12000060,12.0,36.0,4000.0,24,0.00011424265838822195,0.00014779257688515737,0.00018017834499647482,0.00020455292401118293,0.00024294846659341713,0.0014923426789023658,0.0016981554523347775,0.0003407440049906789
"60 x 66,667",60,66667,12000060,12.0,36.0,4500.0,24,0.00012365898855650663,0.00014233961535262674,0.0001849044051351489,0.00021179174521853637,0.00026187470338041754,0.0010571629604220175,0.0012873407001288027,0.00030838350227275964
"60 x 66,667",60,66667,12000060,12.0,36.0,5000.0,24,0.0001327697017429161,0.00014346534941769235,0.0001773543636262911,0.00021474581023350037,0.00027486668419659523,0.0005975025494525352,0.0013468263070593662,0.0002829242005549638
"60 x 66,667",60,66667,12000060,12.0,36.0,5500.0,24,0.00012169659624550803,0.00013374876196481405,0.00017616778258565985,0.00021317042967235216,0.00027088819833784685,0.0007432904055951519,0.0016421644055591962,0.0003056622104804702
"60 x 66,667",60,66667,12000060,12.0,36.0,6000.0,24,0.0001181151395205964,0.00012218722314465927,0.00018219161538728947,0.00020791704195717245,0.00025425989287942736,0.0008978979516092071,0.001708685545044197,0.00030373959637683634
"60 x 66,667",60,66667,12000060,12.0,36.0,6500.0,24,0.0001057178020347096,0.00012627543322365754,0.00017018367845892442,0.00020820798892627672,0.00024178199651991722,0.0013577138204566787,0.0016197228097797512,0.00032098315910971406
"60 x 66,667",60,66667,12000060,12.0,36.0,7000.0,24,0.00010204500015281106,0.00012428977541348202,0.00015708396730898085,0.00020846675283906323,0.00023885521207914337,0.0012808111163203776,0.0017443378470202628,0.0003110109163679396
"60 x 66,667",60,66667,12000060,12.0,36.0,7500.0,24,0.00011105129385942134,0.00012778247811833323,0.00015132489850724776,0.00020635082801325556,0.00022876942464232004,0.0011636361741639539,0.0018130589675664501,0.00030506359031983533
"60 x 66,667",60,66667,12000060,12.0,36.0,8000.0,24,0.0001287576403809364,0.00013616996248502254,0.00015651998393167012,0.0001966344699304028,0.00022834937552881,0.0011572349102680038,0.0017698258397461735,0.00030318087486645777
"60 x 66,667",60,66667,12000060,12.0,36.0,8500.0,24,0.000129968927675633,0.0001492173136600104,0.00016291848826111452,0.000186953131805041,0.00023915942701839576,0.0012947375042891745,0.001634019165352662,0.0003075095174950856
"60 x 66,667",60,66667,12000060,12.0,36.0,9000.0,24,0.00012967469356947893,0.00015203196301124682,0.0001738888248311175,0.00019352743235127471,0.0002477181827301603,0.0012294178966483767,0.001761886736646607,0.0003146761723794159
"60 x 66,667",60,66667,12000060,12.0,36.0,9500.0,24,0.0001332256004190225,0.0001513943731253145,0.00017947102759092093,0.000208526058747131,0.0002475724384740127,0.0009164243616617047,0.0020997437929770276,0.00031868422873295127
"60 x 66,667",60,66667,12000060,12.0,36.0,10000.0,24,0.00013882758078856002,0.0001548936198417924,0.000181297121618413,0.00021332659020198143,0.000245828344407944,0.0002867368160177709,0.0024447637061560195,0.00030668956556494445
"60 x 66,667",60,66667,12000060,12.0,36.0,10500.0,24,0.00013672454562672743,0.0001480022429199092,0.00018438051925735743,0.00022415668574416662,0.00025377558333337995,0.0005728479882554946,0.002770985914511117,0.00033665486344722006
"60 x 66,667",60,66667,12000060,12.0,36.0,11000.0,24,0.00011632932654288606,0.00015456112370801456,0.0001888003689835884,0.00022708411276108924,0.00025445484782054217,0.0009045548035141347,0.003064326194362308,0.00036590613284289845
"60 x 66,667",60,66667,12000060,12.0,36.0,11500.0,24,9.572087244638374e-05,0.00015840503434216003,0.00018480763059475328,0.0002271960547020647,0.00025235029437818967,0.0010464063803992411,0.003317394658894503,0.00038335983257139675
"60 x 66,667",60,66667,12000060,12.0,36.0,12000.0,24,7.853639815363895e-05,0.00015625168776132867,0.00018973834881329181,0.00022286462314713787,0.00025463729556683484,0.0011104988543368963,0.003526720975551194,0.00040311717027603403
"60 x 66,667",60,66667,12000060,15.0,40.0,0.0,24,0.0,0.0,0.0,0.0,0.0,0.0,0.0,0.0
"60 x 66,667",60,66667,12000060,15.0,40.0,500.0,24,0.0001175653715114472,0.00012684717755691476,0.00015523207448570606,0.00017595715409184716,0.00019736483026713383,0.00022797880131055403,0.00024286712250897358,0.00017813220889441683
"60 x 66,667",60,66667,12000060,15.0,40.0,1000.0,24,0.0001649174213281298,0.00017726924947048908,0.0001919988330589308,0.00021074393575725494,0.00026612052880101346,0.0008961762457978289,0.0011675243322241925,0.00033875727547217634
"60 x 66,667",60,66667,12000060,15.0,40.0,1500.0,24,0.00017388723650871955,0.00018031222701031817,0.00021542226757043429,0.00023947076279408756,0.00027189888271932257,0.0008867796706653356,0.0018565645374840959,0.0003674505668978844
"60 x 66,667",60,66667,12000060,15.0,40.0,2000.0,24,0.00014222529729505584,0.00017404519877643344,0.0002045987960850596,0.0002504791209800175,0.0002778619875212958,0.001452512653902873,0.0022330168752359375,0.00037561675427484793
"60 x 66,667",60,66667,12000060,15.0,40.0,2500.0,24,0.00011020902184424369,0.00013856444375912947,0.00019644301724456892,0.00023723280347270534,0.0002794477652276194,0.0019227641028678032,0.0024243066409444223,0.0004585691025891226
"60 x 66,667",60,66667,12000060,15.0,40.0,3000.0,24,9.027916285583566e-05,9.820646298384282e-05,0.00019600494509593706,0.00023806738198058313,0.00027031041676801165,0.002090937349230495,0.0025265851409407287,0.0004581481624716416
"60 x 66,667",60,66667,12000060,15.0,40.0,3500.0,24,8.029276232552861e-05,9.543612637266651e-05,0.00018085813269309587,0.0002343594302615431,0.00026139436952606277,0.0023634296540515436,0.0025810186915760473,0.00044034950659059595
"60 x 66,667",60,66667,12000060,15.0,40.0,4000.0,24,9.87718170300279e-05,0.00010589142044612817,0.00016806584203462634,0.00020741341261059954,0.00025889109249471905,0.002240996550374672,0.002858481783276594,0.00041135498829300825
"60 x 66,667",60,66667,12000060,15.0,40.0,4500.0,24,9.4209337239586e-05,0.00011342551551440842,0.00016812060055612337,0.00020133329761729235,0.0002530015086408381,0.002284930789149952,0.0029872150758170285,0.00044992440627028216
"60 x 66,667",60,66667,12000060,15.0,40.0,5000.0,24,0.00010565961267819735,0.00011427969868565673,0.00017289402928364847,0.00019550786690522914,0.00025988874311591467,0.0022360731640632707,0.003001176678082994,0.00047339932199805533
"60 x 66,667",60,66667,12000060,15.0,40.0,5500.0,24,0.000105784024111485,0.0001249303988623946,0.0001753828592528746,0.000197811013383949,0.0002611679566444942,0.0021133167269073105,0.0029450300019903475,0.0004690139643241254
"60 x 66,667",60,66667,12000060,15.0,40.0,6000.0,24,0.0001032901355775723,0.00013725614648517473,0.0001787585923577761,0.0002026642400594022,0.00025748685157376964,0.0019223434924374803,0.002862000404344488,0.00045195436802021154
"60 x 66,667",60,66667,12000060,15.0,40.0,6500.0,24,0.0001099907540299157,0.00013974045865963915,0.00017381163379216066,0.00020437919003516434,0.0002537080077220945,0.0016689949788658786,0.002782800476913751,0.0004294815319305848
"60 x 66,667",60,66667,12000060,15.0,40.0,7000.0,24,0.00012122936537456025,0.00012887461347361244,0.00017167564866908295,0.0002051037962258388,0.00024751259027072203,0.001568942029612642,0.0027216707457190384,0.00040963701196235566
"60 x 66,667",60,66667,12000060,15.0,40.0,7500.0,24,0.00011581510154476701,0.00012997316170453938,0.0001746224704243065,0.00020722834045844535,0.0002483888290449764,0.001467894373296387,0.0026808886605029256,0.00038914680402365055
"60 x 66,667",60,66667,12000060,15.0,40.0,8000.0,24,0.00011311294248808815,0.00012753872116956513,0.00017611453271102118,0.00019986837340274383,0.00025922521216111786,0.0013936902552478822,0.002659103630768624,0.00036866195585652447
"60 x 66,667",60,66667,12000060,15.0,40.0,8500.0,24,0.00011771691107822318,0.00012107379860552555,0.0001779356090844887,0.0001963360003519496,0.00026559857818384,0.0014024489188966356,0.0026570762127987725,0.00036457693200055657
"60 x 66,667",60,66667,12000060,15.0,40.0,9000.0,24,0.00011858865220909012,0.00012795095614454428,0.00017185672648640518,0.00019945135185802133,0.0002724211501768577,0.0014399178029939797,0.002678028015608486,0.0003692025786245229
"60 x 66,667",60,66667,12000060,15.0,40.0,9500.0,24,0.00012693991038435876,0.0001322315692746201,0.00016582476278570717,0.00021242895908651867,0.0002747879496000305,0.0015936241104842735,0.0027242630097201897,0.0004140332196496019
"60 x 66,667",60,66667,12000060,15.0,40.0,10000.0,24,0.00011894628058641997,0.00013321831521927752,0.00016260238034337995,0.00022359794433335998,0.00027642544438137367,0.0017463237954682945,0.0027936963921091364,0.0004373577003993836
"60 x 66,667",60,66667,12000060,15.0,40.0,10500.0,24,8.751759777520074e-05,0.0001425569819545212,0.00017224819780580056,0.00021498518058860478,0.00027164717649974784,0.001926805682826724,0.002878976776850789,0.0004736414587097054
"60 x 66,667",60,66667,12000060,15.0,40.0,11000.0,24,5.92070583125895e-05,0.00015283300959704202,0.00017766336110355095,0.00021194869335155016,0.0002680811630255652,0.001923582368713564,0.002969396265197387,0.0004911755098647887
"60 x 66,667",60,66667,12000060,15.0,40.0,11500.0,24,4.823511762029877e-05,0.00015034831991414912,0.0001699749523265292,0.00021805801370150765,0.00026647119965850176,0.0018090229029006834,0.003053919066573596,0.0004911708662330627
"60 x 66,667",60,66667,12000060,15.0,40.0,12000.0,24,6.769691660116419e-05,0.00013109959653685805,0.00017201030324591118,0.00022577880271545811,0.0002695587202184501,0.0016090364334108112,0.003123592555501585,0.00047476819272296013
"60 x 66,667",60,66667,12000060,20.0,50.0,0.0,24,0.0,0.0,0.0,0.0,0.0,0.0,0.0,0.0
"60 x 66,667",60,66667,12000060,20.0,50.0,500.0,24,9.59941978692181e-05,0.00012511568725683483,0.00013862383270682045,0.0001598411409902615,0.00019363651876152496,0.00024157051104681997,0.00024795447514152616,0.000169292327650066
"60 x 66,667",60,66667,12000060,20.0,50.0,1000.0,24,0.00014394829032173605,0.0001557040145992168,0.00017646419019232438,0.00019997114585901233,0.00024833959795579434,0.0015770119760528006,0.0019079218320425422,0.00038821089369352814
"60 x 66,667",60,66667,12000060,20.0,50.0,1500.0,24,0.00012903284811560938,0.00016153327158191023,0.00018861765939285418,0.00021784951113208126,0.00026214626347707853,0.002262190951286857,0.002644358902879933,0.00048132570796240317
"60 x 66,667",60,66667,12000060,20.0,50.0,2000.0,24,0.0001168105011650036,0.00014018609356185798,0.000193762470191425,0.00022440211009390037,0.0002530641840384173,0.0025151578777288268,0.003087918031327593,0.0005159327104446226
"60 x 66,667",60,66667,12000060,20.0,50.0,2500.0,24,0.00011933301239833148,0.00014157497459925958,0.0002006631607263797,0.00021814785309246963,0.000267049486952792,0.0025228274930139587,0.0034011150336781502,0.0005518943782958924
"60 x 66,667",60,66667,12000060,20.0,50.0,3000.0,24,0.00013067366933227983,0.0001448001800110937,0.00020706678034429949,0.000226985273930039,0.00026685569701224586,0.0023722436915052008,0.003460477311164703,0.0006341576107151264
"60 x 66,667",60,66667,12000060,20.0,50.0,3500.0,24,0.00014227724767518554,0.00014520887187371883,0.00020537955252899947,0.0002486533737784115,0.00026285389348458955,0.002116118276319656,0.0032628106090737937,0.0006355965337091461
"60 x 66,667",60,66667,12000060,20.0,50.0,4000.0,24,0.0001380053059200271,0.00014652860356412944,0.00020619243429408253,0.0002445847696699011,0.00041579632578927226,0.0019637144449698705,0.002935410289464182,0.0006058136519519039
"60 x 66,667",60,66667,12000060,20.0,50.0,4500.0,24,0.00012742654423435366,0.0001479184804901186,0.0002073886870261505,0.000245778909069817,0.0003796258113973304,0.0018231210432222151,0.0026370304877349512,0.0005221959618167657
"60 x 66,667",60,66667,12000060,20.0,50.0,5000.0,24,0.0001235257551549514,0.00014269781824036902,0.0002076063048081258,0.00024518301269557934,0.00027271969337384807,0.0017184202332340564,0.0024584166183743007,0.0004715926384839274
"60 x 66,667",60,66667,12000060,20.0,50.0,5500.0,24,0.00013251792173069304,0.00013755555158749154,0.00019946729202109876,0.00023036738615904169,0.00026229354132226547,0.0016536374284627183,0.002391943200554265,0.00041114071972861037
"60 x 66,667",60,66667,12000060,20.0,50.0,6000.0,24,0.00013596351594378985,0.00014530194304704553,0.00017064906778241066,0.0002223779882298769,0.0002502515799993391,0.0016501746278953225,0.002379772781461376,0.000391882196707604
"60 x 66,667",60,66667,12000060,20.0,50.0,6500.0,24,0.0001326621463773436,0.00013794795860276387,0.0001658720955278859,0.00020941836293365379,0.00024057959916466354,0.0016824936658585779,0.0023647316759210766,0.0003741317593992737
"60 x 66,667",60,66667,12000060,20.0,50.0,7000.0,24,0.0001319052287721686,0.00014139236309345272,0.000163446529703569,0.00019271803075965267,0.0002287547062511008,0.001710672079999902,0.0023047267869047024,0.0003551476379951735
"60 x 66,667",60,66667,12000060,20.0,50.0,7500.0,24,0.00013786367161129653,0.00013859630620688117,0.0001600928482473384,0.00018913962715942742,0.00022005872767653396,0.0017623086692006714,0.0021726742704616525,0.00034817223244443344
"60 x 66,667",60,66667,12000060,20.0,50.0,8000.0,24,0.00013244509304825372,0.00013856005389336257,0.00015376482744799676,0.00018821004730599204,0.00022957146653492932,0.0017042638116994374,0.002032003513631125,0.00033724329398283085
"60 x 66,667",60,66667,12000060,20.0,50.0,8500.0,24,0.0001371990586461229,0.00013925723028752538,0.0001507734740543603,0.0001827366303566846,0.0002419979166449536,0.0014486745694751988,0.0019759997436770275,0.0003219211099253877
"60 x 66,667",60,66667,12000060,20.0,50.0,9000.0,24,0.00013897762810963194,0.000142334569976727,0.00014759854244282414,0.0001749530674876119,0.00023700104146928816,0.0011306484652598644,0.0018486122264794035,0.0003020235717287245
"60 x 66,667",60,66667,12000060,20.0,50.0,9500.0,24,0.00012825359837721894,0.00013533506457104986,0.00015471158287555704,0.0001814320501906625,0.00022963350035168047,0.0008026215790415971,0.0016411586212966836,0.0003043580981348732
"60 x 66,667",60,66667,12000060,20.0,50.0,10000.0,24,0.0001115235914348655,0.00013207156911533344,0.00016068126832543772,0.00019190235005014933,0.00022967500197087476,0.001057851896218933,0.0013336395687356714,0.0002899761579142095
"60 x 66,667",60,66667,12000060,20.0,50.0,10500.0,24,9.767279381165701e-05,0.00012488664159558455,0.0001650799194158581,0.00020037107724946623,0.000234378923690631,0.0007701523645574682,0.0013807026987448126,0.0002711846758267381
"60 x 66,667",60,66667,12000060,20.0,50.0,11000.0,24,9.402196170176671e-05,0.00012005294863132513,0.00016551353144787965,0.00019580730750254864,0.0002480191292407008,0.000614720136796564,0.0015074289214167401,0.0002710085892583678
"60 x 66,667",60,66667,12000060,20.0,50.0,11500.0,24,0.00010536501956987687,0.00012076650266088343,0.00016147913881535932,0.00019492149940148832,0.00025172025125878367,0.0008800118721194821,0.0015604524961354825,0.00028827032169051817
"60 x 66,667",60,66667,12000060,20.0,50.0,12000.0,24,0.0001252345321228057,0.00012710895523112233,0.00015996923870605152,0.00020078494295381667,0.00025681082328665814,0.0010937442027521903,0.0015536712178952315,0.00030056826808694503
"60 x 66,667",60,66667,12000060,25.0,60.0,0.0,24,0.0,0.0,0.0,0.0,0.0,0.0,0.0,0.0
"60 x 66,667",60,66667,12000060,25.0,60.0,500.0,24,0.00011700424529592934,0.00011852429253978465,0.00013985590850152069,0.0001565175940744661,0.00018450345290467365,0.00022798694761417437,0.00025090349006778835,0.0001630736892909042
"60 x 66,667",60,66667,12000060,25.0,60.0,1000.0,24,0.00013545717015082647,0.00015765768006932598,0.00018402108090326505,0.0002037542729644318,0.00022339579632835334,0.0016072297066029291,0.0025194305195556763,0.00036544953418162
"60 x 66,667",60,66667,12000060,25.0,60.0,1500.0,24,0.00014294202398510027,0.0001499364384953541,0.0001875531758065189,0.00020832552679919908,0.00023930262371415646,0.002444957229827635,0.003276380131980469,0.0004797628685791818
"60 x 66,667",60,66667,12000060,25.0,60.0,2000.0,24,0.00011260382546383762,0.0001515932172627618,0.00017968600021243036,0.00021688673068472,0.00023343060686224122,0.0026269747137639566,0.003429801962654998,0.0005127043076345355
"60 x 66,667",60,66667,12000060,25.0,60.0,2500.0,24,0.0001248252710950789,0.00013130164438027243,0.0001710605604625885,0.0002194901029363695,0.00024684057662158014,0.002472688394930923,0.003274437453106305,0.0005012724166590173
"60 x 66,667",60,66667,12000060,25.0,60.0,3000.0,24,9.905265138893206e-05,0.00013044451552786282,0.00017277493082936692,0.00022140412490410306,0.00025574601321423277,0.0021890040987265023,0.0029816447966306723,0.0004753573300802408
"60 x 66,667",60,66667,12000060,25.0,60.0,3500.0,24,9.892316827459402e-05,0.00012803433188353808,0.000186981205231116,0.00022796321125656479,0.00025793067599270877,0.0018298610937909137,0.002663723505855564,0.0004630874904870601
"60 x 66,667",60,66667,12000060,25.0,60.0,4000.0,24,0.00011870554272788234,0.00013547267981858837,0.0001756017440348036,0.00022101320788513428,0.00027803468139013537,0.0013674472255380678,0.0023614248118771935,0.00040127153201870397
"60 x 66,667",60,66667,12000060,25.0,60.0,4500.0,24,0.00013133694698332787,0.00014048530834379446,0.00017272047740120636,0.00021803432229695148,0.00027519549562781667,0.0007570516173019808,0.002062214016164983,0.00032126230273770627
"60 x 66,667",60,66667,12000060,25.0,60.0,5000.0,24,9.955048594210221e-05,0.0001441584443647944,0.00016818687800446494,0.00021479050234445113,0.00026433499113503116,0.00038017938127525753,0.001716421116440576,0.0002765196601756751
"60 x 66,667",60,66667,12000060,25.0,60.0,5500.0,24,9.073897173166724e-05,0.00013518925655656538,0.00017249787565778123,0.00020996456755765838,0.0002535799109057141,0.00028031257615327863,0.0012351583882021296,0.00024707111554541283
"60 x 66,667",60,66667,12000060,25.0,60.0,6000.0,24,9.973089715938667e-05,0.00012730314998963833,0.00017342103574432673,0.00020317977084365524,0.00023680693020056934,0.0002856092204050169,0.00028847073418178756,0.0002048273792136819
"60 x 66,667",60,66667,12000060,25.0,60.0,6500.0,24,0.00011228627306941069,0.00012187872220624767,0.00017656596080845314,0.0001993014302277131,0.00023505451055090575,0.00027384079542344284,0.0010957429326000753,0.00023581222780349253
"60 x 66,667",60,66667,12000060,25.0,60.0,7000.0,24,0.00011893931974786596,0.00012139651840505773,0.00016647870588745332,0.0001969918197980543,0.00024879873019665867,0.000269012326321599,0.0015251781920240283,0.0002514609899202902
"60 x 66,667",60,66667,12000060,25.0,60.0,7500.0,24,0.00012086431075916315,0.00012476840200975793,0.00015296379331719004,0.0001823956995104066,0.00024362220997942044,0.00026890918016616027,0.0017241968159252077,0.0002575507031848527
"60 x 66,667",60,66667,12000060,25.0,60.0,8000.0,24,0.0001243624258434745,0.0001280316730271066,0.00015461316565619374,0.00018683060610441305,0.00023922727804850832,0.00027208778501423576,0.0016889324612931556,0.0002541382532660298
"60 x 66,667",60,66667,12000060,25.0,60.0,8500.0,24,0.00011811267154269803,0.00011981782271179244,0.0001575466601272827,0.00018360509456125687,0.00023853976226896877,0.00027510306547054653,0.0013978191984911916,0.00024052131790189526
"60 x 66,667",60,66667,12000060,25.0,60.0,9000.0,24,0.00010622062253224691,0.00011014745870039469,0.0001541181706443721,0.00018650176099156365,0.0002412608688637698,0.00027681028307844914,0.0006963943783660837,0.0002101251469430374
"60 x 66,667",60,66667,12000060,25.0,60.0,9500.0,24,9.241156600264236e-05,0.00010074330661306943,0.00015954827696518613,0.00019522386317486046,0.00023501096402526333,0.00026769335903736445,0.000283321883601425,0.00019119614294913355
"60 x 66,667",60,66667,12000060,25.0,60.0,10000.0,24,8.115962793943083e-05,0.00010007330208457906,0.00016052687165054937,0.00019237515571866013,0.00023535980656951548,0.00025754631099681325,0.00028148075847721536,0.00018873496785948716
"60 x 66,667",60,66667,12000060,25.0,60.0,10500.0,24,7.795079823688086e-05,0.00010231709615666168,0.00015762474572863404,0.00018072142387305483,0.00022561483383596226,0.00025974443711206525,0.0002757479192634151,0.00018609600697429
"60 x 66,667",60,66667,12000060,25.0,60.0,11000.0,24,8.20831057019702e-05,0.00010201849413850512,0.00014616697916518734,0.0001818810097427021,0.00022928551391248388,0.00026491286894544166,0.00026670760206135057,0.00018351420548068904
"60 x 66,667",60,66667,12000060,25.0,60.0,11500.0,24,9.080886629373483e-05,9.568977000204877e-05,0.00013129658241143742,0.00017242127862669688,0.0002282113327837481,0.0002552361134770142,0.00027259335507485316,0.00018130677087351346
"60 x 66,667",60,66667,12000060,25.0,60.0,12000.0,24,8.352946312647455e-05,0.00010231564541946248,0.00013505822850252508,0.00018008903093125607,0.0002247832967068559,0.0002469110713701965,0.00027917753611462695,0.0001799045185007668
"60 x 66,667",60,66667,12000060,30.0,80.0,0.0,24,0.0,0.0,0.0,0.0,0.0,0.0,0.0,0.0
"60 x 66,667",60,66667,12000060,30.0,80.0,500.0,24,0.00010830191029810541,0.0001164762160153332,0.00015384393454659676,0.0001903042368698187,0.00020300672154023865,0.00022868078861050596,0.0002443970731964586,0.0001795837822085067
"60 x 66,667",60,66667,12000060,30.0,80.0,1000.0,24,0.00013091522415236597,0.0001543762017901687,0.00018317441834428785,0.0002071946722986212,0.00023567732570361772,0.00027331340957044745,0.0023409280182922483,0.0002970752598066763
"60 x 66,667",60,66667,12000060,30.0,80.0,1500.0,24,9.741494431691748e-05,0.00013074567565033875,0.00018058997425000642,0.00021054325560472325,0.00026423936977423113,0.0005411792409271716,0.002742632436774631,0.0003281077616858587
"60 x 66,667",60,66667,12000060,30.0,80.0,2000.0,24,8.216617055407252e-05,0.0001146981789346142,0.00015001181920981332,0.00021916808790233754,0.0002545523157334029,0.0009680447419671904,0.002486655261246662,0.0003317960210822447
"60 x 66,667",60,66667,12000060,30.0,80.0,2500.0,24,8.337569439993333e-05,0.00010471196365324633,0.00014702601974984697,0.00021472771260880015,0.00023968180782742398,0.0008710443823719658,0.0020643566533329618,0.00031493206202881527
"60 x 66,667",60,66667,12000060,30.0,80.0,3000.0,24,0.00011373194108714639,0.00011875835326053151,0.00014618847645095533,0.00020215658701674667,0.0002283615923804715,0.0007652516443437812,0.0016113642033955715,0.00027724628236338965
"60 x 66,667",60,66667,12000060,30.0,80.0,3500.0,24,0.00011674450681242341,0.00012688529040746438,0.00015711199878770205,0.0002062249757332349,0.000228908415916022,0.00028065713266720027,0.001156582093620013,0.000235494804381998
"60 x 66,667",60,66667,12000060,30.0,80.0,4000.0,24,0.00011312070231654777,0.0001213774149845239,0.00016395580462708162,0.0002108390184592611,0.00023438208538645097,0.0002596773683992194,0.0007536714612147848,0.0002188370521432522
"60 x 66,667",60,66667,12000060,30.0,80.0,4500.0,24,0.00010276950780275261,0.00010972930531443363,0.00016189268880800308,0.00021042393851128453,0.0002337718486391344,0.0002707215016856354,0.0005734428145918774,0.00021013610981186073
"60 x 66,667",60,66667,12000060,30.0,80.0,5000.0,24,9.877571112380612e-05,0.00010298452588744575,0.00016769181440177947,0.0002051798460942283,0.00022143232721283016,0.0002826563929266723,0.0007538413527776571,0.00021539132787116443
"60 x 66,667",60,66667,12000060,30.0,80.0,5500.0,24,9.632495955000198e-05,0.00010241126373997683,0.0001713919746629678,0.0001958736400891714,0.00022360265334013567,0.0002838840978539599,0.0010740868213581492,0.0002257946628734824
"60 x 66,667",60,66667,12000060,30.0,80.0,6000.0,24,9.38110488196966e-05,0.00011119939707853718,0.0001642809093270596,0.00018944632883034242,0.00021739523542601356,0.0002758631006829486,0.0013807255341379515,0.000235420266304468
"60 x 66,667",60,66667,12000060,30.0,80.0,6500.0,24,0.0001062823735179219,0.00012328170024426783,0.00016398924197262566,0.00018361916874390426,0.00021974844119523163,0.0002622149832064344,0.001624454764208304,0.00024286023443833814
"60 x 66,667",60,66667,12000060,30.0,80.0,7000.0,24,0.00012588003781239686,0.00013274941724910136,0.000151421283387841,0.00018105087548687875,0.00021617258566561837,0.0002491533714465375,0.0017884699366865775,0.0002480016325675319
"60 x 66,667",60,66667,12000060,30.0,80.0,7500.0,24,0.00013219262432193944,0.00013847061487198717,0.00015867293487994587,0.00017739519051205346,0.00021261137621170965,0.00024048461145598064,0.0018728245120286904,0.0002511882111400957
"60 x 66,667",60,66667,12000060,30.0,80.0,8000.0,24,0.00012826092505616648,0.00013925574144622906,0.00015920045021193882,0.0001765330638629211,0.00021460943404900672,0.00023247717184636676,0.0018894277451558688,0.0002527263316841765
"60 x 66,667",60,66667,12000060,30.0,80.0,8500.0,24,0.00012132112237119179,0.0001294912837329827,0.00015596907568366834,0.00018299453115623045,0.00021942288103219025,0.00023765052894860698,0.0018565107151700107,0.0002527112654454226
"60 x 66,667",60,66667,12000060,30.0,80.0,9000.0,24,0.00010571104054944252,0.00012036511428268597,0.00016040449235590372,0.0001800891459624654,0.0002171833813448555,0.00025790489917318734,0.0017926134043139963,0.00025120916409334017
"60 x 66,667",60,66667,12000060,30.0,80.0,9500.0,24,8.116132911078733e-05,0.00012036022506279022,0.00015412471927752196,0.00018172774327891023,0.0002220432927912499,0.0002714926781957127,0.001712546227181016,0.0002484595477550498
"60 x 66,667",60,66667,12000060,30.0,80.0,10000.0,24,5.778925725419755e-05,0.00011523498422713052,0.00015171203381730795,0.00018070861071376864,0.00023589080726867917,0.0002761731804079072,0.0016266697694190223,0.0002449715056521185
"60 x 66,667",60,66667,12000060,30.0,80.0,10500.0,24,4.4683675221652346e-05,0.00010909218721909306,0.00015257224712675663,0.00018781595598472877,0.0002331332735541539,0.0002723513075560685,0.001542199039969231,0.00024153124166815314
"60 x 66,667",60,66667,12000060,30.0,80.0,11000.0,24,5.315184986486363e-05,0.00010296273977252353,0.00014936909987193003,0.000197177924555684,0.00023128350211547592,0.0002651947162955651,0.0014636668304495318,0.0002388862038332718
"60 x 66,667",60,66667,12000060,30.0,80.0,11500.0,24,7.569079360031821e-05,9.915882687442288e-05,0.0001478577802085571,0.00020252299537135601,0.00022990359782594136,0.0002732318456243478,0.0013908671683793693,0.00023681735635070573
"60 x 66,667",60,66667,12000060,30.0,80.0,12000.0,24,9.464154366922419e-05,0.00010344585508065007,0.00014971803262317263,0.00019971521175884271,0.0002271336910402764,0.0002807687374056756,0.0013155652425107494,0.00023465647898858463
"80 x 50,000",80,50000,12000000,5.0,15.0,0.0,24,0.0,0.0,0.0,0.0,0.0,0.0,0.0,0.0
"80 x 50,000",80,50000,12000000,5.0,15.0,500.0,24,8.630091326763941e-05,9.355975826542363e-05,0.00015204423368131916,0.00017689550580267773,0.0001956615963847567,0.00023269056786196152,0.00027425981578195783,0.0001719435023194713
"80 x 50,000",80,50000,12000000,5.0,15.0,1000.0,24,0.00012848837630276196,0.00013411448235671114,0.00017661375087384747,0.00021754542063975163,0.0002680415456328051,0.0018282891137779227,0.0020735537464020124,0.00039851192016187475
"80 x 50,000",80,50000,12000000,5.0,15.0,1500.0,24,0.00012529789921610364,0.00012865170487907056,0.00017314009019346878,0.00023186348453217275,0.0002803001066474494,0.0018925107797181516,0.0028540829466454968,0.000512777802593468
"80 x 50,000",80,50000,12000000,5.0,15.0,2000.0,24,0.0001215665416732097,0.00012376394056755333,0.0001727156266381946,0.00021997898640357738,0.0002617400742359138,0.0017225729749240505,0.002701640915160104,0.0004929358159319387
"80 x 50,000",80,50000,12000000,5.0,15.0,2500.0,24,0.00013487126176937273,0.00015460067597762486,0.00017054582722762614,0.0002019766632897568,0.0002586798462981052,0.001453300235203191,0.0018291528669001282,0.0003814115954339911
"80 x 50,000",80,50000,12000000,5.0,15.0,3000.0,24,0.00011738297133982443,0.0001472976944987727,0.0001881086488509457,0.00020417895400336096,0.00024572265775180677,0.00027156041320471584,0.0002868679354926023,0.00021029391390047837
"80 x 50,000",80,50000,12000000,5.0,15.0,3500.0,24,8.27951427704328e-05,0.00013964795307780622,0.0001762406374242897,0.0002105661935458242,0.00022909719284834829,0.000256983754621449,0.0002616013790390285,0.0002017006522639658
"80 x 50,000",80,50000,12000000,5.0,15.0,4000.0,24,7.984418832972149e-05,0.0001333645544636177,0.00016978483858127565,0.00019078273031056188,0.00022466805436551694,0.0002586561373454426,0.0002823898872421152,0.00019551495406735736
"80 x 50,000",80,50000,12000000,5.0,15.0,4500.0,24,9.223368384961638e-05,0.00012693628607982882,0.00016266711927167995,0.00019399763065434836,0.0002185491831535079,0.00026542983485662906,0.00028810652319856314,0.00019377223837307688
"80 x 50,000",80,50000,12000000,5.0,15.0,5000.0,24,0.00010359347762709263,0.00011666222705090088,0.00015786084749069642,0.00020070993550779838,0.00021745458475152117,0.0002766216915468383,0.0002805473902757885,0.00019428205159638788
"80 x 50,000",80,50000,12000000,5.0,15.0,5500.0,24,0.00011150608144814424,0.00011679760230275343,0.0001542618343039346,0.00019611897646952604,0.00022758412198047007,0.00027546411182330263,0.000421180234966987,0.00019877503889761052
"80 x 50,000",80,50000,12000000,5.0,15.0,6000.0,24,0.00011123505265567606,0.00012201341977292435,0.00014562798945257565,0.00019182479684694569,0.00023514092680612778,0.0002787597085992334,0.0007208828104429112,0.0002075014211316865
"80 x 50,000",80,50000,12000000,5.0,15.0,6500.0,24,0.00010989071397548605,0.00012003397886736991,0.000134245906719682,0.00018088878403884284,0.0002349420691940871,0.00026669055533257,0.0006536491247995984,0.00020048963587104385
"80 x 50,000",80,50000,12000000,5.0,15.0,7000.0,24,0.0001036920079414815,0.00011115338101418549,0.000142721066808908,0.0001741611927724272,0.00022546075514935063,0.0002515157621834602,0.00028728618497416005,0.00018251102522676222
"80 x 50,000",80,50000,12000000,5.0,15.0,7500.0,24,8.739333932195328e-05,0.00011404255433303332,0.00015093268680059984,0.0001766596819229999,0.00021205496060406855,0.00025062230893523665,0.00027663779069018996,0.0001811446737572367
"80 x 50,000",80,50000,12000000,5.0,15.0,8000.0,24,8.026387315467987e-05,0.00011417826663283657,0.00015394303176345994,0.00018244310407232022,0.00020830403932521133,0.0002445222559916173,0.00026469833354104727,0.00018073814791316162
"80 x 50,000",80,50000,12000000,5.0,15.0,8500.0,24,7.986915175444122e-05,0.00011152165862867501,0.00014753744883180215,0.00017884430012451356,0.0002178430120011882,0.00024189770000860645,0.00025249297686997905,0.0001805863235678721
"80 x 50,000",80,50000,12000000,5.0,15.0,9000.0,24,8.54571311557069e-05,0.00011010479380840142,0.00014103820229948883,0.00018558263493235653,0.00021992486968125315,0.0002421450934739864,0.0002608300536049035,0.00018045688914779888
"80 x 50,000",80,50000,12000000,5.0,15.0,9500.0,24,9.67550850685179e-05,0.00010892770681170702,0.0001350766846647875,0.00018683692058209684,0.00021892762123423273,0.0002398595623786032,0.00028349742724833986,0.0001805134583960155
"80 x 50,000",80,50000,12000000,5.0,15.0,10000.0,24,0.00010763628542692938,0.00011158574762164266,0.00013097392237347422,0.0001840743272900715,0.000216488360552665,0.00024068622645602873,0.0009783433511029557,0.00020912816607830337
"80 x 50,000",80,50000,12000000,5.0,15.0,10500.0,24,0.0001149681823384133,0.00012014453339010058,0.0001391889945248796,0.00018793227948738067,0.00021379047668615975,0.00023646870346951808,0.0013348003475211249,0.0002245549553660871
"80 x 50,000",80,50000,12000000,5.0,15.0,11000.0,24,0.00012295988201776843,0.00012689311757562571,0.0001510040796026501,0.00018828477556387835,0.000209197170513029,0.00022772282188519754,0.0014347339097660853,0.00023016294484016662
"80 x 50,000",80,50000,12000000,5.0,15.0,11500.0,24,9.867821016912907e-05,0.00012664817490576236,0.00014604905669889952,0.00019046290258048333,0.00021443005586503397,0.00023146868026893962,0.0013098555598425635,0.00022684628114846261
"80 x 50,000",80,50000,12000000,5.0,15.0,12000.0,24,7.832576466368829e-05,0.00011741886118159096,0.00015292191397535957,0.00019144100644070478,0.00022110775248248936,0.0002459271876986771,0.0008986392854504257,0.00021175507740610883
"80 x 50,000",80,50000,12000000,7.0,25.0,0.0,24,0.0,0.0,0.0,0.0,0.0,0.0,0.0,0.0
"80 x 50,000",80,50000,12000000,7.0,25.0,500.0,24,0.00011013099265869773,0.00013456199204783426,0.0001510889968531638,0.00017373735216723134,0.00018769202726857882,0.0002246239197395,0.00023142336487826538,0.00017231533479999822
"80 x 50,000",80,50000,12000000,7.0,25.0,1000.0,24,9.513511743296245e-05,0.000130537619591751,0.00016868987041511086,0.0001953453826731643,0.00024142921960823447,0.00038184307848440396,0.0016687224764883606,0.0002639579393206593
"80 x 50,000",80,50000,12000000,7.0,25.0,1500.0,24,9.210340575984121e-05,0.00014601833522623353,0.00016807004277829678,0.00019571964093533428,0.00026413970802409426,0.000846342520115868,0.00265766372023511,0.00033507038430451164
"80 x 50,000",80,50000,12000000,7.0,25.0,2000.0,24,0.00013641970490540736,0.000145611919250413,0.00017658174858870452,0.0002000742549227516,0.0002573752369637251,0.001364807548568221,0.0030282009975273034,0.00038124737276786755
"80 x 50,000",80,50000,12000000,7.0,25.0,2500.0,24,0.00015326038939005338,0.00016596785318464288,0.00018637181715457494,0.00020424347348176568,0.0002493711284320369,0.0017324252564127674,0.002995988019985639,0.00039860581056875953
"80 x 50,000",80,50000,12000000,7.0,25.0,3000.0,24,0.0001426233716264957,0.000154139168865268,0.00019386200730055208,0.00020948324628551135,0.0002415777117144566,0.00175405348612528,0.002696514734331867,0.0003883897116585985
"80 x 50,000",80,50000,12000000,7.0,25.0,3500.0,24,0.00013440502685135776,0.00014111287647130638,0.0001888453948116918,0.00021442839224266236,0.00023103858773382394,0.001607431346812392,0.0022567247024328006,0.0003948272888400965
"80 x 50,000",80,50000,12000000,7.0,25.0,4000.0,24,0.0001242030600169582,0.00013978175090837753,0.00017850557295326277,0.00020823388167623988,0.00023950205738417965,0.001627122021327243,0.0018071114795136245,0.00037291906260470954
"80 x 50,000",80,50000,12000000,7.0,25.0,4500.0,24,0.00011696001463850805,0.00014334683675974497,0.0001747385692943204,0.0002051424971128135,0.00023420313813459845,0.001197283956033495,0.0018868675755091228,0.00033800935748512663
"80 x 50,000",80,50000,12000000,7.0,25.0,5000.0,24,0.00011951959247714088,0.00014596540203238705,0.000183325692657796,0.00020390989232409466,0.00022540721350289438,0.0006909941687041969,0.0016967492552703353,0.00029896140431744556
"80 x 50,000",80,50000,12000000,7.0,25.0,5500.0,24,0.00013283397697254305,0.00014783107338450145,0.00018710631531375463,0.00019414085609332149,0.00023531779452982935,0.00028506165013860926,0.001330241820615377,0.0002515197196780927
"80 x 50,000",80,50000,12000000,7.0,25.0,6000.0,24,0.00015009717053922396,0.00015175122996384687,0.000176520270223802,0.00020827741519408193,0.00022992673341254197,0.00027516249484912426,0.000745494621945687,0.00022657376680881467
"80 x 50,000",80,50000,12000000,7.0,25.0,6500.0,24,0.00015090557591052132,0.00015696513905302367,0.00016646532695633343,0.00020834737967381485,0.000231476024812871,0.00026740103708216737,0.00027463594473610734,0.0002055819383101588
"80 x 50,000",80,50000,12000000,7.0,25.0,7000.0,24,0.00013330247898907062,0.00015563906588105786,0.00016651323089767112,0.00019673591878184533,0.0002389357956124879,0.00026389418195559754,0.00027621636470727607,0.000202227630822937
"80 x 50,000",80,50000,12000000,7.0,25.0,7500.0,24,0.00012229044711029098,0.00014777389139725632,0.00016649133584558157,0.0001819163432671529,0.00023348948193288843,0.00026289470192766655,0.000693211314350099,0.00021489861782365466
"80 x 50,000",80,50000,12000000,7.0,25.0,8000.0,24,0.0001274942310514734,0.0001349886452520866,0.00016643313576866452,0.00018658806009293704,0.00023148744370974538,0.0002623999587274599,0.0010620177458449584,0.00022612804674656303
"80 x 50,000",80,50000,12000000,7.0,25.0,8500.0,24,0.00011932188457027111,0.00013050614363188757,0.00016055878605207154,0.00017775820556420317,0.00022265044703422736,0.0002609863209326216,0.0011550270232535233,0.00022680424656537106
"80 x 50,000",80,50000,12000000,7.0,25.0,9000.0,24,0.00010555164293917422,0.00013298999761619668,0.00015619537501254508,0.000175501056287357,0.00021889063980052675,0.0002638171891826667,0.0010990671102636843,0.00022208675739569586
"80 x 50,000",80,50000,12000000,7.0,25.0,9500.0,24,9.384816216244126e-05,0.00013194708976657112,0.00015373434498523758,0.00017871696718620714,0.00020818515888033884,0.00026655855963202515,0.0009376463779526269,0.00021353755157786994
"80 x 50,000",80,50000,12000000,7.0,25.0,10000.0,24,8.570148288228128e-05,0.00011894627177080498,0.00015699570010187933,0.00017564810300367496,0.00021903939430390458,0.00026323828491470815,0.0006629323735884273,0.00020080051482742887
"80 x 50,000",80,50000,12000000,7.0,25.0,10500.0,24,8.330370673155277e-05,0.00011075399134702669,0.00015495363555412036,0.00017627972795560278,0.00022372725177775946,0.00025900353390774907,0.000286153369464563,0.0001846792564855825
"80 x 50,000",80,50000,12000000,7.0,25.0,11000.0,24,8.810554294671849e-05,0.00010776058593184135,0.00015653506516657444,0.00018209497752365674,0.00022172799587407538,0.00026223576414355544,0.000276801519502999,0.0001851642628031057
"80 x 50,000",80,50000,12000000,7.0,25.0,11500.0,24,9.958453429650456e-05,0.00010832516379857113,0.00016037811717659094,0.00018687803127362488,0.00021348612986582776,0.0002663627016911341,0.00026930855106265835,0.00018689383741024576
"80 x 50,000",80,50000,12000000,7.0,25.0,12000.0,24,0.00010266929258379789,0.00011952342365151856,0.00016052307024488758,0.0001933849424241886,0.00020857037918834442,0.00025962103721628986,0.00027729243488812,0.0001893187140406669
"80 x 50,000",80,50000,12000000,10.0,30.0,0.0,24,0.0,0.0,0.0,0.0,0.0,0.0,0.0,0.0
"80 x 50,000",80,50000,12000000,10.0,30.0,500.0,24,0.00011168042706047549,0.00011496494852738773,0.00015561704171741548,0.0001739833086838516,0.00018988206476417893,0.00020820740844711654,0.000224807212609925,0.00017006478814233432
"80 x 50,000",80,50000,12000000,10.0,30.0,1000.0,24,0.00010917980794609946,0.00013877767025717466,0.00017418428085319627,0.00021070357713049516,0.0002436573356392118,0.0002735040671144012,0.0004811093972517423,0.00021568320995354984
"80 x 50,000",80,50000,12000000,10.0,30.0,1500.0,24,0.00010393076102046373,0.00013487512403705486,0.00017407339269311195,0.00022414769749168274,0.00026487696773365985,0.0012698036045467832,0.0017013515152831773,0.0003384746021132823
"80 x 50,000",80,50000,12000000,10.0,30.0,2000.0,24,0.00011278510788777217,0.00013414718336939087,0.00017894354559196463,0.00022119378426097166,0.00026087772957095813,0.0019541367479515505,0.0023901301924525806,0.00040031186102014855
"80 x 50,000",80,50000,12000000,10.0,30.0,2500.0,24,0.00012947895247082883,0.0001346985756581534,0.0001785695591027202,0.0002179245621005251,0.000249650055273532,0.0020955209702236575,0.002645889779718248,0.00042690880035243394
"80 x 50,000",80,50000,12000000,10.0,30.0,3000.0,24,0.0001308804893540225,0.00013539704322320498,0.00018395384819674626,0.00021883494134953006,0.00023715367109518483,0.0018139786497802244,0.002578293716624942,0.00040812008991090407
"80 x 50,000",80,50000,12000000,10.0,30.0,3500.0,24,0.00011616279903301745,0.00013605115776274706,0.0001810307745750471,0.00020128611662361992,0.0002416499731120799,0.001144710003960177,0.002283284777008499,0.0003567320137226487
"80 x 50,000",80,50000,12000000,10.0,30.0,4000.0,24,9.925587890555147e-05,0.00014298711858707784,0.00015734300380279657,0.00021274015711693014,0.00023747500732051576,0.0006958359203541282,0.0018357758046912685,0.0002907155138209526
"80 x 50,000",80,50000,12000000,10.0,30.0,4500.0,24,0.00010084116599978033,0.00010776910918230945,0.0001614107953788383,0.0002086604309800135,0.00023653059908223997,0.0005534948302677779,0.0012629977575427539,0.0002558112654927548
"80 x 50,000",80,50000,12000000,10.0,30.0,5000.0,24,8.021568775777908e-05,0.00010361975867490853,0.0001528919123379368,0.00020501900792083483,0.0002528873243374199,0.0002932519074390616,0.00036379473490098145,0.00020514961390436363
"80 x 50,000",80,50000,12000000,10.0,30.0,5500.0,24,9.011362840149956e-05,0.0001239920744211931,0.0001538036144383232,0.00020407273241626018,0.0002516085803617596,0.00028085636881866756,0.0006252245728656697,0.00021819060780059113
"80 x 50,000",80,50000,12000000,10.0,30.0,6000.0,24,0.00012631329178644534,0.0001326978889704877,0.00016973251428064486,0.00020391617333411,0.0002489895365293379,0.0002756832207852993,0.0010233506827213145,0.00023810129632919987
"80 x 50,000",80,50000,12000000,10.0,30.0,6500.0,24,0.00013809670456235278,0.00015884746847308695,0.0001808706610138104,0.00019813490758744832,0.0002487636366176216,0.0002763557763055635,0.0011662842819043884,0.00024593003642833853
"80 x 50,000",80,50000,12000000,10.0,30.0,7000.0,24,0.0001497758835177977,0.00015734253556628868,0.00018292374785357405,0.0001975224412747034,0.00024334104719480552,0.00027537933339224206,0.0010983542230032313,0.00024298429632172065
"80 x 50,000",80,50000,12000000,10.0,30.0,7500.0,24,0.000148394114026427,0.0001502985991553652,0.00018089353644523554,0.00020630118737190455,0.00022984279547728085,0.00027298145761370967,0.0007796959370634863,0.00022860393871515234
"80 x 50,000",80,50000,12000000,10.0,30.0,8000.0,24,0.0001346016314510395,0.00014583901132077002,0.00017770529086866618,0.00020736358895671653,0.0002342866036156378,0.00027701912333404435,0.00028177988945068917,0.00020728290782522896
"80 x 50,000",80,50000,12000000,10.0,30.0,8500.0,24,0.00012527542021097989,0.00015021705115337054,0.00017958030099689504,0.000203951924875387,0.0002433936712159249,0.00026241924164673746,0.00028424814717083977,0.00020734322030837573
"80 x 50,000",80,50000,12000000,10.0,30.0,9000.0,24,0.0001158472710059677,0.0001415932905032606,0.000190136474522409,0.00021058907196230071,0.00024191368610768018,0.00025966293047281395,0.000286875662106849,0.00020857226302790343
"80 x 50,000",80,50000,12000000,10.0,30.0,9500.0,24,0.00010079115700635593,0.00012804970186718366,0.00019382252836372486,0.00021375492288987517,0.0002392589938658088,0.00026498326784736397,0.0002856761947427919,0.00021021887105012862
"80 x 50,000",80,50000,12000000,10.0,30.0,10000.0,24,8.016457485168709e-05,0.00011355324922172048,0.00019315661161680637,0.0002093676771084435,0.00025679409050539546,0.0002752628461175337,0.0002807672251285784,0.0002116968519145512
"80 x 50,000",80,50000,12000000,10.0,30.0,10500.0,24,6.527975682454178e-05,0.00010170246020580704,0.00018682990045597984,0.00020611879839917032,0.000261007184487155,0.0002840793797437651,0.00028597377484467087,0.00021314803620126987
"80 x 50,000",80,50000,12000000,10.0,30.0,11000.0,24,7.77572949084779e-05,9.278339563301426e-05,0.00017905558106600517,0.00021188604141904153,0.00026480709760714365,0.0004652703225466502,0.0011072292029920769,0.0002623610464236919
"80 x 50,000",80,50000,12000000,10.0,30.0,11500.0,24,8.572764132074744e-05,0.00011482073468988383,0.0001779015707868973,0.00022214802908319102,0.00025953583365003434,0.0006540035170809008,0.001575102496427967,0.0003067096464558948
"80 x 50,000",80,50000,12000000,10.0,30.0,12000.0,24,8.911007919481434e-05,0.000125220544808434,0.00017802431024498415,0.00023112713590605984,0.00026511331696190673,0.0008273071884571943,0.0018815537082320873,0.0003151477441838065
"80 x 50,000",80,50000,12000000,12.0,36.0,0.0,24,0.0,0.0,0.0,0.0,0.0,0.0,0.0,0.0
"80 x 50,000",80,50000,12000000,12.0,36.0,500.0,24,9.628584142562867e-05,0.0001245821109249645,0.00014413446440725934,0.00016645148393429777,0.00017891505982499834,0.0002124684541947044,0.00023874393474154578,0.00016494895771582398
"80 x 50,000",80,50000,12000000,12.0,36.0,1000.0,24,0.00011590599875604176,0.00015315696217088525,0.00019728712387234013,0.00022222084228088344,0.00023036583089659448,0.00028227011343795954,0.0002835727252995759,0.0002146546622254866
"80 x 50,000",80,50000,12000000,12.0,36.0,1500.0,24,0.00016162825047070711,0.00016666073457514882,0.00020792580346305488,0.00024224817309952156,0.0002623814391129226,0.00027317905508203157,0.001328994155232462,0.0002771730496503315
"80 x 50,000",80,50000,12000000,12.0,36.0,2000.0,24,0.00013545639497631888,0.00014013591995034282,0.00019823018359022948,0.0002461859178327726,0.00028033121623350146,0.000337372339198331,0.0016669626453326193,0.0002923056729481474
"80 x 50,000",80,50000,12000000,12.0,36.0,2500.0,24,8.889180670308301e-05,0.00012766596627988272,0.0001959549722015225,0.00021426391534668275,0.000270767773722581,0.0010822464698555547,0.001671205722710958,0.0003422399084613491
"80 x 50,000",80,50000,12000000,12.0,36.0,3000.0,24,0.0001217891851019935,0.0001406215065968257,0.00016698733966024105,0.00020528057075072355,0.00025796614351159377,0.0014395574850129336,0.0014476308185719527,0.0003540509530539682
"80 x 50,000",80,50000,12000000,12.0,36.0,3500.0,24,0.00012579090276842937,0.00014824025537602786,0.00018054229018585693,0.0001992371912075957,0.00024287778563400128,0.0014556984995774413,0.0015866712225195354,0.000347122772971999
"80 x 50,000",80,50000,12000000,12.0,36.0,4000.0,24,0.00011424294399451092,0.00014779294636613774,0.00018017879544177427,0.00020455343539285377,0.0002429490739638244,0.0013015760098689538,0.0014777119479291358,0.0003201752841525439
"80 x 50,000",80,50000,12000000,12.0,36.0,4500.0,24,0.0001236592977035916,0.0001423399712012203,0.0001849048673955839,0.00021179227469723757,0.00026187535806635766,0.0009272815314065456,0.0011241744546501037,0.00029288199197358833
"80 x 50,000",80,50000,12000000,12.0,36.0,5000.0,24,0.00013277003366675557,0.0001434657080806176,0.00017735480701164594,0.00021474634709735485,0.00027486737136244674,0.0005375335393478771,0.001175282719975134,0.0002717950194040697
"80 x 50,000",80,50000,12000000,12.0,36.0,5500.0,24,0.00012169690048661834,0.00013374909633630098,0.00017616822300456578,0.00021317096259776018,0.00027088887555749613,0.000659858182560562,0.0014294619956459014,0.000290767207982603
"80 x 50,000",80,50000,12000000,12.0,36.0,6000.0,24,0.00011811543480807609,0.0001221875286123353,0.0001821920708657586,0.00020791756174912758,0.00025426052852836503,0.0007928790161643929,0.0014867879353539326,0.0002889744492539463
"80 x 50,000",80,50000,12000000,12.0,36.0,6500.0,24,0.00010571806632888433,0.000126275748911846,0.00017018410391758876,0.0002082085094455984,0.00024178260097415297,0.0011863070986195528,0.0014101277003244707,0.0003025734925783382
"80 x 50,000",80,50000,12000000,12.0,36.0,7000.0,24,0.00010204525526499256,0.00012429008613753213,0.00015708436001840822,0.00020846727400529387,0.00023885580921642716,0.0011219979042376752,0.0015175208529843126,0.00029377568576924193
"80 x 50,000",80,50000,12000000,12.0,36.0,7500.0,24,0.00011105157148730895,0.00012778279757412922,0.00015132527681902116,0.00020635134388968075,0.00022876999656516676,0.0010211059126796034,0.0015767754312953422,0.00028823209664711845
"80 x 50,000",80,50000,12000000,12.0,36.0,8000.0,24,0.000128757962274635,0.00013617030290950325,0.0001565203752311408,0.00019663496151596315,0.00022834994640153524,0.0010154010103106351,0.0015394954605671,0.0002866315653560088
"80 x 50,000",80,50000,12000000,12.0,36.0,8500.0,24,0.00012996925259754606,0.00014921768670282827,0.00016291889555682606,0.00018695359918728628,0.00023916002491621596,0.0011334084906238573,0.001422444241573858,0.0002907860505814771
"80 x 50,000",80,50000,12000000,12.0,36.0,9000.0,24,0.00012967501775580761,0.00015203234309067926,0.0001738892595526362,0.00019352791616925082,0.000247718802024843,0.001077075799350893,0.0015326504168955797,0.00029765736168497163
"80 x 50,000",80,50000,12000000,12.0,36.0,9500.0,24,0.00013322593348260724,0.0001513947516107742,0.00017947147626792907,0.00020852658006162623,0.0002475730574043352,0.0008088846831664502,0.0018241509375435292,0.00030193010590224526
"80 x 50,000",80,50000,12000000,12.0,36.0,10000.0,24,0.00013882792785707815,0.00015489400707535794,0.00018129757486065053,0.00021332712351779031,0.0002458289589780368,0.00028673753285891483,0.0021221418025275923,0.0002932474983074811
"80 x 50,000",80,50000,12000000,12.0,36.0,10500.0,24,0.00013672488743766425,0.00014800261292505402,0.00018438098020807936,0.0002241572461351805,0.00025377621777154525,0.0005178464864110473,0.002404081082169657,0.0003186714928386905
"80 x 50,000",80,50000,12000000,12.0,36.0,11000.0,24,0.00011632961736583889,0.00015456151011034082,0.00018880084098392088,0.0002270846804706615,0.00025445548395686655,0.0007990293993144191,0.002657706702200792,0.00034379132478325327
"80 x 50,000",80,50000,12000000,12.0,36.0,11500.0,24,9.572111174826575e-05,0.00015840543035425088,0.00018480809261325226,0.0002271966226914915,0.000252350925253137,0.0009204097442278334,0.0028765715944467827,0.00035881638379235415
"80 x 50,000",80,50000,12000000,12.0,36.0,12000.0,24,7.85365944943889e-05,0.00015625207839005978,0.0001897388231585709,0.00022286518030799929,0.000254637932159278,0.000973426705832284,0.003057638676393329,0.00037516811067617016
"80 x 50,000",80,50000,12000000,15.0,40.0,0.0,24,0.0,0.0,0.0,0.0,0.0,0.0,0.0,0.0
"80 x 50,000",80,50000,12000000,15.0,40.0,500.0,24,0.00011756566542450859,0.00012684749467446228,0.00015523246256540717,0.00017595759398418253,0.00019736532367859276,0.00022797937125684488,0.0002428677296760209,0.00017813265422438239
"80 x 50,000",80,50000,12000000,15.0,40.0,1000.0,24,0.00016491783362116775,0.0001772696926430588,0.00019199931305541345,0.00021074446261643576,0.0002661211941015039,0.0007894379737109395,0.0010213561795884092,0.00031864977828219
"80 x 50,000",80,50000,12000000,15.0,40.0,1500.0,24,0.00017388767122626742,0.00018031267779032223,0.00021542280612543002,0.0002394713614702462,0.00027189956246567975,0.0007814209436794704,0.0016142978526946078,0.00034580643560224903
"80 x 50,000",80,50000,12000000,15.0,40.0,2000.0,24,0.0001422256528578546,0.00017404563388888648,0.00020459930758141045,0.0002504797471770372,0.0002778626821753963,0.0012698252771712589,0.0019392284341067517,0.0003544208340938222
"80 x 50,000",80,50000,12000000,15.0,40.0,2500.0,24,0.00011020929736645389,0.00013856479016980587,0.00019644350835149813,0.00023723339655397265,0.0002794484638461592,0.0016714764055072052,0.002104466835763204,0.00042325087875990253
"80 x 50,000",80,50000,12000000,15.0,40.0,3000.0,24,9.027938855346068e-05,9.820670849969339e-05,0.00019600543510768728,0.00023806797714829412,0.00027031109254320885,0.001816564604573039,0.0021928424479767425,0.00042256343118920737
"80 x 50,000",80,50000,12000000,15.0,40.0,3500.0,24,8.029296305718352e-05,9.54363649626842e-05,0.00018085858483786243,0.0002343600161593864,0.0002613950230111698,0.00205233284685128,0.0022398832024305352,0.00040604416491784256
"80 x 50,000",80,50000,12000000,15.0,40.0,4000.0,24,9.87720639592618e-05,0.00010589168517434839,0.00016806626219870621,0.0002074139311434829,0.0002588917397216413,0.001950507432437037,0.002479722207188715,0.00038133413264179636
"80 x 50,000",80,50000,12000000,15.0,40.0,4500.0,24,9.420957276263469e-05,0.00011342579907784276,0.00016812102085709938,0.00020133380094990722,0.00025300214114381907,0.0019848008964526236,0.002591027610374535,0.0004126276557841997
"80 x 50,000",80,50000,12000000,15.0,40.0,5000.0,24,0.00010565987682689886,0.00011427998438454632,0.00017289446151818138,0.00019550835567428543,0.00025988939283696035,0.0019421232207035965,0.00260310002413156,0.00043267537533818527
"80 x 50,000",80,50000,12000000,15.0,40.0,5500.0,24,0.00010578428857121471,0.00012493071118800135,0.00017538329770947468,0.00019781150791086432,0.0002611686095635697,0.0018359580884879944,0.00255455180614902,0.00042925320319324315
"80 x 50,000",80,50000,12000000,15.0,40.0,6000.0,24,0.00010329039380258848,0.00013725648962511204,0.0001787590392536984,0.00020266474671936903,0.00025748749529009397,0.0016710655080035175,0.0024827642622050894,0.0004149776888336125
"80 x 50,000",80,50000,12000000,15.0,40.0,6500.0,24,0.00010999102900645706,0.0001397408080103491,0.00017381206832070198,0.00020437970098250075,0.00025370864199132095,0.0014525810920970556,0.002414294413812309,0.0003961010127085074
"80 x 50,000",80,50000,12000000,15.0,40.0,7000.0,24,0.00012122966844759486,0.00012887493565974338,0.00017167607785766815,0.00020510430898468843,0.0002475132090514242,0.0013664272492213833,0.002361451329565971,0.00037894342287872186
"80 x 50,000",80,50000,12000000,15.0,40.0,7500.0,24,0.00011581539108215895,0.0001299734866370375,0.00017462290697993688,0.0002072288585286489,0.0002483894500162728,0.001279690212369957,0.0023262000458562563,0.00036133890286985955
"80 x 50,000",80,50000,12000000,15.0,40.0,8000.0,24,0.0001131132252700909,0.00012753904001596951,0.00017611497299680262,0.00019986887307305276,0.00025922586022333817,0.0012174012928482438,0.00230737030734274,0.00034419745080297885
"80 x 50,000",80,50000,12000000,15.0,40.0,8500.0,24,0.00011771720537013302,0.00012107410128964372,0.00017793605392295536,0.00019633649119133692,0.00026559924217945546,0.0012266644901175877,0.002305617953238908,0.00034131641688278934
"80 x 50,000",80,50000,12000000,15.0,40.0,9000.0,24,0.00011858894868035005,0.0001279512760215348,0.00017185715612768433,0.00019945185048577768,0.00027242183122888185,0.0012589199851412516,0.002323727433482618,0.0003455680799017695
"80 x 50,000",80,50000,12000000,15.0,40.0,9500.0,24,0.00012694022773373804,0.00013223189985313007,0.00016582517734709594,0.00021242949015825254,0.00027478863656904583,0.0013877127540186272,0.0023636921025017303,0.0003834148250064977
"80 x 50,000",80,50000,12000000,15.0,40.0,10000.0,24,0.00011894657795174973,0.0001332186482646493,0.00016260278684882267,0.00022359850332752209,0.0002764261354441208,0.0015192429612336503,0.00242371374017116,0.00040374745676854154
"80 x 50,000",80,50000,12000000,15.0,40.0,10500.0,24,8.751781656892169e-05,0.0001425573383465306,0.00017224862842575678,0.00021498571805088443,0.0002716478556168402,0.0016749758914236315,0.002497441512241356,0.0004341499306888573
"80 x 50,000",80,50000,12000000,15.0,40.0,11000.0,24,5.9207206330050265e-05,0.00015283339167908842,0.0001776638052613985,0.0002119492232226212,0.000268081833227635,0.001672282942509257,0.002575620173988765,0.00044856117650332654
"80 x 50,000",80,50000,12000000,15.0,40.0,11500.0,24,4.823523820794209e-05,0.0001503486957844791,0.00016997537726337885,0.00021805855884586052,0.00026647186583566814,0.001573336795785817,0.0026487072119655048,0.000448236292537531
"80 x 50,000",80,50000,12000000,15.0,40.0,12000.0,24,6.769708584324413e-05,0.0001310999242854397,0.0001720107332711318,0.00022577936716175936,0.0002695593941144082,0.001400931224872807,0.0027089585610378876,0.0004341150556162853
"80 x 50,000",80,50000,12000000,20.0,50.0,0.0,24,0.0,0.0,0.0,0.0,0.0,0.0,0.0,0.0
"80 x 50,000",80,50000,12000000,20.0,50.0,500.0,24,9.599443785441279e-05,0.00012511600004566197,0.000138624179265969,0.00015984154059261446,0.00019363700285221676,0.00024157111497234268,0.0002479550950269391,0.00016929275088035616
"80 x 50,000",80,50000,12000000,20.0,50.0,1000.0,24,0.00014394865019201202,0.00015570440385876674,0.0001764646313522484,0.00019997164578625207,0.00024834021880401315,0.0013733386523005731,0.0016586011979135308,0.0003609213339774927
"80 x 50,000",80,50000,12000000,20.0,50.0,1500.0,24,0.00012903317069732644,0.0001615336754145844,0.00018861813093641326,0.00021785005575517832,0.000262146918841918,0.001964582459613908,0.002294626146295305,0.000441233271219201
"80 x 50,000",80,50000,12000000,20.0,50.0,2000.0,24,0.00011681079319089148,0.00014018644402665384,0.000193762954596995,0.00022440267109847438,0.0002530648166980866,0.002182973319070164,0.0026781079089499608,0.00047210386075302547
"80 x 50,000",80,50000,12000000,20.0,50.0,2500.0,24,0.00011933331073048957,0.00014157532853625366,0.00020066366238365442,0.00021814839846142066,0.00026705015457567486,0.0021895960217398823,0.0029489864784473688,0.0005031049678329126
"80 x 50,000",80,50000,12000000,20.0,50.0,3000.0,24,0.0001306739960160448,0.00014480054201109122,0.0002070672980106033,0.0002269858413925145,0.0002668563641506545,0.002059488551361584,0.0030003351582191685,0.0005732401736591373
"80 x 50,000",80,50000,12000000,20.0,50.0,3500.0,24,0.0001422776033678601,0.00014520923489544474,0.000205380065977239,0.00024865399541106894,0.0002628545506185019,0.001838293100513252,0.002829360961214589,0.000575008413548996
"80 x 50,000",80,50000,12000000,20.0,50.0,4000.0,24,0.00013800565093286064,0.00014652896988518043,0.0002061929497745239,0.0002445853811310609,0.0003912423048095683,0.0017067425095745308,0.0025462342432405775,0.0005487067573409308
"80 x 50,000",80,50000,12000000,20.0,50.0,4500.0,24,0.00012742686280031604,0.0001479188502858576,0.00020738920549721998,0.00024577952351632166,0.0003595880032557081,0.0015854544882325395,0.0022882921559024094,0.0004770845853571556
"80 x 50,000",80,50000,12000000,20.0,50.0,5000.0,24,0.00012352606396895329,0.00014269817498446872,0.00020760682382323908,0.0002451836256523449,0.0002727203751722292,0.001495201544388039,0.002133938342116747,0.0004335902490394552
"80 x 50,000",80,50000,12000000,20.0,50.0,5500.0,24,0.00013251825302508323,0.00013755589547594064,0.00019946779068870547,0.0002303679620767872,0.00026229419705529915,0.0014394623443054755,0.002076506164652565,0.00038224848660602123
"80 x 50,000",80,50000,12000000,20.0,50.0,6000.0,24,0.00013596385585215484,0.0001453023063014491,0.00017064949440454686,0.00022237854417415253,0.00025025220562750706,0.0014367511398309365,0.002065991896007843,0.000364487743967187
"80 x 50,000",80,50000,12000000,20.0,50.0,6500.0,24,0.00013266247803229495,0.00013794830347222932,0.00016587251020760637,0.0002094188864789067,0.00024058020061290964,0.0014653503453364051,0.0020529979469449426,0.0003482334149571547
"80 x 50,000",80,50000,12000000,20.0,50.0,7000.0,24,0.00013190555853482834,0.0001413927165739186,0.00016344693831938249,0.00019271851255412738,0.00022875527813715158,0.0014924629065174028,0.0020011641155934278,0.00033180310339697055
"80 x 50,000",80,50000,12000000,20.0,50.0,7500.0,24,0.00013786401627004474,0.0001385966526972136,0.00016009324847895872,0.00018914010000790424,0.0002200592778226655,0.0015369101808512563,0.0018871191695217146,0.0003252255858718881
"80 x 50,000",80,50000,12000000,20.0,50.0,8000.0,24,0.00013244542416057247,0.0001385604002930643,0.00015376521185958488,0.00018821051783052218,0.00022957204046287824,0.001486688094920162,0.001765676175120653,0.00031548126781699975
"80 x 50,000",80,50000,12000000,20.0,50.0,8500.0,24,0.00013719940164334078,0.0001392575784301659,0.00015077385098757426,0.00018273708719768943,0.00024199852163898903,0.001266160873642609,0.0017173423904657248,0.00030219739184782804
"80 x 50,000",80,50000,12000000,20.0,50.0,9000.0,24,0.00013897797555326792,0.00014233492581270716,0.00014759891143871902,0.0001749535048697339,0.00023700163397115121,0.000992758130665844,0.0016074386516283054,0.0002852157665842024
"80 x 50,000",80,50000,12000000,20.0,50.0,9500.0,24,0.00012825391901081408,0.00013533540290828835,0.00015471196965403076,0.00018143250377022102,0.00022963407443471375,0.0007099675146754486,0.0014285954154427678,0.0002860935702181482
"80 x 50,000",80,50000,12000000,20.0,50.0,10000.0,24,0.00011152387024349557,0.0001320718992938435,0.0001606816700281064,0.00019190282980542477,0.00022967557615766196,0.0009281906692744316,0.001163949964691297,0.00027474469975094013
"80 x 50,000",80,50000,12000000,20.0,50.0,10500.0,24,9.767303799333633e-05,0.00012488695381179828,0.00016508033211514077,0.0002003715781765332,0.00023437950963720781,0.0006845958641710673,0.0012044038369968262,0.0002596453835797242
"80 x 50,000",80,50000,12000000,20.0,50.0,11000.0,24,9.402219675637714e-05,0.00012005324876332153,0.00016551394523119106,0.00019580779702020552,0.00024801974928774886,0.0005529966504620248,0.0013134268577558851,0.0002598999540080557
"80 x 50,000",80,50000,12000000,20.0,50.0,11500.0,24,0.00010536528298209653,0.00012076680457676269,0.00016147954251270172,0.0001949219867046277,0.0002517208805586252,0.0007780029224989389,0.0013590778639773972,0.0002748797235938894
"80 x 50,000",80,50000,12000000,20.0,50.0,12000.0,24,0.00012523484520874466,0.0001271092730031132,0.00015996963862864838,0.0002007854449155466,0.0002568114653129138,0.0009610493500030312,0.0013532384622891894,0.0002857127091675292
"80 x 50,000",80,50000,12000000,25.0,60.0,0.0,24,0.0,0.0,0.0,0.0,0.0,0.0,0.0,0.0
"80 x 50,000",80,50000,12000000,25.0,60.0,500.0,24,0.00011700453780617695,0.00011852458885014561,0.00013985625814085488,0.0001565179853679622,0.00018450391416272938,0.00022798751758083095,0.00025090411732572946,0.00016307409697461782
"80 x 50,000",80,50000,12000000,25.0,60.0,1000.0,24,0.00013545750879332856,0.00015765807421303345,0.00018402154095539225,0.00020375478234947747,0.00022339635481714604,0.0014026915015891354,0.0021866598393401773,0.00034155816079208917
"80 x 50,000",80,50000,12000000,25.0,60.0,1500.0,24,0.00014294238133971354,0.0001499368133359818,0.0001875536446888723,0.00020832604761236508,0.00023930322196996794,0.002122635239762557,0.002841097274427441,0.00044016184956807675
"80 x 50,000",80,50000,12000000,25.0,60.0,2000.0,24,0.0001126041069730494,0.00015159359624533124,0.0001796864494268694,0.00021688727290086892,0.00023343119043802893,0.002279684064834216,0.0029738005604118493,0.00046820047323524087
"80 x 50,000",80,50000,12000000,25.0,60.0,2500.0,24,0.0001248255831578666,0.00013130197263397307,0.00017106098811345513,0.00021949065166094095,0.00024684119372225035,0.0021463172707702274,0.0028394170390347293,0.0004584147935694401
"80 x 50,000",80,50000,12000000,25.0,60.0,3000.0,24,9.905289902025101e-05,0.00013044484163874398,0.0001727753627661541,0.00022140467841372344,0.00025574665257846663,0.0019012555049329905,0.00258621111199141,0.0004363584754438116
"80 x 50,000",80,50000,12000000,25.0,60.0,3500.0,24,9.892341558220557e-05,0.00012803465196896765,0.0001869816726835448,0.00022796378116388057,0.0002579313208185927,0.0015913109343391484,0.0023113634142140783,0.0004253186606046123
"80 x 50,000",80,50000,12000000,25.0,60.0,4000.0,24,0.00011870583949136821,0.00013547301849986459,0.0001756021830386149,0.00022101376041746334,0.00027803537647597,0.0011931450893954993,0.002050141215244379,0.00037237305046026716
"80 x 50,000",80,50000,12000000,25.0,60.0,4500.0,24,0.0001313372753252849,0.00014048565955662634,0.00017272090920186013,0.00021803486738207587,0.00027519618361569574,0.0006718332553582435,0.0017917529495391526,0.0003044482412381082
"80 x 50,000",80,50000,12000000,25.0,60.0,5000.0,24,9.955073481800597e-05,0.00014415880476045483,0.0001681872984711344,0.00021479103932003576,0.000264335651971683,0.00035960155081554896,0.0014934556346119245,0.0002662211805008418
"80 x 50,000",80,50000,12000000,25.0,60.0,5500.0,24,9.0739198578813e-05,0.00013518959452928428,0.00017249830690193132,0.00020996509246842116,0.00025358054485469895,0.00028031327693384307,0.0010793728868149935,0.000240580542002461
"80 x 50,000",80,50000,12000000,25.0,60.0,6000.0,24,9.973114648631792e-05,0.00012730346824711548,0.00017342146929637416,0.0002031802787924474,0.0002368075222171548,0.00028560993442717543,0.0002884714553577215,0.0002048278912814898
"80 x 50,000",80,50000,12000000,25.0,60.0,6500.0,24,0.00011228655378474247,0.00012187902690267231,0.00017656640222280342,0.00019930192848066587,0.0002350550981864476,0.0002738414800245757,0.0009598557582204895,0.00023015073759442958
"80 x 50,000",80,50000,12000000,25.0,60.0,7000.0,24,0.00011893961709579365,0.00012139682189597439,0.00016647912208369784,0.00019699231227698823,0.0002487993521927067,0.00026901299885157416,0.0013287061503210683,0.00024327512462849282
"80 x 50,000",80,50000,12000000,25.0,60.0,7500.0,24,0.00012086461291956235,0.00012476871393037305,0.00015296417572619535,0.00018239615549908538,0.0002436228190341841,0.00026890985243827037,0.0015001582052792764,0.0002482162253469482
"80 x 50,000",80,50000,12000000,25.0,60.0,8000.0,24,0.0001243627367491505,0.00012803199310588908,0.0001546135521886247,0.00018683107318034448,0.00023922787611595588,0.0002720884652328481,0.0014697630046844588,0.0002450066519885949
"80 x 50,000",80,50000,12000000,25.0,60.0,8500.0,24,0.00011811296682400779,0.00011981812225597479,0.0001575470539934407,0.00018360555357341954,0.00023854035861762903,0.0002751037532273505,0.0012191216221463259,0.0002330760412507511
"80 x 50,000",80,50000,12000000,25.0,60.0,9000.0,24,0.0001062208880834713,0.00011014773406869724,0.00015411855593931711,0.00018650222724538333,0.00024126147201518802,0.0002768109751032918,0.0006201269978775993,0.00020694779219390422
"80 x 50,000",80,50000,12000000,25.0,60.0,9500.0,24,9.241179703126859e-05,0.00010074355847102113,0.00015954867583537995,0.00019522435123390833,0.000235011551551939,0.0002676940282699255,0.00028332259190524863,0.00019119662093889343
"80 x 50,000",80,50000,12000000,25.0,60.0,10000.0,24,8.115983083824705e-05,0.00010007355226752154,0.00016052727296722686,0.00019237563665594826,0.0002353603949682964,0.00025754695486178593,0.0002814814621782319,0.000188735439696317
"80 x 50,000",80,50000,12000000,25.0,60.0,10500.0,24,7.795099311363286e-05,0.00010231735194908235,0.0001576251397900058,0.00018072187567604977,0.0002256153978723418,0.00025974508647234635,0.0002757486086323515,0.0001860964722137259
"80 x 50,000",80,50000,12000000,25.0,60.0,11000.0,24,8.208331090947795e-05,0.00010201874918442166,0.0001461673445821785,0.00018188146444465808,0.00022928608712555217,0.0002649135312267862,0.0002667082688295222,0.00018351466426562926
"80 x 50,000",80,50000,12000000,25.0,60.0,11500.0,24,9.08090933156168e-05,9.569000922617476e-05,0.00013129691065248315,0.0001724217096793546,0.00022821190331136687,0.00025523675156650027,0.00027259403655738903,0.0001813072241398741
"80 x 50,000",80,50000,12000000,25.0,60.0,12000.0,24,8.352967194987135e-05,0.0001023159012082563,0.00013505856614767428,0.00018008948115327063,0.00022478385866439522,0.0002469116886471033,0.0002791782340575948,0.00017990496826150086
"80 x 50,000",80,50000,12000000,30.0,80.0,0.0,24,0.0,0.0,0.0,0.0,0.0,0.0,0.0,0.0
"80 x 50,000",80,50000,12000000,30.0,80.0,500.0,24,0.00010830218105254272,0.00011647650720550924,0.00015384431915595238,0.0001903047126298162,0.00020300722905640812,0.00022868136031176285,0.00024439768418837787,0.00017958423116740105
"80 x 50,000",80,50000,12000000,30.0,80.0,1000.0,24,0.00013091555144001724,0.00015437658773019076,0.0001831748762797613,0.00020719519028465443,0.00023567791489619548,0.00027331409285311726,0.0020324349032505382,0.0002842218788541291
"80 x 50,000",80,50000,12000000,30.0,80.0,1500.0,24,9.741518785397386e-05,0.00013074600251411928,0.0001805904257243777,0.00021054378196220435,0.0002642400303718298,0.0004912377226276407,0.0023795710029894113,0.0003105325565596287
"80 x 50,000",80,50000,12000000,30.0,80.0,2000.0,24,8.216637596924213e-05,0.0001146984656797031,0.00015001219423889256,0.00021916863582187242,0.0002545529521133968,0.0008530938733999284,0.0021583383509186063,0.0003124817551501447
"80 x 50,000",80,50000,12000000,30.0,80.0,2500.0,24,8.337590283890878e-05,0.00010471222543282826,0.0001470263873144369,0.00021472824942741066,0.00023968240703119454,0.0007682464453897532,0.0017936025033300496,0.0002963206981034181
"80 x 50,000",80,50000,12000000,30.0,80.0,3000.0,24,0.0001137322254166437,0.00011875865015604355,0.0001461888419216896,0.00020215709240758246,0.00022836216328373885,0.0006803039396151367,0.0014029271516441098,0.0002643977335179959
"80 x 50,000",80,50000,12000000,30.0,80.0,3500.0,24,0.00011674479867332563,0.00012688560762029387,0.00015711239156720804,0.00020622549129502976,0.00022890898818634647,0.00028065783430915493,0.0010119759138900542,0.00022947001515237397
"80 x 50,000",80,50000,12000000,30.0,80.0,4000.0,24,0.00011312098511795007,0.00012137771842768206,0.00016395621451608083,0.00021083954555614837,0.000234382671340932,0.0002596780175918289,0.0006684677624380944,0.00021528736661215748
"80 x 50,000",80,50000,12000000,30.0,80.0,4500.0,24,0.00010276976472620096,0.000109729579637354,0.00016189309353921918,0.00021042446457047325,0.0002337724330680255,0.00027072217848854365,0.0005171664548644485,0.0002077917270959505
"80 x 50,000",80,50000,12000000,30.0,80.0,5000.0,24,9.877595806277526e-05,0.00010298478334843865,0.00016769223363079144,0.00020518035904320238,0.00022143288079295626,0.00028265709956677135,0.000668611422801022,0.0002118405407414084
"80 x 50,000",80,50000,12000000,30.0,80.0,5500.0,24,9.632520036209985e-05,0.00010241151976781614,0.00017139240314236885,0.00019587412977265954,0.00022360321234607029,0.0002838848075633174,0.0009413185011956424,0.00022026310213542553
"80 x 50,000",80,50000,12000000,30.0,80.0,6000.0,24,9.381128334702549e-05,0.00011119967507668238,0.00016428132002881956,0.0001894468024455725,0.00021739577891342275,0.0002758637903398382,0.0012044234705024515,0.00022807479171085552
"80 x 50,000",80,50000,12000000,30.0,80.0,6500.0,24,0.00010628263922352356,0.00012328200844813317,0.00016398965194521813,0.0001836196277912523,0.00021974899056564792,0.00026221563874307297,0.0014142042308489479,0.0002341002334843657
"80 x 50,000",80,50000,12000000,30.0,80.0,7000.0,24,0.000125880352512098,0.00013274974912222962,0.00015142166194057627,0.00018105132811350167,0.000216173126096407,0.00024915399432918746,0.0015555713360870143,0.00023829795791380435
"80 x 50,000",80,50000,12000000,30.0,80.0,7500.0,24,0.00013219295480308712,0.00013847096104809163,0.0001586733315617872,0.0001773956339994754,0.0002126119077394858,0.00024048521266675777,0.0016283234891978308,0.0002410011014062433
"80 x 50,000",80,50000,12000000,30.0,80.0,8000.0,24,0.0001282612457080783,0.0001392560895851475,0.00015920084821256686,0.0001765335051950291,0.00021460997057192116,0.0002324777530385699,0.0016426462032206948,0.00024244420243677294
"80 x 50,000",80,50000,12000000,30.0,80.0,8500.0,24,0.0001213214256736186,0.0001294916074607874,0.00015596946560587015,0.0001829949886419865,0.00021942342958870714,0.00023765112307418668,0.0016142514279032154,0.00024261756686705559
"80 x 50,000",80,50000,12000000,30.0,80.0,9000.0,24,0.00010571130482671354,0.00012036541519509553,0.00016040489336663336,0.00018008959618476755,0.00021718392430263017,0.00025790554393462933,0.0015591442392628183,0.00024148172350800347
"80 x 50,000",80,50000,12000000,30.0,80.0,9500.0,24,8.116153201385648e-05,0.00012036052596297675,0.00015412510458883853,0.0001817281975977005,0.00022204384789878802,0.0002714933569265598,0.0014901156267235506,0.000239192048827406
"80 x 50,000",80,50000,12000000,30.0,80.0,10000.0,24,5.7789401727160095e-05,0.00011523527231423098,0.0001517124130969184,0.0001807090624847307,0.00023589139699496022,0.00027617387083999517,0.001416112477837856,0.0002361987281530127
"80 x 50,000",80,50000,12000000,30.0,80.0,10500.0,24,4.4683786930700764e-05,0.0001090924599492202,0.00015257262855689765,0.0001878164255240318,0.00023313385638660926,0.0002723519884334863,0.0013433603593203444,0.00023324673982293305
"80 x 50,000",80,50000,12000000,30.0,80.0,11000.0,24,5.315198274432219e-05,0.0001029629971790512,0.00014936947329421296,0.0001971784174998792,0.00023128408032350848,0.0002651953792815271,0.001275764119557532,0.00023105736896243063
"80 x 50,000",80,50000,12000000,30.0,80.0,11500.0,24,7.569098282706568e-05,9.91590747711802e-05,0.00014785814985254558,0.00020252350167821159,0.0002299041725842175,0.00027323252870310803,0.0012131435429859503,0.00022941265245348186
"80 x 50,000",80,50000,12000000,30.0,80.0,12000.0,24,9.46417802727876e-05,0.0001034461136949645,0.0001497184069177863,0.000199715711046248,0.0002271342588737942,0.00028076943932664174,0.0011484195994097917,0.00022769252679530076
"100 x 40,000",100,40000,12000000,5.0,15.0,0.0,24,0.0,0.0,0.0,0.0,0.0,0.0,0.0,0.0
"100 x 40,000",100,40000,12000000,5.0,15.0,500.0,24,8.630091326763941e-05,9.355975826542363e-05,0.00015204423368131916,0.00017689550580267773,0.0001956615963847567,0.00023269056786196152,0.00027425981578195783,0.0001719435023194713
"100 x 40,000",100,40000,12000000,5.0,15.0,1000.0,24,0.00012848837630276196,0.00013411448235671114,0.00017661375087384747,0.00021754542063975163,0.0002680415456328051,0.0016409575962832807,0.0018591306511487901,0.0003757809134193522
"100 x 40,000",100,40000,12000000,5.0,15.0,1500.0,24,0.00012529789921610364,0.00012865170487907056,0.00017314009019346878,0.00023186348453217275,0.0002803001066474494,0.0016976768862765946,0.002556031736839897,0.00047690010555580573
"100 x 40,000",100,40000,12000000,5.0,15.0,2000.0,24,0.0001215665416732097,0.00012376394056755333,0.0001727156266381946,0.00021997898640357738,0.0002617400742359138,0.0015461212321498065,0.0024198672637647635,0.0004586114148456607
"100 x 40,000",100,40000,12000000,5.0,15.0,2500.0,24,0.00013487126176937273,0.00015460067597762486,0.00017054582722762614,0.0002019766632897568,0.0002586798462981052,0.0013063723085389892,0.0016411297435175054,0.0003598699877534542
"100 x 40,000",100,40000,12000000,5.0,15.0,3000.0,24,0.00011738297133982443,0.0001472976944987727,0.0001881086488509457,0.00020417895400336096,0.00024572265775180677,0.00027156041320471584,0.0002868679354926023,0.00021029391390047837
"100 x 40,000",100,40000,12000000,5.0,15.0,3500.0,24,8.27951427704328e-05,0.00013964795307780622,0.0001762406374242897,0.0002105661935458242,0.00022909719284834829,0.000256983754621449,0.0002616013790390285,0.0002017006522639658
"100 x 40,000",100,40000,12000000,5.0,15.0,4000.0,24,7.984418832972149e-05,0.0001333645544636177,0.00016978483858127565,0.00019078273031056188,0.00022466805436551694,0.0002586561373454426,0.0002823898872421152,0.00019551495406735736
"100 x 40,000",100,40000,12000000,5.0,15.0,4500.0,24,9.223368384961638e-05,0.00012693628607982882,0.00016266711927167995,0.00019399763065434836,0.0002185491831535079,0.00026542983485662906,0.00028810652319856314,0.00019377223837307688
"100 x 40,000",100,40000,12000000,5.0,15.0,5000.0,24,0.00010359347762709263,0.00011666222705090088,0.00015786084749069642,0.00020070993550779838,0.00021745458475152117,0.0002766216915468383,0.0002805473902757885,0.00019428205159638788
"100 x 40,000",100,40000,12000000,5.0,15.0,5500.0,24,0.00011150608144814424,0.00011679760230275343,0.0001542618343039346,0.00019611897646952604,0.00022758412198047007,0.00027546411182330263,0.0003982221728233421,0.00019781845297495867
"100 x 40,000",100,40000,12000000,5.0,15.0,6000.0,24,0.00011123505265567606,0.00012201341977292435,0.00014562798945257565,0.00019182479684694569,0.00023514092680612778,0.0002787597085992334,0.0006575745492188112,0.00020486357691401562
"100 x 40,000",100,40000,12000000,5.0,15.0,6500.0,24,0.00010989071397548605,0.00012003397886736991,0.000134245906719682,0.00018088878403884284,0.0002349420691940871,0.00026669055533257,0.0005987256544926827,0.00019820115794158902
"100 x 40,000",100,40000,12000000,5.0,15.0,7000.0,24,0.0001036920079414815,0.00011115338101418549,0.000142721066808908,0.0001741611927724272,0.00022546075514935063,0.0002515157621834602,0.00028728618497416005,0.00018251102522676222
"100 x 40,000",100,40000,12000000,5.0,15.0,7500.0,24,8.739333932195328e-05,0.00011404255433303332,0.00015093268680059984,0.0001766596819229999,0.00021205496060406855,0.00025062230893523665,0.00027663779069018996,0.0001811446737572367
"100 x 40,000",100,40000,12000000,5.0,15.0,8000.0,24,8.026387315467987e-05,0.00011417826663283657,0.00015394303176345994,0.00018244310407232022,0.00020830403932521133,0.0002445222559916173,0.00026469833354104727,0.00018073814791316162
"100 x 40,000",100,40000,12000000,5.0,15.0,8500.0,24,7.986915175444122e-05,0.00011152165862867501,0.00014753744883180215,0.00017884430012451356,0.0002178430120011882,0.00024189770000860645,0.00025249297686997905,0.0001805863235678721
"100 x 40,000",100,40000,12000000,5.0,15.0,9000.0,24,8.54571311557069e-05,0.00011010479380840142,0.00014103820229948883,0.00018558263493235653,0.00021992486968125315,0.0002421450934739864,0.0002608300536049035,0.00018045688914779888
"100 x 40,000",100,40000,12000000,5.0,15.0,9500.0,24,9.67550850685179e-05,0.00010892770681170702,0.0001350766846647875,0.00018683692058209684,0.00021892762123423273,0.0002398595623786032,0.00028349742724833986,0.0001805134583960155
"100 x 40,000",100,40000,12000000,5.0,15.0,10000.0,24,0.00010763628542692938,0.00011158574762164266,0.00013097392237347422,0.0001840743272900715,0.000216488360552665,0.00024068622645602873,0.0008845288219072094,0.00020521922736181392
"100 x 40,000",100,40000,12000000,5.0,15.0,10500.0,24,0.0001149681823384133,0.00012014453339010058,0.0001391889945248796,0.00018793227948738067,0.00021379047668615975,0.00023646870346951808,0.0012008414719939843,0.0002189733355524562
"100 x 40,000",100,40000,12000000,5.0,15.0,11000.0,24,0.00012295988201776843,0.00012689311757562571,0.0001510040796026501,0.00018828477556387835,0.000209197170513029,0.00022772282188519754,0.0012897425247439152,0.00022412163713090953
"100 x 40,000",100,40000,12000000,5.0,15.0,11500.0,24,9.867821016912907e-05,0.00012664817490576236,0.00014604905669889952,0.00019046290258048333,0.00021443005586503397,0.00023146868026893962,0.0011786619264178542,0.00022137987975576635
"100 x 40,000",100,40000,12000000,5.0,15.0,12000.0,24,7.832576466368829e-05,0.00011741886118159096,0.00015292191397535957,0.00019144100644070478,0.00022110775248248936,0.0002459271876986771,0.0008140692347402326,0.0002082313252931841
"100 x 40,000",100,40000,12000000,7.0,25.0,0.0,24,0.0,0.0,0.0,0.0,0.0,0.0,0.0,0.0
"100 x 40,000",100,40000,12000000,7.0,25.0,500.0,24,0.00011013099265869773,0.00013456199204783426,0.0001510889968531638,0.00017373735216723134,0.00018769202726857882,0.0002246239197395,0.00023142336487826538,0.00017231533479999822
"100 x 40,000",100,40000,12000000,7.0,25.0,1000.0,24,9.513511743296245e-05,0.000130537619591751,0.00016868987041511086,0.0001953453826731643,0.00024142921960823447,0.0003646503980600521,0.0014981236362519032,0.0002560068758586328
"100 x 40,000",100,40000,12000000,7.0,25.0,1500.0,24,9.210340575984121e-05,0.00014601833522623353,0.00016807004277829678,0.00019571964093533428,0.00026413970802409426,0.0007698561345614047,0.0023805898064449926,0.00031977630527137125
"100 x 40,000",100,40000,12000000,7.0,25.0,2000.0,24,0.00013641970490540736,0.000145611919250413,0.00017658174858870452,0.0002000742549227516,0.0002573752369637251,0.0012298725110252355,0.002711580294183993,0.00036116845633724705
"100 x 40,000",100,40000,12000000,7.0,25.0,2500.0,24,0.00015326038939005338,0.00016596785318464288,0.00018637181715457494,0.00020424347348176568,0.0002493711284320369,0.0015577866146812913,0.0026828011553942347,0.00037699564014551584
"100 x 40,000",100,40000,12000000,7.0,25.0,3000.0,24,0.0001426233716264957,0.000154139168865268,0.00019386200730055208,0.00020948324628551135,0.0002415777117144566,0.0015770383123116251,0.002415288810192635,0.00036799475041683367
"100 x 40,000",100,40000,12000000,7.0,25.0,3500.0,24,0.00013440502685135776,0.00014111287647130638,0.0001888453948116918,0.00021442839224266236,0.00023103858773382394,0.001443570693773942,0.0020226002503517587,0.0003727069384322733
"100 x 40,000",100,40000,12000000,7.0,25.0,4000.0,24,0.0001242030600169582,0.00013978175090837753,0.00017850557295326277,0.00020823388167623988,0.00023950205738417965,0.0014614905454664044,0.0016214771617813811,0.00035237841454680593
"100 x 40,000",100,40000,12000000,7.0,25.0,4500.0,24,0.00011696001463850805,0.00014334683675974497,0.0001747385692943204,0.0002051424971128135,0.00023420313813459845,0.0010788472201924868,0.0016925962497514894,0.00032161541983972844
"100 x 40,000",100,40000,12000000,7.0,25.0,5000.0,24,0.00011951959247714088,0.00014596540203238705,0.000183325692657796,0.00020390989232409466,0.00022540721350289438,0.0006313932785005845,0.0015230998308958662,0.00028695190657954925
"100 x 40,000",100,40000,12000000,7.0,25.0,5500.0,24,0.00013283397697254305,0.00014783107338450145,0.00018710631531375463,0.00019414085609332149,0.00023531779452982935,0.00028506165013860926,0.0011967879125885075,0.00024595914017697313
"100 x 40,000",100,40000,12000000,7.0,25.0,6000.0,24,0.00015009717053922396,0.00015175122996384687,0.000176520270223802,0.00020827741519408193,0.00022992673341254197,0.00027516249484912426,0.000679173359126093,0.00022381038085799823
"100 x 40,000",100,40000,12000000,7.0,25.0,6500.0,24,0.00015090557591052132,0.00015696513905302367,0.00016646532695633343,0.00020834737967381485,0.000231476024812871,0.00026740103708216737,0.00027463594473610734,0.0002055819383101588
"100 x 40,000",100,40000,12000000,7.0,25.0,7000.0,24,0.00013330247898907062,0.00015563906588105786,0.00016651323089767112,0.00019673591878184533,0.0002389357956124879,0.00026389418195559754,0.00027621636470727607,0.000202227630822937
"100 x 40,000",100,40000,12000000,7.0,25.0,7500.0,24,0.00012229044711029098,0.00014777389139725632,0.00016649133584558157,0.0001819163432671529,0.00023348948193288843,0.00026289470192766655,0.000633324725351111,0.00021240334328203017
"100 x 40,000",100,40000,12000000,7.0,25.0,8000.0,24,0.0001274942310514734,0.0001349886452520866,0.00016643313576866452,0.00018658806009293704,0.00023148744370974538,0.0002623999587274599,0.0009586302836121714,0.00022182023582019688
"100 x 40,000",100,40000,12000000,7.0,25.0,8500.0,24,0.00011932188457027111,0.00013050614363188757,0.00016055878605207154,0.00017775820556420317,0.00022265044703422736,0.0002609863209326216,0.0010411227623212272,0.00022205823569319206
"100 x 40,000",100,40000,12000000,7.0,25.0,9000.0,24,0.00010555164293917422,0.00013298999761619668,0.00015619537501254508,0.000175501056287357,0.00021889063980052675,0.0002638171891826667,0.000991476412708522,0.00021760381166423075
"100 x 40,000",100,40000,12000000,7.0,25.0,9500.0,24,9.384816216244126e-05,0.00013194708976657112,0.00015373434498523758,0.00017871696718620714,0.00020818515888033884,0.00026655855963202515,0.0008485347669582024,0.00020982456778643557
"100 x 40,000",100,40000,12000000,7.0,25.0,10000.0,24,8.570148288228128e-05,0.00011894627177080498,0.00015699570010187933,0.00017564810300367496,0.00021903939430390458,0.00026323828491470815,0.0006068361658865889,0.00019846317283985228
"100 x 40,000",100,40000,12000000,7.0,25.0,10500.0,24,8.330370673155277e-05,0.00011075399134702669,0.00015495363555412036,0.00017627972795560278,0.00022372725177775946,0.00025900353390774907,0.000286153369464563,0.0001846792564855825
"100 x 40,000",100,40000,12000000,7.0,25.0,11000.0,24,8.810554294671849e-05,0.00010776058593184135,0.00015653506516657444,0.00018209497752365674,0.00022172799587407538,0.00026223576414355544,0.000276801519502999,0.0001851642628031057
"100 x 40,000",100,40000,12000000,7.0,25.0,11500.0,24,9.958453429650456e-05,0.00010832516379857113,0.00016037811717659094,0.00018687803127362488,0.00021348612986582776,0.0002663627016911341,0.00026930855106265835,0.00018689383741024576
"100 x 40,000",100,40000,12000000,7.0,25.0,12000.0,24,0.00010266929258379789,0.00011952342365151856,0.00016052307024488758,0.0001933849424241886,0.00020857037918834442,0.00025962103721628986,0.00027729243488812,0.0001893187140406669
"100 x 40,000",100,40000,12000000,10.0,30.0,0.0,24,0.0,0.0,0.0,0.0,0.0,0.0,0.0,0.0
"100 x 40,000",100,40000,12000000,10.0,30.0,500.0,24,0.00011168042706047549,0.00011496494852738773,0.00015561704171741548,0.0001739833086838516,0.00018988206476417893,0.00020820740844711654,0.000224807212609925,0.00017006478814233432
"100 x 40,000",100,40000,12000000,10.0,30.0,1000.0,24,0.00010917980794609946,0.00013877767025717466,0.00017418428085319627,0.00021070357713049516,0.0002436573356392118,0.0002735040671144012,0.0004492656990755187,0.0002143563891962072
"100 x 40,000",100,40000,12000000,10.0,30.0,1500.0,24,0.00010393076102046373,0.00013487512403705486,0.00017407339269311195,0.00022414769749168274,0.00026487696773365985,0.001143461707466259,0.0015272014436582219,0.00032288976659550705
"100 x 40,000",100,40000,12000000,10.0,30.0,2000.0,24,0.00011278510788777217,0.00013414718336939087,0.00017894354559196463,0.00022119378426097166,0.00026087772957095813,0.0017535129897456004,0.00214169197975932,0.0003781547173602609
"100 x 40,000",100,40000,12000000,10.0,30.0,2500.0,24,0.00012947895247082883,0.0001346985756581534,0.0001785695591027202,0.0002179245621005251,0.000249650055273532,0.0018791195143577977,0.002370074439295241,0.00040143776934147734
"100 x 40,000",100,40000,12000000,10.0,30.0,3000.0,24,0.0001308804893540225,0.00013539704322320498,0.00018395384819674626,0.00021883494134953006,0.00023715367109518483,0.0016278668568895306,0.0023097067904859245,0.000384357701185213
"100 x 40,000",100,40000,12000000,10.0,30.0,3500.0,24,0.00011616279903301745,0.00013605115776274706,0.0001810307745750471,0.00020128611662361992,0.0002416499731120799,0.0010320325633003434,0.0020463084237234788,0.000338353396732645
"100 x 40,000",100,40000,12000000,10.0,30.0,4000.0,24,9.925587890555147e-05,0.00014298711858707784,0.00015734300380279657,0.00021274015711693014,0.00023747500732051576,0.0006371024113744463,0.0016470351880693277,0.00027997222788426975
"100 x 40,000",100,40000,12000000,10.0,30.0,4500.0,24,0.00010084116599978033,0.00010776910918230945,0.0001614107953788383,0.0002086604309800135,0.00023653059908223997,0.0005125959454627506,0.0011370124604036169,0.0002485570308175934
"100 x 40,000",100,40000,12000000,10.0,30.0,5000.0,24,8.021568775777908e-05,0.00010361975867490853,0.0001528919123379368,0.00020501900792083483,0.0002528873243374199,0.00029209613043208667,0.0003500627857685061,0.0002045207936215411
"100 x 40,000",100,40000,12000000,10.0,30.0,5500.0,24,9.011362840149956e-05,0.0001239920744211931,0.0001538036144383232,0.00020407273241626018,0.0002516085803617596,0.00028085636881866756,0.0005739261972403019,0.00021605317548286748
"100 x 40,000",100,40000,12000000,10.0,30.0,6000.0,24,0.00012631329178644534,0.0001326978889704877,0.00016973251428064486,0.00020391617333411,0.0002489895365293379,0.0002756832207852993,0.0009243721991317194,0.00023397719284630006
"100 x 40,000",100,40000,12000000,10.0,30.0,6500.0,24,0.00013809670456235278,0.00015884746847308695,0.0001808706610138104,0.00019813490758744832,0.0002487636366176216,0.0002763557763055635,0.0010511145930108927,0.00024113129939110954
"100 x 40,000",100,40000,12000000,10.0,30.0,7000.0,24,0.0001497758835177977,0.00015734253556628868,0.00018292374785357405,0.0001975224412747034,0.00024334104719480552,0.00027537933339224206,0.0009908442188446638,0.00023850471281511366
"100 x 40,000",100,40000,12000000,10.0,30.0,7500.0,24,0.000148394114026427,0.0001502985991553652,0.00018089353644523554,0.00020630118737190455,0.00022984279547728085,0.00027298145761370967,0.0007092300544148656,0.00022566786027145981
"100 x 40,000",100,40000,12000000,10.0,30.0,8000.0,24,0.0001346016314510395,0.00014583901132077002,0.00017770529086866618,0.00020736358895671653,0.0002342866036156378,0.00027701912333404435,0.00028177988945068917,0.00020728290782522896
"100 x 40,000",100,40000,12000000,10.0,30.0,8500.0,24,0.00012527542021097989,0.00015021705115337054,0.00017958030099689504,0.000203951924875387,0.0002433936712159249,0.00026241924164673746,0.00028424814717083977,0.00020734322030837573
"100 x 40,000",100,40000,12000000,10.0,30.0,9000.0,24,0.0001158472710059677,0.0001415932905032606,0.000190136474522409,0.00021058907196230071,0.00024191368610768018,0.00025966293047281395,0.000286875662106849,0.00020857226302790343
"100 x 40,000",100,40000,12000000,10.0,30.0,9500.0,24,0.00010079115700635593,0.00012804970186718366,0.00019382252836372486,0.00021375492288987517,0.0002392589938658088,0.00026498326784736397,0.0002856761947427919,0.00021021887105012862
"100 x 40,000",100,40000,12000000,10.0,30.0,10000.0,24,8.016457485168709e-05,0.00011355324922172048,0.00019315661161680637,0.0002093676771084435,0.00025679409050539546,0.0002752628461175337,0.0002807672251285784,0.0002116968519145512
"100 x 40,000",100,40000,12000000,10.0,30.0,10500.0,24,6.527975682454178e-05,0.00010170246020580704,0.00018682990045597984,0.00020611879839917032,0.000261007184487155,0.0002840793797437651,0.00028597377484467087,0.00021314803620126987
"100 x 40,000",100,40000,12000000,10.0,30.0,11000.0,24,7.77572949084779e-05,9.278339563301426e-05,0.00017905558106600517,0.00021188604141904153,0.00026480709760714365,0.00043572533047115894,0.0009987151110469102,0.0002555089587756862
"100 x 40,000",100,40000,12000000,10.0,30.0,11500.0,24,8.572764132074744e-05,0.00011482073468988383,0.0001779015707868973,0.00022214802908319102,0.00025953583365003434,0.000599037923392458,0.001414717274252901,0.0002943342756995973
"100 x 40,000",100,40000,12000000,10.0,30.0,12000.0,24,8.911007919481434e-05,0.000125220544808434,0.00017802431024498415,0.00023112713590605984,0.00026511331696190673,0.0007520784729502285,0.0016878572665472047,0.0003027219953172926
"100 x 40,000",100,40000,12000000,12.0,36.0,0.0,24,0.0,0.0,0.0,0.0,0.0,0.0,0.0,0.0
"100 x 40,000",100,40000,12000000,12.0,36.0,500.0,24,9.628584142562867e-05,0.0001245821109249645,0.00014413446440725934,0.00016645148393429777,0.00017891505982499834,0.0002124684541947044,0.00023874393474154578,0.00016494895771582398
"100 x 40,000",100,40000,12000000,12.0,36.0,1000.0,24,0.00011590599875604176,0.00015315696217088525,0.00019728712387234013,0.00022222084228088344,0.00023036583089659448,0.00028227011343795954,0.0002835727252995759,0.0002146546622254866
"100 x 40,000",100,40000,12000000,12.0,36.0,1500.0,24,0.00016162825047070711,0.00016666073457514882,0.00020792580346305488,0.00024224817309952156,0.0002623814391129226,0.00027317905508203157,0.0011956784845351626,0.0002716182300379441
"100 x 40,000",100,40000,12000000,12.0,36.0,2000.0,24,0.00013545639497631888,0.00014013591995034282,0.00019823018359022948,0.0002461859178327726,0.00028033121623350146,0.0003282826953813366,0.0014965554568455277,0.00028475980265250906
"100 x 40,000",100,40000,12000000,12.0,36.0,2500.0,24,8.889180670308301e-05,0.00012766596627988272,0.0001959549722015225,0.00021426391534668275,0.000270767773722581,0.0009765646322423857,0.0015003364691842129,0.0003265005092624879
"100 x 40,000",100,40000,12000000,12.0,36.0,3000.0,24,0.0001217891851019935,0.0001406215065968257,0.00016698733966024105,0.00020528057075072355,0.00025796614351159377,0.0012940361182478518,0.0013012204487211642,0.00033597182054499194
"100 x 40,000",100,40000,12000000,12.0,36.0,3500.0,24,0.00012579090276842937,0.00014824025537602786,0.00018054229018585693,0.0001992371912075957,0.00024287778563400128,0.001308509928009312,0.0014250217968031142,0.0003296419875689017
"100 x 40,000",100,40000,12000000,12.0,36.0,4000.0,24,0.00011424294399451092,0.00014779294636613774,0.00018017879544177427,0.00020455343539285377,0.0002429490739638244,0.0011722414743198665,0.001327995763362475,0.0003062606992617802
"100 x 40,000",100,40000,12000000,12.0,36.0,4500.0,24,0.0001236592977035916,0.0001423399712012203,0.0001849048673955839,0.00021179227469723757,0.00026187535806635766,0.0008397354552778421,0.001013746136987438,0.00028244436456714754
"100 x 40,000",100,40000,12000000,12.0,36.0,5000.0,24,0.00013277003366675557,0.0001434657080806176,0.00017735480701164594,0.00021474634709735485,0.00027486737136244674,0.0004980488232741425,0.001059102565460204,0.0002643532051513858
"100 x 40,000",100,40000,12000000,12.0,36.0,5500.0,24,0.00012169690048661834,0.00013374909633630098,0.00017616822300456578,0.00021317096259776018,0.00027088887555749613,0.0006042782032381017,0.0012850509500651858,0.0002807504704863786
"100 x 40,000",100,40000,12000000,12.0,36.0,6000.0,24,0.00011811543480807609,0.0001221875286123353,0.0001821920708657586,0.00020791756174912758,0.00025426052852836503,0.0007222783042498725,0.0013360753565715797,0.00027900470258269934
"100 x 40,000",100,40000,12000000,12.0,36.0,6500.0,24,0.00010571806632888433,0.000126275748911846,0.00017018410391758876,0.0002082085094455984,0.00024178260097415297,0.0010702269654092483,0.0012678465094973328,0.0002901338881101786
"100 x 40,000",100,40000,12000000,12.0,36.0,7000.0,24,0.00010204525526499256,0.00012429008613753213,0.00015708436001840822,0.00020846727400529387,0.00023885580921642716,0.0010143227863363149,0.0013634376766322894,0.0002820773613672527
"100 x 40,000",100,40000,12000000,12.0,36.0,7500.0,24,0.00011105157148730895,0.00012778279757412922,0.00015132527681902116,0.00020635134388968075,0.00022876999656516676,0.0009246057330134621,0.0014162073560238123,0.00027681135921344487
"100 x 40,000",100,40000,12000000,12.0,36.0,8000.0,24,0.000128757962274635,0.00013617030290950325,0.0001565203752311408,0.00019663496151596315,0.00022834994640153524,0.000919378952487621,0.0013830053091554032,0.00027540417876174616
"100 x 40,000",100,40000,12000000,12.0,36.0,8500.0,24,0.00012996925259754606,0.00014921768670282827,0.00016291889555682606,0.00018695359918728628,0.00023916002491621596,0.0010240075778046108,0.0012788059911401609,0.0002794383336359924
"100 x 40,000",100,40000,12000000,12.0,36.0,9000.0,24,0.00012967501775580761,0.00015203234309067926,0.0001738892595526362,0.00019352791616925082,0.000247718802024843,0.0009738407111213448,0.001376909767194213,0.0002861076244067506
"100 x 40,000",100,40000,12000000,12.0,36.0,9500.0,24,0.00013322593348260724,0.0001513947516107742,0.00017947147626792907,0.00020852658006162623,0.0002475730574043352,0.0007364329249380878,0.0016366697837436285,0.0002905668343846826
"100 x 40,000",100,40000,12000000,12.0,36.0,10000.0,24,0.00013882792785707815,0.00015489400707535794,0.00018129757486065053,0.00021332712351779031,0.0002458289589780368,0.00028673753285891483,0.0019024866177439236,0.0002840951989414949
"100 x 40,000",100,40000,12000000,12.0,36.0,10500.0,24,0.00013672488743766425,0.00014800261292505402,0.00018438098020807936,0.0002241572461351805,0.00025377621777154525,0.00048155275898545,0.0021541474755418883,0.0003064784882769649
"100 x 40,000",100,40000,12000000,12.0,36.0,11000.0,24,0.00011632961736583889,0.00015456151011034082,0.00018880084098392088,0.0002270846804706615,0.00025445548395686655,0.0007279635599803684,0.002380628194112864,0.0003287627673710577
"100 x 40,000",100,40000,12000000,12.0,36.0,11500.0,24,9.572111174826575e-05,0.00015840543035425088,0.00018480809261325226,0.0002271966226914915,0.000252350925253137,0.0008352665601766512,0.0025761207225301285,0.00034212391196978854
"100 x 40,000",100,40000,12000000,12.0,36.0,12000.0,24,7.85365944943889e-05,0.00015625207839005978,0.0001897388231585709,0.00022286518030799929,0.000254637932159278,0.0008809305050667478,0.002737880583036401,0.0003562116452132475
"100 x 40,000",100,40000,12000000,15.0,40.0,0.0,24,0.0,0.0,0.0,0.0,0.0,0.0,0.0,0.0
"100 x 40,000",100,40000,12000000,15.0,40.0,500.0,24,0.00011756566542450859,0.00012684749467446228,0.00015523246256540717,0.00017595759398418253,0.00019736532367859276,0.00022797937125684488,0.0002428677296760209,0.00017813265422438239
"100 x 40,000",100,40000,12000000,15.0,40.0,1000.0,24,0.00016491783362116775,0.0001772696926430588,0.00019199931305541345,0.00021074446261643576,0.0002661211941015039,0.0007178152094962668,0.0009226057788315718,0.0003051874615272617
"100 x 40,000",100,40000,12000000,15.0,40.0,1500.0,24,0.00017388767122626742,0.00018031267779032223,0.00021542280612543002,0.0002394713614702462,0.00027189956246567975,0.0007107479651141751,0.0014496319230888248,0.0003312261277828514
"100 x 40,000",100,40000,12000000,15.0,40.0,2000.0,24,0.0001422256528578546,0.00017404563388888648,0.00020459930758141045,0.0002504797471770372,0.0002778626821753963,0.0011457802240212873,0.0017392964676515518,0.0003400096956312295
"100 x 40,000",100,40000,12000000,15.0,40.0,2500.0,24,0.00011020929736645389,0.00013856479016980587,0.00019644350835149813,0.00023723339655397265,0.0002794484638461592,0.001500638720883113,0.0018867143919863493,0.00039928839278538546
"100 x 40,000",100,40000,12000000,15.0,40.0,3000.0,24,9.027938855346068e-05,9.820670849969339e-05,0.00019600543510768728,0.00023806797714829412,0.00027031109254320885,0.0016299198837999435,0.0019655821193696214,0.00039835185953348786
"100 x 40,000",100,40000,12000000,15.0,40.0,3500.0,24,8.029296305718352e-05,9.54363649626842e-05,0.00018085858483786243,0.0002343600161593864,0.0002613950230111698,0.001840597491191103,0.0020075677012472187,0.00038271601266784053
"100 x 40,000",100,40000,12000000,15.0,40.0,4000.0,24,9.87720639592618e-05,0.00010589168517434839,0.00016806626219870621,0.0002074139311434829,0.0002588917397216413,0.0017526809206293943,0.0022216850466541304,0.00036088520625640223
"100 x 40,000",100,40000,12000000,15.0,40.0,4500.0,24,9.420957276263469e-05,0.00011342579907784276,0.00016812102085709938,0.00020133380094990722,0.00025300214114381907,0.0017805844692802952,0.002321078613241095,0.00038732499071936975
"100 x 40,000",100,40000,12000000,15.0,40.0,5000.0,24,0.00010565987682689886,0.00011427998438454632,0.00017289446151818138,0.00019550835567428543,0.00025988939283696035,0.0017421018860767233,0.00233185987039823,0.00040501429581464723
"100 x 40,000",100,40000,12000000,15.0,40.0,5500.0,24,0.00010578428857121471,0.00012493071118800135,0.00017538329770947468,0.00019781150791086432,0.0002611686095635697,0.001647276015020881,0.0022885048854887863,0.0004022522223015241
"100 x 40,000",100,40000,12000000,15.0,40.0,6000.0,24,0.00010329039380258848,0.00013725648962511204,0.0001787590392536984,0.00020266474671936903,0.00025748749529009397,0.001500230635694679,0.0022244013513781392,0.00038987672638785676
"100 x 40,000",100,40000,12000000,15.0,40.0,6500.0,24,0.00010999102900645706,0.0001397408080103491,0.00017381206832070198,0.00020437970098250075,0.00025370864199132095,0.001305626337373958,0.002163266206438524,0.0003734007258490867
"100 x 40,000",100,40000,12000000,15.0,40.0,7000.0,24,0.00012122966844759486,0.00012887493565974338,0.00017167607785766815,0.00020510430898468843,0.0002475132090514242,0.0012290026898493832,0.0021160880350764664,0.00035808517585927523
"100 x 40,000",100,40000,12000000,15.0,40.0,7500.0,24,0.00011581539108215895,0.0001299734866370375,0.00017462290697993688,0.0002072288585286489,0.0002483894500162728,0.0011520934900139906,0.002084617948051869,0.0003424632570809413
"100 x 40,000",100,40000,12000000,15.0,40.0,8000.0,24,0.0001131132252700909,0.00012753904001596951,0.00017611497299680262,0.00019986887307305276,0.00025922586022333817,0.0010979665735175964,0.002067808708471896,0.0003276118364689343
"100 x 40,000",100,40000,12000000,15.0,40.0,8500.0,24,0.00011771720537013302,0.00012107410128964372,0.00017793605392295536,0.00019633649119133692,0.00026559924217945546,0.001107351010049161,0.002066244415287002,0.00032549381946477235
"100 x 40,000",100,40000,12000000,15.0,40.0,9000.0,24,0.00011858894868035005,0.0001279512760215348,0.00017185715612768433,0.00019945185048577768,0.00027242183122888185,0.0011360329160464086,0.00208241062587628,0.00032948933698215033
"100 x 40,000",100,40000,12000000,15.0,40.0,9500.0,24,0.00012694022773373804,0.00013223189985313007,0.00016582517734709594,0.00021242949015825254,0.00027478863656904583,0.0012479614899860746,0.0021180885134974665,0.00036260853081358514
"100 x 40,000",100,40000,12000000,15.0,40.0,10000.0,24,0.00011894657795174973,0.0001332186482646493,0.00016260278684882267,0.00022359850332752209,0.0002764261354441208,0.0013649798093716364,0.002171676150373772,0.00038088996525396934
"100 x 40,000",100,40000,12000000,15.0,40.0,10500.0,24,8.751781656892169e-05,0.0001425573383465306,0.00017224862842575678,0.00021498571805088443,0.0002716478556168402,0.001503768012106161,0.002237507084306054,0.0004073262318678673
"100 x 40,000",100,40000,12000000,15.0,40.0,11000.0,24,5.9207206330050265e-05,0.00015283339167908842,0.0001776638052613985,0.0002119492232226212,0.000268081833227635,0.0015014448632641323,0.0023073192434496354,0.00041966153671388844
"100 x 40,000",100,40000,12000000,15.0,40.0,11500.0,24,4.823523820794209e-05,0.0001503486957844791,0.00016997537726337885,0.00021805855884586052,0.00026647186583566814,0.0014131812383850243,0.0023725906900350785,0.0004191221059644831
"100 x 40,000",100,40000,12000000,15.0,40.0,12000.0,24,6.769708584324413e-05,0.0001310999242854397,0.0001720107332711318,0.00022577936716175936,0.0002695593941144082,0.0012596720245253296,0.0024264030693607022,0.0004065690108357117
"100 x 40,000",100,40000,12000000,20.0,50.0,0.0,24,0.0,0.0,0.0,0.0,0.0,0.0,0.0,0.0
"100 x 40,000",100,40000,12000000,20.0,50.0,500.0,24,9.599443785441279e-05,0.00012511600004566197,0.000138624179265969,0.00015984154059261446,0.00019363700285221676,0.00024157111497234268,0.0002479550950269391,0.00016929275088035616
"100 x 40,000",100,40000,12000000,20.0,50.0,1000.0,24,0.00014394865019201202,0.00015570440385876674,0.0001764646313522484,0.00019997164578625207,0.00024834021880401315,0.0012351170660648747,0.001489104769196186,0.0003423892873428364
"100 x 40,000",100,40000,12000000,20.0,50.0,1500.0,24,0.00012903317069732644,0.0001615336754145844,0.00018861813093641326,0.00021785005575517832,0.000262146918841918,0.0017620504372556699,0.0020564323445414635,0.00041399923659549495
"100 x 40,000",100,40000,12000000,20.0,50.0,2000.0,24,0.00011681079319089148,0.00014018644402665384,0.000193762954596995,0.00022440267109847438,0.0002530648166980866,0.0019567790104008183,0.0023988489415240244,0.00044225333684915375
"100 x 40,000",100,40000,12000000,20.0,50.0,2500.0,24,0.00011933331073048957,0.00014157532853625366,0.00020066366238365442,0.00021814839846142066,0.00026705015457567486,0.0019626853474819517,0.002640811175892551,0.00046992803363455775
"100 x 40,000",100,40000,12000000,20.0,50.0,3000.0,24,0.0001306739960160448,0.00014480054201109122,0.0002070672980106033,0.0002269858413925145,0.0002668563641506545,0.0018465818652101818,0.0026866848560974732,0.0005317949762461394
"100 x 40,000",100,40000,12000000,20.0,50.0,3500.0,24,0.0001422776033678601,0.00014520923489544474,0.000205380065977239,0.00024865399541106894,0.0002628545506185019,0.0016492847049007044,0.0025339481892380483,0.0005337830902833541
"100 x 40,000",100,40000,12000000,20.0,50.0,4000.0,24,0.00013800565093286064,0.00014652896988518043,0.0002061929497745239,0.0002445853811310609,0.0003748034297323582,0.0015320075138734767,0.002281077316494862,0.0005099279276895665
"100 x 40,000",100,40000,12000000,20.0,50.0,4500.0,24,0.00012742686280031604,0.0001479188502858576,0.00020738920549721998,0.00024577952351632166,0.00034689823474600264,0.0014239392474426468,0.0020507782569742306,0.00044657079876923503
"100 x 40,000",100,40000,12000000,20.0,50.0,5000.0,24,0.00012352606396895329,0.00014269817498446872,0.00020760682382323908,0.0002451836256523449,0.0002727203751722292,0.0013435855063099252,0.0019130135768026955,0.0004078532740587492
"100 x 40,000",100,40000,12000000,20.0,50.0,5500.0,24,0.00013251825302508323,0.00013755589547594064,0.00019946779068870547,0.0002303679620767872,0.00026229419705529915,0.0012940500916992326,0.001861765008839395,0.00036262280578712035
"100 x 40,000",100,40000,12000000,20.0,50.0,6000.0,24,0.00013596385585215484,0.0001453023063014491,0.00017064949440454686,0.00022237854417415253,0.00025025220562750706,0.0012918701414896705,0.001852383512710781,0.0003458926633367109
"100 x 40,000",100,40000,12000000,20.0,50.0,6500.0,24,0.00013266247803229495,0.00013794830347222932,0.00016587251020760637,0.0002094188864789067,0.00024058020061290964,0.001317944793049104,0.0018407898095097075,0.00033066946147872943
"100 x 40,000",100,40000,12000000,20.0,50.0,7000.0,24,0.00013190555853482834,0.0001413927165739186,0.00016344693831938249,0.00019271851255412738,0.00022875527813715158,0.0013440865143374233,0.0017945453242249768,0.0003159206345321096
"100 x 40,000",100,40000,12000000,20.0,50.0,7500.0,24,0.00013786401627004474,0.0001385966526972136,0.00016009324847895872,0.00018914010000790424,0.0002200592778226655,0.0013836121976799878,0.0016928206268378605,0.0003096152062418615
"100 x 40,000",100,40000,12000000,20.0,50.0,8000.0,24,0.00013244542416057247,0.0001385604002930643,0.00015376521185958488,0.00018821051783052218,0.00022957204046287824,0.0013387453922303388,0.0015845366991577147,0.00030068169638276836
"100 x 40,000",100,40000,12000000,20.0,50.0,8500.0,24,0.00013719940164334078,0.0001392575784301659,0.00015077385098757426,0.00018273708719768943,0.00024199852163898903,0.001142234858406767,0.001541453397135019,0.00028879387912395833
"100 x 40,000",100,40000,12000000,20.0,50.0,9000.0,24,0.00013897797555326792,0.00014233492581270716,0.00014759891143871902,0.0001749535048697339,0.00023700163397115121,0.0008994440518409145,0.0014435213478385298,0.00027381165937605343
"100 x 40,000",100,40000,12000000,20.0,50.0,9500.0,24,0.00012825391901081408,0.00013533540290828835,0.00015471196965403076,0.00018143250377022102,0.00022963407443471375,0.0006480433465987117,0.0012842797808444786,0.0002738341815527001
"100 x 40,000",100,40000,12000000,20.0,50.0,10000.0,24,0.00011152387024349557,0.0001320718992938435,0.0001606816700281064,0.00019190282980542477,0.00022967557615766196,0.00084079044043703,0.0010490425553382303,0.0002644914402775955
"100 x 40,000",100,40000,12000000,20.0,50.0,10500.0,24,9.767303799333633e-05,0.00012488695381179828,0.00016508033211514077,0.0002003715781765332,0.00023437950963720781,0.000627277274045243,0.0010849596991247224,0.00025185880969163046
"100 x 40,000",100,40000,12000000,20.0,50.0,11000.0,24,9.402219675637714e-05,0.00012005324876332153,0.00016551394523119106,0.00019580779702020552,0.00024801974928774886,0.0005120851525924718,0.0011818370256538187,0.0002524115787552955
"100 x 40,000",100,40000,12000000,20.0,50.0,11500.0,24,0.00010536528298209653,0.00012076680457676269,0.00016147954251270172,0.0001949219867046277,0.0002517208805586252,0.000709356968203825,0.0012224323208052698,0.0002658211615354864
"100 x 40,000",100,40000,12000000,20.0,50.0,12000.0,24,0.00012523484520874466,0.0001271092730031132,0.00015996963862864838,0.0002007854449155466,0.0002568114653129138,0.0008713038380351669,0.00121723873390626,0.00027564676401589417
"100 x 40,000",100,40000,12000000,25.0,60.0,0.0,24,0.0,0.0,0.0,0.0,0.0,0.0,0.0,0.0
"100 x 40,000",100,40000,12000000,25.0,60.0,500.0,24,0.00011700453780617695,0.00011852458885014561,0.00013985625814085488,0.0001565179853679622,0.00018450391416272938,0.00022798751758083095,0.00025090411732572946,0.00016307409697461782
"100 x 40,000",100,40000,12000000,25.0,60.0,1000.0,24,0.00013545750879332856,0.00015765807421303345,0.00018402154095539225,0.00020375478234947747,0.00022339635481714604,0.0012636763109237512,0.001960064200237644,0.00032530220569882746
"100 x 40,000",100,40000,12000000,25.0,60.0,1500.0,24,0.00014294238133971354,0.0001499368133359818,0.0001875536446888723,0.00020832604761236508,0.00023930322196996794,0.0019032128089551193,0.0025444318903979127,0.00041321043936750815
"100 x 40,000",100,40000,12000000,25.0,60.0,2000.0,24,0.0001126041069730494,0.00015159359624533124,0.0001796864494268694,0.00021688727290086892,0.00023343119043802893,0.002043167602032206,0.0026629792498536913,0.0004378909129461178
"100 x 40,000",100,40000,12000000,25.0,60.0,2500.0,24,0.0001248255831578666,0.00013130197263397307,0.00017106098811345513,0.00021949065166094095,0.00024684119372225035,0.0019241023123432017,0.0025429309789916175,0.00042923003775735286
"100 x 40,000",100,40000,12000000,25.0,60.0,3000.0,24,9.905289902025101e-05,0.00013044484163874398,0.0001727753627661541,0.00022140467841372344,0.00025574665257846663,0.0017054591477170125,0.00231677728737506,0.00040983828879066504
"100 x 40,000",100,40000,12000000,25.0,60.0,3500.0,24,9.892341558220557e-05,0.00012803465196896765,0.0001869816726835448,0.00022796378116388057,0.0002579313208185927,0.001429193941544207,0.0020713732963231314,0.0003996730150781897
"100 x 40,000",100,40000,12000000,25.0,60.0,4000.0,24,0.00011870583949136821,0.00013547301849986459,0.0001756021830386149,0.00022101376041746334,0.00027803537647597,0.0010750790237517977,0.001838240971315139,0.00035281398717795564
"100 x 40,000",100,40000,12000000,25.0,60.0,4500.0,24,0.0001313372753252849,0.00014048565955662634,0.00017272090920186013,0.00021803486738207587,0.00027519618361569574,0.000615002109485878,0.001607784056523907,0.00029311314908914604
"100 x 40,000",100,40000,12000000,25.0,60.0,5000.0,24,9.955073481800597e-05,0.00014415880476045483,0.0001681872984711344,0.00021479103932003576,0.000264335651971683,0.0003465871440713026,0.001342011345969158,0.00025927304069247914
"100 x 40,000",100,40000,12000000,25.0,60.0,5500.0,24,9.0739198578813e-05,0.00013518959452928428,0.00017249830690193132,0.00020996509246842116,0.00025358054485469895,0.00028031327693384307,0.0009740140295189454,0.00023619058961512566
"100 x 40,000",100,40000,12000000,25.0,60.0,6000.0,24,9.973114648631792e-05,0.00012730346824711548,0.00017342146929637416,0.0002031802787924474,0.0002368075222171548,0.00028560993442717543,0.0002884714553577215,0.0002048278912814898
"100 x 40,000",100,40000,12000000,25.0,60.0,6500.0,24,0.00011228655378474247,0.00012187902690267231,0.00017656640222280342,0.00019930192848066587,0.0002350550981864476,0.0002738414800245757,0.000868173443465009,0.00022633064114628457
"100 x 40,000",100,40000,12000000,25.0,60.0,7000.0,24,0.00011893961709579365,0.00012139682189597439,0.00016647912208369784,0.00019699231227698823,0.0002487993521927067,0.00026901299885157416,0.0011954223913694664,0.00023772163467217604
"100 x 40,000",100,40000,12000000,25.0,60.0,7500.0,24,0.00012086461291956235,0.00012476871393037305,0.00015296417572619535,0.00018239615549908538,0.0002436228190341841,0.00026890985243827037,0.001347978627189637,0.00024187540959321323
"100 x 40,000",100,40000,12000000,25.0,60.0,8000.0,24,0.0001243627367491505,0.00012803199310588908,0.0001546135521886247,0.00018683107318034448,0.00023922787611595588,0.0002720884652328481,0.0013209198683561156,0.0002388048546415806
"100 x 40,000",100,40000,12000000,25.0,60.0,8500.0,24,0.00011811296682400779,0.00011981812225597479,0.0001575470539934407,0.00018360555357341954,0.00023854035861762903,0.0002751037532273505,0.0010980312793060212,0.00022803061029907177
"100 x 40,000",100,40000,12000000,25.0,60.0,9000.0,24,0.0001062208880834713,0.00011014773406869724,0.00015411855593931711,0.00018650222724538333,0.00024126147201518802,0.0002768109751032918,0.0005694845577046087,0.00020483769052002964
"100 x 40,000",100,40000,12000000,25.0,60.0,9500.0,24,9.241179703126859e-05,0.00010074355847102113,0.00015954867583537995,0.00019522435123390833,0.000235011551551939,0.0002676940282699255,0.00028332259190524863,0.00019119662093889343
"100 x 40,000",100,40000,12000000,25.0,60.0,10000.0,24,8.115983083824705e-05,0.00010007355226752154,0.00016052727296722686,0.00019237563665594826,0.0002353603949682964,0.00025754695486178593,0.0002814814621782319,0.000188735439696317
"100 x 40,000",100,40000,12000000,25.0,60.0,10500.0,24,7.795099311363286e-05,0.00010231735194908235,0.0001576251397900058,0.00018072187567604977,0.0002256153978723418,0.00025974508647234635,0.0002757486086323515,0.0001860964722137259
"100 x 40,000",100,40000,12000000,25.0,60.0,11000.0,24,8.208331090947795e-05,0.00010201874918442166,0.0001461673445821785,0.00018188146444465808,0.00022928608712555217,0.0002649135312267862,0.0002667082688295222,0.00018351466426562926
"100 x 40,000",100,40000,12000000,25.0,60.0,11500.0,24,9.08090933156168e-05,9.569000922617476e-05,0.00013129691065248315,0.0001724217096793546,0.00022821190331136687,0.00025523675156650027,0.00027259403655738903,0.0001813072241398741
"100 x 40,000",100,40000,12000000,25.0,60.0,12000.0,24,8.352967194987135e-05,0.0001023159012082563,0.00013505856614767428,0.00018008948115327063,0.00022478385866439522,0.0002469116886471033,0.0002791782340575948,0.00017990496826150086
"100 x 40,000",100,40000,12000000,30.0,80.0,0.0,24,0.0,0.0,0.0,0.0,0.0,0.0,0.0,0.0
"100 x 40,000",100,40000,12000000,30.0,80.0,500.0,24,0.00010830218105254272,0.00011647650720550924,0.00015384431915595238,0.0001903047126298162,0.00020300722905640812,0.00022868136031176285,0.00024439768418837787,0.00017958423116740105
"100 x 40,000",100,40000,12000000,30.0,80.0,1000.0,24,0.00013091555144001724,0.00015437658773019076,0.0001831748762797613,0.00020719519028465443,0.00023567791489619548,0.00027331409285311726,0.0018224434080177873,0.00027547223321943115
"100 x 40,000",100,40000,12000000,30.0,80.0,1500.0,24,9.741518785397386e-05,0.00013074600251411928,0.0001805904257243777,0.00021054378196220435,0.0002642400303718298,0.00045841294902922787,0.002132264803742981,0.00029861907406169343
"100 x 40,000",100,40000,12000000,30.0,80.0,2000.0,24,8.216637596924213e-05,0.0001146984656797031,0.00015001219423889256,0.00021916863582187242,0.0002545529521133968,0.000775544285711163,0.0019347884164175437,0.0002993657241690335
"100 x 40,000",100,40000,12000000,30.0,80.0,2500.0,24,8.337590283890878e-05,0.00010471222543282826,0.0001470263873144369,0.00021472824942741066,0.00023968240703119454,0.0006993348820848438,0.0016094330115379524,0.00028375515470267717
"100 x 40,000",100,40000,12000000,30.0,80.0,3000.0,24,0.0001137322254166437,0.00011875865015604355,0.0001461888419216896,0.00020215709240758246,0.00022836216328373885,0.0006234046211664724,0.0012614397888614701,0.0002557132444584906
"100 x 40,000",100,40000,12000000,30.0,80.0,3500.0,24,0.00011674479867332563,0.00012688560762029387,0.00015711239156720804,0.00020622549129502976,0.00022890898818634647,0.00028065783430915493,0.000914299112381476,0.0002254001484228499
"100 x 40,000",100,40000,12000000,30.0,80.0,4000.0,24,0.00011312098511795007,0.00012137771842768206,0.00016395621451608083,0.00021083954555614837,0.000234382671340932,0.0002596780175918289,0.0006116747388946683,0.00021292099063118138
"100 x 40,000",100,40000,12000000,30.0,80.0,4500.0,24,0.00010276976472620096,0.000109729579637354,0.00016189309353921918,0.00021042446457047325,0.0002337724330680255,0.00027072217848854365,0.0004802453334456421,0.0002062533470368336
"100 x 40,000",100,40000,12000000,30.0,80.0,5000.0,24,9.877595806277526e-05,0.00010298478334843865,0.00016769223363079144,0.00020518035904320238,0.00022143288079295626,0.00028265709956677135,0.0006118003386944733,0.00020947341223696888
"100 x 40,000",100,40000,12000000,30.0,80.0,5500.0,24,9.632520036209985e-05,0.00010241151976781614,0.00017139240314236885,0.00019587412977265954,0.00022360321234607029,0.0002838848075633174,0.0008517811240108782,0.00021653237808606036
"100 x 40,000",100,40000,12000000,30.0,80.0,6000.0,24,9.381128334702549e-05,0.00011119967507668238,0.00016428132002881956,0.0001894468024455725,0.00021739577891342275,0.0002758637903398382,0.0010849771351067277,0.00022309786106936705
"100 x 40,000",100,40000,12000000,30.0,80.0,6500.0,24,0.00010628263922352356,0.00012328200844813317,0.00016398965194521813,0.0001836196277912523,0.00021974899056564792,0.00026221563874307297,0.00127147377161604,0.00022815313101632784
"100 x 40,000",100,40000,12000000,30.0,80.0,7000.0,24,0.000125880352512098,0.00013274974912222962,0.00015142166194057627,0.00018105132811350167,0.000216173126096407,0.00024915399432918746,0.0013973218712920433,0.0002317042302140139
"100 x 40,000",100,40000,12000000,30.0,80.0,7500.0,24,0.00013219295480308712,0.00013847096104809163,0.0001586733315617872,0.0001773956339994754,0.0002126119077394858,0.00024048521266675777,0.0014621274140940608,0.0002340762649435862
"100 x 40,000",100,40000,12000000,30.0,80.0,8000.0,24,0.0001282612457080783,0.0001392560895851475,0.00015920084821256686,0.0001765335051950291,0.00021460997057192116,0.0002324777530385699,0.0014748884384355849,0.0002354542955707267
"100 x 40,000",100,40000,12000000,30.0,80.0,8500.0,24,0.0001213214256736186,0.0001294916074607874,0.00015596946560587015,0.0001829949886419865,0.00021942342958870714,0.00023765112307418668,0.0014495905644894087,0.00023575669755814696
"100 x 40,000",100,40000,12000000,30.0,80.0,9000.0,24,0.00010571130482671354,0.00012036541519509553,0.00016040489336663336,0.00018008959618476755,0.00021718392430263017,0.00025790554393462933,0.0014005039356345319,0.00023487171085682487
"100 x 40,000",100,40000,12000000,30.0,80.0,9500.0,24,8.116153201385648e-05,0.00012036052596297675,0.00015412510458883853,0.0001817281975977005,0.00022204384789878802,0.0002714933569265598,0.001339037837953522,0.00023289714096198812
"100 x 40,000",100,40000,12000000,30.0,80.0,10000.0,24,5.7789401727160095e-05,0.00011523527231423098,0.0001517124130969184,0.0001807090624847307,0.00023589139699496022,0.00027617387083999517,0.0012731717506201292,0.00023024286451894078
"100 x 40,000",100,40000,12000000,30.0,80.0,10500.0,24,4.4683786930700764e-05,0.0001090924599492202,0.00015257262855689765,0.0001878164255240318,0.00023313385638660926,0.0002723519884334863,0.0012084536857742188,0.00022762562842517783
"100 x 40,000",100,40000,12000000,30.0,80.0,11000.0,24,5.315198274432219e-05,0.0001029629971790512,0.00014936947329421296,0.0001971784174998792,0.00023128408032350848,0.0002651953792815271,0.00114835793098972,0.0002257487777721051
"100 x 40,000",100,40000,12000000,30.0,80.0,11500.0,24,7.569098282706568e-05,9.91590747711802e-05,0.00014785814985254558,0.00020252350167821159,0.0002299041725842175,0.00027323252870310803,0.001092721589142207,0.00022439507104332588
"100 x 40,000",100,40000,12000000,30.0,80.0,12000.0,24,9.46417802727876e-05,0.0001034461136949645,0.0001497184069177863,0.000199715711046248,0.0002271342588737942,0.00028076943932664174,0.00103525877330912,0.00022297749237443944
